2026-06-10 15:04:03.205 [main] INFO  c.e.a.AttendanceSystemApplication - Starting AttendanceSystemApplication using Java 21.0.2 with PID 16508 (D:\Java\springboot_pj\attendance-system\target\classes started by l in D:\Java\springboot_pj\attendance-system)
2026-06-10 15:04:03.207 [main] DEBUG c.e.a.AttendanceSystemApplication - Running with Spring Boot v4.0.3, Spring v7.0.5
2026-06-10 15:04:03.207 [main] INFO  c.e.a.AttendanceSystemApplication - No active profile set, falling back to 1 default profile: "default"
2026-06-10 15:04:03.846 [main] INFO  o.s.d.r.c.RepositoryConfigurationDelegate - Bootstrapping Spring Data JPA repositories in DEFAULT mode.
2026-06-10 15:04:03.903 [main] INFO  o.s.d.r.c.RepositoryConfigurationDelegate - Finished Spring Data repository scanning in 48 ms. Found 5 JPA repository interfaces.
2026-06-10 15:04:04.060 [main] INFO  o.s.cloud.context.scope.GenericScope - BeanFactory id=d6250731-036a-36ea-b8f9-8d612c972637
2026-06-10 15:04:04.329 [main] INFO  o.s.boot.tomcat.TomcatWebServer - Tomcat initialized with port 8080 (http)
2026-06-10 15:04:04.340 [main] INFO  o.a.coyote.http11.Http11NioProtocol - Initializing ProtocolHandler ["http-nio-0.0.0.0-8080"]
2026-06-10 15:04:04.341 [main] INFO  o.a.catalina.core.StandardService - Starting service [Tomcat]
2026-06-10 15:04:04.341 [main] INFO  o.a.catalina.core.StandardEngine - Starting Servlet engine: [Apache Tomcat/11.0.18]
2026-06-10 15:04:04.387 [main] INFO  o.s.b.w.c.s.WebApplicationContextInitializer - Root WebApplicationContext: initialization completed in 1129 ms
2026-06-10 15:04:04.579 [main] INFO  org.hibernate.orm.jpa - HHH008540: Processing PersistenceUnitInfo [name: default]
2026-06-10 15:04:04.624 [main] INFO  org.hibernate.orm.core - HHH000001: Hibernate ORM core version 7.2.4.Final
2026-06-10 15:04:04.964 [main] INFO  o.s.o.j.p.SpringPersistenceUnitInfo - No LoadTimeWeaver setup: ignoring JPA class transformer
2026-06-10 15:04:04.987 [main] INFO  com.zaxxer.hikari.HikariDataSource - HikariPool-1 - Starting...
2026-06-10 15:04:05.600 [main] INFO  com.zaxxer.hikari.pool.HikariPool - HikariPool-1 - Added connection ConnectionID:1 ClientConnectionId: a788d6fd-1481-44b3-a231-ad10bcd62d86
2026-06-10 15:04:05.601 [main] INFO  com.zaxxer.hikari.HikariDataSource - HikariPool-1 - Start completed.
2026-06-10 15:04:05.758 [main] WARN  org.hibernate.orm.deprecation - HHH90000025: SQLServerDialect does not need to be specified explicitly using 'hibernate.dialect' (remove the property setting and it will be selected by default)
2026-06-10 15:04:05.781 [main] INFO  o.hibernate.orm.connections.pooling - HHH10001005: Database info:
	Database JDBC URL [jdbc:sqlserver://localhost:1433;concatNullYieldsNull=ON;quotedIdentifier=ON;connectRetryInterval=10;connectRetryCount=1;maxResultBuffer=-1;sendTemporalDataTypesAsStringForBulkCopy=true;delayLoadingLobs=true;useFmtOnly=false;vectorTypeSupport=v1;cacheBulkCopyMetadata=false;bulkCopyForBatchInsertAllowEncryptedValueModifications=false;bulkCopyForBatchInsertTableLock=false;bulkCopyForBatchInsertKeepNulls=false;bulkCopyForBatchInsertKeepIdentity=false;bulkCopyForBatchInsertFireTriggers=false;bulkCopyForBatchInsertCheckConstraints=false;bulkCopyForBatchInsertBatchSize=0;useBulkCopyForBatchInsert=false;cancelQueryTimeout=-1;sslProtocol=TLS;calcBigDecimalPrecision=false;useDefaultJaasConfig=false;jaasConfigurationName=SQLJDBCDriver;statementPoolingCacheSize=0;serverPreparedStatementDiscardThreshold=10;enablePrepareOnFirstPreparedStatementCall=false;fips=false;socketTimeout=0;authentication=NotSpecified;authenticationScheme=nativeAuthentication;xopenStates=false;datetimeParameterType=datetime2;sendTimeAsDatetime=true;replication=false;trustStoreType=JKS;trustServerCertificate=true;TransparentNetworkIPResolution=true;iPAddressPreference=IPv4First;serverNameAsACE=false;sendStringParametersAsUnicode=true;selectMethod=direct;responseBuffering=adaptive;queryTimeout=-1;packetSize=8000;multiSubnetFailover=false;loginTimeout=30;lockTimeout=-1;lastUpdateCount=true;useDefaultGSSCredential=false;prepareMethod=prepexec;encrypt=false;disableStatementPooling=true;databaseName=attendance_system;columnEncryptionSetting=Disabled;applicationName=Microsoft JDBC Driver for SQL Server;applicationIntent=readwrite;]
	Database driver: Microsoft JDBC Driver 13.2 for SQL Server
	Database dialect: SQLServerDialect
	Database version: 17.0
	Default catalog/schema: attendance_system/dbo
	Autocommit mode: undefined/unknown
	Isolation level: READ_COMMITTED [default READ_COMMITTED]
	JDBC fetch size: 128
	Pool: DataSourceConnectionProvider
	Minimum pool size: undefined/unknown
	Maximum pool size: undefined/unknown
2026-06-10 15:04:06.546 [main] INFO  org.hibernate.orm.core - HHH000489: No JTA platform available (set 'hibernate.transaction.jta.platform' to enable JTA platform integration)
2026-06-10 15:04:07.461 [main] DEBUG org.hibernate.SQL - 
    alter table attendance 
       alter column id bigint
2026-06-10 15:04:07.479 [main] WARN  o.h.t.s.i.ExceptionHandlerLoggedImpl - GenerationTarget encountered exception accepting command : Error executing DDL "
    alter table attendance 
       alter column id bigint" via JDBC [对象'PK__attendan__3213E83F505AAD30' 依赖于 列'id'。]
org.hibernate.tool.schema.spi.CommandAcceptanceException: Error executing DDL "
    alter table attendance 
       alter column id bigint" via JDBC [对象'PK__attendan__3213E83F505AAD30' 依赖于 列'id'。]
	at org.hibernate.tool.schema.internal.exec.GenerationTargetToDatabase.accept(GenerationTargetToDatabase.java:81)
	at org.hibernate.tool.schema.internal.AbstractSchemaMigrator.applySqlString(AbstractSchemaMigrator.java:566)
	at org.hibernate.tool.schema.internal.AbstractSchemaMigrator.applySqlStrings(AbstractSchemaMigrator.java:506)
	at org.hibernate.tool.schema.internal.AbstractSchemaMigrator.migrateTable(AbstractSchemaMigrator.java:324)
	at org.hibernate.tool.schema.internal.GroupedSchemaMigratorImpl.performTablesMigration(GroupedSchemaMigratorImpl.java:84)
	at org.hibernate.tool.schema.internal.AbstractSchemaMigrator.performMigration(AbstractSchemaMigrator.java:220)
	at org.hibernate.tool.schema.internal.AbstractSchemaMigrator.doMigration(AbstractSchemaMigrator.java:96)
	at org.hibernate.tool.schema.spi.SchemaManagementToolCoordinator.performDatabaseAction(SchemaManagementToolCoordinator.java:269)
	at org.hibernate.tool.schema.spi.SchemaManagementToolCoordinator.lambda$process$1(SchemaManagementToolCoordinator.java:101)
	at java.base/java.util.HashMap.forEach(HashMap.java:1429)
	at org.hibernate.tool.schema.spi.SchemaManagementToolCoordinator.process(SchemaManagementToolCoordinator.java:100)
	at org.hibernate.boot.internal.SessionFactoryObserverForSchemaExport.sessionFactoryCreated(SessionFactoryObserverForSchemaExport.java:35)
	at org.hibernate.internal.SessionFactoryObserverChain.sessionFactoryCreated(SessionFactoryObserverChain.java:33)
	at org.hibernate.internal.SessionFactoryImpl.<init>(SessionFactoryImpl.java:323)
	at org.hibernate.internal.SessionFactoryRegistry.instantiateSessionFactory(SessionFactoryRegistry.java:64)
	at org.hibernate.boot.internal.SessionFactoryBuilderImpl.build(SessionFactoryBuilderImpl.java:437)
	at org.hibernate.jpa.boot.internal.EntityManagerFactoryBuilderImpl.build(EntityManagerFactoryBuilderImpl.java:1456)
	at org.springframework.orm.jpa.vendor.SpringHibernateJpaPersistenceProvider.createContainerEntityManagerFactory(SpringHibernateJpaPersistenceProvider.java:93)
	at org.springframework.orm.jpa.LocalContainerEntityManagerFactoryBean.createNativeEntityManagerFactory(LocalContainerEntityManagerFactoryBean.java:443)
	at org.springframework.orm.jpa.AbstractEntityManagerFactoryBean.buildNativeEntityManagerFactory(AbstractEntityManagerFactoryBean.java:436)
	at org.springframework.orm.jpa.AbstractEntityManagerFactoryBean.afterPropertiesSet(AbstractEntityManagerFactoryBean.java:411)
	at org.springframework.orm.jpa.LocalContainerEntityManagerFactoryBean.afterPropertiesSet(LocalContainerEntityManagerFactoryBean.java:419)
	at org.springframework.beans.factory.support.AbstractAutowireCapableBeanFactory.invokeInitMethods(AbstractAutowireCapableBeanFactory.java:1864)
	at org.springframework.beans.factory.support.AbstractAutowireCapableBeanFactory.initializeBean(AbstractAutowireCapableBeanFactory.java:1813)
	at org.springframework.beans.factory.support.AbstractAutowireCapableBeanFactory.doCreateBean(AbstractAutowireCapableBeanFactory.java:603)
	at org.springframework.beans.factory.support.AbstractAutowireCapableBeanFactory.createBean(AbstractAutowireCapableBeanFactory.java:525)
	at org.springframework.beans.factory.support.AbstractBeanFactory.lambda$doGetBean$0(AbstractBeanFactory.java:333)
	at org.springframework.beans.factory.support.DefaultSingletonBeanRegistry.getSingleton(DefaultSingletonBeanRegistry.java:371)
	at org.springframework.beans.factory.support.AbstractBeanFactory.doGetBean(AbstractBeanFactory.java:331)
	at org.springframework.beans.factory.support.AbstractBeanFactory.getBean(AbstractBeanFactory.java:201)
	at org.springframework.context.support.AbstractApplicationContext.finishBeanFactoryInitialization(AbstractApplicationContext.java:977)
	at org.springframework.context.support.AbstractApplicationContext.refresh(AbstractApplicationContext.java:621)
	at org.springframework.boot.web.server.servlet.context.ServletWebServerApplicationContext.refresh(ServletWebServerApplicationContext.java:143)
	at org.springframework.boot.SpringApplication.refresh(SpringApplication.java:756)
	at org.springframework.boot.SpringApplication.refreshContext(SpringApplication.java:445)
	at org.springframework.boot.SpringApplication.run(SpringApplication.java:321)
	at org.springframework.boot.SpringApplication.run(SpringApplication.java:1365)
	at org.springframework.boot.SpringApplication.run(SpringApplication.java:1354)
	at com.example.attendance.AttendanceSystemApplication.main(AttendanceSystemApplication.java:12)
Caused by: com.microsoft.sqlserver.jdbc.SQLServerException: 对象'PK__attendan__3213E83F505AAD30' 依赖于 列'id'。
	at com.microsoft.sqlserver.jdbc.SQLServerException.makeFromDatabaseError(SQLServerException.java:278)
	at com.microsoft.sqlserver.jdbc.SQLServerStatement.getNextResult(SQLServerStatement.java:1788)
	at com.microsoft.sqlserver.jdbc.SQLServerStatement.doExecuteStatement(SQLServerStatement.java:975)
	at com.microsoft.sqlserver.jdbc.SQLServerStatement$StmtExecCmd.doExecute(SQLServerStatement.java:869)
	at com.microsoft.sqlserver.jdbc.TDSCommand.execute(IOBuffer.java:7825)
	at com.microsoft.sqlserver.jdbc.SQLServerConnection.executeCommand(SQLServerConnection.java:4828)
	at com.microsoft.sqlserver.jdbc.SQLServerStatement.executeCommand(SQLServerStatement.java:321)
	at com.microsoft.sqlserver.jdbc.SQLServerStatement.executeStatement(SQLServerStatement.java:253)
	at com.microsoft.sqlserver.jdbc.SQLServerStatement.execute(SQLServerStatement.java:842)
	at com.zaxxer.hikari.pool.ProxyStatement.execute(ProxyStatement.java:95)
	at com.zaxxer.hikari.pool.HikariProxyStatement.execute(HikariProxyStatement.java)
	at org.hibernate.tool.schema.internal.exec.GenerationTargetToDatabase.accept(GenerationTargetToDatabase.java:76)
	... 38 common frames omitted
2026-06-10 15:04:07.483 [main] DEBUG org.hibernate.SQL - 
    alter table attendance 
       alter column student_status tinyint default 1
2026-06-10 15:04:07.485 [main] WARN  o.h.t.s.i.ExceptionHandlerLoggedImpl - GenerationTarget encountered exception accepting command : Error executing DDL "
    alter table attendance 
       alter column student_status tinyint default 1" via JDBC [关键字 'default' 附近有语法错误。]
org.hibernate.tool.schema.spi.CommandAcceptanceException: Error executing DDL "
    alter table attendance 
       alter column student_status tinyint default 1" via JDBC [关键字 'default' 附近有语法错误。]
	at org.hibernate.tool.schema.internal.exec.GenerationTargetToDatabase.accept(GenerationTargetToDatabase.java:81)
	at org.hibernate.tool.schema.internal.AbstractSchemaMigrator.applySqlString(AbstractSchemaMigrator.java:566)
	at org.hibernate.tool.schema.internal.AbstractSchemaMigrator.applySqlStrings(AbstractSchemaMigrator.java:506)
	at org.hibernate.tool.schema.internal.AbstractSchemaMigrator.migrateTable(AbstractSchemaMigrator.java:324)
	at org.hibernate.tool.schema.internal.GroupedSchemaMigratorImpl.performTablesMigration(GroupedSchemaMigratorImpl.java:84)
	at org.hibernate.tool.schema.internal.AbstractSchemaMigrator.performMigration(AbstractSchemaMigrator.java:220)
	at org.hibernate.tool.schema.internal.AbstractSchemaMigrator.doMigration(AbstractSchemaMigrator.java:96)
	at org.hibernate.tool.schema.spi.SchemaManagementToolCoordinator.performDatabaseAction(SchemaManagementToolCoordinator.java:269)
	at org.hibernate.tool.schema.spi.SchemaManagementToolCoordinator.lambda$process$1(SchemaManagementToolCoordinator.java:101)
	at java.base/java.util.HashMap.forEach(HashMap.java:1429)
	at org.hibernate.tool.schema.spi.SchemaManagementToolCoordinator.process(SchemaManagementToolCoordinator.java:100)
	at org.hibernate.boot.internal.SessionFactoryObserverForSchemaExport.sessionFactoryCreated(SessionFactoryObserverForSchemaExport.java:35)
	at org.hibernate.internal.SessionFactoryObserverChain.sessionFactoryCreated(SessionFactoryObserverChain.java:33)
	at org.hibernate.internal.SessionFactoryImpl.<init>(SessionFactoryImpl.java:323)
	at org.hibernate.internal.SessionFactoryRegistry.instantiateSessionFactory(SessionFactoryRegistry.java:64)
	at org.hibernate.boot.internal.SessionFactoryBuilderImpl.build(SessionFactoryBuilderImpl.java:437)
	at org.hibernate.jpa.boot.internal.EntityManagerFactoryBuilderImpl.build(EntityManagerFactoryBuilderImpl.java:1456)
	at org.springframework.orm.jpa.vendor.SpringHibernateJpaPersistenceProvider.createContainerEntityManagerFactory(SpringHibernateJpaPersistenceProvider.java:93)
	at org.springframework.orm.jpa.LocalContainerEntityManagerFactoryBean.createNativeEntityManagerFactory(LocalContainerEntityManagerFactoryBean.java:443)
	at org.springframework.orm.jpa.AbstractEntityManagerFactoryBean.buildNativeEntityManagerFactory(AbstractEntityManagerFactoryBean.java:436)
	at org.springframework.orm.jpa.AbstractEntityManagerFactoryBean.afterPropertiesSet(AbstractEntityManagerFactoryBean.java:411)
	at org.springframework.orm.jpa.LocalContainerEntityManagerFactoryBean.afterPropertiesSet(LocalContainerEntityManagerFactoryBean.java:419)
	at org.springframework.beans.factory.support.AbstractAutowireCapableBeanFactory.invokeInitMethods(AbstractAutowireCapableBeanFactory.java:1864)
	at org.springframework.beans.factory.support.AbstractAutowireCapableBeanFactory.initializeBean(AbstractAutowireCapableBeanFactory.java:1813)
	at org.springframework.beans.factory.support.AbstractAutowireCapableBeanFactory.doCreateBean(AbstractAutowireCapableBeanFactory.java:603)
	at org.springframework.beans.factory.support.AbstractAutowireCapableBeanFactory.createBean(AbstractAutowireCapableBeanFactory.java:525)
	at org.springframework.beans.factory.support.AbstractBeanFactory.lambda$doGetBean$0(AbstractBeanFactory.java:333)
	at org.springframework.beans.factory.support.DefaultSingletonBeanRegistry.getSingleton(DefaultSingletonBeanRegistry.java:371)
	at org.springframework.beans.factory.support.AbstractBeanFactory.doGetBean(AbstractBeanFactory.java:331)
	at org.springframework.beans.factory.support.AbstractBeanFactory.getBean(AbstractBeanFactory.java:201)
	at org.springframework.context.support.AbstractApplicationContext.finishBeanFactoryInitialization(AbstractApplicationContext.java:977)
	at org.springframework.context.support.AbstractApplicationContext.refresh(AbstractApplicationContext.java:621)
	at org.springframework.boot.web.server.servlet.context.ServletWebServerApplicationContext.refresh(ServletWebServerApplicationContext.java:143)
	at org.springframework.boot.SpringApplication.refresh(SpringApplication.java:756)
	at org.springframework.boot.SpringApplication.refreshContext(SpringApplication.java:445)
	at org.springframework.boot.SpringApplication.run(SpringApplication.java:321)
	at org.springframework.boot.SpringApplication.run(SpringApplication.java:1365)
	at org.springframework.boot.SpringApplication.run(SpringApplication.java:1354)
	at com.example.attendance.AttendanceSystemApplication.main(AttendanceSystemApplication.java:12)
Caused by: com.microsoft.sqlserver.jdbc.SQLServerException: 关键字 'default' 附近有语法错误。
	at com.microsoft.sqlserver.jdbc.SQLServerException.makeFromDatabaseError(SQLServerException.java:278)
	at com.microsoft.sqlserver.jdbc.SQLServerStatement.getNextResult(SQLServerStatement.java:1788)
	at com.microsoft.sqlserver.jdbc.SQLServerStatement.doExecuteStatement(SQLServerStatement.java:975)
	at com.microsoft.sqlserver.jdbc.SQLServerStatement$StmtExecCmd.doExecute(SQLServerStatement.java:869)
	at com.microsoft.sqlserver.jdbc.TDSCommand.execute(IOBuffer.java:7825)
	at com.microsoft.sqlserver.jdbc.SQLServerConnection.executeCommand(SQLServerConnection.java:4828)
	at com.microsoft.sqlserver.jdbc.SQLServerStatement.executeCommand(SQLServerStatement.java:321)
	at com.microsoft.sqlserver.jdbc.SQLServerStatement.executeStatement(SQLServerStatement.java:253)
	at com.microsoft.sqlserver.jdbc.SQLServerStatement.execute(SQLServerStatement.java:842)
	at com.zaxxer.hikari.pool.ProxyStatement.execute(ProxyStatement.java:95)
	at com.zaxxer.hikari.pool.HikariProxyStatement.execute(HikariProxyStatement.java)
	at org.hibernate.tool.schema.internal.exec.GenerationTargetToDatabase.accept(GenerationTargetToDatabase.java:76)
	... 38 common frames omitted
2026-06-10 15:04:07.486 [main] DEBUG org.hibernate.SQL - 
    alter table course_selection 
       alter column id bigint
2026-06-10 15:04:07.488 [main] WARN  o.h.t.s.i.ExceptionHandlerLoggedImpl - GenerationTarget encountered exception accepting command : Error executing DDL "
    alter table course_selection 
       alter column id bigint" via JDBC [对象'PK__course_s__3213E83FDFE3484D' 依赖于 列'id'。]
org.hibernate.tool.schema.spi.CommandAcceptanceException: Error executing DDL "
    alter table course_selection 
       alter column id bigint" via JDBC [对象'PK__course_s__3213E83FDFE3484D' 依赖于 列'id'。]
	at org.hibernate.tool.schema.internal.exec.GenerationTargetToDatabase.accept(GenerationTargetToDatabase.java:81)
	at org.hibernate.tool.schema.internal.AbstractSchemaMigrator.applySqlString(AbstractSchemaMigrator.java:566)
	at org.hibernate.tool.schema.internal.AbstractSchemaMigrator.applySqlStrings(AbstractSchemaMigrator.java:506)
	at org.hibernate.tool.schema.internal.AbstractSchemaMigrator.migrateTable(AbstractSchemaMigrator.java:324)
	at org.hibernate.tool.schema.internal.GroupedSchemaMigratorImpl.performTablesMigration(GroupedSchemaMigratorImpl.java:84)
	at org.hibernate.tool.schema.internal.AbstractSchemaMigrator.performMigration(AbstractSchemaMigrator.java:220)
	at org.hibernate.tool.schema.internal.AbstractSchemaMigrator.doMigration(AbstractSchemaMigrator.java:96)
	at org.hibernate.tool.schema.spi.SchemaManagementToolCoordinator.performDatabaseAction(SchemaManagementToolCoordinator.java:269)
	at org.hibernate.tool.schema.spi.SchemaManagementToolCoordinator.lambda$process$1(SchemaManagementToolCoordinator.java:101)
	at java.base/java.util.HashMap.forEach(HashMap.java:1429)
	at org.hibernate.tool.schema.spi.SchemaManagementToolCoordinator.process(SchemaManagementToolCoordinator.java:100)
	at org.hibernate.boot.internal.SessionFactoryObserverForSchemaExport.sessionFactoryCreated(SessionFactoryObserverForSchemaExport.java:35)
	at org.hibernate.internal.SessionFactoryObserverChain.sessionFactoryCreated(SessionFactoryObserverChain.java:33)
	at org.hibernate.internal.SessionFactoryImpl.<init>(SessionFactoryImpl.java:323)
	at org.hibernate.internal.SessionFactoryRegistry.instantiateSessionFactory(SessionFactoryRegistry.java:64)
	at org.hibernate.boot.internal.SessionFactoryBuilderImpl.build(SessionFactoryBuilderImpl.java:437)
	at org.hibernate.jpa.boot.internal.EntityManagerFactoryBuilderImpl.build(EntityManagerFactoryBuilderImpl.java:1456)
	at org.springframework.orm.jpa.vendor.SpringHibernateJpaPersistenceProvider.createContainerEntityManagerFactory(SpringHibernateJpaPersistenceProvider.java:93)
	at org.springframework.orm.jpa.LocalContainerEntityManagerFactoryBean.createNativeEntityManagerFactory(LocalContainerEntityManagerFactoryBean.java:443)
	at org.springframework.orm.jpa.AbstractEntityManagerFactoryBean.buildNativeEntityManagerFactory(AbstractEntityManagerFactoryBean.java:436)
	at org.springframework.orm.jpa.AbstractEntityManagerFactoryBean.afterPropertiesSet(AbstractEntityManagerFactoryBean.java:411)
	at org.springframework.orm.jpa.LocalContainerEntityManagerFactoryBean.afterPropertiesSet(LocalContainerEntityManagerFactoryBean.java:419)
	at org.springframework.beans.factory.support.AbstractAutowireCapableBeanFactory.invokeInitMethods(AbstractAutowireCapableBeanFactory.java:1864)
	at org.springframework.beans.factory.support.AbstractAutowireCapableBeanFactory.initializeBean(AbstractAutowireCapableBeanFactory.java:1813)
	at org.springframework.beans.factory.support.AbstractAutowireCapableBeanFactory.doCreateBean(AbstractAutowireCapableBeanFactory.java:603)
	at org.springframework.beans.factory.support.AbstractAutowireCapableBeanFactory.createBean(AbstractAutowireCapableBeanFactory.java:525)
	at org.springframework.beans.factory.support.AbstractBeanFactory.lambda$doGetBean$0(AbstractBeanFactory.java:333)
	at org.springframework.beans.factory.support.DefaultSingletonBeanRegistry.getSingleton(DefaultSingletonBeanRegistry.java:371)
	at org.springframework.beans.factory.support.AbstractBeanFactory.doGetBean(AbstractBeanFactory.java:331)
	at org.springframework.beans.factory.support.AbstractBeanFactory.getBean(AbstractBeanFactory.java:201)
	at org.springframework.context.support.AbstractApplicationContext.finishBeanFactoryInitialization(AbstractApplicationContext.java:977)
	at org.springframework.context.support.AbstractApplicationContext.refresh(AbstractApplicationContext.java:621)
	at org.springframework.boot.web.server.servlet.context.ServletWebServerApplicationContext.refresh(ServletWebServerApplicationContext.java:143)
	at org.springframework.boot.SpringApplication.refresh(SpringApplication.java:756)
	at org.springframework.boot.SpringApplication.refreshContext(SpringApplication.java:445)
	at org.springframework.boot.SpringApplication.run(SpringApplication.java:321)
	at org.springframework.boot.SpringApplication.run(SpringApplication.java:1365)
	at org.springframework.boot.SpringApplication.run(SpringApplication.java:1354)
	at com.example.attendance.AttendanceSystemApplication.main(AttendanceSystemApplication.java:12)
Caused by: com.microsoft.sqlserver.jdbc.SQLServerException: 对象'PK__course_s__3213E83FDFE3484D' 依赖于 列'id'。
	at com.microsoft.sqlserver.jdbc.SQLServerException.makeFromDatabaseError(SQLServerException.java:278)
	at com.microsoft.sqlserver.jdbc.SQLServerStatement.getNextResult(SQLServerStatement.java:1788)
	at com.microsoft.sqlserver.jdbc.SQLServerStatement.doExecuteStatement(SQLServerStatement.java:975)
	at com.microsoft.sqlserver.jdbc.SQLServerStatement$StmtExecCmd.doExecute(SQLServerStatement.java:869)
	at com.microsoft.sqlserver.jdbc.TDSCommand.execute(IOBuffer.java:7825)
	at com.microsoft.sqlserver.jdbc.SQLServerConnection.executeCommand(SQLServerConnection.java:4828)
	at com.microsoft.sqlserver.jdbc.SQLServerStatement.executeCommand(SQLServerStatement.java:321)
	at com.microsoft.sqlserver.jdbc.SQLServerStatement.executeStatement(SQLServerStatement.java:253)
	at com.microsoft.sqlserver.jdbc.SQLServerStatement.execute(SQLServerStatement.java:842)
	at com.zaxxer.hikari.pool.ProxyStatement.execute(ProxyStatement.java:95)
	at com.zaxxer.hikari.pool.HikariProxyStatement.execute(HikariProxyStatement.java)
	at org.hibernate.tool.schema.internal.exec.GenerationTargetToDatabase.accept(GenerationTargetToDatabase.java:76)
	... 38 common frames omitted
2026-06-10 15:04:07.490 [main] DEBUG org.hibernate.SQL - 
    alter table course_selection 
       alter column status tinyint default 1
2026-06-10 15:04:07.491 [main] WARN  o.h.t.s.i.ExceptionHandlerLoggedImpl - GenerationTarget encountered exception accepting command : Error executing DDL "
    alter table course_selection 
       alter column status tinyint default 1" via JDBC [关键字 'default' 附近有语法错误。]
org.hibernate.tool.schema.spi.CommandAcceptanceException: Error executing DDL "
    alter table course_selection 
       alter column status tinyint default 1" via JDBC [关键字 'default' 附近有语法错误。]
	at org.hibernate.tool.schema.internal.exec.GenerationTargetToDatabase.accept(GenerationTargetToDatabase.java:81)
	at org.hibernate.tool.schema.internal.AbstractSchemaMigrator.applySqlString(AbstractSchemaMigrator.java:566)
	at org.hibernate.tool.schema.internal.AbstractSchemaMigrator.applySqlStrings(AbstractSchemaMigrator.java:506)
	at org.hibernate.tool.schema.internal.AbstractSchemaMigrator.migrateTable(AbstractSchemaMigrator.java:324)
	at org.hibernate.tool.schema.internal.GroupedSchemaMigratorImpl.performTablesMigration(GroupedSchemaMigratorImpl.java:84)
	at org.hibernate.tool.schema.internal.AbstractSchemaMigrator.performMigration(AbstractSchemaMigrator.java:220)
	at org.hibernate.tool.schema.internal.AbstractSchemaMigrator.doMigration(AbstractSchemaMigrator.java:96)
	at org.hibernate.tool.schema.spi.SchemaManagementToolCoordinator.performDatabaseAction(SchemaManagementToolCoordinator.java:269)
	at org.hibernate.tool.schema.spi.SchemaManagementToolCoordinator.lambda$process$1(SchemaManagementToolCoordinator.java:101)
	at java.base/java.util.HashMap.forEach(HashMap.java:1429)
	at org.hibernate.tool.schema.spi.SchemaManagementToolCoordinator.process(SchemaManagementToolCoordinator.java:100)
	at org.hibernate.boot.internal.SessionFactoryObserverForSchemaExport.sessionFactoryCreated(SessionFactoryObserverForSchemaExport.java:35)
	at org.hibernate.internal.SessionFactoryObserverChain.sessionFactoryCreated(SessionFactoryObserverChain.java:33)
	at org.hibernate.internal.SessionFactoryImpl.<init>(SessionFactoryImpl.java:323)
	at org.hibernate.internal.SessionFactoryRegistry.instantiateSessionFactory(SessionFactoryRegistry.java:64)
	at org.hibernate.boot.internal.SessionFactoryBuilderImpl.build(SessionFactoryBuilderImpl.java:437)
	at org.hibernate.jpa.boot.internal.EntityManagerFactoryBuilderImpl.build(EntityManagerFactoryBuilderImpl.java:1456)
	at org.springframework.orm.jpa.vendor.SpringHibernateJpaPersistenceProvider.createContainerEntityManagerFactory(SpringHibernateJpaPersistenceProvider.java:93)
	at org.springframework.orm.jpa.LocalContainerEntityManagerFactoryBean.createNativeEntityManagerFactory(LocalContainerEntityManagerFactoryBean.java:443)
	at org.springframework.orm.jpa.AbstractEntityManagerFactoryBean.buildNativeEntityManagerFactory(AbstractEntityManagerFactoryBean.java:436)
	at org.springframework.orm.jpa.AbstractEntityManagerFactoryBean.afterPropertiesSet(AbstractEntityManagerFactoryBean.java:411)
	at org.springframework.orm.jpa.LocalContainerEntityManagerFactoryBean.afterPropertiesSet(LocalContainerEntityManagerFactoryBean.java:419)
	at org.springframework.beans.factory.support.AbstractAutowireCapableBeanFactory.invokeInitMethods(AbstractAutowireCapableBeanFactory.java:1864)
	at org.springframework.beans.factory.support.AbstractAutowireCapableBeanFactory.initializeBean(AbstractAutowireCapableBeanFactory.java:1813)
	at org.springframework.beans.factory.support.AbstractAutowireCapableBeanFactory.doCreateBean(AbstractAutowireCapableBeanFactory.java:603)
	at org.springframework.beans.factory.support.AbstractAutowireCapableBeanFactory.createBean(AbstractAutowireCapableBeanFactory.java:525)
	at org.springframework.beans.factory.support.AbstractBeanFactory.lambda$doGetBean$0(AbstractBeanFactory.java:333)
	at org.springframework.beans.factory.support.DefaultSingletonBeanRegistry.getSingleton(DefaultSingletonBeanRegistry.java:371)
	at org.springframework.beans.factory.support.AbstractBeanFactory.doGetBean(AbstractBeanFactory.java:331)
	at org.springframework.beans.factory.support.AbstractBeanFactory.getBean(AbstractBeanFactory.java:201)
	at org.springframework.context.support.AbstractApplicationContext.finishBeanFactoryInitialization(AbstractApplicationContext.java:977)
	at org.springframework.context.support.AbstractApplicationContext.refresh(AbstractApplicationContext.java:621)
	at org.springframework.boot.web.server.servlet.context.ServletWebServerApplicationContext.refresh(ServletWebServerApplicationContext.java:143)
	at org.springframework.boot.SpringApplication.refresh(SpringApplication.java:756)
	at org.springframework.boot.SpringApplication.refreshContext(SpringApplication.java:445)
	at org.springframework.boot.SpringApplication.run(SpringApplication.java:321)
	at org.springframework.boot.SpringApplication.run(SpringApplication.java:1365)
	at org.springframework.boot.SpringApplication.run(SpringApplication.java:1354)
	at com.example.attendance.AttendanceSystemApplication.main(AttendanceSystemApplication.java:12)
Caused by: com.microsoft.sqlserver.jdbc.SQLServerException: 关键字 'default' 附近有语法错误。
	at com.microsoft.sqlserver.jdbc.SQLServerException.makeFromDatabaseError(SQLServerException.java:278)
	at com.microsoft.sqlserver.jdbc.SQLServerStatement.getNextResult(SQLServerStatement.java:1788)
	at com.microsoft.sqlserver.jdbc.SQLServerStatement.doExecuteStatement(SQLServerStatement.java:975)
	at com.microsoft.sqlserver.jdbc.SQLServerStatement$StmtExecCmd.doExecute(SQLServerStatement.java:869)
	at com.microsoft.sqlserver.jdbc.TDSCommand.execute(IOBuffer.java:7825)
	at com.microsoft.sqlserver.jdbc.SQLServerConnection.executeCommand(SQLServerConnection.java:4828)
	at com.microsoft.sqlserver.jdbc.SQLServerStatement.executeCommand(SQLServerStatement.java:321)
	at com.microsoft.sqlserver.jdbc.SQLServerStatement.executeStatement(SQLServerStatement.java:253)
	at com.microsoft.sqlserver.jdbc.SQLServerStatement.execute(SQLServerStatement.java:842)
	at com.zaxxer.hikari.pool.ProxyStatement.execute(ProxyStatement.java:95)
	at com.zaxxer.hikari.pool.HikariProxyStatement.execute(HikariProxyStatement.java)
	at org.hibernate.tool.schema.internal.exec.GenerationTargetToDatabase.accept(GenerationTargetToDatabase.java:76)
	... 38 common frames omitted
2026-06-10 15:04:07.494 [main] INFO  o.s.o.j.LocalContainerEntityManagerFactoryBean - Initialized JPA EntityManagerFactory for persistence unit 'default'
2026-06-10 15:04:07.570 [main] INFO  o.s.d.j.r.q.QueryEnhancerFactories - Hibernate is in classpath; If applicable, HQL parser will be used.
2026-06-10 15:04:08.748 [main] WARN  o.s.b.j.a.JpaBaseConfiguration$JpaWebConfiguration - spring.jpa.open-in-view is enabled by default. Therefore, database queries may be performed during view rendering. Explicitly configure spring.jpa.open-in-view to disable this warning
2026-06-10 15:04:08.808 [main] INFO  o.s.s.c.a.a.c.InitializeUserDetailsBeanManagerConfigurer$InitializeUserDetailsManagerConfigurer - Global AuthenticationManager configured with UserDetailsService bean with name myUserDetailsServiceImpl
2026-06-10 15:04:09.032 [main] INFO  o.s.b.w.a.WelcomePageHandlerMapping - Adding welcome page template: index
2026-06-10 15:04:10.339 [main] INFO  o.s.cloud.commons.util.InetUtils - Cannot determine local hostname
2026-06-10 15:04:10.420 [main] INFO  o.a.coyote.http11.Http11NioProtocol - Starting ProtocolHandler ["http-nio-0.0.0.0-8080"]
2026-06-10 15:04:10.434 [main] INFO  o.s.boot.tomcat.TomcatWebServer - Tomcat started on port 8080 (http) with context path '/'
2026-06-10 15:04:10.692 [http-nio-0.0.0.0-8080-exec-1] INFO  o.a.c.c.C.[Tomcat].[localhost].[/] - Initializing Spring DispatcherServlet 'dispatcherServlet'
2026-06-10 15:04:10.692 [http-nio-0.0.0.0-8080-exec-1] INFO  o.s.web.servlet.DispatcherServlet - Initializing Servlet 'dispatcherServlet'
2026-06-10 15:04:10.694 [http-nio-0.0.0.0-8080-exec-1] INFO  o.s.web.servlet.DispatcherServlet - Completed initialization in 2 ms
2026-06-10 15:04:11.459 [main] INFO  o.s.cloud.commons.util.InetUtils - Cannot determine local hostname
2026-06-10 15:04:11.472 [main] INFO  c.e.a.AttendanceSystemApplication - Started AttendanceSystemApplication in 9.832 seconds (process running for 10.826)
2026-06-10 15:05:18.288 [http-nio-0.0.0.0-8080-exec-10] DEBUG org.hibernate.SQL - 
    select
        u1_0.id,
        u1_0.class_name,
        u1_0.create_time,
        u1_0.gender,
        u1_0.real_name,
        u1_0.username,
        u1_0.userpassword,
        u1_0.userrole 
    from
        my_user u1_0 
    where
        u1_0.username=?
2026-06-10 15:05:20.259 [http-nio-0.0.0.0-8080-exec-6] DEBUG org.hibernate.SQL - 
    select
        u1_0.id,
        u1_0.class_name,
        u1_0.create_time,
        u1_0.gender,
        u1_0.real_name,
        u1_0.username,
        u1_0.userpassword,
        u1_0.userrole 
    from
        my_user u1_0 
    where
        u1_0.username=?
2026-06-10 15:05:20.271 [http-nio-0.0.0.0-8080-exec-6] DEBUG org.hibernate.SQL - 
    select
        cs1_0.id,
        cs1_0.class_name,
        cs1_0.course_id,
        cs1_0.course_name,
        cs1_0.create_time,
        cs1_0.status,
        cs1_0.student_id,
        cs1_0.student_name 
    from
        course_selection cs1_0 
    where
        cs1_0.student_id=? 
        and cs1_0.status=?
2026-06-10 15:05:20.280 [http-nio-0.0.0.0-8080-exec-6] DEBUG org.hibernate.SQL - 
    select
        c1_0.id,
        c1_0.class_name,
        c1_0.course_id,
        c1_0.course_name,
        c1_0.create_time,
        c1_0.location,
        c1_0.teacher_id,
        c1_0.teacher_name,
        c1_0.time_slot,
        c1_0.week_day 
    from
        course c1_0 
    where
        c1_0.course_id=?
2026-06-10 15:05:20.292 [http-nio-0.0.0.0-8080-exec-6] DEBUG org.hibernate.SQL - 
    select
        c1_0.id,
        c1_0.class_name,
        c1_0.course_id,
        c1_0.course_name,
        c1_0.create_time,
        c1_0.location,
        c1_0.teacher_id,
        c1_0.teacher_name,
        c1_0.time_slot,
        c1_0.week_day 
    from
        course c1_0 
    where
        c1_0.course_id=?
2026-06-10 15:05:20.296 [http-nio-0.0.0.0-8080-exec-6] DEBUG org.hibernate.SQL - 
    select
        cs1_0.id,
        cs1_0.class_name,
        cs1_0.course_id,
        cs1_0.course_name,
        cs1_0.create_time,
        cs1_0.status,
        cs1_0.student_id,
        cs1_0.student_name 
    from
        course_selection cs1_0 
    where
        cs1_0.student_id=? 
        and cs1_0.status=?
2026-06-10 15:05:20.304 [http-nio-0.0.0.0-8080-exec-6] DEBUG org.hibernate.SQL - 
    select
        a1_0.id,
        a1_0.check_in_time,
        a1_0.course_id,
        a1_0.create_time,
        a1_0.ip_address,
        a1_0.reason,
        a1_0.sign_in_id,
        a1_0.student_id,
        a1_0.student_name,
        a1_0.student_status,
        a1_0.update_time 
    from
        attendance a1_0 
    where
        a1_0.student_id=?
2026-06-10 15:05:36.859 [http-nio-0.0.0.0-8080-exec-4] DEBUG org.hibernate.SQL - 
    select
        u1_0.id,
        u1_0.class_name,
        u1_0.create_time,
        u1_0.gender,
        u1_0.real_name,
        u1_0.username,
        u1_0.userpassword,
        u1_0.userrole 
    from
        my_user u1_0 
    where
        u1_0.username=?
2026-06-10 15:05:36.864 [http-nio-0.0.0.0-8080-exec-5] DEBUG c.e.a.s.impl.AttendanceServiceImpl - 按条件查询考勤记录，学生ID: 42411114, 课程ID: null, 状态: null, courseIds: null
2026-06-10 15:05:36.877 [http-nio-0.0.0.0-8080-exec-4] DEBUG org.hibernate.SQL - 
    select
        cs1_0.id,
        cs1_0.class_name,
        cs1_0.course_id,
        cs1_0.course_name,
        cs1_0.create_time,
        cs1_0.status,
        cs1_0.student_id,
        cs1_0.student_name 
    from
        course_selection cs1_0 
    where
        cs1_0.student_id=? 
        and cs1_0.status=?
2026-06-10 15:05:36.877 [http-nio-0.0.0.0-8080-exec-4] DEBUG org.hibernate.SQL - 
    select
        c1_0.id,
        c1_0.class_name,
        c1_0.course_id,
        c1_0.course_name,
        c1_0.create_time,
        c1_0.location,
        c1_0.teacher_id,
        c1_0.teacher_name,
        c1_0.time_slot,
        c1_0.week_day 
    from
        course c1_0 
    where
        c1_0.course_id=?
2026-06-10 15:05:36.885 [http-nio-0.0.0.0-8080-exec-4] DEBUG org.hibernate.SQL - 
    select
        c1_0.id,
        c1_0.class_name,
        c1_0.course_id,
        c1_0.course_name,
        c1_0.create_time,
        c1_0.location,
        c1_0.teacher_id,
        c1_0.teacher_name,
        c1_0.time_slot,
        c1_0.week_day 
    from
        course c1_0 
    where
        c1_0.course_id=?
2026-06-10 15:05:36.885 [http-nio-0.0.0.0-8080-exec-4] DEBUG org.hibernate.SQL - 
    select
        cs1_0.id,
        cs1_0.class_name,
        cs1_0.course_id,
        cs1_0.course_name,
        cs1_0.create_time,
        cs1_0.status,
        cs1_0.student_id,
        cs1_0.student_name 
    from
        course_selection cs1_0 
    where
        cs1_0.student_id=? 
        and cs1_0.status=?
2026-06-10 15:05:36.893 [http-nio-0.0.0.0-8080-exec-4] DEBUG org.hibernate.SQL - 
    select
        a1_0.id,
        a1_0.check_in_time,
        a1_0.course_id,
        a1_0.create_time,
        a1_0.ip_address,
        a1_0.reason,
        a1_0.sign_in_id,
        a1_0.student_id,
        a1_0.student_name,
        a1_0.student_status,
        a1_0.update_time 
    from
        attendance a1_0 
    where
        a1_0.student_id=?
2026-06-10 15:05:36.919 [http-nio-0.0.0.0-8080-exec-5] DEBUG org.hibernate.SQL - 
    select
        a1_0.id,
        a1_0.check_in_time,
        a1_0.course_id,
        a1_0.create_time,
        a1_0.ip_address,
        a1_0.reason,
        a1_0.sign_in_id,
        a1_0.student_id,
        a1_0.student_name,
        a1_0.student_status,
        a1_0.update_time 
    from
        attendance a1_0 
    where
        a1_0.student_id=? 
    order by
        a1_0.check_in_time desc 
    offset
        ? rows 
    fetch
        first ? rows only
2026-06-10 15:05:36.933 [http-nio-0.0.0.0-8080-exec-5] INFO  c.e.a.s.impl.AttendanceServiceImpl - 条件查询考勤记录完成，总数: 1
2026-06-10 15:05:36.941 [http-nio-0.0.0.0-8080-exec-5] WARN  o.s.d.w.c.SpringDataJackson3Configuration$PageModule$WarningLoggingModifier - Serializing PageImpl instances as-is is not supported, meaning that there is no guarantee about the stability of the resulting JSON structure!
	For a stable JSON structure, please use Spring Data's PagedModel (globally via @EnableSpringDataWebSupport(pageSerializationMode = VIA_DTO))
	or Spring HATEOAS and Spring Data's PagedResourcesAssembler as documented in https://docs.spring.io/spring-data/commons/reference/repositories/core-extensions.html#core.web.pageables.

2026-06-10 15:05:44.308 [http-nio-0.0.0.0-8080-exec-7] DEBUG org.hibernate.SQL - 
    select
        u1_0.id,
        u1_0.class_name,
        u1_0.create_time,
        u1_0.gender,
        u1_0.real_name,
        u1_0.username,
        u1_0.userpassword,
        u1_0.userrole 
    from
        my_user u1_0 
    where
        u1_0.username=?
2026-06-10 15:05:44.317 [http-nio-0.0.0.0-8080-exec-7] DEBUG org.hibernate.SQL - 
    select
        cs1_0.id,
        cs1_0.class_name,
        cs1_0.course_id,
        cs1_0.course_name,
        cs1_0.create_time,
        cs1_0.status,
        cs1_0.student_id,
        cs1_0.student_name 
    from
        course_selection cs1_0 
    where
        cs1_0.student_id=? 
        and cs1_0.status=?
2026-06-10 15:05:44.322 [http-nio-0.0.0.0-8080-exec-7] DEBUG org.hibernate.SQL - 
    select
        c1_0.id,
        c1_0.class_name,
        c1_0.course_id,
        c1_0.course_name,
        c1_0.create_time,
        c1_0.location,
        c1_0.teacher_id,
        c1_0.teacher_name,
        c1_0.time_slot,
        c1_0.week_day 
    from
        course c1_0 
    where
        c1_0.course_id=?
2026-06-10 15:05:44.326 [http-nio-0.0.0.0-8080-exec-7] DEBUG org.hibernate.SQL - 
    select
        c1_0.id,
        c1_0.class_name,
        c1_0.course_id,
        c1_0.course_name,
        c1_0.create_time,
        c1_0.location,
        c1_0.teacher_id,
        c1_0.teacher_name,
        c1_0.time_slot,
        c1_0.week_day 
    from
        course c1_0 
    where
        c1_0.course_id=?
2026-06-10 15:05:44.326 [http-nio-0.0.0.0-8080-exec-7] DEBUG org.hibernate.SQL - 
    select
        cs1_0.id,
        cs1_0.class_name,
        cs1_0.course_id,
        cs1_0.course_name,
        cs1_0.create_time,
        cs1_0.status,
        cs1_0.student_id,
        cs1_0.student_name 
    from
        course_selection cs1_0 
    where
        cs1_0.student_id=? 
        and cs1_0.status=?
2026-06-10 15:05:44.326 [http-nio-0.0.0.0-8080-exec-7] DEBUG org.hibernate.SQL - 
    select
        a1_0.id,
        a1_0.check_in_time,
        a1_0.course_id,
        a1_0.create_time,
        a1_0.ip_address,
        a1_0.reason,
        a1_0.sign_in_id,
        a1_0.student_id,
        a1_0.student_name,
        a1_0.student_status,
        a1_0.update_time 
    from
        attendance a1_0 
    where
        a1_0.student_id=?
2026-06-10 15:05:51.264 [http-nio-0.0.0.0-8080-exec-10] DEBUG org.hibernate.SQL - 
    select
        u1_0.id,
        u1_0.class_name,
        u1_0.create_time,
        u1_0.gender,
        u1_0.real_name,
        u1_0.username,
        u1_0.userpassword,
        u1_0.userrole 
    from
        my_user u1_0 
    where
        u1_0.username=?
2026-06-10 15:05:53.012 [http-nio-0.0.0.0-8080-exec-6] DEBUG org.hibernate.SQL - 
    select
        u1_0.id,
        u1_0.class_name,
        u1_0.create_time,
        u1_0.gender,
        u1_0.real_name,
        u1_0.username,
        u1_0.userpassword,
        u1_0.userrole 
    from
        my_user u1_0 
    where
        u1_0.username=?
2026-06-10 15:05:53.023 [http-nio-0.0.0.0-8080-exec-6] DEBUG org.hibernate.SQL - 
    select
        cs1_0.id,
        cs1_0.class_name,
        cs1_0.course_id,
        cs1_0.course_name,
        cs1_0.create_time,
        cs1_0.status,
        cs1_0.student_id,
        cs1_0.student_name 
    from
        course_selection cs1_0 
    where
        cs1_0.student_id=? 
        and cs1_0.status=?
2026-06-10 15:05:53.023 [http-nio-0.0.0.0-8080-exec-6] DEBUG org.hibernate.SQL - 
    select
        c1_0.id,
        c1_0.class_name,
        c1_0.course_id,
        c1_0.course_name,
        c1_0.create_time,
        c1_0.location,
        c1_0.teacher_id,
        c1_0.teacher_name,
        c1_0.time_slot,
        c1_0.week_day 
    from
        course c1_0 
    where
        c1_0.course_id=?
2026-06-10 15:05:53.027 [http-nio-0.0.0.0-8080-exec-6] DEBUG org.hibernate.SQL - 
    select
        c1_0.id,
        c1_0.class_name,
        c1_0.course_id,
        c1_0.course_name,
        c1_0.create_time,
        c1_0.location,
        c1_0.teacher_id,
        c1_0.teacher_name,
        c1_0.time_slot,
        c1_0.week_day 
    from
        course c1_0 
    where
        c1_0.course_id=?
2026-06-10 15:05:53.031 [http-nio-0.0.0.0-8080-exec-6] DEBUG org.hibernate.SQL - 
    select
        c1_0.id,
        c1_0.class_name,
        c1_0.course_id,
        c1_0.course_name,
        c1_0.create_time,
        c1_0.location,
        c1_0.teacher_id,
        c1_0.teacher_name,
        c1_0.time_slot,
        c1_0.week_day 
    from
        course c1_0 
    where
        c1_0.course_id=?
2026-06-10 15:05:53.035 [http-nio-0.0.0.0-8080-exec-6] DEBUG org.hibernate.SQL - 
    select
        cs1_0.id,
        cs1_0.class_name,
        cs1_0.course_id,
        cs1_0.course_name,
        cs1_0.create_time,
        cs1_0.status,
        cs1_0.student_id,
        cs1_0.student_name 
    from
        course_selection cs1_0 
    where
        cs1_0.student_id=? 
        and cs1_0.status=?
2026-06-10 15:05:53.035 [http-nio-0.0.0.0-8080-exec-6] DEBUG org.hibernate.SQL - 
    select
        a1_0.id,
        a1_0.check_in_time,
        a1_0.course_id,
        a1_0.create_time,
        a1_0.ip_address,
        a1_0.reason,
        a1_0.sign_in_id,
        a1_0.student_id,
        a1_0.student_name,
        a1_0.student_status,
        a1_0.update_time 
    from
        attendance a1_0 
    where
        a1_0.student_id=?
2026-06-10 15:05:54.679 [http-nio-0.0.0.0-8080-exec-5] DEBUG org.hibernate.SQL - 
    select
        u1_0.id,
        u1_0.class_name,
        u1_0.create_time,
        u1_0.gender,
        u1_0.real_name,
        u1_0.username,
        u1_0.userpassword,
        u1_0.userrole 
    from
        my_user u1_0 
    where
        u1_0.username=?
2026-06-10 15:05:54.679 [http-nio-0.0.0.0-8080-exec-4] DEBUG c.e.a.s.impl.AttendanceServiceImpl - 按条件查询考勤记录，学生ID: aaa, 课程ID: null, 状态: null, courseIds: null
2026-06-10 15:05:54.684 [http-nio-0.0.0.0-8080-exec-5] DEBUG org.hibernate.SQL - 
    select
        cs1_0.id,
        cs1_0.class_name,
        cs1_0.course_id,
        cs1_0.course_name,
        cs1_0.create_time,
        cs1_0.status,
        cs1_0.student_id,
        cs1_0.student_name 
    from
        course_selection cs1_0 
    where
        cs1_0.student_id=? 
        and cs1_0.status=?
2026-06-10 15:05:54.685 [http-nio-0.0.0.0-8080-exec-4] DEBUG org.hibernate.SQL - 
    select
        a1_0.id,
        a1_0.check_in_time,
        a1_0.course_id,
        a1_0.create_time,
        a1_0.ip_address,
        a1_0.reason,
        a1_0.sign_in_id,
        a1_0.student_id,
        a1_0.student_name,
        a1_0.student_status,
        a1_0.update_time 
    from
        attendance a1_0 
    where
        a1_0.student_id=? 
    order by
        a1_0.check_in_time desc 
    offset
        ? rows 
    fetch
        first ? rows only
2026-06-10 15:05:54.685 [http-nio-0.0.0.0-8080-exec-5] DEBUG org.hibernate.SQL - 
    select
        c1_0.id,
        c1_0.class_name,
        c1_0.course_id,
        c1_0.course_name,
        c1_0.create_time,
        c1_0.location,
        c1_0.teacher_id,
        c1_0.teacher_name,
        c1_0.time_slot,
        c1_0.week_day 
    from
        course c1_0 
    where
        c1_0.course_id=?
2026-06-10 15:05:54.689 [http-nio-0.0.0.0-8080-exec-4] INFO  c.e.a.s.impl.AttendanceServiceImpl - 条件查询考勤记录完成，总数: 4
2026-06-10 15:05:54.689 [http-nio-0.0.0.0-8080-exec-5] DEBUG org.hibernate.SQL - 
    select
        c1_0.id,
        c1_0.class_name,
        c1_0.course_id,
        c1_0.course_name,
        c1_0.create_time,
        c1_0.location,
        c1_0.teacher_id,
        c1_0.teacher_name,
        c1_0.time_slot,
        c1_0.week_day 
    from
        course c1_0 
    where
        c1_0.course_id=?
2026-06-10 15:05:54.692 [http-nio-0.0.0.0-8080-exec-5] DEBUG org.hibernate.SQL - 
    select
        c1_0.id,
        c1_0.class_name,
        c1_0.course_id,
        c1_0.course_name,
        c1_0.create_time,
        c1_0.location,
        c1_0.teacher_id,
        c1_0.teacher_name,
        c1_0.time_slot,
        c1_0.week_day 
    from
        course c1_0 
    where
        c1_0.course_id=?
2026-06-10 15:05:54.692 [http-nio-0.0.0.0-8080-exec-5] DEBUG org.hibernate.SQL - 
    select
        cs1_0.id,
        cs1_0.class_name,
        cs1_0.course_id,
        cs1_0.course_name,
        cs1_0.create_time,
        cs1_0.status,
        cs1_0.student_id,
        cs1_0.student_name 
    from
        course_selection cs1_0 
    where
        cs1_0.student_id=? 
        and cs1_0.status=?
2026-06-10 15:05:54.692 [http-nio-0.0.0.0-8080-exec-5] DEBUG org.hibernate.SQL - 
    select
        a1_0.id,
        a1_0.check_in_time,
        a1_0.course_id,
        a1_0.create_time,
        a1_0.ip_address,
        a1_0.reason,
        a1_0.sign_in_id,
        a1_0.student_id,
        a1_0.student_name,
        a1_0.student_status,
        a1_0.update_time 
    from
        attendance a1_0 
    where
        a1_0.student_id=?
2026-06-10 15:06:30.744 [http-nio-0.0.0.0-8080-exec-8] INFO  c.e.a.s.impl.AttendanceServiceImpl - 考勤登记，学生ID: aaa, 学生姓名: 诶诶诶, 课程ID: COURSE001, 状态: 1
2026-06-10 15:06:30.813 [http-nio-0.0.0.0-8080-exec-8] DEBUG org.hibernate.SQL - 
    insert 
    into
        attendance
        (check_in_time, course_id, create_time, ip_address, reason, sign_in_id, student_id, student_name, student_status, update_time) 
    values
        (?, ?, ?, ?, ?, ?, ?, ?, ?, ?)
2026-06-10 15:06:30.871 [http-nio-0.0.0.0-8080-exec-8] INFO  c.e.a.s.impl.AttendanceServiceImpl - 考勤登记成功，学生ID: aaa, 状态: 签到成功
2026-06-10 15:07:00.332 [http-nio-0.0.0.0-8080-exec-9] DEBUG c.e.a.s.impl.AttendanceServiceImpl - 按条件查询考勤记录，学生ID: aaa, 课程ID: null, 状态: null, courseIds: null
2026-06-10 15:07:00.352 [http-nio-0.0.0.0-8080-exec-9] DEBUG org.hibernate.SQL - 
    select
        a1_0.id,
        a1_0.check_in_time,
        a1_0.course_id,
        a1_0.create_time,
        a1_0.ip_address,
        a1_0.reason,
        a1_0.sign_in_id,
        a1_0.student_id,
        a1_0.student_name,
        a1_0.student_status,
        a1_0.update_time 
    from
        attendance a1_0 
    where
        a1_0.student_id=? 
    order by
        a1_0.check_in_time desc 
    offset
        ? rows 
    fetch
        first ? rows only
2026-06-10 15:07:00.376 [http-nio-0.0.0.0-8080-exec-9] INFO  c.e.a.s.impl.AttendanceServiceImpl - 条件查询考勤记录完成，总数: 5
2026-06-10 15:12:26.739 [http-nio-0.0.0.0-8080-exec-1] DEBUG org.hibernate.SQL - 
    select
        u1_0.id,
        u1_0.class_name,
        u1_0.create_time,
        u1_0.gender,
        u1_0.real_name,
        u1_0.username,
        u1_0.userpassword,
        u1_0.userrole 
    from
        my_user u1_0 
    where
        u1_0.username=?
2026-06-10 15:12:26.773 [http-nio-0.0.0.0-8080-exec-1] DEBUG org.hibernate.SQL - 
    select
        cs1_0.id,
        cs1_0.class_name,
        cs1_0.course_id,
        cs1_0.course_name,
        cs1_0.create_time,
        cs1_0.status,
        cs1_0.student_id,
        cs1_0.student_name 
    from
        course_selection cs1_0 
    where
        cs1_0.student_id=? 
        and cs1_0.status=?
2026-06-10 15:12:26.783 [http-nio-0.0.0.0-8080-exec-1] DEBUG org.hibernate.SQL - 
    select
        c1_0.id,
        c1_0.class_name,
        c1_0.course_id,
        c1_0.course_name,
        c1_0.create_time,
        c1_0.location,
        c1_0.teacher_id,
        c1_0.teacher_name,
        c1_0.time_slot,
        c1_0.week_day 
    from
        course c1_0 
    where
        c1_0.course_id=?
2026-06-10 15:12:26.789 [http-nio-0.0.0.0-8080-exec-1] DEBUG org.hibernate.SQL - 
    select
        c1_0.id,
        c1_0.class_name,
        c1_0.course_id,
        c1_0.course_name,
        c1_0.create_time,
        c1_0.location,
        c1_0.teacher_id,
        c1_0.teacher_name,
        c1_0.time_slot,
        c1_0.week_day 
    from
        course c1_0 
    where
        c1_0.course_id=?
2026-06-10 15:12:26.791 [http-nio-0.0.0.0-8080-exec-1] DEBUG org.hibernate.SQL - 
    select
        c1_0.id,
        c1_0.class_name,
        c1_0.course_id,
        c1_0.course_name,
        c1_0.create_time,
        c1_0.location,
        c1_0.teacher_id,
        c1_0.teacher_name,
        c1_0.time_slot,
        c1_0.week_day 
    from
        course c1_0 
    where
        c1_0.course_id=?
2026-06-10 15:12:26.791 [http-nio-0.0.0.0-8080-exec-1] DEBUG org.hibernate.SQL - 
    select
        cs1_0.id,
        cs1_0.class_name,
        cs1_0.course_id,
        cs1_0.course_name,
        cs1_0.create_time,
        cs1_0.status,
        cs1_0.student_id,
        cs1_0.student_name 
    from
        course_selection cs1_0 
    where
        cs1_0.student_id=? 
        and cs1_0.status=?
2026-06-10 15:12:26.791 [http-nio-0.0.0.0-8080-exec-1] DEBUG org.hibernate.SQL - 
    select
        a1_0.id,
        a1_0.check_in_time,
        a1_0.course_id,
        a1_0.create_time,
        a1_0.ip_address,
        a1_0.reason,
        a1_0.sign_in_id,
        a1_0.student_id,
        a1_0.student_name,
        a1_0.student_status,
        a1_0.update_time 
    from
        attendance a1_0 
    where
        a1_0.student_id=?
2026-06-10 15:12:35.831 [http-nio-0.0.0.0-8080-exec-4] DEBUG org.hibernate.SQL - 
    select
        u1_0.id,
        u1_0.class_name,
        u1_0.create_time,
        u1_0.gender,
        u1_0.real_name,
        u1_0.username,
        u1_0.userpassword,
        u1_0.userrole 
    from
        my_user u1_0 
    where
        u1_0.username=?
2026-06-10 15:12:37.577 [http-nio-0.0.0.0-8080-exec-8] DEBUG org.hibernate.SQL - 
    select
        u1_0.id,
        u1_0.class_name,
        u1_0.create_time,
        u1_0.gender,
        u1_0.real_name,
        u1_0.username,
        u1_0.userpassword,
        u1_0.userrole 
    from
        my_user u1_0 
    where
        u1_0.username=?
2026-06-10 15:12:37.596 [http-nio-0.0.0.0-8080-exec-8] DEBUG org.hibernate.SQL - 
    select
        c1_0.id,
        c1_0.class_name,
        c1_0.course_id,
        c1_0.course_name,
        c1_0.create_time,
        c1_0.location,
        c1_0.teacher_id,
        c1_0.teacher_name,
        c1_0.time_slot,
        c1_0.week_day 
    from
        course c1_0 
    where
        c1_0.teacher_id=?
2026-06-10 15:12:37.642 [http-nio-0.0.0.0-8080-exec-8] DEBUG org.hibernate.SQL - 
    select
        count_big(distinct cs1_0.student_id) 
    from
        course_selection cs1_0 
    where
        cs1_0.course_id in (?, ?, ?) 
        and cs1_0.status=1
2026-06-10 15:12:37.696 [http-nio-0.0.0.0-8080-exec-8] DEBUG org.hibernate.SQL - 
    select
        a1_0.id,
        a1_0.check_in_time,
        a1_0.course_id,
        a1_0.create_time,
        a1_0.ip_address,
        a1_0.reason,
        a1_0.sign_in_id,
        a1_0.student_id,
        a1_0.student_name,
        a1_0.student_status,
        a1_0.update_time 
    from
        attendance a1_0 
    where
        a1_0.course_id=?
2026-06-10 15:12:37.709 [http-nio-0.0.0.0-8080-exec-8] DEBUG org.hibernate.SQL - 
    select
        a1_0.id,
        a1_0.check_in_time,
        a1_0.course_id,
        a1_0.create_time,
        a1_0.ip_address,
        a1_0.reason,
        a1_0.sign_in_id,
        a1_0.student_id,
        a1_0.student_name,
        a1_0.student_status,
        a1_0.update_time 
    from
        attendance a1_0 
    where
        a1_0.course_id=?
2026-06-10 15:12:37.709 [http-nio-0.0.0.0-8080-exec-8] DEBUG org.hibernate.SQL - 
    select
        a1_0.id,
        a1_0.check_in_time,
        a1_0.course_id,
        a1_0.create_time,
        a1_0.ip_address,
        a1_0.reason,
        a1_0.sign_in_id,
        a1_0.student_id,
        a1_0.student_name,
        a1_0.student_status,
        a1_0.update_time 
    from
        attendance a1_0 
    where
        a1_0.course_id=?
2026-06-10 15:12:40.865 [http-nio-0.0.0.0-8080-exec-9] DEBUG org.hibernate.SQL - 
    select
        u1_0.id,
        u1_0.class_name,
        u1_0.create_time,
        u1_0.gender,
        u1_0.real_name,
        u1_0.username,
        u1_0.userpassword,
        u1_0.userrole 
    from
        my_user u1_0 
    where
        u1_0.username=?
2026-06-10 15:12:40.867 [http-nio-0.0.0.0-8080-exec-3] DEBUG org.hibernate.SQL - 
    select
        c1_0.id,
        c1_0.class_name,
        c1_0.course_id,
        c1_0.course_name,
        c1_0.create_time,
        c1_0.location,
        c1_0.teacher_id,
        c1_0.teacher_name,
        c1_0.time_slot,
        c1_0.week_day 
    from
        course c1_0 
    where
        c1_0.teacher_id=?
2026-06-10 15:12:40.874 [http-nio-0.0.0.0-8080-exec-9] DEBUG org.hibernate.SQL - 
    select
        c1_0.id,
        c1_0.class_name,
        c1_0.course_id,
        c1_0.course_name,
        c1_0.create_time,
        c1_0.location,
        c1_0.teacher_id,
        c1_0.teacher_name,
        c1_0.time_slot,
        c1_0.week_day 
    from
        course c1_0 
    where
        c1_0.teacher_id=?
2026-06-10 15:12:40.881 [http-nio-0.0.0.0-8080-exec-3] DEBUG c.e.a.s.impl.AttendanceServiceImpl - 按条件查询考勤记录，学生ID: null, 课程ID: null, 状态: null, courseIds: [COURSE001, COURSE002, COURSE027]
2026-06-10 15:12:40.883 [http-nio-0.0.0.0-8080-exec-9] DEBUG org.hibernate.SQL - 
    select
        count_big(distinct cs1_0.student_id) 
    from
        course_selection cs1_0 
    where
        cs1_0.course_id in (?, ?, ?) 
        and cs1_0.status=1
2026-06-10 15:12:40.887 [http-nio-0.0.0.0-8080-exec-3] DEBUG org.hibernate.SQL - 
    select
        a1_0.id,
        a1_0.check_in_time,
        a1_0.course_id,
        a1_0.create_time,
        a1_0.ip_address,
        a1_0.reason,
        a1_0.sign_in_id,
        a1_0.student_id,
        a1_0.student_name,
        a1_0.student_status,
        a1_0.update_time 
    from
        attendance a1_0 
    where
        a1_0.course_id in (?, ?, ?) 
    order by
        a1_0.check_in_time desc 
    offset
        ? rows 
    fetch
        first ? rows only
2026-06-10 15:12:40.889 [http-nio-0.0.0.0-8080-exec-9] DEBUG org.hibernate.SQL - 
    select
        a1_0.id,
        a1_0.check_in_time,
        a1_0.course_id,
        a1_0.create_time,
        a1_0.ip_address,
        a1_0.reason,
        a1_0.sign_in_id,
        a1_0.student_id,
        a1_0.student_name,
        a1_0.student_status,
        a1_0.update_time 
    from
        attendance a1_0 
    where
        a1_0.course_id=?
2026-06-10 15:12:40.891 [http-nio-0.0.0.0-8080-exec-9] DEBUG org.hibernate.SQL - 
    select
        a1_0.id,
        a1_0.check_in_time,
        a1_0.course_id,
        a1_0.create_time,
        a1_0.ip_address,
        a1_0.reason,
        a1_0.sign_in_id,
        a1_0.student_id,
        a1_0.student_name,
        a1_0.student_status,
        a1_0.update_time 
    from
        attendance a1_0 
    where
        a1_0.course_id=?
2026-06-10 15:12:40.897 [http-nio-0.0.0.0-8080-exec-9] DEBUG org.hibernate.SQL - 
    select
        a1_0.id,
        a1_0.check_in_time,
        a1_0.course_id,
        a1_0.create_time,
        a1_0.ip_address,
        a1_0.reason,
        a1_0.sign_in_id,
        a1_0.student_id,
        a1_0.student_name,
        a1_0.student_status,
        a1_0.update_time 
    from
        attendance a1_0 
    where
        a1_0.course_id=?
2026-06-10 15:12:40.907 [http-nio-0.0.0.0-8080-exec-3] DEBUG org.hibernate.SQL - 
    select
        count_big(a1_0.id) 
    from
        attendance a1_0 
    where
        a1_0.course_id in (?, ?, ?)
2026-06-10 15:12:40.916 [http-nio-0.0.0.0-8080-exec-3] INFO  c.e.a.s.impl.AttendanceServiceImpl - 条件查询考勤记录完成，总数: 30
2026-06-10 15:23:19.702 [http-nio-0.0.0.0-8080-exec-6] DEBUG org.hibernate.SQL - 
    select
        c1_0.id,
        c1_0.class_name,
        c1_0.course_id,
        c1_0.course_name,
        c1_0.create_time,
        c1_0.location,
        c1_0.teacher_id,
        c1_0.teacher_name,
        c1_0.time_slot,
        c1_0.week_day 
    from
        course c1_0 
    where
        c1_0.course_id=?
2026-06-10 15:30:25.330 [http-nio-0.0.0.0-8080-exec-4] DEBUG org.hibernate.SQL - 
    select
        c1_0.id,
        c1_0.class_name,
        c1_0.course_id,
        c1_0.course_name,
        c1_0.create_time,
        c1_0.location,
        c1_0.teacher_id,
        c1_0.teacher_name,
        c1_0.time_slot,
        c1_0.week_day 
    from
        course c1_0 
    where
        c1_0.teacher_id=?
2026-06-10 15:30:25.398 [http-nio-0.0.0.0-8080-exec-4] DEBUG c.e.a.s.impl.AttendanceServiceImpl - 按条件查询考勤记录，学生ID: null, 课程ID: null, 状态: null, courseIds: [COURSE001, COURSE002, COURSE027]
2026-06-10 15:30:25.406 [http-nio-0.0.0.0-8080-exec-4] DEBUG org.hibernate.SQL - 
    select
        a1_0.id,
        a1_0.check_in_time,
        a1_0.course_id,
        a1_0.create_time,
        a1_0.ip_address,
        a1_0.reason,
        a1_0.sign_in_id,
        a1_0.student_id,
        a1_0.student_name,
        a1_0.student_status,
        a1_0.update_time 
    from
        attendance a1_0 
    where
        a1_0.course_id in (?, ?, ?) 
    order by
        a1_0.check_in_time desc 
    offset
        ? rows 
    fetch
        first ? rows only
2026-06-10 15:30:25.414 [http-nio-0.0.0.0-8080-exec-4] DEBUG org.hibernate.SQL - 
    select
        count_big(a1_0.id) 
    from
        attendance a1_0 
    where
        a1_0.course_id in (?, ?, ?)
2026-06-10 15:30:25.422 [http-nio-0.0.0.0-8080-exec-4] INFO  c.e.a.s.impl.AttendanceServiceImpl - 条件查询考勤记录完成，总数: 30
2026-06-10 15:30:29.232 [http-nio-0.0.0.0-8080-exec-5] DEBUG org.hibernate.SQL - 
    select
        c1_0.id,
        c1_0.class_name,
        c1_0.course_id,
        c1_0.course_name,
        c1_0.create_time,
        c1_0.location,
        c1_0.teacher_id,
        c1_0.teacher_name,
        c1_0.time_slot,
        c1_0.week_day 
    from
        course c1_0 
    where
        c1_0.teacher_id=?
2026-06-10 15:30:29.232 [http-nio-0.0.0.0-8080-exec-5] DEBUG c.e.a.s.impl.AttendanceServiceImpl - 按条件查询考勤记录，学生ID: null, 课程ID: null, 状态: null, courseIds: [COURSE001, COURSE002, COURSE027]
2026-06-10 15:30:29.242 [http-nio-0.0.0.0-8080-exec-5] DEBUG org.hibernate.SQL - 
    select
        a1_0.id,
        a1_0.check_in_time,
        a1_0.course_id,
        a1_0.create_time,
        a1_0.ip_address,
        a1_0.reason,
        a1_0.sign_in_id,
        a1_0.student_id,
        a1_0.student_name,
        a1_0.student_status,
        a1_0.update_time 
    from
        attendance a1_0 
    where
        a1_0.course_id in (?, ?, ?) 
    order by
        a1_0.check_in_time desc 
    offset
        ? rows 
    fetch
        first ? rows only
2026-06-10 15:30:29.242 [http-nio-0.0.0.0-8080-exec-5] DEBUG org.hibernate.SQL - 
    select
        count_big(a1_0.id) 
    from
        attendance a1_0 
    where
        a1_0.course_id in (?, ?, ?)
2026-06-10 15:30:29.246 [http-nio-0.0.0.0-8080-exec-5] INFO  c.e.a.s.impl.AttendanceServiceImpl - 条件查询考勤记录完成，总数: 30
2026-06-10 15:30:40.025 [http-nio-0.0.0.0-8080-exec-8] DEBUG org.hibernate.SQL - 
    select
        c1_0.id,
        c1_0.class_name,
        c1_0.course_id,
        c1_0.course_name,
        c1_0.create_time,
        c1_0.location,
        c1_0.teacher_id,
        c1_0.teacher_name,
        c1_0.time_slot,
        c1_0.week_day 
    from
        course c1_0 
    where
        c1_0.teacher_id=?
2026-06-10 15:30:40.025 [http-nio-0.0.0.0-8080-exec-8] DEBUG c.e.a.s.impl.AttendanceServiceImpl - 按条件查询考勤记录，学生ID: null, 课程ID: null, 状态: null, courseIds: [COURSE001, COURSE002, COURSE027]
2026-06-10 15:30:40.033 [http-nio-0.0.0.0-8080-exec-8] DEBUG org.hibernate.SQL - 
    select
        a1_0.id,
        a1_0.check_in_time,
        a1_0.course_id,
        a1_0.create_time,
        a1_0.ip_address,
        a1_0.reason,
        a1_0.sign_in_id,
        a1_0.student_id,
        a1_0.student_name,
        a1_0.student_status,
        a1_0.update_time 
    from
        attendance a1_0 
    where
        a1_0.course_id in (?, ?, ?) 
    order by
        a1_0.check_in_time desc 
    offset
        ? rows 
    fetch
        first ? rows only
2026-06-10 15:30:40.033 [http-nio-0.0.0.0-8080-exec-8] DEBUG org.hibernate.SQL - 
    select
        count_big(a1_0.id) 
    from
        attendance a1_0 
    where
        a1_0.course_id in (?, ?, ?)
2026-06-10 15:30:40.033 [http-nio-0.0.0.0-8080-exec-8] INFO  c.e.a.s.impl.AttendanceServiceImpl - 条件查询考勤记录完成，总数: 30
2026-06-10 15:30:46.786 [http-nio-0.0.0.0-8080-exec-7] DEBUG org.hibernate.SQL - 
    select
        c1_0.id,
        c1_0.class_name,
        c1_0.course_id,
        c1_0.course_name,
        c1_0.create_time,
        c1_0.location,
        c1_0.teacher_id,
        c1_0.teacher_name,
        c1_0.time_slot,
        c1_0.week_day 
    from
        course c1_0 
    where
        c1_0.teacher_id=?
2026-06-10 15:30:46.790 [http-nio-0.0.0.0-8080-exec-7] DEBUG c.e.a.s.impl.AttendanceServiceImpl - 按条件查询考勤记录，学生ID: null, 课程ID: null, 状态: null, courseIds: [COURSE001, COURSE002, COURSE027]
2026-06-10 15:30:46.792 [http-nio-0.0.0.0-8080-exec-7] DEBUG org.hibernate.SQL - 
    select
        a1_0.id,
        a1_0.check_in_time,
        a1_0.course_id,
        a1_0.create_time,
        a1_0.ip_address,
        a1_0.reason,
        a1_0.sign_in_id,
        a1_0.student_id,
        a1_0.student_name,
        a1_0.student_status,
        a1_0.update_time 
    from
        attendance a1_0 
    where
        a1_0.course_id in (?, ?, ?) 
    order by
        a1_0.check_in_time desc 
    offset
        ? rows 
    fetch
        first ? rows only
2026-06-10 15:30:46.793 [http-nio-0.0.0.0-8080-exec-7] DEBUG org.hibernate.SQL - 
    select
        count_big(a1_0.id) 
    from
        attendance a1_0 
    where
        a1_0.course_id in (?, ?, ?)
2026-06-10 15:30:46.793 [http-nio-0.0.0.0-8080-exec-7] INFO  c.e.a.s.impl.AttendanceServiceImpl - 条件查询考勤记录完成，总数: 30
2026-06-10 15:30:49.668 [http-nio-0.0.0.0-8080-exec-9] DEBUG org.hibernate.SQL - 
    select
        c1_0.id,
        c1_0.class_name,
        c1_0.course_id,
        c1_0.course_name,
        c1_0.create_time,
        c1_0.location,
        c1_0.teacher_id,
        c1_0.teacher_name,
        c1_0.time_slot,
        c1_0.week_day 
    from
        course c1_0 
    where
        c1_0.teacher_id=?
2026-06-10 15:30:49.669 [http-nio-0.0.0.0-8080-exec-9] DEBUG c.e.a.s.impl.AttendanceServiceImpl - 按条件查询考勤记录，学生ID: null, 课程ID: null, 状态: null, courseIds: [COURSE001, COURSE002, COURSE027]
2026-06-10 15:30:49.669 [http-nio-0.0.0.0-8080-exec-9] DEBUG org.hibernate.SQL - 
    select
        a1_0.id,
        a1_0.check_in_time,
        a1_0.course_id,
        a1_0.create_time,
        a1_0.ip_address,
        a1_0.reason,
        a1_0.sign_in_id,
        a1_0.student_id,
        a1_0.student_name,
        a1_0.student_status,
        a1_0.update_time 
    from
        attendance a1_0 
    where
        a1_0.course_id in (?, ?, ?) 
    order by
        a1_0.check_in_time desc 
    offset
        ? rows 
    fetch
        first ? rows only
2026-06-10 15:30:49.675 [http-nio-0.0.0.0-8080-exec-9] DEBUG org.hibernate.SQL - 
    select
        count_big(a1_0.id) 
    from
        attendance a1_0 
    where
        a1_0.course_id in (?, ?, ?)
2026-06-10 15:30:49.675 [http-nio-0.0.0.0-8080-exec-9] INFO  c.e.a.s.impl.AttendanceServiceImpl - 条件查询考勤记录完成，总数: 30
2026-06-10 15:34:42.898 [http-nio-0.0.0.0-8080-exec-1] DEBUG org.hibernate.SQL - 
    select
        u1_0.id,
        u1_0.class_name,
        u1_0.create_time,
        u1_0.gender,
        u1_0.real_name,
        u1_0.username,
        u1_0.userpassword,
        u1_0.userrole 
    from
        my_user u1_0 
    where
        u1_0.username=?
2026-06-10 15:34:42.928 [http-nio-0.0.0.0-8080-exec-1] DEBUG org.hibernate.SQL - 
    select
        c1_0.id,
        c1_0.class_name,
        c1_0.course_id,
        c1_0.course_name,
        c1_0.create_time,
        c1_0.location,
        c1_0.teacher_id,
        c1_0.teacher_name,
        c1_0.time_slot,
        c1_0.week_day 
    from
        course c1_0 
    where
        c1_0.teacher_id=?
2026-06-10 15:34:42.931 [http-nio-0.0.0.0-8080-exec-1] DEBUG org.hibernate.SQL - 
    select
        count_big(distinct cs1_0.student_id) 
    from
        course_selection cs1_0 
    where
        cs1_0.course_id in (?, ?, ?) 
        and cs1_0.status=1
2026-06-10 15:34:42.940 [http-nio-0.0.0.0-8080-exec-1] DEBUG org.hibernate.SQL - 
    select
        a1_0.id,
        a1_0.check_in_time,
        a1_0.course_id,
        a1_0.create_time,
        a1_0.ip_address,
        a1_0.reason,
        a1_0.sign_in_id,
        a1_0.student_id,
        a1_0.student_name,
        a1_0.student_status,
        a1_0.update_time 
    from
        attendance a1_0 
    where
        a1_0.course_id=?
2026-06-10 15:34:42.947 [http-nio-0.0.0.0-8080-exec-1] DEBUG org.hibernate.SQL - 
    select
        a1_0.id,
        a1_0.check_in_time,
        a1_0.course_id,
        a1_0.create_time,
        a1_0.ip_address,
        a1_0.reason,
        a1_0.sign_in_id,
        a1_0.student_id,
        a1_0.student_name,
        a1_0.student_status,
        a1_0.update_time 
    from
        attendance a1_0 
    where
        a1_0.course_id=?
2026-06-10 15:34:42.947 [http-nio-0.0.0.0-8080-exec-1] DEBUG org.hibernate.SQL - 
    select
        a1_0.id,
        a1_0.check_in_time,
        a1_0.course_id,
        a1_0.create_time,
        a1_0.ip_address,
        a1_0.reason,
        a1_0.sign_in_id,
        a1_0.student_id,
        a1_0.student_name,
        a1_0.student_status,
        a1_0.update_time 
    from
        attendance a1_0 
    where
        a1_0.course_id=?
2026-06-10 15:34:55.260 [http-nio-0.0.0.0-8080-exec-6] DEBUG org.hibernate.SQL - 
    select
        c1_0.id,
        c1_0.class_name,
        c1_0.course_id,
        c1_0.course_name,
        c1_0.create_time,
        c1_0.location,
        c1_0.teacher_id,
        c1_0.teacher_name,
        c1_0.time_slot,
        c1_0.week_day 
    from
        course c1_0 
    where
        c1_0.teacher_id=?
2026-06-10 15:34:55.276 [http-nio-0.0.0.0-8080-exec-6] DEBUG org.hibernate.SQL - 
    select
        distinct s1_0.student_id,
        s1_0.age,
        s1_0.birth_date,
        s1_0.class_name,
        s1_0.email,
        s1_0.gender,
        s1_0.student_name,
        s1_0.phone 
    from
        student s1_0 
    join
        course_selection cs1_0 
            on s1_0.student_id=cs1_0.student_id 
    where
        cs1_0.course_id in (?, ?, ?) 
        and cs1_0.status=1
2026-06-10 15:44:39.316 [http-nio-0.0.0.0-8080-exec-8] DEBUG org.hibernate.SQL - 
    select
        u1_0.id,
        u1_0.class_name,
        u1_0.create_time,
        u1_0.gender,
        u1_0.real_name,
        u1_0.username,
        u1_0.userpassword,
        u1_0.userrole 
    from
        my_user u1_0 
    where
        u1_0.username=?
2026-06-10 15:44:39.338 [http-nio-0.0.0.0-8080-exec-8] DEBUG org.hibernate.SQL - 
    select
        c1_0.id,
        c1_0.class_name,
        c1_0.course_id,
        c1_0.course_name,
        c1_0.create_time,
        c1_0.location,
        c1_0.teacher_id,
        c1_0.teacher_name,
        c1_0.time_slot,
        c1_0.week_day 
    from
        course c1_0 
    where
        c1_0.teacher_id=?
2026-06-10 15:44:39.343 [http-nio-0.0.0.0-8080-exec-8] DEBUG org.hibernate.SQL - 
    select
        count_big(distinct cs1_0.student_id) 
    from
        course_selection cs1_0 
    where
        cs1_0.course_id in (?, ?, ?) 
        and cs1_0.status=1
2026-06-10 15:44:39.353 [http-nio-0.0.0.0-8080-exec-8] DEBUG org.hibernate.SQL - 
    select
        a1_0.id,
        a1_0.check_in_time,
        a1_0.course_id,
        a1_0.create_time,
        a1_0.ip_address,
        a1_0.reason,
        a1_0.sign_in_id,
        a1_0.student_id,
        a1_0.student_name,
        a1_0.student_status,
        a1_0.update_time 
    from
        attendance a1_0 
    where
        a1_0.course_id=?
2026-06-10 15:44:39.359 [http-nio-0.0.0.0-8080-exec-8] DEBUG org.hibernate.SQL - 
    select
        a1_0.id,
        a1_0.check_in_time,
        a1_0.course_id,
        a1_0.create_time,
        a1_0.ip_address,
        a1_0.reason,
        a1_0.sign_in_id,
        a1_0.student_id,
        a1_0.student_name,
        a1_0.student_status,
        a1_0.update_time 
    from
        attendance a1_0 
    where
        a1_0.course_id=?
2026-06-10 15:44:39.359 [http-nio-0.0.0.0-8080-exec-8] DEBUG org.hibernate.SQL - 
    select
        a1_0.id,
        a1_0.check_in_time,
        a1_0.course_id,
        a1_0.create_time,
        a1_0.ip_address,
        a1_0.reason,
        a1_0.sign_in_id,
        a1_0.student_id,
        a1_0.student_name,
        a1_0.student_status,
        a1_0.update_time 
    from
        attendance a1_0 
    where
        a1_0.course_id=?
2026-06-10 15:45:34.476 [http-nio-0.0.0.0-8080-exec-9] DEBUG org.hibernate.SQL - 
    select
        u1_0.id,
        u1_0.class_name,
        u1_0.create_time,
        u1_0.gender,
        u1_0.real_name,
        u1_0.username,
        u1_0.userpassword,
        u1_0.userrole 
    from
        my_user u1_0 
    where
        u1_0.username=?
2026-06-10 15:45:34.488 [http-nio-0.0.0.0-8080-exec-9] DEBUG org.hibernate.SQL - 
    select
        c1_0.id,
        c1_0.class_name,
        c1_0.course_id,
        c1_0.course_name,
        c1_0.create_time,
        c1_0.location,
        c1_0.teacher_id,
        c1_0.teacher_name,
        c1_0.time_slot,
        c1_0.week_day 
    from
        course c1_0 
    where
        c1_0.teacher_id=?
2026-06-10 15:45:34.500 [http-nio-0.0.0.0-8080-exec-9] DEBUG org.hibernate.SQL - 
    select
        count_big(distinct cs1_0.student_id) 
    from
        course_selection cs1_0 
    where
        cs1_0.course_id in (?, ?, ?) 
        and cs1_0.status=1
2026-06-10 15:45:34.500 [http-nio-0.0.0.0-8080-exec-9] DEBUG org.hibernate.SQL - 
    select
        a1_0.id,
        a1_0.check_in_time,
        a1_0.course_id,
        a1_0.create_time,
        a1_0.ip_address,
        a1_0.reason,
        a1_0.sign_in_id,
        a1_0.student_id,
        a1_0.student_name,
        a1_0.student_status,
        a1_0.update_time 
    from
        attendance a1_0 
    where
        a1_0.course_id=?
2026-06-10 15:45:34.513 [http-nio-0.0.0.0-8080-exec-9] DEBUG org.hibernate.SQL - 
    select
        a1_0.id,
        a1_0.check_in_time,
        a1_0.course_id,
        a1_0.create_time,
        a1_0.ip_address,
        a1_0.reason,
        a1_0.sign_in_id,
        a1_0.student_id,
        a1_0.student_name,
        a1_0.student_status,
        a1_0.update_time 
    from
        attendance a1_0 
    where
        a1_0.course_id=?
2026-06-10 15:45:34.513 [http-nio-0.0.0.0-8080-exec-9] DEBUG org.hibernate.SQL - 
    select
        a1_0.id,
        a1_0.check_in_time,
        a1_0.course_id,
        a1_0.create_time,
        a1_0.ip_address,
        a1_0.reason,
        a1_0.sign_in_id,
        a1_0.student_id,
        a1_0.student_name,
        a1_0.student_status,
        a1_0.update_time 
    from
        attendance a1_0 
    where
        a1_0.course_id=?
2026-06-10 15:45:34.520 [http-nio-0.0.0.0-8080-exec-3] DEBUG org.hibernate.SQL - 
    select
        c1_0.id,
        c1_0.class_name,
        c1_0.course_id,
        c1_0.course_name,
        c1_0.create_time,
        c1_0.location,
        c1_0.teacher_id,
        c1_0.teacher_name,
        c1_0.time_slot,
        c1_0.week_day 
    from
        course c1_0 
    where
        c1_0.teacher_id=?
2026-06-10 15:45:34.520 [http-nio-0.0.0.0-8080-exec-3] DEBUG org.hibernate.SQL - 
    select
        distinct s1_0.class_name 
    from
        course_selection cs1_0 
    join
        student s1_0 
            on cs1_0.student_id=s1_0.student_id 
    where
        cs1_0.course_id in (?, ?, ?)
2026-06-10 15:45:34.547 [http-nio-0.0.0.0-8080-exec-10] DEBUG org.hibernate.SQL - 
    select
        u1_0.id,
        u1_0.class_name,
        u1_0.create_time,
        u1_0.gender,
        u1_0.real_name,
        u1_0.username,
        u1_0.userpassword,
        u1_0.userrole 
    from
        my_user u1_0 
    where
        u1_0.username=?
2026-06-10 15:45:34.547 [http-nio-0.0.0.0-8080-exec-10] DEBUG org.hibernate.SQL - 
    select
        c1_0.id,
        c1_0.class_name,
        c1_0.course_id,
        c1_0.course_name,
        c1_0.create_time,
        c1_0.location,
        c1_0.teacher_id,
        c1_0.teacher_name,
        c1_0.time_slot,
        c1_0.week_day 
    from
        course c1_0 
    where
        c1_0.teacher_id=?
2026-06-10 15:45:34.552 [http-nio-0.0.0.0-8080-exec-10] DEBUG org.hibernate.SQL - 
    select
        count_big(distinct cs1_0.student_id) 
    from
        course_selection cs1_0 
    where
        cs1_0.course_id in (?, ?, ?) 
        and cs1_0.status=1
2026-06-10 15:45:34.561 [http-nio-0.0.0.0-8080-exec-10] DEBUG org.hibernate.SQL - 
    select
        count_big(a1_0.id) 
    from
        attendance a1_0 
    where
        a1_0.check_in_time between ? and ? 
        and a1_0.course_id in (?, ?, ?) 
        and exists(select
            cs1_0.id from course_selection cs1_0 
        where
            cs1_0.student_id=a1_0.student_id 
            and cs1_0.course_id=a1_0.course_id 
            and cs1_0.status=1) 
        and (
            ? is null 
            or ?='' 
            or exists(select
                s1_0.student_id from student s1_0 
            where
                s1_0.student_id=a1_0.student_id 
                and s1_0.class_name=?)
        )
2026-06-10 15:45:34.646 [http-nio-0.0.0.0-8080-exec-10] DEBUG org.hibernate.SQL - 
    select
        count_big(a1_0.id) 
    from
        attendance a1_0 
    where
        a1_0.student_status=? 
        and a1_0.check_in_time between ? and ? 
        and a1_0.course_id in (?, ?, ?) 
        and exists(select
            cs1_0.id from course_selection cs1_0 
        where
            cs1_0.student_id=a1_0.student_id 
            and cs1_0.course_id=a1_0.course_id 
            and cs1_0.status=1) 
        and (
            ? is null 
            or ?='' 
            or exists(select
                s1_0.student_id from student s1_0 
            where
                s1_0.student_id=a1_0.student_id 
                and s1_0.class_name=?)
        )
2026-06-10 15:45:34.716 [http-nio-0.0.0.0-8080-exec-10] DEBUG org.hibernate.SQL - 
    select
        count_big(a1_0.id) 
    from
        attendance a1_0 
    where
        a1_0.student_status=? 
        and a1_0.check_in_time between ? and ? 
        and a1_0.course_id in (?, ?, ?) 
        and exists(select
            cs1_0.id from course_selection cs1_0 
        where
            cs1_0.student_id=a1_0.student_id 
            and cs1_0.course_id=a1_0.course_id 
            and cs1_0.status=1) 
        and (
            ? is null 
            or ?='' 
            or exists(select
                s1_0.student_id from student s1_0 
            where
                s1_0.student_id=a1_0.student_id 
                and s1_0.class_name=?)
        )
2026-06-10 15:45:34.731 [http-nio-0.0.0.0-8080-exec-10] DEBUG org.hibernate.SQL - 
    select
        count_big(a1_0.id) 
    from
        attendance a1_0 
    where
        a1_0.student_status=? 
        and a1_0.check_in_time between ? and ? 
        and a1_0.course_id in (?, ?, ?) 
        and exists(select
            cs1_0.id from course_selection cs1_0 
        where
            cs1_0.student_id=a1_0.student_id 
            and cs1_0.course_id=a1_0.course_id 
            and cs1_0.status=1) 
        and (
            ? is null 
            or ?='' 
            or exists(select
                s1_0.student_id from student s1_0 
            where
                s1_0.student_id=a1_0.student_id 
                and s1_0.class_name=?)
        )
2026-06-10 15:45:34.747 [http-nio-0.0.0.0-8080-exec-10] DEBUG org.hibernate.SQL - 
    select
        count_big(a1_0.id) 
    from
        attendance a1_0 
    where
        a1_0.student_status=? 
        and a1_0.check_in_time between ? and ? 
        and a1_0.course_id in (?, ?, ?) 
        and exists(select
            cs1_0.id from course_selection cs1_0 
        where
            cs1_0.student_id=a1_0.student_id 
            and cs1_0.course_id=a1_0.course_id 
            and cs1_0.status=1) 
        and (
            ? is null 
            or ?='' 
            or exists(select
                s1_0.student_id from student s1_0 
            where
                s1_0.student_id=a1_0.student_id 
                and s1_0.class_name=?)
        )
2026-06-10 15:45:34.764 [http-nio-0.0.0.0-8080-exec-10] DEBUG org.hibernate.SQL - 
    select
        count_big(a1_0.id) 
    from
        attendance a1_0 
    where
        a1_0.student_status=? 
        and a1_0.check_in_time between ? and ? 
        and a1_0.course_id in (?, ?, ?) 
        and exists(select
            cs1_0.id from course_selection cs1_0 
        where
            cs1_0.student_id=a1_0.student_id 
            and cs1_0.course_id=a1_0.course_id 
            and cs1_0.status=1) 
        and (
            ? is null 
            or ?='' 
            or exists(select
                s1_0.student_id from student s1_0 
            where
                s1_0.student_id=a1_0.student_id 
                and s1_0.class_name=?)
        )
2026-06-10 15:45:34.779 [http-nio-0.0.0.0-8080-exec-10] DEBUG org.hibernate.SQL - 
    select
        count_big(a1_0.id) 
    from
        attendance a1_0 
    where
        a1_0.student_status=? 
        and a1_0.check_in_time between ? and ? 
        and a1_0.course_id in (?, ?, ?) 
        and exists(select
            cs1_0.id from course_selection cs1_0 
        where
            cs1_0.student_id=a1_0.student_id 
            and cs1_0.course_id=a1_0.course_id 
            and cs1_0.status=1) 
        and (
            ? is null 
            or ?='' 
            or exists(select
                s1_0.student_id from student s1_0 
            where
                s1_0.student_id=a1_0.student_id 
                and s1_0.class_name=?)
        )
2026-06-10 15:45:34.779 [http-nio-0.0.0.0-8080-exec-10] DEBUG org.hibernate.SQL - 
    select
        count_big(a1_0.id) 
    from
        attendance a1_0 
    where
        a1_0.student_status=? 
        and a1_0.check_in_time between ? and ? 
        and a1_0.course_id in (?, ?, ?) 
        and exists(select
            cs1_0.id from course_selection cs1_0 
        where
            cs1_0.student_id=a1_0.student_id 
            and cs1_0.course_id=a1_0.course_id 
            and cs1_0.status=1) 
        and (
            ? is null 
            or ?='' 
            or exists(select
                s1_0.student_id from student s1_0 
            where
                s1_0.student_id=a1_0.student_id 
                and s1_0.class_name=?)
        )
2026-06-10 15:45:34.784 [http-nio-0.0.0.0-8080-exec-10] DEBUG org.hibernate.SQL - 
    select
        count_big(a1_0.id) 
    from
        attendance a1_0 
    where
        a1_0.student_status=? 
        and a1_0.check_in_time between ? and ? 
        and a1_0.course_id in (?, ?, ?) 
        and exists(select
            cs1_0.id from course_selection cs1_0 
        where
            cs1_0.student_id=a1_0.student_id 
            and cs1_0.course_id=a1_0.course_id 
            and cs1_0.status=1) 
        and (
            ? is null 
            or ?='' 
            or exists(select
                s1_0.student_id from student s1_0 
            where
                s1_0.student_id=a1_0.student_id 
                and s1_0.class_name=?)
        )
2026-06-10 15:45:34.784 [http-nio-0.0.0.0-8080-exec-10] DEBUG org.hibernate.SQL - 
    select
        count_big(a1_0.id) 
    from
        attendance a1_0 
    where
        a1_0.student_status=? 
        and a1_0.check_in_time between ? and ? 
        and a1_0.course_id in (?, ?, ?) 
        and exists(select
            cs1_0.id from course_selection cs1_0 
        where
            cs1_0.student_id=a1_0.student_id 
            and cs1_0.course_id=a1_0.course_id 
            and cs1_0.status=1) 
        and (
            ? is null 
            or ?='' 
            or exists(select
                s1_0.student_id from student s1_0 
            where
                s1_0.student_id=a1_0.student_id 
                and s1_0.class_name=?)
        )
2026-06-10 15:45:34.789 [http-nio-0.0.0.0-8080-exec-10] DEBUG org.hibernate.SQL - 
    select
        count_big(a1_0.id) 
    from
        attendance a1_0 
    where
        a1_0.student_status=? 
        and a1_0.check_in_time between ? and ? 
        and a1_0.course_id in (?, ?, ?) 
        and exists(select
            cs1_0.id from course_selection cs1_0 
        where
            cs1_0.student_id=a1_0.student_id 
            and cs1_0.course_id=a1_0.course_id 
            and cs1_0.status=1) 
        and (
            ? is null 
            or ?='' 
            or exists(select
                s1_0.student_id from student s1_0 
            where
                s1_0.student_id=a1_0.student_id 
                and s1_0.class_name=?)
        )
2026-06-10 15:45:34.791 [http-nio-0.0.0.0-8080-exec-10] DEBUG org.hibernate.SQL - 
    select
        count_big(a1_0.id) 
    from
        attendance a1_0 
    where
        a1_0.student_status=? 
        and a1_0.check_in_time between ? and ? 
        and a1_0.course_id in (?, ?, ?) 
        and exists(select
            cs1_0.id from course_selection cs1_0 
        where
            cs1_0.student_id=a1_0.student_id 
            and cs1_0.course_id=a1_0.course_id 
            and cs1_0.status=1) 
        and (
            ? is null 
            or ?='' 
            or exists(select
                s1_0.student_id from student s1_0 
            where
                s1_0.student_id=a1_0.student_id 
                and s1_0.class_name=?)
        )
2026-06-10 15:45:34.793 [http-nio-0.0.0.0-8080-exec-10] DEBUG org.hibernate.SQL - 
    select
        count_big(a1_0.id) 
    from
        attendance a1_0 
    where
        a1_0.student_status=? 
        and a1_0.check_in_time between ? and ? 
        and a1_0.course_id in (?, ?, ?) 
        and exists(select
            cs1_0.id from course_selection cs1_0 
        where
            cs1_0.student_id=a1_0.student_id 
            and cs1_0.course_id=a1_0.course_id 
            and cs1_0.status=1) 
        and (
            ? is null 
            or ?='' 
            or exists(select
                s1_0.student_id from student s1_0 
            where
                s1_0.student_id=a1_0.student_id 
                and s1_0.class_name=?)
        )
2026-06-10 15:45:34.794 [http-nio-0.0.0.0-8080-exec-10] DEBUG org.hibernate.SQL - 
    select
        count_big(a1_0.id) 
    from
        attendance a1_0 
    where
        a1_0.student_status=? 
        and a1_0.check_in_time between ? and ? 
        and a1_0.course_id in (?, ?, ?) 
        and exists(select
            cs1_0.id from course_selection cs1_0 
        where
            cs1_0.student_id=a1_0.student_id 
            and cs1_0.course_id=a1_0.course_id 
            and cs1_0.status=1) 
        and (
            ? is null 
            or ?='' 
            or exists(select
                s1_0.student_id from student s1_0 
            where
                s1_0.student_id=a1_0.student_id 
                and s1_0.class_name=?)
        )
2026-06-10 15:45:34.798 [http-nio-0.0.0.0-8080-exec-10] DEBUG org.hibernate.SQL - 
    select
        count_big(a1_0.id) 
    from
        attendance a1_0 
    where
        a1_0.student_status=? 
        and a1_0.check_in_time between ? and ? 
        and a1_0.course_id in (?, ?, ?) 
        and exists(select
            cs1_0.id from course_selection cs1_0 
        where
            cs1_0.student_id=a1_0.student_id 
            and cs1_0.course_id=a1_0.course_id 
            and cs1_0.status=1) 
        and (
            ? is null 
            or ?='' 
            or exists(select
                s1_0.student_id from student s1_0 
            where
                s1_0.student_id=a1_0.student_id 
                and s1_0.class_name=?)
        )
2026-06-10 15:45:34.799 [http-nio-0.0.0.0-8080-exec-10] DEBUG org.hibernate.SQL - 
    select
        count_big(a1_0.id) 
    from
        attendance a1_0 
    where
        a1_0.student_status=? 
        and a1_0.check_in_time between ? and ? 
        and a1_0.course_id in (?, ?, ?) 
        and exists(select
            cs1_0.id from course_selection cs1_0 
        where
            cs1_0.student_id=a1_0.student_id 
            and cs1_0.course_id=a1_0.course_id 
            and cs1_0.status=1) 
        and (
            ? is null 
            or ?='' 
            or exists(select
                s1_0.student_id from student s1_0 
            where
                s1_0.student_id=a1_0.student_id 
                and s1_0.class_name=?)
        )
2026-06-10 15:45:34.801 [http-nio-0.0.0.0-8080-exec-10] DEBUG org.hibernate.SQL - 
    select
        count_big(a1_0.id) 
    from
        attendance a1_0 
    where
        a1_0.student_status=? 
        and a1_0.check_in_time between ? and ? 
        and a1_0.course_id in (?, ?, ?) 
        and exists(select
            cs1_0.id from course_selection cs1_0 
        where
            cs1_0.student_id=a1_0.student_id 
            and cs1_0.course_id=a1_0.course_id 
            and cs1_0.status=1) 
        and (
            ? is null 
            or ?='' 
            or exists(select
                s1_0.student_id from student s1_0 
            where
                s1_0.student_id=a1_0.student_id 
                and s1_0.class_name=?)
        )
2026-06-10 15:45:34.801 [http-nio-0.0.0.0-8080-exec-10] DEBUG org.hibernate.SQL - 
    select
        count_big(a1_0.id) 
    from
        attendance a1_0 
    where
        a1_0.student_status=? 
        and a1_0.check_in_time between ? and ? 
        and a1_0.course_id in (?, ?, ?) 
        and exists(select
            cs1_0.id from course_selection cs1_0 
        where
            cs1_0.student_id=a1_0.student_id 
            and cs1_0.course_id=a1_0.course_id 
            and cs1_0.status=1) 
        and (
            ? is null 
            or ?='' 
            or exists(select
                s1_0.student_id from student s1_0 
            where
                s1_0.student_id=a1_0.student_id 
                and s1_0.class_name=?)
        )
2026-06-10 15:45:34.801 [http-nio-0.0.0.0-8080-exec-10] DEBUG org.hibernate.SQL - 
    select
        count_big(a1_0.id) 
    from
        attendance a1_0 
    where
        a1_0.student_status=? 
        and a1_0.check_in_time between ? and ? 
        and a1_0.course_id in (?, ?, ?) 
        and exists(select
            cs1_0.id from course_selection cs1_0 
        where
            cs1_0.student_id=a1_0.student_id 
            and cs1_0.course_id=a1_0.course_id 
            and cs1_0.status=1) 
        and (
            ? is null 
            or ?='' 
            or exists(select
                s1_0.student_id from student s1_0 
            where
                s1_0.student_id=a1_0.student_id 
                and s1_0.class_name=?)
        )
2026-06-10 15:45:34.801 [http-nio-0.0.0.0-8080-exec-10] DEBUG org.hibernate.SQL - 
    select
        count_big(a1_0.id) 
    from
        attendance a1_0 
    where
        a1_0.student_status=? 
        and a1_0.check_in_time between ? and ? 
        and a1_0.course_id in (?, ?, ?) 
        and exists(select
            cs1_0.id from course_selection cs1_0 
        where
            cs1_0.student_id=a1_0.student_id 
            and cs1_0.course_id=a1_0.course_id 
            and cs1_0.status=1) 
        and (
            ? is null 
            or ?='' 
            or exists(select
                s1_0.student_id from student s1_0 
            where
                s1_0.student_id=a1_0.student_id 
                and s1_0.class_name=?)
        )
2026-06-10 15:45:34.801 [http-nio-0.0.0.0-8080-exec-10] DEBUG org.hibernate.SQL - 
    select
        count_big(a1_0.id) 
    from
        attendance a1_0 
    where
        a1_0.student_status=? 
        and a1_0.check_in_time between ? and ? 
        and a1_0.course_id in (?, ?, ?) 
        and exists(select
            cs1_0.id from course_selection cs1_0 
        where
            cs1_0.student_id=a1_0.student_id 
            and cs1_0.course_id=a1_0.course_id 
            and cs1_0.status=1) 
        and (
            ? is null 
            or ?='' 
            or exists(select
                s1_0.student_id from student s1_0 
            where
                s1_0.student_id=a1_0.student_id 
                and s1_0.class_name=?)
        )
2026-06-10 15:45:34.809 [http-nio-0.0.0.0-8080-exec-10] DEBUG org.hibernate.SQL - 
    select
        count_big(a1_0.id) 
    from
        attendance a1_0 
    where
        a1_0.student_status=? 
        and a1_0.check_in_time between ? and ? 
        and a1_0.course_id in (?, ?, ?) 
        and exists(select
            cs1_0.id from course_selection cs1_0 
        where
            cs1_0.student_id=a1_0.student_id 
            and cs1_0.course_id=a1_0.course_id 
            and cs1_0.status=1) 
        and (
            ? is null 
            or ?='' 
            or exists(select
                s1_0.student_id from student s1_0 
            where
                s1_0.student_id=a1_0.student_id 
                and s1_0.class_name=?)
        )
2026-06-10 15:45:34.810 [http-nio-0.0.0.0-8080-exec-10] DEBUG org.hibernate.SQL - 
    select
        count_big(a1_0.id) 
    from
        attendance a1_0 
    where
        a1_0.student_status=? 
        and a1_0.check_in_time between ? and ? 
        and a1_0.course_id in (?, ?, ?) 
        and exists(select
            cs1_0.id from course_selection cs1_0 
        where
            cs1_0.student_id=a1_0.student_id 
            and cs1_0.course_id=a1_0.course_id 
            and cs1_0.status=1) 
        and (
            ? is null 
            or ?='' 
            or exists(select
                s1_0.student_id from student s1_0 
            where
                s1_0.student_id=a1_0.student_id 
                and s1_0.class_name=?)
        )
2026-06-10 15:45:34.810 [http-nio-0.0.0.0-8080-exec-10] DEBUG org.hibernate.SQL - 
    select
        count_big(a1_0.id) 
    from
        attendance a1_0 
    where
        a1_0.student_status=? 
        and a1_0.check_in_time between ? and ? 
        and a1_0.course_id in (?, ?, ?) 
        and exists(select
            cs1_0.id from course_selection cs1_0 
        where
            cs1_0.student_id=a1_0.student_id 
            and cs1_0.course_id=a1_0.course_id 
            and cs1_0.status=1) 
        and (
            ? is null 
            or ?='' 
            or exists(select
                s1_0.student_id from student s1_0 
            where
                s1_0.student_id=a1_0.student_id 
                and s1_0.class_name=?)
        )
2026-06-10 15:45:34.810 [http-nio-0.0.0.0-8080-exec-10] DEBUG org.hibernate.SQL - 
    select
        count_big(a1_0.id) 
    from
        attendance a1_0 
    where
        a1_0.student_status=? 
        and a1_0.check_in_time between ? and ? 
        and a1_0.course_id in (?, ?, ?) 
        and exists(select
            cs1_0.id from course_selection cs1_0 
        where
            cs1_0.student_id=a1_0.student_id 
            and cs1_0.course_id=a1_0.course_id 
            and cs1_0.status=1) 
        and (
            ? is null 
            or ?='' 
            or exists(select
                s1_0.student_id from student s1_0 
            where
                s1_0.student_id=a1_0.student_id 
                and s1_0.class_name=?)
        )
2026-06-10 15:45:34.810 [http-nio-0.0.0.0-8080-exec-10] DEBUG org.hibernate.SQL - 
    select
        count_big(a1_0.id) 
    from
        attendance a1_0 
    where
        a1_0.student_status=? 
        and a1_0.check_in_time between ? and ? 
        and a1_0.course_id in (?, ?, ?) 
        and exists(select
            cs1_0.id from course_selection cs1_0 
        where
            cs1_0.student_id=a1_0.student_id 
            and cs1_0.course_id=a1_0.course_id 
            and cs1_0.status=1) 
        and (
            ? is null 
            or ?='' 
            or exists(select
                s1_0.student_id from student s1_0 
            where
                s1_0.student_id=a1_0.student_id 
                and s1_0.class_name=?)
        )
2026-06-10 15:45:34.810 [http-nio-0.0.0.0-8080-exec-10] DEBUG org.hibernate.SQL - 
    select
        count_big(a1_0.id) 
    from
        attendance a1_0 
    where
        a1_0.student_status=? 
        and a1_0.check_in_time between ? and ? 
        and a1_0.course_id in (?, ?, ?) 
        and exists(select
            cs1_0.id from course_selection cs1_0 
        where
            cs1_0.student_id=a1_0.student_id 
            and cs1_0.course_id=a1_0.course_id 
            and cs1_0.status=1) 
        and (
            ? is null 
            or ?='' 
            or exists(select
                s1_0.student_id from student s1_0 
            where
                s1_0.student_id=a1_0.student_id 
                and s1_0.class_name=?)
        )
2026-06-10 15:45:34.810 [http-nio-0.0.0.0-8080-exec-10] DEBUG org.hibernate.SQL - 
    select
        count_big(a1_0.id) 
    from
        attendance a1_0 
    where
        a1_0.student_status=? 
        and a1_0.check_in_time between ? and ? 
        and a1_0.course_id in (?, ?, ?) 
        and exists(select
            cs1_0.id from course_selection cs1_0 
        where
            cs1_0.student_id=a1_0.student_id 
            and cs1_0.course_id=a1_0.course_id 
            and cs1_0.status=1) 
        and (
            ? is null 
            or ?='' 
            or exists(select
                s1_0.student_id from student s1_0 
            where
                s1_0.student_id=a1_0.student_id 
                and s1_0.class_name=?)
        )
2026-06-10 15:45:34.810 [http-nio-0.0.0.0-8080-exec-10] DEBUG org.hibernate.SQL - 
    select
        count_big(a1_0.id) 
    from
        attendance a1_0 
    where
        a1_0.student_status=? 
        and a1_0.check_in_time between ? and ? 
        and a1_0.course_id in (?, ?, ?) 
        and exists(select
            cs1_0.id from course_selection cs1_0 
        where
            cs1_0.student_id=a1_0.student_id 
            and cs1_0.course_id=a1_0.course_id 
            and cs1_0.status=1) 
        and (
            ? is null 
            or ?='' 
            or exists(select
                s1_0.student_id from student s1_0 
            where
                s1_0.student_id=a1_0.student_id 
                and s1_0.class_name=?)
        )
2026-06-10 15:45:34.810 [http-nio-0.0.0.0-8080-exec-10] DEBUG org.hibernate.SQL - 
    select
        count_big(a1_0.id) 
    from
        attendance a1_0 
    where
        a1_0.student_status=? 
        and a1_0.check_in_time between ? and ? 
        and a1_0.course_id in (?, ?, ?) 
        and exists(select
            cs1_0.id from course_selection cs1_0 
        where
            cs1_0.student_id=a1_0.student_id 
            and cs1_0.course_id=a1_0.course_id 
            and cs1_0.status=1) 
        and (
            ? is null 
            or ?='' 
            or exists(select
                s1_0.student_id from student s1_0 
            where
                s1_0.student_id=a1_0.student_id 
                and s1_0.class_name=?)
        )
2026-06-10 15:45:34.810 [http-nio-0.0.0.0-8080-exec-10] DEBUG org.hibernate.SQL - 
    select
        count_big(a1_0.id) 
    from
        attendance a1_0 
    where
        a1_0.student_status=? 
        and a1_0.check_in_time between ? and ? 
        and a1_0.course_id in (?, ?, ?) 
        and exists(select
            cs1_0.id from course_selection cs1_0 
        where
            cs1_0.student_id=a1_0.student_id 
            and cs1_0.course_id=a1_0.course_id 
            and cs1_0.status=1) 
        and (
            ? is null 
            or ?='' 
            or exists(select
                s1_0.student_id from student s1_0 
            where
                s1_0.student_id=a1_0.student_id 
                and s1_0.class_name=?)
        )
2026-06-10 15:45:34.810 [http-nio-0.0.0.0-8080-exec-10] DEBUG org.hibernate.SQL - 
    select
        count_big(a1_0.id) 
    from
        attendance a1_0 
    where
        a1_0.student_status=? 
        and a1_0.check_in_time between ? and ? 
        and a1_0.course_id in (?, ?, ?) 
        and exists(select
            cs1_0.id from course_selection cs1_0 
        where
            cs1_0.student_id=a1_0.student_id 
            and cs1_0.course_id=a1_0.course_id 
            and cs1_0.status=1) 
        and (
            ? is null 
            or ?='' 
            or exists(select
                s1_0.student_id from student s1_0 
            where
                s1_0.student_id=a1_0.student_id 
                and s1_0.class_name=?)
        )
2026-06-10 15:45:34.826 [http-nio-0.0.0.0-8080-exec-10] DEBUG org.hibernate.SQL - 
    select
        count_big(a1_0.id) 
    from
        attendance a1_0 
    where
        a1_0.student_status=? 
        and a1_0.check_in_time between ? and ? 
        and a1_0.course_id in (?, ?, ?) 
        and exists(select
            cs1_0.id from course_selection cs1_0 
        where
            cs1_0.student_id=a1_0.student_id 
            and cs1_0.course_id=a1_0.course_id 
            and cs1_0.status=1) 
        and (
            ? is null 
            or ?='' 
            or exists(select
                s1_0.student_id from student s1_0 
            where
                s1_0.student_id=a1_0.student_id 
                and s1_0.class_name=?)
        )
2026-06-10 15:45:34.829 [http-nio-0.0.0.0-8080-exec-10] DEBUG org.hibernate.SQL - 
    select
        count_big(a1_0.id) 
    from
        attendance a1_0 
    where
        a1_0.student_status=? 
        and a1_0.check_in_time between ? and ? 
        and a1_0.course_id in (?, ?, ?) 
        and exists(select
            cs1_0.id from course_selection cs1_0 
        where
            cs1_0.student_id=a1_0.student_id 
            and cs1_0.course_id=a1_0.course_id 
            and cs1_0.status=1) 
        and (
            ? is null 
            or ?='' 
            or exists(select
                s1_0.student_id from student s1_0 
            where
                s1_0.student_id=a1_0.student_id 
                and s1_0.class_name=?)
        )
2026-06-10 15:45:34.829 [http-nio-0.0.0.0-8080-exec-10] DEBUG org.hibernate.SQL - 
    select
        count_big(a1_0.id) 
    from
        attendance a1_0 
    where
        a1_0.student_status=? 
        and a1_0.check_in_time between ? and ? 
        and a1_0.course_id in (?, ?, ?) 
        and exists(select
            cs1_0.id from course_selection cs1_0 
        where
            cs1_0.student_id=a1_0.student_id 
            and cs1_0.course_id=a1_0.course_id 
            and cs1_0.status=1) 
        and (
            ? is null 
            or ?='' 
            or exists(select
                s1_0.student_id from student s1_0 
            where
                s1_0.student_id=a1_0.student_id 
                and s1_0.class_name=?)
        )
2026-06-10 15:45:34.829 [http-nio-0.0.0.0-8080-exec-10] DEBUG org.hibernate.SQL - 
    select
        count_big(a1_0.id) 
    from
        attendance a1_0 
    where
        a1_0.student_status=? 
        and a1_0.check_in_time between ? and ? 
        and a1_0.course_id in (?, ?, ?) 
        and exists(select
            cs1_0.id from course_selection cs1_0 
        where
            cs1_0.student_id=a1_0.student_id 
            and cs1_0.course_id=a1_0.course_id 
            and cs1_0.status=1) 
        and (
            ? is null 
            or ?='' 
            or exists(select
                s1_0.student_id from student s1_0 
            where
                s1_0.student_id=a1_0.student_id 
                and s1_0.class_name=?)
        )
2026-06-10 15:45:34.829 [http-nio-0.0.0.0-8080-exec-10] DEBUG org.hibernate.SQL - 
    select
        count_big(a1_0.id) 
    from
        attendance a1_0 
    where
        a1_0.student_status=? 
        and a1_0.check_in_time between ? and ? 
        and a1_0.course_id in (?, ?, ?) 
        and exists(select
            cs1_0.id from course_selection cs1_0 
        where
            cs1_0.student_id=a1_0.student_id 
            and cs1_0.course_id=a1_0.course_id 
            and cs1_0.status=1) 
        and (
            ? is null 
            or ?='' 
            or exists(select
                s1_0.student_id from student s1_0 
            where
                s1_0.student_id=a1_0.student_id 
                and s1_0.class_name=?)
        )
2026-06-10 15:45:34.829 [http-nio-0.0.0.0-8080-exec-10] DEBUG org.hibernate.SQL - 
    select
        distinct s1_0.class_name 
    from
        course_selection cs1_0 
    join
        student s1_0 
            on cs1_0.student_id=s1_0.student_id 
    where
        cs1_0.course_id in (?, ?, ?)
2026-06-10 15:45:34.946 [http-nio-0.0.0.0-8080-exec-10] DEBUG org.hibernate.SQL - 
    select
        count_big(a1_0.id) 
    from
        attendance a1_0 
    where
        a1_0.check_in_time between ? and ? 
        and a1_0.course_id in (?, ?, ?) 
        and exists(select
            cs1_0.id from course_selection cs1_0 
        where
            cs1_0.student_id=a1_0.student_id 
            and cs1_0.course_id=a1_0.course_id 
            and cs1_0.status=1) 
        and (
            ? is null 
            or ?='' 
            or exists(select
                s1_0.student_id from student s1_0 
            where
                s1_0.student_id=a1_0.student_id 
                and s1_0.class_name=?)
        )
2026-06-10 15:45:35.010 [http-nio-0.0.0.0-8080-exec-10] DEBUG org.hibernate.SQL - 
    select
        count_big(a1_0.id) 
    from
        attendance a1_0 
    where
        a1_0.student_status=? 
        and a1_0.check_in_time between ? and ? 
        and a1_0.course_id in (?, ?, ?) 
        and exists(select
            cs1_0.id from course_selection cs1_0 
        where
            cs1_0.student_id=a1_0.student_id 
            and cs1_0.course_id=a1_0.course_id 
            and cs1_0.status=1) 
        and (
            ? is null 
            or ?='' 
            or exists(select
                s1_0.student_id from student s1_0 
            where
                s1_0.student_id=a1_0.student_id 
                and s1_0.class_name=?)
        )
2026-06-10 15:45:35.083 [http-nio-0.0.0.0-8080-exec-10] DEBUG org.hibernate.SQL - 
    select
        count_big(a1_0.id) 
    from
        attendance a1_0 
    where
        a1_0.check_in_time between ? and ? 
        and a1_0.course_id in (?, ?, ?) 
        and exists(select
            cs1_0.id from course_selection cs1_0 
        where
            cs1_0.student_id=a1_0.student_id 
            and cs1_0.course_id=a1_0.course_id 
            and cs1_0.status=1) 
        and (
            ? is null 
            or ?='' 
            or exists(select
                s1_0.student_id from student s1_0 
            where
                s1_0.student_id=a1_0.student_id 
                and s1_0.class_name=?)
        )
2026-06-10 15:45:35.083 [http-nio-0.0.0.0-8080-exec-10] DEBUG org.hibernate.SQL - 
    select
        count_big(a1_0.id) 
    from
        attendance a1_0 
    where
        a1_0.student_status=? 
        and a1_0.check_in_time between ? and ? 
        and a1_0.course_id in (?, ?, ?) 
        and exists(select
            cs1_0.id from course_selection cs1_0 
        where
            cs1_0.student_id=a1_0.student_id 
            and cs1_0.course_id=a1_0.course_id 
            and cs1_0.status=1) 
        and (
            ? is null 
            or ?='' 
            or exists(select
                s1_0.student_id from student s1_0 
            where
                s1_0.student_id=a1_0.student_id 
                and s1_0.class_name=?)
        )
2026-06-10 15:45:35.083 [http-nio-0.0.0.0-8080-exec-10] DEBUG org.hibernate.SQL - 
    select
        count_big(a1_0.id) 
    from
        attendance a1_0 
    where
        a1_0.check_in_time between ? and ? 
        and a1_0.course_id in (?, ?, ?) 
        and exists(select
            cs1_0.id from course_selection cs1_0 
        where
            cs1_0.student_id=a1_0.student_id 
            and cs1_0.course_id=a1_0.course_id 
            and cs1_0.status=1) 
        and (
            ? is null 
            or ?='' 
            or exists(select
                s1_0.student_id from student s1_0 
            where
                s1_0.student_id=a1_0.student_id 
                and s1_0.class_name=?)
        )
2026-06-10 15:45:35.089 [http-nio-0.0.0.0-8080-exec-10] DEBUG org.hibernate.SQL - 
    select
        count_big(a1_0.id) 
    from
        attendance a1_0 
    where
        a1_0.student_status=? 
        and a1_0.check_in_time between ? and ? 
        and a1_0.course_id in (?, ?, ?) 
        and exists(select
            cs1_0.id from course_selection cs1_0 
        where
            cs1_0.student_id=a1_0.student_id 
            and cs1_0.course_id=a1_0.course_id 
            and cs1_0.status=1) 
        and (
            ? is null 
            or ?='' 
            or exists(select
                s1_0.student_id from student s1_0 
            where
                s1_0.student_id=a1_0.student_id 
                and s1_0.class_name=?)
        )
2026-06-10 15:45:35.089 [http-nio-0.0.0.0-8080-exec-10] DEBUG org.hibernate.SQL - 
    select
        count_big(a1_0.id) 
    from
        attendance a1_0 
    where
        a1_0.check_in_time between ? and ? 
        and a1_0.course_id in (?, ?, ?) 
        and exists(select
            cs1_0.id from course_selection cs1_0 
        where
            cs1_0.student_id=a1_0.student_id 
            and cs1_0.course_id=a1_0.course_id 
            and cs1_0.status=1) 
        and (
            ? is null 
            or ?='' 
            or exists(select
                s1_0.student_id from student s1_0 
            where
                s1_0.student_id=a1_0.student_id 
                and s1_0.class_name=?)
        )
2026-06-10 15:45:35.089 [http-nio-0.0.0.0-8080-exec-10] DEBUG org.hibernate.SQL - 
    select
        count_big(a1_0.id) 
    from
        attendance a1_0 
    where
        a1_0.student_status=? 
        and a1_0.check_in_time between ? and ? 
        and a1_0.course_id in (?, ?, ?) 
        and exists(select
            cs1_0.id from course_selection cs1_0 
        where
            cs1_0.student_id=a1_0.student_id 
            and cs1_0.course_id=a1_0.course_id 
            and cs1_0.status=1) 
        and (
            ? is null 
            or ?='' 
            or exists(select
                s1_0.student_id from student s1_0 
            where
                s1_0.student_id=a1_0.student_id 
                and s1_0.class_name=?)
        )
2026-06-10 15:45:35.089 [http-nio-0.0.0.0-8080-exec-10] DEBUG org.hibernate.SQL - 
    select
        count_big(a1_0.id) 
    from
        attendance a1_0 
    where
        a1_0.check_in_time between ? and ? 
        and a1_0.course_id in (?, ?, ?) 
        and exists(select
            cs1_0.id from course_selection cs1_0 
        where
            cs1_0.student_id=a1_0.student_id 
            and cs1_0.course_id=a1_0.course_id 
            and cs1_0.status=1) 
        and (
            ? is null 
            or ?='' 
            or exists(select
                s1_0.student_id from student s1_0 
            where
                s1_0.student_id=a1_0.student_id 
                and s1_0.class_name=?)
        )
2026-06-10 15:45:35.089 [http-nio-0.0.0.0-8080-exec-10] DEBUG org.hibernate.SQL - 
    select
        count_big(a1_0.id) 
    from
        attendance a1_0 
    where
        a1_0.student_status=? 
        and a1_0.check_in_time between ? and ? 
        and a1_0.course_id in (?, ?, ?) 
        and exists(select
            cs1_0.id from course_selection cs1_0 
        where
            cs1_0.student_id=a1_0.student_id 
            and cs1_0.course_id=a1_0.course_id 
            and cs1_0.status=1) 
        and (
            ? is null 
            or ?='' 
            or exists(select
                s1_0.student_id from student s1_0 
            where
                s1_0.student_id=a1_0.student_id 
                and s1_0.class_name=?)
        )
2026-06-10 15:45:35.095 [http-nio-0.0.0.0-8080-exec-10] DEBUG org.hibernate.SQL - 
    select
        count_big(a1_0.id) 
    from
        attendance a1_0 
    where
        a1_0.check_in_time between ? and ? 
        and a1_0.course_id in (?) 
        and exists(select
            cs1_0.id from course_selection cs1_0 
        where
            cs1_0.student_id=a1_0.student_id 
            and cs1_0.course_id=a1_0.course_id 
            and cs1_0.status=1) 
        and (
            ? is null 
            or ?='' 
            or exists(select
                s1_0.student_id from student s1_0 
            where
                s1_0.student_id=a1_0.student_id 
                and s1_0.class_name=?)
        )
2026-06-10 15:45:35.121 [http-nio-0.0.0.0-8080-exec-10] DEBUG org.hibernate.SQL - 
    select
        c1_0.id,
        c1_0.class_name,
        c1_0.course_id,
        c1_0.course_name,
        c1_0.create_time,
        c1_0.location,
        c1_0.teacher_id,
        c1_0.teacher_name,
        c1_0.time_slot,
        c1_0.week_day 
    from
        course c1_0 
    where
        c1_0.course_id=?
2026-06-10 15:45:35.178 [http-nio-0.0.0.0-8080-exec-10] DEBUG org.hibernate.SQL - 
    select
        count_big(a1_0.id) 
    from
        attendance a1_0 
    where
        a1_0.check_in_time between ? and ? 
        and a1_0.course_id in (?) 
        and exists(select
            cs1_0.id from course_selection cs1_0 
        where
            cs1_0.student_id=a1_0.student_id 
            and cs1_0.course_id=a1_0.course_id 
            and cs1_0.status=1) 
        and (
            ? is null 
            or ?='' 
            or exists(select
                s1_0.student_id from student s1_0 
            where
                s1_0.student_id=a1_0.student_id 
                and s1_0.class_name=?)
        )
2026-06-10 15:45:35.259 [http-nio-0.0.0.0-8080-exec-10] DEBUG org.hibernate.SQL - 
    select
        c1_0.id,
        c1_0.class_name,
        c1_0.course_id,
        c1_0.course_name,
        c1_0.create_time,
        c1_0.location,
        c1_0.teacher_id,
        c1_0.teacher_name,
        c1_0.time_slot,
        c1_0.week_day 
    from
        course c1_0 
    where
        c1_0.course_id=?
2026-06-10 15:45:35.266 [http-nio-0.0.0.0-8080-exec-10] DEBUG org.hibernate.SQL - 
    select
        count_big(a1_0.id) 
    from
        attendance a1_0 
    where
        a1_0.check_in_time between ? and ? 
        and a1_0.course_id in (?) 
        and exists(select
            cs1_0.id from course_selection cs1_0 
        where
            cs1_0.student_id=a1_0.student_id 
            and cs1_0.course_id=a1_0.course_id 
            and cs1_0.status=1) 
        and (
            ? is null 
            or ?='' 
            or exists(select
                s1_0.student_id from student s1_0 
            where
                s1_0.student_id=a1_0.student_id 
                and s1_0.class_name=?)
        )
2026-06-10 15:45:35.266 [http-nio-0.0.0.0-8080-exec-10] DEBUG org.hibernate.SQL - 
    select
        c1_0.id,
        c1_0.class_name,
        c1_0.course_id,
        c1_0.course_name,
        c1_0.create_time,
        c1_0.location,
        c1_0.teacher_id,
        c1_0.teacher_name,
        c1_0.time_slot,
        c1_0.week_day 
    from
        course c1_0 
    where
        c1_0.course_id=?
2026-06-10 15:45:42.363 [http-nio-0.0.0.0-8080-exec-6] DEBUG org.hibernate.SQL - 
    select
        u1_0.id,
        u1_0.class_name,
        u1_0.create_time,
        u1_0.gender,
        u1_0.real_name,
        u1_0.username,
        u1_0.userpassword,
        u1_0.userrole 
    from
        my_user u1_0 
    where
        u1_0.username=?
2026-06-10 15:45:42.398 [http-nio-0.0.0.0-8080-exec-6] DEBUG org.hibernate.SQL - 
    select
        c1_0.id,
        c1_0.class_name,
        c1_0.course_id,
        c1_0.course_name,
        c1_0.create_time,
        c1_0.location,
        c1_0.teacher_id,
        c1_0.teacher_name,
        c1_0.time_slot,
        c1_0.week_day 
    from
        course c1_0 
    where
        c1_0.teacher_id=?
2026-06-10 15:45:42.402 [http-nio-0.0.0.0-8080-exec-6] DEBUG org.hibernate.SQL - 
    select
        count_big(distinct cs1_0.student_id) 
    from
        course_selection cs1_0 
    where
        cs1_0.course_id in (?, ?, ?) 
        and cs1_0.status=1
2026-06-10 15:45:42.411 [http-nio-0.0.0.0-8080-exec-6] DEBUG org.hibernate.SQL - 
    select
        count_big(a1_0.id) 
    from
        attendance a1_0 
    where
        a1_0.check_in_time between ? and ? 
        and a1_0.course_id in (?, ?, ?) 
        and exists(select
            cs1_0.id from course_selection cs1_0 
        where
            cs1_0.student_id=a1_0.student_id 
            and cs1_0.course_id=a1_0.course_id 
            and cs1_0.status=1) 
        and (
            ? is null 
            or ?='' 
            or exists(select
                s1_0.student_id from student s1_0 
            where
                s1_0.student_id=a1_0.student_id 
                and s1_0.class_name=?)
        )
2026-06-10 15:45:42.441 [http-nio-0.0.0.0-8080-exec-6] DEBUG org.hibernate.SQL - 
    select
        count_big(a1_0.id) 
    from
        attendance a1_0 
    where
        a1_0.student_status=? 
        and a1_0.check_in_time between ? and ? 
        and a1_0.course_id in (?, ?, ?) 
        and exists(select
            cs1_0.id from course_selection cs1_0 
        where
            cs1_0.student_id=a1_0.student_id 
            and cs1_0.course_id=a1_0.course_id 
            and cs1_0.status=1) 
        and (
            ? is null 
            or ?='' 
            or exists(select
                s1_0.student_id from student s1_0 
            where
                s1_0.student_id=a1_0.student_id 
                and s1_0.class_name=?)
        )
2026-06-10 15:45:42.465 [http-nio-0.0.0.0-8080-exec-6] DEBUG org.hibernate.SQL - 
    select
        count_big(a1_0.id) 
    from
        attendance a1_0 
    where
        a1_0.student_status=? 
        and a1_0.check_in_time between ? and ? 
        and a1_0.course_id in (?, ?, ?) 
        and exists(select
            cs1_0.id from course_selection cs1_0 
        where
            cs1_0.student_id=a1_0.student_id 
            and cs1_0.course_id=a1_0.course_id 
            and cs1_0.status=1) 
        and (
            ? is null 
            or ?='' 
            or exists(select
                s1_0.student_id from student s1_0 
            where
                s1_0.student_id=a1_0.student_id 
                and s1_0.class_name=?)
        )
2026-06-10 15:45:42.465 [http-nio-0.0.0.0-8080-exec-6] DEBUG org.hibernate.SQL - 
    select
        count_big(a1_0.id) 
    from
        attendance a1_0 
    where
        a1_0.student_status=? 
        and a1_0.check_in_time between ? and ? 
        and a1_0.course_id in (?, ?, ?) 
        and exists(select
            cs1_0.id from course_selection cs1_0 
        where
            cs1_0.student_id=a1_0.student_id 
            and cs1_0.course_id=a1_0.course_id 
            and cs1_0.status=1) 
        and (
            ? is null 
            or ?='' 
            or exists(select
                s1_0.student_id from student s1_0 
            where
                s1_0.student_id=a1_0.student_id 
                and s1_0.class_name=?)
        )
2026-06-10 15:45:42.465 [http-nio-0.0.0.0-8080-exec-6] DEBUG org.hibernate.SQL - 
    select
        count_big(a1_0.id) 
    from
        attendance a1_0 
    where
        a1_0.student_status=? 
        and a1_0.check_in_time between ? and ? 
        and a1_0.course_id in (?, ?, ?) 
        and exists(select
            cs1_0.id from course_selection cs1_0 
        where
            cs1_0.student_id=a1_0.student_id 
            and cs1_0.course_id=a1_0.course_id 
            and cs1_0.status=1) 
        and (
            ? is null 
            or ?='' 
            or exists(select
                s1_0.student_id from student s1_0 
            where
                s1_0.student_id=a1_0.student_id 
                and s1_0.class_name=?)
        )
2026-06-10 15:45:42.480 [http-nio-0.0.0.0-8080-exec-6] DEBUG org.hibernate.SQL - 
    select
        count_big(a1_0.id) 
    from
        attendance a1_0 
    where
        a1_0.student_status=? 
        and a1_0.check_in_time between ? and ? 
        and a1_0.course_id in (?, ?, ?) 
        and exists(select
            cs1_0.id from course_selection cs1_0 
        where
            cs1_0.student_id=a1_0.student_id 
            and cs1_0.course_id=a1_0.course_id 
            and cs1_0.status=1) 
        and (
            ? is null 
            or ?='' 
            or exists(select
                s1_0.student_id from student s1_0 
            where
                s1_0.student_id=a1_0.student_id 
                and s1_0.class_name=?)
        )
2026-06-10 15:45:42.480 [http-nio-0.0.0.0-8080-exec-6] DEBUG org.hibernate.SQL - 
    select
        count_big(a1_0.id) 
    from
        attendance a1_0 
    where
        a1_0.student_status=? 
        and a1_0.check_in_time between ? and ? 
        and a1_0.course_id in (?, ?, ?) 
        and exists(select
            cs1_0.id from course_selection cs1_0 
        where
            cs1_0.student_id=a1_0.student_id 
            and cs1_0.course_id=a1_0.course_id 
            and cs1_0.status=1) 
        and (
            ? is null 
            or ?='' 
            or exists(select
                s1_0.student_id from student s1_0 
            where
                s1_0.student_id=a1_0.student_id 
                and s1_0.class_name=?)
        )
2026-06-10 15:45:42.480 [http-nio-0.0.0.0-8080-exec-6] DEBUG org.hibernate.SQL - 
    select
        count_big(a1_0.id) 
    from
        attendance a1_0 
    where
        a1_0.student_status=? 
        and a1_0.check_in_time between ? and ? 
        and a1_0.course_id in (?, ?, ?) 
        and exists(select
            cs1_0.id from course_selection cs1_0 
        where
            cs1_0.student_id=a1_0.student_id 
            and cs1_0.course_id=a1_0.course_id 
            and cs1_0.status=1) 
        and (
            ? is null 
            or ?='' 
            or exists(select
                s1_0.student_id from student s1_0 
            where
                s1_0.student_id=a1_0.student_id 
                and s1_0.class_name=?)
        )
2026-06-10 15:45:42.480 [http-nio-0.0.0.0-8080-exec-6] DEBUG org.hibernate.SQL - 
    select
        count_big(a1_0.id) 
    from
        attendance a1_0 
    where
        a1_0.student_status=? 
        and a1_0.check_in_time between ? and ? 
        and a1_0.course_id in (?, ?, ?) 
        and exists(select
            cs1_0.id from course_selection cs1_0 
        where
            cs1_0.student_id=a1_0.student_id 
            and cs1_0.course_id=a1_0.course_id 
            and cs1_0.status=1) 
        and (
            ? is null 
            or ?='' 
            or exists(select
                s1_0.student_id from student s1_0 
            where
                s1_0.student_id=a1_0.student_id 
                and s1_0.class_name=?)
        )
2026-06-10 15:45:42.480 [http-nio-0.0.0.0-8080-exec-6] DEBUG org.hibernate.SQL - 
    select
        count_big(a1_0.id) 
    from
        attendance a1_0 
    where
        a1_0.student_status=? 
        and a1_0.check_in_time between ? and ? 
        and a1_0.course_id in (?, ?, ?) 
        and exists(select
            cs1_0.id from course_selection cs1_0 
        where
            cs1_0.student_id=a1_0.student_id 
            and cs1_0.course_id=a1_0.course_id 
            and cs1_0.status=1) 
        and (
            ? is null 
            or ?='' 
            or exists(select
                s1_0.student_id from student s1_0 
            where
                s1_0.student_id=a1_0.student_id 
                and s1_0.class_name=?)
        )
2026-06-10 15:45:42.480 [http-nio-0.0.0.0-8080-exec-6] DEBUG org.hibernate.SQL - 
    select
        count_big(a1_0.id) 
    from
        attendance a1_0 
    where
        a1_0.student_status=? 
        and a1_0.check_in_time between ? and ? 
        and a1_0.course_id in (?, ?, ?) 
        and exists(select
            cs1_0.id from course_selection cs1_0 
        where
            cs1_0.student_id=a1_0.student_id 
            and cs1_0.course_id=a1_0.course_id 
            and cs1_0.status=1) 
        and (
            ? is null 
            or ?='' 
            or exists(select
                s1_0.student_id from student s1_0 
            where
                s1_0.student_id=a1_0.student_id 
                and s1_0.class_name=?)
        )
2026-06-10 15:45:42.480 [http-nio-0.0.0.0-8080-exec-6] DEBUG org.hibernate.SQL - 
    select
        count_big(a1_0.id) 
    from
        attendance a1_0 
    where
        a1_0.student_status=? 
        and a1_0.check_in_time between ? and ? 
        and a1_0.course_id in (?, ?, ?) 
        and exists(select
            cs1_0.id from course_selection cs1_0 
        where
            cs1_0.student_id=a1_0.student_id 
            and cs1_0.course_id=a1_0.course_id 
            and cs1_0.status=1) 
        and (
            ? is null 
            or ?='' 
            or exists(select
                s1_0.student_id from student s1_0 
            where
                s1_0.student_id=a1_0.student_id 
                and s1_0.class_name=?)
        )
2026-06-10 15:45:42.480 [http-nio-0.0.0.0-8080-exec-6] DEBUG org.hibernate.SQL - 
    select
        count_big(a1_0.id) 
    from
        attendance a1_0 
    where
        a1_0.student_status=? 
        and a1_0.check_in_time between ? and ? 
        and a1_0.course_id in (?, ?, ?) 
        and exists(select
            cs1_0.id from course_selection cs1_0 
        where
            cs1_0.student_id=a1_0.student_id 
            and cs1_0.course_id=a1_0.course_id 
            and cs1_0.status=1) 
        and (
            ? is null 
            or ?='' 
            or exists(select
                s1_0.student_id from student s1_0 
            where
                s1_0.student_id=a1_0.student_id 
                and s1_0.class_name=?)
        )
2026-06-10 15:45:42.480 [http-nio-0.0.0.0-8080-exec-6] DEBUG org.hibernate.SQL - 
    select
        count_big(a1_0.id) 
    from
        attendance a1_0 
    where
        a1_0.student_status=? 
        and a1_0.check_in_time between ? and ? 
        and a1_0.course_id in (?, ?, ?) 
        and exists(select
            cs1_0.id from course_selection cs1_0 
        where
            cs1_0.student_id=a1_0.student_id 
            and cs1_0.course_id=a1_0.course_id 
            and cs1_0.status=1) 
        and (
            ? is null 
            or ?='' 
            or exists(select
                s1_0.student_id from student s1_0 
            where
                s1_0.student_id=a1_0.student_id 
                and s1_0.class_name=?)
        )
2026-06-10 15:45:42.480 [http-nio-0.0.0.0-8080-exec-6] DEBUG org.hibernate.SQL - 
    select
        count_big(a1_0.id) 
    from
        attendance a1_0 
    where
        a1_0.student_status=? 
        and a1_0.check_in_time between ? and ? 
        and a1_0.course_id in (?, ?, ?) 
        and exists(select
            cs1_0.id from course_selection cs1_0 
        where
            cs1_0.student_id=a1_0.student_id 
            and cs1_0.course_id=a1_0.course_id 
            and cs1_0.status=1) 
        and (
            ? is null 
            or ?='' 
            or exists(select
                s1_0.student_id from student s1_0 
            where
                s1_0.student_id=a1_0.student_id 
                and s1_0.class_name=?)
        )
2026-06-10 15:45:42.480 [http-nio-0.0.0.0-8080-exec-6] DEBUG org.hibernate.SQL - 
    select
        count_big(a1_0.id) 
    from
        attendance a1_0 
    where
        a1_0.student_status=? 
        and a1_0.check_in_time between ? and ? 
        and a1_0.course_id in (?, ?, ?) 
        and exists(select
            cs1_0.id from course_selection cs1_0 
        where
            cs1_0.student_id=a1_0.student_id 
            and cs1_0.course_id=a1_0.course_id 
            and cs1_0.status=1) 
        and (
            ? is null 
            or ?='' 
            or exists(select
                s1_0.student_id from student s1_0 
            where
                s1_0.student_id=a1_0.student_id 
                and s1_0.class_name=?)
        )
2026-06-10 15:45:42.493 [http-nio-0.0.0.0-8080-exec-6] DEBUG org.hibernate.SQL - 
    select
        count_big(a1_0.id) 
    from
        attendance a1_0 
    where
        a1_0.student_status=? 
        and a1_0.check_in_time between ? and ? 
        and a1_0.course_id in (?, ?, ?) 
        and exists(select
            cs1_0.id from course_selection cs1_0 
        where
            cs1_0.student_id=a1_0.student_id 
            and cs1_0.course_id=a1_0.course_id 
            and cs1_0.status=1) 
        and (
            ? is null 
            or ?='' 
            or exists(select
                s1_0.student_id from student s1_0 
            where
                s1_0.student_id=a1_0.student_id 
                and s1_0.class_name=?)
        )
2026-06-10 15:45:42.495 [http-nio-0.0.0.0-8080-exec-6] DEBUG org.hibernate.SQL - 
    select
        count_big(a1_0.id) 
    from
        attendance a1_0 
    where
        a1_0.student_status=? 
        and a1_0.check_in_time between ? and ? 
        and a1_0.course_id in (?, ?, ?) 
        and exists(select
            cs1_0.id from course_selection cs1_0 
        where
            cs1_0.student_id=a1_0.student_id 
            and cs1_0.course_id=a1_0.course_id 
            and cs1_0.status=1) 
        and (
            ? is null 
            or ?='' 
            or exists(select
                s1_0.student_id from student s1_0 
            where
                s1_0.student_id=a1_0.student_id 
                and s1_0.class_name=?)
        )
2026-06-10 15:45:42.495 [http-nio-0.0.0.0-8080-exec-6] DEBUG org.hibernate.SQL - 
    select
        count_big(a1_0.id) 
    from
        attendance a1_0 
    where
        a1_0.student_status=? 
        and a1_0.check_in_time between ? and ? 
        and a1_0.course_id in (?, ?, ?) 
        and exists(select
            cs1_0.id from course_selection cs1_0 
        where
            cs1_0.student_id=a1_0.student_id 
            and cs1_0.course_id=a1_0.course_id 
            and cs1_0.status=1) 
        and (
            ? is null 
            or ?='' 
            or exists(select
                s1_0.student_id from student s1_0 
            where
                s1_0.student_id=a1_0.student_id 
                and s1_0.class_name=?)
        )
2026-06-10 15:45:42.495 [http-nio-0.0.0.0-8080-exec-6] DEBUG org.hibernate.SQL - 
    select
        count_big(a1_0.id) 
    from
        attendance a1_0 
    where
        a1_0.student_status=? 
        and a1_0.check_in_time between ? and ? 
        and a1_0.course_id in (?, ?, ?) 
        and exists(select
            cs1_0.id from course_selection cs1_0 
        where
            cs1_0.student_id=a1_0.student_id 
            and cs1_0.course_id=a1_0.course_id 
            and cs1_0.status=1) 
        and (
            ? is null 
            or ?='' 
            or exists(select
                s1_0.student_id from student s1_0 
            where
                s1_0.student_id=a1_0.student_id 
                and s1_0.class_name=?)
        )
2026-06-10 15:45:42.495 [http-nio-0.0.0.0-8080-exec-6] DEBUG org.hibernate.SQL - 
    select
        count_big(a1_0.id) 
    from
        attendance a1_0 
    where
        a1_0.student_status=? 
        and a1_0.check_in_time between ? and ? 
        and a1_0.course_id in (?, ?, ?) 
        and exists(select
            cs1_0.id from course_selection cs1_0 
        where
            cs1_0.student_id=a1_0.student_id 
            and cs1_0.course_id=a1_0.course_id 
            and cs1_0.status=1) 
        and (
            ? is null 
            or ?='' 
            or exists(select
                s1_0.student_id from student s1_0 
            where
                s1_0.student_id=a1_0.student_id 
                and s1_0.class_name=?)
        )
2026-06-10 15:45:42.495 [http-nio-0.0.0.0-8080-exec-6] DEBUG org.hibernate.SQL - 
    select
        count_big(a1_0.id) 
    from
        attendance a1_0 
    where
        a1_0.student_status=? 
        and a1_0.check_in_time between ? and ? 
        and a1_0.course_id in (?, ?, ?) 
        and exists(select
            cs1_0.id from course_selection cs1_0 
        where
            cs1_0.student_id=a1_0.student_id 
            and cs1_0.course_id=a1_0.course_id 
            and cs1_0.status=1) 
        and (
            ? is null 
            or ?='' 
            or exists(select
                s1_0.student_id from student s1_0 
            where
                s1_0.student_id=a1_0.student_id 
                and s1_0.class_name=?)
        )
2026-06-10 15:45:42.495 [http-nio-0.0.0.0-8080-exec-6] DEBUG org.hibernate.SQL - 
    select
        count_big(a1_0.id) 
    from
        attendance a1_0 
    where
        a1_0.student_status=? 
        and a1_0.check_in_time between ? and ? 
        and a1_0.course_id in (?, ?, ?) 
        and exists(select
            cs1_0.id from course_selection cs1_0 
        where
            cs1_0.student_id=a1_0.student_id 
            and cs1_0.course_id=a1_0.course_id 
            and cs1_0.status=1) 
        and (
            ? is null 
            or ?='' 
            or exists(select
                s1_0.student_id from student s1_0 
            where
                s1_0.student_id=a1_0.student_id 
                and s1_0.class_name=?)
        )
2026-06-10 15:45:42.495 [http-nio-0.0.0.0-8080-exec-6] DEBUG org.hibernate.SQL - 
    select
        count_big(a1_0.id) 
    from
        attendance a1_0 
    where
        a1_0.student_status=? 
        and a1_0.check_in_time between ? and ? 
        and a1_0.course_id in (?, ?, ?) 
        and exists(select
            cs1_0.id from course_selection cs1_0 
        where
            cs1_0.student_id=a1_0.student_id 
            and cs1_0.course_id=a1_0.course_id 
            and cs1_0.status=1) 
        and (
            ? is null 
            or ?='' 
            or exists(select
                s1_0.student_id from student s1_0 
            where
                s1_0.student_id=a1_0.student_id 
                and s1_0.class_name=?)
        )
2026-06-10 15:45:42.495 [http-nio-0.0.0.0-8080-exec-6] DEBUG org.hibernate.SQL - 
    select
        count_big(a1_0.id) 
    from
        attendance a1_0 
    where
        a1_0.student_status=? 
        and a1_0.check_in_time between ? and ? 
        and a1_0.course_id in (?, ?, ?) 
        and exists(select
            cs1_0.id from course_selection cs1_0 
        where
            cs1_0.student_id=a1_0.student_id 
            and cs1_0.course_id=a1_0.course_id 
            and cs1_0.status=1) 
        and (
            ? is null 
            or ?='' 
            or exists(select
                s1_0.student_id from student s1_0 
            where
                s1_0.student_id=a1_0.student_id 
                and s1_0.class_name=?)
        )
2026-06-10 15:45:42.511 [http-nio-0.0.0.0-8080-exec-6] DEBUG org.hibernate.SQL - 
    select
        count_big(a1_0.id) 
    from
        attendance a1_0 
    where
        a1_0.student_status=? 
        and a1_0.check_in_time between ? and ? 
        and a1_0.course_id in (?, ?, ?) 
        and exists(select
            cs1_0.id from course_selection cs1_0 
        where
            cs1_0.student_id=a1_0.student_id 
            and cs1_0.course_id=a1_0.course_id 
            and cs1_0.status=1) 
        and (
            ? is null 
            or ?='' 
            or exists(select
                s1_0.student_id from student s1_0 
            where
                s1_0.student_id=a1_0.student_id 
                and s1_0.class_name=?)
        )
2026-06-10 15:45:42.511 [http-nio-0.0.0.0-8080-exec-6] DEBUG org.hibernate.SQL - 
    select
        count_big(a1_0.id) 
    from
        attendance a1_0 
    where
        a1_0.student_status=? 
        and a1_0.check_in_time between ? and ? 
        and a1_0.course_id in (?, ?, ?) 
        and exists(select
            cs1_0.id from course_selection cs1_0 
        where
            cs1_0.student_id=a1_0.student_id 
            and cs1_0.course_id=a1_0.course_id 
            and cs1_0.status=1) 
        and (
            ? is null 
            or ?='' 
            or exists(select
                s1_0.student_id from student s1_0 
            where
                s1_0.student_id=a1_0.student_id 
                and s1_0.class_name=?)
        )
2026-06-10 15:45:42.511 [http-nio-0.0.0.0-8080-exec-6] DEBUG org.hibernate.SQL - 
    select
        count_big(a1_0.id) 
    from
        attendance a1_0 
    where
        a1_0.student_status=? 
        and a1_0.check_in_time between ? and ? 
        and a1_0.course_id in (?, ?, ?) 
        and exists(select
            cs1_0.id from course_selection cs1_0 
        where
            cs1_0.student_id=a1_0.student_id 
            and cs1_0.course_id=a1_0.course_id 
            and cs1_0.status=1) 
        and (
            ? is null 
            or ?='' 
            or exists(select
                s1_0.student_id from student s1_0 
            where
                s1_0.student_id=a1_0.student_id 
                and s1_0.class_name=?)
        )
2026-06-10 15:45:42.511 [http-nio-0.0.0.0-8080-exec-6] DEBUG org.hibernate.SQL - 
    select
        count_big(a1_0.id) 
    from
        attendance a1_0 
    where
        a1_0.student_status=? 
        and a1_0.check_in_time between ? and ? 
        and a1_0.course_id in (?, ?, ?) 
        and exists(select
            cs1_0.id from course_selection cs1_0 
        where
            cs1_0.student_id=a1_0.student_id 
            and cs1_0.course_id=a1_0.course_id 
            and cs1_0.status=1) 
        and (
            ? is null 
            or ?='' 
            or exists(select
                s1_0.student_id from student s1_0 
            where
                s1_0.student_id=a1_0.student_id 
                and s1_0.class_name=?)
        )
2026-06-10 15:45:42.511 [http-nio-0.0.0.0-8080-exec-6] DEBUG org.hibernate.SQL - 
    select
        count_big(a1_0.id) 
    from
        attendance a1_0 
    where
        a1_0.student_status=? 
        and a1_0.check_in_time between ? and ? 
        and a1_0.course_id in (?, ?, ?) 
        and exists(select
            cs1_0.id from course_selection cs1_0 
        where
            cs1_0.student_id=a1_0.student_id 
            and cs1_0.course_id=a1_0.course_id 
            and cs1_0.status=1) 
        and (
            ? is null 
            or ?='' 
            or exists(select
                s1_0.student_id from student s1_0 
            where
                s1_0.student_id=a1_0.student_id 
                and s1_0.class_name=?)
        )
2026-06-10 15:45:42.511 [http-nio-0.0.0.0-8080-exec-6] DEBUG org.hibernate.SQL - 
    select
        count_big(a1_0.id) 
    from
        attendance a1_0 
    where
        a1_0.student_status=? 
        and a1_0.check_in_time between ? and ? 
        and a1_0.course_id in (?, ?, ?) 
        and exists(select
            cs1_0.id from course_selection cs1_0 
        where
            cs1_0.student_id=a1_0.student_id 
            and cs1_0.course_id=a1_0.course_id 
            and cs1_0.status=1) 
        and (
            ? is null 
            or ?='' 
            or exists(select
                s1_0.student_id from student s1_0 
            where
                s1_0.student_id=a1_0.student_id 
                and s1_0.class_name=?)
        )
2026-06-10 15:45:42.522 [http-nio-0.0.0.0-8080-exec-6] DEBUG org.hibernate.SQL - 
    select
        count_big(a1_0.id) 
    from
        attendance a1_0 
    where
        a1_0.student_status=? 
        and a1_0.check_in_time between ? and ? 
        and a1_0.course_id in (?, ?, ?) 
        and exists(select
            cs1_0.id from course_selection cs1_0 
        where
            cs1_0.student_id=a1_0.student_id 
            and cs1_0.course_id=a1_0.course_id 
            and cs1_0.status=1) 
        and (
            ? is null 
            or ?='' 
            or exists(select
                s1_0.student_id from student s1_0 
            where
                s1_0.student_id=a1_0.student_id 
                and s1_0.class_name=?)
        )
2026-06-10 15:45:42.522 [http-nio-0.0.0.0-8080-exec-6] DEBUG org.hibernate.SQL - 
    select
        count_big(a1_0.id) 
    from
        attendance a1_0 
    where
        a1_0.student_status=? 
        and a1_0.check_in_time between ? and ? 
        and a1_0.course_id in (?, ?, ?) 
        and exists(select
            cs1_0.id from course_selection cs1_0 
        where
            cs1_0.student_id=a1_0.student_id 
            and cs1_0.course_id=a1_0.course_id 
            and cs1_0.status=1) 
        and (
            ? is null 
            or ?='' 
            or exists(select
                s1_0.student_id from student s1_0 
            where
                s1_0.student_id=a1_0.student_id 
                and s1_0.class_name=?)
        )
2026-06-10 15:45:42.522 [http-nio-0.0.0.0-8080-exec-6] DEBUG org.hibernate.SQL - 
    select
        count_big(a1_0.id) 
    from
        attendance a1_0 
    where
        a1_0.student_status=? 
        and a1_0.check_in_time between ? and ? 
        and a1_0.course_id in (?, ?, ?) 
        and exists(select
            cs1_0.id from course_selection cs1_0 
        where
            cs1_0.student_id=a1_0.student_id 
            and cs1_0.course_id=a1_0.course_id 
            and cs1_0.status=1) 
        and (
            ? is null 
            or ?='' 
            or exists(select
                s1_0.student_id from student s1_0 
            where
                s1_0.student_id=a1_0.student_id 
                and s1_0.class_name=?)
        )
2026-06-10 15:45:42.527 [http-nio-0.0.0.0-8080-exec-6] DEBUG org.hibernate.SQL - 
    select
        count_big(a1_0.id) 
    from
        attendance a1_0 
    where
        a1_0.student_status=? 
        and a1_0.check_in_time between ? and ? 
        and a1_0.course_id in (?, ?, ?) 
        and exists(select
            cs1_0.id from course_selection cs1_0 
        where
            cs1_0.student_id=a1_0.student_id 
            and cs1_0.course_id=a1_0.course_id 
            and cs1_0.status=1) 
        and (
            ? is null 
            or ?='' 
            or exists(select
                s1_0.student_id from student s1_0 
            where
                s1_0.student_id=a1_0.student_id 
                and s1_0.class_name=?)
        )
2026-06-10 15:45:42.532 [http-nio-0.0.0.0-8080-exec-6] DEBUG org.hibernate.SQL - 
    select
        count_big(a1_0.id) 
    from
        attendance a1_0 
    where
        a1_0.student_status=? 
        and a1_0.check_in_time between ? and ? 
        and a1_0.course_id in (?, ?, ?) 
        and exists(select
            cs1_0.id from course_selection cs1_0 
        where
            cs1_0.student_id=a1_0.student_id 
            and cs1_0.course_id=a1_0.course_id 
            and cs1_0.status=1) 
        and (
            ? is null 
            or ?='' 
            or exists(select
                s1_0.student_id from student s1_0 
            where
                s1_0.student_id=a1_0.student_id 
                and s1_0.class_name=?)
        )
2026-06-10 15:45:42.532 [http-nio-0.0.0.0-8080-exec-6] DEBUG org.hibernate.SQL - 
    select
        count_big(a1_0.id) 
    from
        attendance a1_0 
    where
        a1_0.student_status=? 
        and a1_0.check_in_time between ? and ? 
        and a1_0.course_id in (?, ?, ?) 
        and exists(select
            cs1_0.id from course_selection cs1_0 
        where
            cs1_0.student_id=a1_0.student_id 
            and cs1_0.course_id=a1_0.course_id 
            and cs1_0.status=1) 
        and (
            ? is null 
            or ?='' 
            or exists(select
                s1_0.student_id from student s1_0 
            where
                s1_0.student_id=a1_0.student_id 
                and s1_0.class_name=?)
        )
2026-06-10 15:45:42.535 [http-nio-0.0.0.0-8080-exec-6] DEBUG org.hibernate.SQL - 
    select
        count_big(a1_0.id) 
    from
        attendance a1_0 
    where
        a1_0.student_status=? 
        and a1_0.check_in_time between ? and ? 
        and a1_0.course_id in (?, ?, ?) 
        and exists(select
            cs1_0.id from course_selection cs1_0 
        where
            cs1_0.student_id=a1_0.student_id 
            and cs1_0.course_id=a1_0.course_id 
            and cs1_0.status=1) 
        and (
            ? is null 
            or ?='' 
            or exists(select
                s1_0.student_id from student s1_0 
            where
                s1_0.student_id=a1_0.student_id 
                and s1_0.class_name=?)
        )
2026-06-10 15:45:42.535 [http-nio-0.0.0.0-8080-exec-6] DEBUG org.hibernate.SQL - 
    select
        count_big(a1_0.id) 
    from
        attendance a1_0 
    where
        a1_0.student_status=? 
        and a1_0.check_in_time between ? and ? 
        and a1_0.course_id in (?, ?, ?) 
        and exists(select
            cs1_0.id from course_selection cs1_0 
        where
            cs1_0.student_id=a1_0.student_id 
            and cs1_0.course_id=a1_0.course_id 
            and cs1_0.status=1) 
        and (
            ? is null 
            or ?='' 
            or exists(select
                s1_0.student_id from student s1_0 
            where
                s1_0.student_id=a1_0.student_id 
                and s1_0.class_name=?)
        )
2026-06-10 15:45:42.537 [http-nio-0.0.0.0-8080-exec-6] DEBUG org.hibernate.SQL - 
    select
        count_big(a1_0.id) 
    from
        attendance a1_0 
    where
        a1_0.student_status=? 
        and a1_0.check_in_time between ? and ? 
        and a1_0.course_id in (?, ?, ?) 
        and exists(select
            cs1_0.id from course_selection cs1_0 
        where
            cs1_0.student_id=a1_0.student_id 
            and cs1_0.course_id=a1_0.course_id 
            and cs1_0.status=1) 
        and (
            ? is null 
            or ?='' 
            or exists(select
                s1_0.student_id from student s1_0 
            where
                s1_0.student_id=a1_0.student_id 
                and s1_0.class_name=?)
        )
2026-06-10 15:45:42.537 [http-nio-0.0.0.0-8080-exec-6] DEBUG org.hibernate.SQL - 
    select
        count_big(a1_0.id) 
    from
        attendance a1_0 
    where
        a1_0.student_status=? 
        and a1_0.check_in_time between ? and ? 
        and a1_0.course_id in (?, ?, ?) 
        and exists(select
            cs1_0.id from course_selection cs1_0 
        where
            cs1_0.student_id=a1_0.student_id 
            and cs1_0.course_id=a1_0.course_id 
            and cs1_0.status=1) 
        and (
            ? is null 
            or ?='' 
            or exists(select
                s1_0.student_id from student s1_0 
            where
                s1_0.student_id=a1_0.student_id 
                and s1_0.class_name=?)
        )
2026-06-10 15:45:42.537 [http-nio-0.0.0.0-8080-exec-6] DEBUG org.hibernate.SQL - 
    select
        count_big(a1_0.id) 
    from
        attendance a1_0 
    where
        a1_0.student_status=? 
        and a1_0.check_in_time between ? and ? 
        and a1_0.course_id in (?, ?, ?) 
        and exists(select
            cs1_0.id from course_selection cs1_0 
        where
            cs1_0.student_id=a1_0.student_id 
            and cs1_0.course_id=a1_0.course_id 
            and cs1_0.status=1) 
        and (
            ? is null 
            or ?='' 
            or exists(select
                s1_0.student_id from student s1_0 
            where
                s1_0.student_id=a1_0.student_id 
                and s1_0.class_name=?)
        )
2026-06-10 15:45:42.537 [http-nio-0.0.0.0-8080-exec-6] DEBUG org.hibernate.SQL - 
    select
        count_big(a1_0.id) 
    from
        attendance a1_0 
    where
        a1_0.student_status=? 
        and a1_0.check_in_time between ? and ? 
        and a1_0.course_id in (?, ?, ?) 
        and exists(select
            cs1_0.id from course_selection cs1_0 
        where
            cs1_0.student_id=a1_0.student_id 
            and cs1_0.course_id=a1_0.course_id 
            and cs1_0.status=1) 
        and (
            ? is null 
            or ?='' 
            or exists(select
                s1_0.student_id from student s1_0 
            where
                s1_0.student_id=a1_0.student_id 
                and s1_0.class_name=?)
        )
2026-06-10 15:45:42.537 [http-nio-0.0.0.0-8080-exec-6] DEBUG org.hibernate.SQL - 
    select
        count_big(a1_0.id) 
    from
        attendance a1_0 
    where
        a1_0.student_status=? 
        and a1_0.check_in_time between ? and ? 
        and a1_0.course_id in (?, ?, ?) 
        and exists(select
            cs1_0.id from course_selection cs1_0 
        where
            cs1_0.student_id=a1_0.student_id 
            and cs1_0.course_id=a1_0.course_id 
            and cs1_0.status=1) 
        and (
            ? is null 
            or ?='' 
            or exists(select
                s1_0.student_id from student s1_0 
            where
                s1_0.student_id=a1_0.student_id 
                and s1_0.class_name=?)
        )
2026-06-10 15:45:42.547 [http-nio-0.0.0.0-8080-exec-6] DEBUG org.hibernate.SQL - 
    select
        count_big(a1_0.id) 
    from
        attendance a1_0 
    where
        a1_0.student_status=? 
        and a1_0.check_in_time between ? and ? 
        and a1_0.course_id in (?, ?, ?) 
        and exists(select
            cs1_0.id from course_selection cs1_0 
        where
            cs1_0.student_id=a1_0.student_id 
            and cs1_0.course_id=a1_0.course_id 
            and cs1_0.status=1) 
        and (
            ? is null 
            or ?='' 
            or exists(select
                s1_0.student_id from student s1_0 
            where
                s1_0.student_id=a1_0.student_id 
                and s1_0.class_name=?)
        )
2026-06-10 15:45:42.548 [http-nio-0.0.0.0-8080-exec-6] DEBUG org.hibernate.SQL - 
    select
        count_big(a1_0.id) 
    from
        attendance a1_0 
    where
        a1_0.student_status=? 
        and a1_0.check_in_time between ? and ? 
        and a1_0.course_id in (?, ?, ?) 
        and exists(select
            cs1_0.id from course_selection cs1_0 
        where
            cs1_0.student_id=a1_0.student_id 
            and cs1_0.course_id=a1_0.course_id 
            and cs1_0.status=1) 
        and (
            ? is null 
            or ?='' 
            or exists(select
                s1_0.student_id from student s1_0 
            where
                s1_0.student_id=a1_0.student_id 
                and s1_0.class_name=?)
        )
2026-06-10 15:45:42.548 [http-nio-0.0.0.0-8080-exec-6] DEBUG org.hibernate.SQL - 
    select
        count_big(a1_0.id) 
    from
        attendance a1_0 
    where
        a1_0.student_status=? 
        and a1_0.check_in_time between ? and ? 
        and a1_0.course_id in (?, ?, ?) 
        and exists(select
            cs1_0.id from course_selection cs1_0 
        where
            cs1_0.student_id=a1_0.student_id 
            and cs1_0.course_id=a1_0.course_id 
            and cs1_0.status=1) 
        and (
            ? is null 
            or ?='' 
            or exists(select
                s1_0.student_id from student s1_0 
            where
                s1_0.student_id=a1_0.student_id 
                and s1_0.class_name=?)
        )
2026-06-10 15:45:42.552 [http-nio-0.0.0.0-8080-exec-6] DEBUG org.hibernate.SQL - 
    select
        count_big(a1_0.id) 
    from
        attendance a1_0 
    where
        a1_0.student_status=? 
        and a1_0.check_in_time between ? and ? 
        and a1_0.course_id in (?, ?, ?) 
        and exists(select
            cs1_0.id from course_selection cs1_0 
        where
            cs1_0.student_id=a1_0.student_id 
            and cs1_0.course_id=a1_0.course_id 
            and cs1_0.status=1) 
        and (
            ? is null 
            or ?='' 
            or exists(select
                s1_0.student_id from student s1_0 
            where
                s1_0.student_id=a1_0.student_id 
                and s1_0.class_name=?)
        )
2026-06-10 15:45:42.552 [http-nio-0.0.0.0-8080-exec-6] DEBUG org.hibernate.SQL - 
    select
        count_big(a1_0.id) 
    from
        attendance a1_0 
    where
        a1_0.student_status=? 
        and a1_0.check_in_time between ? and ? 
        and a1_0.course_id in (?, ?, ?) 
        and exists(select
            cs1_0.id from course_selection cs1_0 
        where
            cs1_0.student_id=a1_0.student_id 
            and cs1_0.course_id=a1_0.course_id 
            and cs1_0.status=1) 
        and (
            ? is null 
            or ?='' 
            or exists(select
                s1_0.student_id from student s1_0 
            where
                s1_0.student_id=a1_0.student_id 
                and s1_0.class_name=?)
        )
2026-06-10 15:45:42.552 [http-nio-0.0.0.0-8080-exec-6] DEBUG org.hibernate.SQL - 
    select
        count_big(a1_0.id) 
    from
        attendance a1_0 
    where
        a1_0.student_status=? 
        and a1_0.check_in_time between ? and ? 
        and a1_0.course_id in (?, ?, ?) 
        and exists(select
            cs1_0.id from course_selection cs1_0 
        where
            cs1_0.student_id=a1_0.student_id 
            and cs1_0.course_id=a1_0.course_id 
            and cs1_0.status=1) 
        and (
            ? is null 
            or ?='' 
            or exists(select
                s1_0.student_id from student s1_0 
            where
                s1_0.student_id=a1_0.student_id 
                and s1_0.class_name=?)
        )
2026-06-10 15:45:42.552 [http-nio-0.0.0.0-8080-exec-6] DEBUG org.hibernate.SQL - 
    select
        count_big(a1_0.id) 
    from
        attendance a1_0 
    where
        a1_0.student_status=? 
        and a1_0.check_in_time between ? and ? 
        and a1_0.course_id in (?, ?, ?) 
        and exists(select
            cs1_0.id from course_selection cs1_0 
        where
            cs1_0.student_id=a1_0.student_id 
            and cs1_0.course_id=a1_0.course_id 
            and cs1_0.status=1) 
        and (
            ? is null 
            or ?='' 
            or exists(select
                s1_0.student_id from student s1_0 
            where
                s1_0.student_id=a1_0.student_id 
                and s1_0.class_name=?)
        )
2026-06-10 15:45:42.552 [http-nio-0.0.0.0-8080-exec-6] DEBUG org.hibernate.SQL - 
    select
        count_big(a1_0.id) 
    from
        attendance a1_0 
    where
        a1_0.student_status=? 
        and a1_0.check_in_time between ? and ? 
        and a1_0.course_id in (?, ?, ?) 
        and exists(select
            cs1_0.id from course_selection cs1_0 
        where
            cs1_0.student_id=a1_0.student_id 
            and cs1_0.course_id=a1_0.course_id 
            and cs1_0.status=1) 
        and (
            ? is null 
            or ?='' 
            or exists(select
                s1_0.student_id from student s1_0 
            where
                s1_0.student_id=a1_0.student_id 
                and s1_0.class_name=?)
        )
2026-06-10 15:45:42.552 [http-nio-0.0.0.0-8080-exec-6] DEBUG org.hibernate.SQL - 
    select
        count_big(a1_0.id) 
    from
        attendance a1_0 
    where
        a1_0.student_status=? 
        and a1_0.check_in_time between ? and ? 
        and a1_0.course_id in (?, ?, ?) 
        and exists(select
            cs1_0.id from course_selection cs1_0 
        where
            cs1_0.student_id=a1_0.student_id 
            and cs1_0.course_id=a1_0.course_id 
            and cs1_0.status=1) 
        and (
            ? is null 
            or ?='' 
            or exists(select
                s1_0.student_id from student s1_0 
            where
                s1_0.student_id=a1_0.student_id 
                and s1_0.class_name=?)
        )
2026-06-10 15:45:42.552 [http-nio-0.0.0.0-8080-exec-6] DEBUG org.hibernate.SQL - 
    select
        count_big(a1_0.id) 
    from
        attendance a1_0 
    where
        a1_0.student_status=? 
        and a1_0.check_in_time between ? and ? 
        and a1_0.course_id in (?, ?, ?) 
        and exists(select
            cs1_0.id from course_selection cs1_0 
        where
            cs1_0.student_id=a1_0.student_id 
            and cs1_0.course_id=a1_0.course_id 
            and cs1_0.status=1) 
        and (
            ? is null 
            or ?='' 
            or exists(select
                s1_0.student_id from student s1_0 
            where
                s1_0.student_id=a1_0.student_id 
                and s1_0.class_name=?)
        )
2026-06-10 15:45:42.552 [http-nio-0.0.0.0-8080-exec-6] DEBUG org.hibernate.SQL - 
    select
        count_big(a1_0.id) 
    from
        attendance a1_0 
    where
        a1_0.student_status=? 
        and a1_0.check_in_time between ? and ? 
        and a1_0.course_id in (?, ?, ?) 
        and exists(select
            cs1_0.id from course_selection cs1_0 
        where
            cs1_0.student_id=a1_0.student_id 
            and cs1_0.course_id=a1_0.course_id 
            and cs1_0.status=1) 
        and (
            ? is null 
            or ?='' 
            or exists(select
                s1_0.student_id from student s1_0 
            where
                s1_0.student_id=a1_0.student_id 
                and s1_0.class_name=?)
        )
2026-06-10 15:45:42.552 [http-nio-0.0.0.0-8080-exec-6] DEBUG org.hibernate.SQL - 
    select
        count_big(a1_0.id) 
    from
        attendance a1_0 
    where
        a1_0.student_status=? 
        and a1_0.check_in_time between ? and ? 
        and a1_0.course_id in (?, ?, ?) 
        and exists(select
            cs1_0.id from course_selection cs1_0 
        where
            cs1_0.student_id=a1_0.student_id 
            and cs1_0.course_id=a1_0.course_id 
            and cs1_0.status=1) 
        and (
            ? is null 
            or ?='' 
            or exists(select
                s1_0.student_id from student s1_0 
            where
                s1_0.student_id=a1_0.student_id 
                and s1_0.class_name=?)
        )
2026-06-10 15:45:42.560 [http-nio-0.0.0.0-8080-exec-6] DEBUG org.hibernate.SQL - 
    select
        count_big(a1_0.id) 
    from
        attendance a1_0 
    where
        a1_0.student_status=? 
        and a1_0.check_in_time between ? and ? 
        and a1_0.course_id in (?, ?, ?) 
        and exists(select
            cs1_0.id from course_selection cs1_0 
        where
            cs1_0.student_id=a1_0.student_id 
            and cs1_0.course_id=a1_0.course_id 
            and cs1_0.status=1) 
        and (
            ? is null 
            or ?='' 
            or exists(select
                s1_0.student_id from student s1_0 
            where
                s1_0.student_id=a1_0.student_id 
                and s1_0.class_name=?)
        )
2026-06-10 15:45:42.561 [http-nio-0.0.0.0-8080-exec-6] DEBUG org.hibernate.SQL - 
    select
        count_big(a1_0.id) 
    from
        attendance a1_0 
    where
        a1_0.student_status=? 
        and a1_0.check_in_time between ? and ? 
        and a1_0.course_id in (?, ?, ?) 
        and exists(select
            cs1_0.id from course_selection cs1_0 
        where
            cs1_0.student_id=a1_0.student_id 
            and cs1_0.course_id=a1_0.course_id 
            and cs1_0.status=1) 
        and (
            ? is null 
            or ?='' 
            or exists(select
                s1_0.student_id from student s1_0 
            where
                s1_0.student_id=a1_0.student_id 
                and s1_0.class_name=?)
        )
2026-06-10 15:45:42.577 [http-nio-0.0.0.0-8080-exec-6] DEBUG org.hibernate.SQL - 
    select
        count_big(a1_0.id) 
    from
        attendance a1_0 
    where
        a1_0.student_status=? 
        and a1_0.check_in_time between ? and ? 
        and a1_0.course_id in (?, ?, ?) 
        and exists(select
            cs1_0.id from course_selection cs1_0 
        where
            cs1_0.student_id=a1_0.student_id 
            and cs1_0.course_id=a1_0.course_id 
            and cs1_0.status=1) 
        and (
            ? is null 
            or ?='' 
            or exists(select
                s1_0.student_id from student s1_0 
            where
                s1_0.student_id=a1_0.student_id 
                and s1_0.class_name=?)
        )
2026-06-10 15:45:42.580 [http-nio-0.0.0.0-8080-exec-6] DEBUG org.hibernate.SQL - 
    select
        count_big(a1_0.id) 
    from
        attendance a1_0 
    where
        a1_0.student_status=? 
        and a1_0.check_in_time between ? and ? 
        and a1_0.course_id in (?, ?, ?) 
        and exists(select
            cs1_0.id from course_selection cs1_0 
        where
            cs1_0.student_id=a1_0.student_id 
            and cs1_0.course_id=a1_0.course_id 
            and cs1_0.status=1) 
        and (
            ? is null 
            or ?='' 
            or exists(select
                s1_0.student_id from student s1_0 
            where
                s1_0.student_id=a1_0.student_id 
                and s1_0.class_name=?)
        )
2026-06-10 15:45:42.581 [http-nio-0.0.0.0-8080-exec-6] DEBUG org.hibernate.SQL - 
    select
        count_big(a1_0.id) 
    from
        attendance a1_0 
    where
        a1_0.student_status=? 
        and a1_0.check_in_time between ? and ? 
        and a1_0.course_id in (?, ?, ?) 
        and exists(select
            cs1_0.id from course_selection cs1_0 
        where
            cs1_0.student_id=a1_0.student_id 
            and cs1_0.course_id=a1_0.course_id 
            and cs1_0.status=1) 
        and (
            ? is null 
            or ?='' 
            or exists(select
                s1_0.student_id from student s1_0 
            where
                s1_0.student_id=a1_0.student_id 
                and s1_0.class_name=?)
        )
2026-06-10 15:45:42.582 [http-nio-0.0.0.0-8080-exec-6] DEBUG org.hibernate.SQL - 
    select
        count_big(a1_0.id) 
    from
        attendance a1_0 
    where
        a1_0.student_status=? 
        and a1_0.check_in_time between ? and ? 
        and a1_0.course_id in (?, ?, ?) 
        and exists(select
            cs1_0.id from course_selection cs1_0 
        where
            cs1_0.student_id=a1_0.student_id 
            and cs1_0.course_id=a1_0.course_id 
            and cs1_0.status=1) 
        and (
            ? is null 
            or ?='' 
            or exists(select
                s1_0.student_id from student s1_0 
            where
                s1_0.student_id=a1_0.student_id 
                and s1_0.class_name=?)
        )
2026-06-10 15:45:42.583 [http-nio-0.0.0.0-8080-exec-6] DEBUG org.hibernate.SQL - 
    select
        count_big(a1_0.id) 
    from
        attendance a1_0 
    where
        a1_0.student_status=? 
        and a1_0.check_in_time between ? and ? 
        and a1_0.course_id in (?, ?, ?) 
        and exists(select
            cs1_0.id from course_selection cs1_0 
        where
            cs1_0.student_id=a1_0.student_id 
            and cs1_0.course_id=a1_0.course_id 
            and cs1_0.status=1) 
        and (
            ? is null 
            or ?='' 
            or exists(select
                s1_0.student_id from student s1_0 
            where
                s1_0.student_id=a1_0.student_id 
                and s1_0.class_name=?)
        )
2026-06-10 15:45:42.584 [http-nio-0.0.0.0-8080-exec-6] DEBUG org.hibernate.SQL - 
    select
        count_big(a1_0.id) 
    from
        attendance a1_0 
    where
        a1_0.student_status=? 
        and a1_0.check_in_time between ? and ? 
        and a1_0.course_id in (?, ?, ?) 
        and exists(select
            cs1_0.id from course_selection cs1_0 
        where
            cs1_0.student_id=a1_0.student_id 
            and cs1_0.course_id=a1_0.course_id 
            and cs1_0.status=1) 
        and (
            ? is null 
            or ?='' 
            or exists(select
                s1_0.student_id from student s1_0 
            where
                s1_0.student_id=a1_0.student_id 
                and s1_0.class_name=?)
        )
2026-06-10 15:45:42.585 [http-nio-0.0.0.0-8080-exec-6] DEBUG org.hibernate.SQL - 
    select
        count_big(a1_0.id) 
    from
        attendance a1_0 
    where
        a1_0.student_status=? 
        and a1_0.check_in_time between ? and ? 
        and a1_0.course_id in (?, ?, ?) 
        and exists(select
            cs1_0.id from course_selection cs1_0 
        where
            cs1_0.student_id=a1_0.student_id 
            and cs1_0.course_id=a1_0.course_id 
            and cs1_0.status=1) 
        and (
            ? is null 
            or ?='' 
            or exists(select
                s1_0.student_id from student s1_0 
            where
                s1_0.student_id=a1_0.student_id 
                and s1_0.class_name=?)
        )
2026-06-10 15:45:42.588 [http-nio-0.0.0.0-8080-exec-6] DEBUG org.hibernate.SQL - 
    select
        count_big(a1_0.id) 
    from
        attendance a1_0 
    where
        a1_0.student_status=? 
        and a1_0.check_in_time between ? and ? 
        and a1_0.course_id in (?, ?, ?) 
        and exists(select
            cs1_0.id from course_selection cs1_0 
        where
            cs1_0.student_id=a1_0.student_id 
            and cs1_0.course_id=a1_0.course_id 
            and cs1_0.status=1) 
        and (
            ? is null 
            or ?='' 
            or exists(select
                s1_0.student_id from student s1_0 
            where
                s1_0.student_id=a1_0.student_id 
                and s1_0.class_name=?)
        )
2026-06-10 15:45:42.592 [http-nio-0.0.0.0-8080-exec-6] DEBUG org.hibernate.SQL - 
    select
        count_big(a1_0.id) 
    from
        attendance a1_0 
    where
        a1_0.student_status=? 
        and a1_0.check_in_time between ? and ? 
        and a1_0.course_id in (?, ?, ?) 
        and exists(select
            cs1_0.id from course_selection cs1_0 
        where
            cs1_0.student_id=a1_0.student_id 
            and cs1_0.course_id=a1_0.course_id 
            and cs1_0.status=1) 
        and (
            ? is null 
            or ?='' 
            or exists(select
                s1_0.student_id from student s1_0 
            where
                s1_0.student_id=a1_0.student_id 
                and s1_0.class_name=?)
        )
2026-06-10 15:45:42.592 [http-nio-0.0.0.0-8080-exec-6] DEBUG org.hibernate.SQL - 
    select
        count_big(a1_0.id) 
    from
        attendance a1_0 
    where
        a1_0.student_status=? 
        and a1_0.check_in_time between ? and ? 
        and a1_0.course_id in (?, ?, ?) 
        and exists(select
            cs1_0.id from course_selection cs1_0 
        where
            cs1_0.student_id=a1_0.student_id 
            and cs1_0.course_id=a1_0.course_id 
            and cs1_0.status=1) 
        and (
            ? is null 
            or ?='' 
            or exists(select
                s1_0.student_id from student s1_0 
            where
                s1_0.student_id=a1_0.student_id 
                and s1_0.class_name=?)
        )
2026-06-10 15:45:42.598 [http-nio-0.0.0.0-8080-exec-6] DEBUG org.hibernate.SQL - 
    select
        count_big(a1_0.id) 
    from
        attendance a1_0 
    where
        a1_0.student_status=? 
        and a1_0.check_in_time between ? and ? 
        and a1_0.course_id in (?, ?, ?) 
        and exists(select
            cs1_0.id from course_selection cs1_0 
        where
            cs1_0.student_id=a1_0.student_id 
            and cs1_0.course_id=a1_0.course_id 
            and cs1_0.status=1) 
        and (
            ? is null 
            or ?='' 
            or exists(select
                s1_0.student_id from student s1_0 
            where
                s1_0.student_id=a1_0.student_id 
                and s1_0.class_name=?)
        )
2026-06-10 15:45:42.598 [http-nio-0.0.0.0-8080-exec-6] DEBUG org.hibernate.SQL - 
    select
        distinct s1_0.class_name 
    from
        course_selection cs1_0 
    join
        student s1_0 
            on cs1_0.student_id=s1_0.student_id 
    where
        cs1_0.course_id in (?, ?, ?)
2026-06-10 15:45:42.608 [http-nio-0.0.0.0-8080-exec-6] DEBUG org.hibernate.SQL - 
    select
        count_big(a1_0.id) 
    from
        attendance a1_0 
    where
        a1_0.check_in_time between ? and ? 
        and a1_0.course_id in (?, ?, ?) 
        and exists(select
            cs1_0.id from course_selection cs1_0 
        where
            cs1_0.student_id=a1_0.student_id 
            and cs1_0.course_id=a1_0.course_id 
            and cs1_0.status=1) 
        and (
            ? is null 
            or ?='' 
            or exists(select
                s1_0.student_id from student s1_0 
            where
                s1_0.student_id=a1_0.student_id 
                and s1_0.class_name=?)
        )
2026-06-10 15:45:42.608 [http-nio-0.0.0.0-8080-exec-6] DEBUG org.hibernate.SQL - 
    select
        count_big(a1_0.id) 
    from
        attendance a1_0 
    where
        a1_0.student_status=? 
        and a1_0.check_in_time between ? and ? 
        and a1_0.course_id in (?, ?, ?) 
        and exists(select
            cs1_0.id from course_selection cs1_0 
        where
            cs1_0.student_id=a1_0.student_id 
            and cs1_0.course_id=a1_0.course_id 
            and cs1_0.status=1) 
        and (
            ? is null 
            or ?='' 
            or exists(select
                s1_0.student_id from student s1_0 
            where
                s1_0.student_id=a1_0.student_id 
                and s1_0.class_name=?)
        )
2026-06-10 15:45:42.608 [http-nio-0.0.0.0-8080-exec-6] DEBUG org.hibernate.SQL - 
    select
        count_big(a1_0.id) 
    from
        attendance a1_0 
    where
        a1_0.check_in_time between ? and ? 
        and a1_0.course_id in (?, ?, ?) 
        and exists(select
            cs1_0.id from course_selection cs1_0 
        where
            cs1_0.student_id=a1_0.student_id 
            and cs1_0.course_id=a1_0.course_id 
            and cs1_0.status=1) 
        and (
            ? is null 
            or ?='' 
            or exists(select
                s1_0.student_id from student s1_0 
            where
                s1_0.student_id=a1_0.student_id 
                and s1_0.class_name=?)
        )
2026-06-10 15:45:42.617 [http-nio-0.0.0.0-8080-exec-6] DEBUG org.hibernate.SQL - 
    select
        count_big(a1_0.id) 
    from
        attendance a1_0 
    where
        a1_0.student_status=? 
        and a1_0.check_in_time between ? and ? 
        and a1_0.course_id in (?, ?, ?) 
        and exists(select
            cs1_0.id from course_selection cs1_0 
        where
            cs1_0.student_id=a1_0.student_id 
            and cs1_0.course_id=a1_0.course_id 
            and cs1_0.status=1) 
        and (
            ? is null 
            or ?='' 
            or exists(select
                s1_0.student_id from student s1_0 
            where
                s1_0.student_id=a1_0.student_id 
                and s1_0.class_name=?)
        )
2026-06-10 15:45:42.617 [http-nio-0.0.0.0-8080-exec-6] DEBUG org.hibernate.SQL - 
    select
        count_big(a1_0.id) 
    from
        attendance a1_0 
    where
        a1_0.check_in_time between ? and ? 
        and a1_0.course_id in (?, ?, ?) 
        and exists(select
            cs1_0.id from course_selection cs1_0 
        where
            cs1_0.student_id=a1_0.student_id 
            and cs1_0.course_id=a1_0.course_id 
            and cs1_0.status=1) 
        and (
            ? is null 
            or ?='' 
            or exists(select
                s1_0.student_id from student s1_0 
            where
                s1_0.student_id=a1_0.student_id 
                and s1_0.class_name=?)
        )
2026-06-10 15:45:42.617 [http-nio-0.0.0.0-8080-exec-6] DEBUG org.hibernate.SQL - 
    select
        count_big(a1_0.id) 
    from
        attendance a1_0 
    where
        a1_0.student_status=? 
        and a1_0.check_in_time between ? and ? 
        and a1_0.course_id in (?, ?, ?) 
        and exists(select
            cs1_0.id from course_selection cs1_0 
        where
            cs1_0.student_id=a1_0.student_id 
            and cs1_0.course_id=a1_0.course_id 
            and cs1_0.status=1) 
        and (
            ? is null 
            or ?='' 
            or exists(select
                s1_0.student_id from student s1_0 
            where
                s1_0.student_id=a1_0.student_id 
                and s1_0.class_name=?)
        )
2026-06-10 15:45:42.620 [http-nio-0.0.0.0-8080-exec-6] DEBUG org.hibernate.SQL - 
    select
        count_big(a1_0.id) 
    from
        attendance a1_0 
    where
        a1_0.check_in_time between ? and ? 
        and a1_0.course_id in (?, ?, ?) 
        and exists(select
            cs1_0.id from course_selection cs1_0 
        where
            cs1_0.student_id=a1_0.student_id 
            and cs1_0.course_id=a1_0.course_id 
            and cs1_0.status=1) 
        and (
            ? is null 
            or ?='' 
            or exists(select
                s1_0.student_id from student s1_0 
            where
                s1_0.student_id=a1_0.student_id 
                and s1_0.class_name=?)
        )
2026-06-10 15:45:42.623 [http-nio-0.0.0.0-8080-exec-6] DEBUG org.hibernate.SQL - 
    select
        count_big(a1_0.id) 
    from
        attendance a1_0 
    where
        a1_0.student_status=? 
        and a1_0.check_in_time between ? and ? 
        and a1_0.course_id in (?, ?, ?) 
        and exists(select
            cs1_0.id from course_selection cs1_0 
        where
            cs1_0.student_id=a1_0.student_id 
            and cs1_0.course_id=a1_0.course_id 
            and cs1_0.status=1) 
        and (
            ? is null 
            or ?='' 
            or exists(select
                s1_0.student_id from student s1_0 
            where
                s1_0.student_id=a1_0.student_id 
                and s1_0.class_name=?)
        )
2026-06-10 15:45:42.627 [http-nio-0.0.0.0-8080-exec-6] DEBUG org.hibernate.SQL - 
    select
        count_big(a1_0.id) 
    from
        attendance a1_0 
    where
        a1_0.check_in_time between ? and ? 
        and a1_0.course_id in (?, ?, ?) 
        and exists(select
            cs1_0.id from course_selection cs1_0 
        where
            cs1_0.student_id=a1_0.student_id 
            and cs1_0.course_id=a1_0.course_id 
            and cs1_0.status=1) 
        and (
            ? is null 
            or ?='' 
            or exists(select
                s1_0.student_id from student s1_0 
            where
                s1_0.student_id=a1_0.student_id 
                and s1_0.class_name=?)
        )
2026-06-10 15:45:42.632 [http-nio-0.0.0.0-8080-exec-6] DEBUG org.hibernate.SQL - 
    select
        count_big(a1_0.id) 
    from
        attendance a1_0 
    where
        a1_0.student_status=? 
        and a1_0.check_in_time between ? and ? 
        and a1_0.course_id in (?, ?, ?) 
        and exists(select
            cs1_0.id from course_selection cs1_0 
        where
            cs1_0.student_id=a1_0.student_id 
            and cs1_0.course_id=a1_0.course_id 
            and cs1_0.status=1) 
        and (
            ? is null 
            or ?='' 
            or exists(select
                s1_0.student_id from student s1_0 
            where
                s1_0.student_id=a1_0.student_id 
                and s1_0.class_name=?)
        )
2026-06-10 15:45:42.632 [http-nio-0.0.0.0-8080-exec-6] DEBUG org.hibernate.SQL - 
    select
        count_big(a1_0.id) 
    from
        attendance a1_0 
    where
        a1_0.check_in_time between ? and ? 
        and a1_0.course_id in (?) 
        and exists(select
            cs1_0.id from course_selection cs1_0 
        where
            cs1_0.student_id=a1_0.student_id 
            and cs1_0.course_id=a1_0.course_id 
            and cs1_0.status=1) 
        and (
            ? is null 
            or ?='' 
            or exists(select
                s1_0.student_id from student s1_0 
            where
                s1_0.student_id=a1_0.student_id 
                and s1_0.class_name=?)
        )
2026-06-10 15:45:42.656 [http-nio-0.0.0.0-8080-exec-6] DEBUG org.hibernate.SQL - 
    select
        c1_0.id,
        c1_0.class_name,
        c1_0.course_id,
        c1_0.course_name,
        c1_0.create_time,
        c1_0.location,
        c1_0.teacher_id,
        c1_0.teacher_name,
        c1_0.time_slot,
        c1_0.week_day 
    from
        course c1_0 
    where
        c1_0.course_id=?
2026-06-10 15:45:42.656 [http-nio-0.0.0.0-8080-exec-6] DEBUG org.hibernate.SQL - 
    select
        count_big(a1_0.id) 
    from
        attendance a1_0 
    where
        a1_0.check_in_time between ? and ? 
        and a1_0.course_id in (?) 
        and exists(select
            cs1_0.id from course_selection cs1_0 
        where
            cs1_0.student_id=a1_0.student_id 
            and cs1_0.course_id=a1_0.course_id 
            and cs1_0.status=1) 
        and (
            ? is null 
            or ?='' 
            or exists(select
                s1_0.student_id from student s1_0 
            where
                s1_0.student_id=a1_0.student_id 
                and s1_0.class_name=?)
        )
2026-06-10 15:45:42.656 [http-nio-0.0.0.0-8080-exec-6] DEBUG org.hibernate.SQL - 
    select
        c1_0.id,
        c1_0.class_name,
        c1_0.course_id,
        c1_0.course_name,
        c1_0.create_time,
        c1_0.location,
        c1_0.teacher_id,
        c1_0.teacher_name,
        c1_0.time_slot,
        c1_0.week_day 
    from
        course c1_0 
    where
        c1_0.course_id=?
2026-06-10 15:45:42.671 [http-nio-0.0.0.0-8080-exec-6] DEBUG org.hibernate.SQL - 
    select
        count_big(a1_0.id) 
    from
        attendance a1_0 
    where
        a1_0.check_in_time between ? and ? 
        and a1_0.course_id in (?) 
        and exists(select
            cs1_0.id from course_selection cs1_0 
        where
            cs1_0.student_id=a1_0.student_id 
            and cs1_0.course_id=a1_0.course_id 
            and cs1_0.status=1) 
        and (
            ? is null 
            or ?='' 
            or exists(select
                s1_0.student_id from student s1_0 
            where
                s1_0.student_id=a1_0.student_id 
                and s1_0.class_name=?)
        )
2026-06-10 15:45:42.672 [http-nio-0.0.0.0-8080-exec-6] DEBUG org.hibernate.SQL - 
    select
        c1_0.id,
        c1_0.class_name,
        c1_0.course_id,
        c1_0.course_name,
        c1_0.create_time,
        c1_0.location,
        c1_0.teacher_id,
        c1_0.teacher_name,
        c1_0.time_slot,
        c1_0.week_day 
    from
        course c1_0 
    where
        c1_0.course_id=?
2026-06-10 15:45:48.766 [http-nio-0.0.0.0-8080-exec-2] DEBUG org.hibernate.SQL - 
    select
        u1_0.id,
        u1_0.class_name,
        u1_0.create_time,
        u1_0.gender,
        u1_0.real_name,
        u1_0.username,
        u1_0.userpassword,
        u1_0.userrole 
    from
        my_user u1_0 
    where
        u1_0.username=?
2026-06-10 15:45:48.769 [http-nio-0.0.0.0-8080-exec-2] DEBUG org.hibernate.SQL - 
    select
        c1_0.id,
        c1_0.class_name,
        c1_0.course_id,
        c1_0.course_name,
        c1_0.create_time,
        c1_0.location,
        c1_0.teacher_id,
        c1_0.teacher_name,
        c1_0.time_slot,
        c1_0.week_day 
    from
        course c1_0 
    where
        c1_0.teacher_id=?
2026-06-10 15:45:48.772 [http-nio-0.0.0.0-8080-exec-2] DEBUG org.hibernate.SQL - 
    select
        count_big(distinct cs1_0.student_id) 
    from
        course_selection cs1_0 
    where
        cs1_0.course_id in (?, ?, ?) 
        and cs1_0.status=1
2026-06-10 15:45:48.772 [http-nio-0.0.0.0-8080-exec-2] DEBUG org.hibernate.SQL - 
    select
        count_big(a1_0.id) 
    from
        attendance a1_0 
    where
        a1_0.check_in_time between ? and ? 
        and a1_0.course_id in (?, ?, ?) 
        and exists(select
            cs1_0.id from course_selection cs1_0 
        where
            cs1_0.student_id=a1_0.student_id 
            and cs1_0.course_id=a1_0.course_id 
            and cs1_0.status=1) 
        and (
            ? is null 
            or ?='' 
            or exists(select
                s1_0.student_id from student s1_0 
            where
                s1_0.student_id=a1_0.student_id 
                and s1_0.class_name=?)
        )
2026-06-10 15:45:48.777 [http-nio-0.0.0.0-8080-exec-2] DEBUG org.hibernate.SQL - 
    select
        count_big(a1_0.id) 
    from
        attendance a1_0 
    where
        a1_0.student_status=? 
        and a1_0.check_in_time between ? and ? 
        and a1_0.course_id in (?, ?, ?) 
        and exists(select
            cs1_0.id from course_selection cs1_0 
        where
            cs1_0.student_id=a1_0.student_id 
            and cs1_0.course_id=a1_0.course_id 
            and cs1_0.status=1) 
        and (
            ? is null 
            or ?='' 
            or exists(select
                s1_0.student_id from student s1_0 
            where
                s1_0.student_id=a1_0.student_id 
                and s1_0.class_name=?)
        )
2026-06-10 15:45:48.779 [http-nio-0.0.0.0-8080-exec-2] DEBUG org.hibernate.SQL - 
    select
        count_big(a1_0.id) 
    from
        attendance a1_0 
    where
        a1_0.student_status=? 
        and a1_0.check_in_time between ? and ? 
        and a1_0.course_id in (?, ?, ?) 
        and exists(select
            cs1_0.id from course_selection cs1_0 
        where
            cs1_0.student_id=a1_0.student_id 
            and cs1_0.course_id=a1_0.course_id 
            and cs1_0.status=1) 
        and (
            ? is null 
            or ?='' 
            or exists(select
                s1_0.student_id from student s1_0 
            where
                s1_0.student_id=a1_0.student_id 
                and s1_0.class_name=?)
        )
2026-06-10 15:45:48.779 [http-nio-0.0.0.0-8080-exec-2] DEBUG org.hibernate.SQL - 
    select
        count_big(a1_0.id) 
    from
        attendance a1_0 
    where
        a1_0.student_status=? 
        and a1_0.check_in_time between ? and ? 
        and a1_0.course_id in (?, ?, ?) 
        and exists(select
            cs1_0.id from course_selection cs1_0 
        where
            cs1_0.student_id=a1_0.student_id 
            and cs1_0.course_id=a1_0.course_id 
            and cs1_0.status=1) 
        and (
            ? is null 
            or ?='' 
            or exists(select
                s1_0.student_id from student s1_0 
            where
                s1_0.student_id=a1_0.student_id 
                and s1_0.class_name=?)
        )
2026-06-10 15:45:48.782 [http-nio-0.0.0.0-8080-exec-2] DEBUG org.hibernate.SQL - 
    select
        count_big(a1_0.id) 
    from
        attendance a1_0 
    where
        a1_0.student_status=? 
        and a1_0.check_in_time between ? and ? 
        and a1_0.course_id in (?, ?, ?) 
        and exists(select
            cs1_0.id from course_selection cs1_0 
        where
            cs1_0.student_id=a1_0.student_id 
            and cs1_0.course_id=a1_0.course_id 
            and cs1_0.status=1) 
        and (
            ? is null 
            or ?='' 
            or exists(select
                s1_0.student_id from student s1_0 
            where
                s1_0.student_id=a1_0.student_id 
                and s1_0.class_name=?)
        )
2026-06-10 15:45:48.787 [http-nio-0.0.0.0-8080-exec-2] DEBUG org.hibernate.SQL - 
    select
        count_big(a1_0.id) 
    from
        attendance a1_0 
    where
        a1_0.student_status=? 
        and a1_0.check_in_time between ? and ? 
        and a1_0.course_id in (?, ?, ?) 
        and exists(select
            cs1_0.id from course_selection cs1_0 
        where
            cs1_0.student_id=a1_0.student_id 
            and cs1_0.course_id=a1_0.course_id 
            and cs1_0.status=1) 
        and (
            ? is null 
            or ?='' 
            or exists(select
                s1_0.student_id from student s1_0 
            where
                s1_0.student_id=a1_0.student_id 
                and s1_0.class_name=?)
        )
2026-06-10 15:45:48.787 [http-nio-0.0.0.0-8080-exec-2] DEBUG org.hibernate.SQL - 
    select
        count_big(a1_0.id) 
    from
        attendance a1_0 
    where
        a1_0.student_status=? 
        and a1_0.check_in_time between ? and ? 
        and a1_0.course_id in (?, ?, ?) 
        and exists(select
            cs1_0.id from course_selection cs1_0 
        where
            cs1_0.student_id=a1_0.student_id 
            and cs1_0.course_id=a1_0.course_id 
            and cs1_0.status=1) 
        and (
            ? is null 
            or ?='' 
            or exists(select
                s1_0.student_id from student s1_0 
            where
                s1_0.student_id=a1_0.student_id 
                and s1_0.class_name=?)
        )
2026-06-10 15:45:48.787 [http-nio-0.0.0.0-8080-exec-2] DEBUG org.hibernate.SQL - 
    select
        count_big(a1_0.id) 
    from
        attendance a1_0 
    where
        a1_0.student_status=? 
        and a1_0.check_in_time between ? and ? 
        and a1_0.course_id in (?, ?, ?) 
        and exists(select
            cs1_0.id from course_selection cs1_0 
        where
            cs1_0.student_id=a1_0.student_id 
            and cs1_0.course_id=a1_0.course_id 
            and cs1_0.status=1) 
        and (
            ? is null 
            or ?='' 
            or exists(select
                s1_0.student_id from student s1_0 
            where
                s1_0.student_id=a1_0.student_id 
                and s1_0.class_name=?)
        )
2026-06-10 15:45:48.807 [http-nio-0.0.0.0-8080-exec-2] DEBUG org.hibernate.SQL - 
    select
        count_big(a1_0.id) 
    from
        attendance a1_0 
    where
        a1_0.student_status=? 
        and a1_0.check_in_time between ? and ? 
        and a1_0.course_id in (?, ?, ?) 
        and exists(select
            cs1_0.id from course_selection cs1_0 
        where
            cs1_0.student_id=a1_0.student_id 
            and cs1_0.course_id=a1_0.course_id 
            and cs1_0.status=1) 
        and (
            ? is null 
            or ?='' 
            or exists(select
                s1_0.student_id from student s1_0 
            where
                s1_0.student_id=a1_0.student_id 
                and s1_0.class_name=?)
        )
2026-06-10 15:45:48.875 [http-nio-0.0.0.0-8080-exec-2] DEBUG org.hibernate.SQL - 
    select
        count_big(a1_0.id) 
    from
        attendance a1_0 
    where
        a1_0.student_status=? 
        and a1_0.check_in_time between ? and ? 
        and a1_0.course_id in (?, ?, ?) 
        and exists(select
            cs1_0.id from course_selection cs1_0 
        where
            cs1_0.student_id=a1_0.student_id 
            and cs1_0.course_id=a1_0.course_id 
            and cs1_0.status=1) 
        and (
            ? is null 
            or ?='' 
            or exists(select
                s1_0.student_id from student s1_0 
            where
                s1_0.student_id=a1_0.student_id 
                and s1_0.class_name=?)
        )
2026-06-10 15:45:48.877 [http-nio-0.0.0.0-8080-exec-2] DEBUG org.hibernate.SQL - 
    select
        count_big(a1_0.id) 
    from
        attendance a1_0 
    where
        a1_0.student_status=? 
        and a1_0.check_in_time between ? and ? 
        and a1_0.course_id in (?, ?, ?) 
        and exists(select
            cs1_0.id from course_selection cs1_0 
        where
            cs1_0.student_id=a1_0.student_id 
            and cs1_0.course_id=a1_0.course_id 
            and cs1_0.status=1) 
        and (
            ? is null 
            or ?='' 
            or exists(select
                s1_0.student_id from student s1_0 
            where
                s1_0.student_id=a1_0.student_id 
                and s1_0.class_name=?)
        )
2026-06-10 15:45:48.877 [http-nio-0.0.0.0-8080-exec-2] DEBUG org.hibernate.SQL - 
    select
        count_big(a1_0.id) 
    from
        attendance a1_0 
    where
        a1_0.student_status=? 
        and a1_0.check_in_time between ? and ? 
        and a1_0.course_id in (?, ?, ?) 
        and exists(select
            cs1_0.id from course_selection cs1_0 
        where
            cs1_0.student_id=a1_0.student_id 
            and cs1_0.course_id=a1_0.course_id 
            and cs1_0.status=1) 
        and (
            ? is null 
            or ?='' 
            or exists(select
                s1_0.student_id from student s1_0 
            where
                s1_0.student_id=a1_0.student_id 
                and s1_0.class_name=?)
        )
2026-06-10 15:45:48.877 [http-nio-0.0.0.0-8080-exec-2] DEBUG org.hibernate.SQL - 
    select
        count_big(a1_0.id) 
    from
        attendance a1_0 
    where
        a1_0.student_status=? 
        and a1_0.check_in_time between ? and ? 
        and a1_0.course_id in (?, ?, ?) 
        and exists(select
            cs1_0.id from course_selection cs1_0 
        where
            cs1_0.student_id=a1_0.student_id 
            and cs1_0.course_id=a1_0.course_id 
            and cs1_0.status=1) 
        and (
            ? is null 
            or ?='' 
            or exists(select
                s1_0.student_id from student s1_0 
            where
                s1_0.student_id=a1_0.student_id 
                and s1_0.class_name=?)
        )
2026-06-10 15:45:48.877 [http-nio-0.0.0.0-8080-exec-2] DEBUG org.hibernate.SQL - 
    select
        count_big(a1_0.id) 
    from
        attendance a1_0 
    where
        a1_0.student_status=? 
        and a1_0.check_in_time between ? and ? 
        and a1_0.course_id in (?, ?, ?) 
        and exists(select
            cs1_0.id from course_selection cs1_0 
        where
            cs1_0.student_id=a1_0.student_id 
            and cs1_0.course_id=a1_0.course_id 
            and cs1_0.status=1) 
        and (
            ? is null 
            or ?='' 
            or exists(select
                s1_0.student_id from student s1_0 
            where
                s1_0.student_id=a1_0.student_id 
                and s1_0.class_name=?)
        )
2026-06-10 15:45:48.877 [http-nio-0.0.0.0-8080-exec-2] DEBUG org.hibernate.SQL - 
    select
        count_big(a1_0.id) 
    from
        attendance a1_0 
    where
        a1_0.student_status=? 
        and a1_0.check_in_time between ? and ? 
        and a1_0.course_id in (?, ?, ?) 
        and exists(select
            cs1_0.id from course_selection cs1_0 
        where
            cs1_0.student_id=a1_0.student_id 
            and cs1_0.course_id=a1_0.course_id 
            and cs1_0.status=1) 
        and (
            ? is null 
            or ?='' 
            or exists(select
                s1_0.student_id from student s1_0 
            where
                s1_0.student_id=a1_0.student_id 
                and s1_0.class_name=?)
        )
2026-06-10 15:45:48.877 [http-nio-0.0.0.0-8080-exec-2] DEBUG org.hibernate.SQL - 
    select
        count_big(a1_0.id) 
    from
        attendance a1_0 
    where
        a1_0.student_status=? 
        and a1_0.check_in_time between ? and ? 
        and a1_0.course_id in (?, ?, ?) 
        and exists(select
            cs1_0.id from course_selection cs1_0 
        where
            cs1_0.student_id=a1_0.student_id 
            and cs1_0.course_id=a1_0.course_id 
            and cs1_0.status=1) 
        and (
            ? is null 
            or ?='' 
            or exists(select
                s1_0.student_id from student s1_0 
            where
                s1_0.student_id=a1_0.student_id 
                and s1_0.class_name=?)
        )
2026-06-10 15:45:48.877 [http-nio-0.0.0.0-8080-exec-2] DEBUG org.hibernate.SQL - 
    select
        count_big(a1_0.id) 
    from
        attendance a1_0 
    where
        a1_0.student_status=? 
        and a1_0.check_in_time between ? and ? 
        and a1_0.course_id in (?, ?, ?) 
        and exists(select
            cs1_0.id from course_selection cs1_0 
        where
            cs1_0.student_id=a1_0.student_id 
            and cs1_0.course_id=a1_0.course_id 
            and cs1_0.status=1) 
        and (
            ? is null 
            or ?='' 
            or exists(select
                s1_0.student_id from student s1_0 
            where
                s1_0.student_id=a1_0.student_id 
                and s1_0.class_name=?)
        )
2026-06-10 15:45:48.890 [http-nio-0.0.0.0-8080-exec-2] DEBUG org.hibernate.SQL - 
    select
        count_big(a1_0.id) 
    from
        attendance a1_0 
    where
        a1_0.student_status=? 
        and a1_0.check_in_time between ? and ? 
        and a1_0.course_id in (?, ?, ?) 
        and exists(select
            cs1_0.id from course_selection cs1_0 
        where
            cs1_0.student_id=a1_0.student_id 
            and cs1_0.course_id=a1_0.course_id 
            and cs1_0.status=1) 
        and (
            ? is null 
            or ?='' 
            or exists(select
                s1_0.student_id from student s1_0 
            where
                s1_0.student_id=a1_0.student_id 
                and s1_0.class_name=?)
        )
2026-06-10 15:45:48.892 [http-nio-0.0.0.0-8080-exec-2] DEBUG org.hibernate.SQL - 
    select
        count_big(a1_0.id) 
    from
        attendance a1_0 
    where
        a1_0.student_status=? 
        and a1_0.check_in_time between ? and ? 
        and a1_0.course_id in (?, ?, ?) 
        and exists(select
            cs1_0.id from course_selection cs1_0 
        where
            cs1_0.student_id=a1_0.student_id 
            and cs1_0.course_id=a1_0.course_id 
            and cs1_0.status=1) 
        and (
            ? is null 
            or ?='' 
            or exists(select
                s1_0.student_id from student s1_0 
            where
                s1_0.student_id=a1_0.student_id 
                and s1_0.class_name=?)
        )
2026-06-10 15:45:48.894 [http-nio-0.0.0.0-8080-exec-2] DEBUG org.hibernate.SQL - 
    select
        count_big(a1_0.id) 
    from
        attendance a1_0 
    where
        a1_0.student_status=? 
        and a1_0.check_in_time between ? and ? 
        and a1_0.course_id in (?, ?, ?) 
        and exists(select
            cs1_0.id from course_selection cs1_0 
        where
            cs1_0.student_id=a1_0.student_id 
            and cs1_0.course_id=a1_0.course_id 
            and cs1_0.status=1) 
        and (
            ? is null 
            or ?='' 
            or exists(select
                s1_0.student_id from student s1_0 
            where
                s1_0.student_id=a1_0.student_id 
                and s1_0.class_name=?)
        )
2026-06-10 15:45:48.894 [http-nio-0.0.0.0-8080-exec-2] DEBUG org.hibernate.SQL - 
    select
        count_big(a1_0.id) 
    from
        attendance a1_0 
    where
        a1_0.student_status=? 
        and a1_0.check_in_time between ? and ? 
        and a1_0.course_id in (?, ?, ?) 
        and exists(select
            cs1_0.id from course_selection cs1_0 
        where
            cs1_0.student_id=a1_0.student_id 
            and cs1_0.course_id=a1_0.course_id 
            and cs1_0.status=1) 
        and (
            ? is null 
            or ?='' 
            or exists(select
                s1_0.student_id from student s1_0 
            where
                s1_0.student_id=a1_0.student_id 
                and s1_0.class_name=?)
        )
2026-06-10 15:45:48.894 [http-nio-0.0.0.0-8080-exec-2] DEBUG org.hibernate.SQL - 
    select
        count_big(a1_0.id) 
    from
        attendance a1_0 
    where
        a1_0.student_status=? 
        and a1_0.check_in_time between ? and ? 
        and a1_0.course_id in (?, ?, ?) 
        and exists(select
            cs1_0.id from course_selection cs1_0 
        where
            cs1_0.student_id=a1_0.student_id 
            and cs1_0.course_id=a1_0.course_id 
            and cs1_0.status=1) 
        and (
            ? is null 
            or ?='' 
            or exists(select
                s1_0.student_id from student s1_0 
            where
                s1_0.student_id=a1_0.student_id 
                and s1_0.class_name=?)
        )
2026-06-10 15:45:48.894 [http-nio-0.0.0.0-8080-exec-2] DEBUG org.hibernate.SQL - 
    select
        count_big(a1_0.id) 
    from
        attendance a1_0 
    where
        a1_0.student_status=? 
        and a1_0.check_in_time between ? and ? 
        and a1_0.course_id in (?, ?, ?) 
        and exists(select
            cs1_0.id from course_selection cs1_0 
        where
            cs1_0.student_id=a1_0.student_id 
            and cs1_0.course_id=a1_0.course_id 
            and cs1_0.status=1) 
        and (
            ? is null 
            or ?='' 
            or exists(select
                s1_0.student_id from student s1_0 
            where
                s1_0.student_id=a1_0.student_id 
                and s1_0.class_name=?)
        )
2026-06-10 15:45:48.894 [http-nio-0.0.0.0-8080-exec-2] DEBUG org.hibernate.SQL - 
    select
        count_big(a1_0.id) 
    from
        attendance a1_0 
    where
        a1_0.student_status=? 
        and a1_0.check_in_time between ? and ? 
        and a1_0.course_id in (?, ?, ?) 
        and exists(select
            cs1_0.id from course_selection cs1_0 
        where
            cs1_0.student_id=a1_0.student_id 
            and cs1_0.course_id=a1_0.course_id 
            and cs1_0.status=1) 
        and (
            ? is null 
            or ?='' 
            or exists(select
                s1_0.student_id from student s1_0 
            where
                s1_0.student_id=a1_0.student_id 
                and s1_0.class_name=?)
        )
2026-06-10 15:45:48.894 [http-nio-0.0.0.0-8080-exec-2] DEBUG org.hibernate.SQL - 
    select
        count_big(a1_0.id) 
    from
        attendance a1_0 
    where
        a1_0.student_status=? 
        and a1_0.check_in_time between ? and ? 
        and a1_0.course_id in (?, ?, ?) 
        and exists(select
            cs1_0.id from course_selection cs1_0 
        where
            cs1_0.student_id=a1_0.student_id 
            and cs1_0.course_id=a1_0.course_id 
            and cs1_0.status=1) 
        and (
            ? is null 
            or ?='' 
            or exists(select
                s1_0.student_id from student s1_0 
            where
                s1_0.student_id=a1_0.student_id 
                and s1_0.class_name=?)
        )
2026-06-10 15:45:48.894 [http-nio-0.0.0.0-8080-exec-2] DEBUG org.hibernate.SQL - 
    select
        count_big(a1_0.id) 
    from
        attendance a1_0 
    where
        a1_0.student_status=? 
        and a1_0.check_in_time between ? and ? 
        and a1_0.course_id in (?, ?, ?) 
        and exists(select
            cs1_0.id from course_selection cs1_0 
        where
            cs1_0.student_id=a1_0.student_id 
            and cs1_0.course_id=a1_0.course_id 
            and cs1_0.status=1) 
        and (
            ? is null 
            or ?='' 
            or exists(select
                s1_0.student_id from student s1_0 
            where
                s1_0.student_id=a1_0.student_id 
                and s1_0.class_name=?)
        )
2026-06-10 15:45:48.894 [http-nio-0.0.0.0-8080-exec-2] DEBUG org.hibernate.SQL - 
    select
        count_big(a1_0.id) 
    from
        attendance a1_0 
    where
        a1_0.student_status=? 
        and a1_0.check_in_time between ? and ? 
        and a1_0.course_id in (?, ?, ?) 
        and exists(select
            cs1_0.id from course_selection cs1_0 
        where
            cs1_0.student_id=a1_0.student_id 
            and cs1_0.course_id=a1_0.course_id 
            and cs1_0.status=1) 
        and (
            ? is null 
            or ?='' 
            or exists(select
                s1_0.student_id from student s1_0 
            where
                s1_0.student_id=a1_0.student_id 
                and s1_0.class_name=?)
        )
2026-06-10 15:45:48.906 [http-nio-0.0.0.0-8080-exec-2] DEBUG org.hibernate.SQL - 
    select
        count_big(a1_0.id) 
    from
        attendance a1_0 
    where
        a1_0.student_status=? 
        and a1_0.check_in_time between ? and ? 
        and a1_0.course_id in (?, ?, ?) 
        and exists(select
            cs1_0.id from course_selection cs1_0 
        where
            cs1_0.student_id=a1_0.student_id 
            and cs1_0.course_id=a1_0.course_id 
            and cs1_0.status=1) 
        and (
            ? is null 
            or ?='' 
            or exists(select
                s1_0.student_id from student s1_0 
            where
                s1_0.student_id=a1_0.student_id 
                and s1_0.class_name=?)
        )
2026-06-10 15:45:48.907 [http-nio-0.0.0.0-8080-exec-2] DEBUG org.hibernate.SQL - 
    select
        count_big(a1_0.id) 
    from
        attendance a1_0 
    where
        a1_0.student_status=? 
        and a1_0.check_in_time between ? and ? 
        and a1_0.course_id in (?, ?, ?) 
        and exists(select
            cs1_0.id from course_selection cs1_0 
        where
            cs1_0.student_id=a1_0.student_id 
            and cs1_0.course_id=a1_0.course_id 
            and cs1_0.status=1) 
        and (
            ? is null 
            or ?='' 
            or exists(select
                s1_0.student_id from student s1_0 
            where
                s1_0.student_id=a1_0.student_id 
                and s1_0.class_name=?)
        )
2026-06-10 15:45:48.907 [http-nio-0.0.0.0-8080-exec-2] DEBUG org.hibernate.SQL - 
    select
        count_big(a1_0.id) 
    from
        attendance a1_0 
    where
        a1_0.student_status=? 
        and a1_0.check_in_time between ? and ? 
        and a1_0.course_id in (?, ?, ?) 
        and exists(select
            cs1_0.id from course_selection cs1_0 
        where
            cs1_0.student_id=a1_0.student_id 
            and cs1_0.course_id=a1_0.course_id 
            and cs1_0.status=1) 
        and (
            ? is null 
            or ?='' 
            or exists(select
                s1_0.student_id from student s1_0 
            where
                s1_0.student_id=a1_0.student_id 
                and s1_0.class_name=?)
        )
2026-06-10 15:45:48.907 [http-nio-0.0.0.0-8080-exec-2] DEBUG org.hibernate.SQL - 
    select
        count_big(a1_0.id) 
    from
        attendance a1_0 
    where
        a1_0.student_status=? 
        and a1_0.check_in_time between ? and ? 
        and a1_0.course_id in (?, ?, ?) 
        and exists(select
            cs1_0.id from course_selection cs1_0 
        where
            cs1_0.student_id=a1_0.student_id 
            and cs1_0.course_id=a1_0.course_id 
            and cs1_0.status=1) 
        and (
            ? is null 
            or ?='' 
            or exists(select
                s1_0.student_id from student s1_0 
            where
                s1_0.student_id=a1_0.student_id 
                and s1_0.class_name=?)
        )
2026-06-10 15:45:48.907 [http-nio-0.0.0.0-8080-exec-2] DEBUG org.hibernate.SQL - 
    select
        count_big(a1_0.id) 
    from
        attendance a1_0 
    where
        a1_0.student_status=? 
        and a1_0.check_in_time between ? and ? 
        and a1_0.course_id in (?, ?, ?) 
        and exists(select
            cs1_0.id from course_selection cs1_0 
        where
            cs1_0.student_id=a1_0.student_id 
            and cs1_0.course_id=a1_0.course_id 
            and cs1_0.status=1) 
        and (
            ? is null 
            or ?='' 
            or exists(select
                s1_0.student_id from student s1_0 
            where
                s1_0.student_id=a1_0.student_id 
                and s1_0.class_name=?)
        )
2026-06-10 15:45:48.907 [http-nio-0.0.0.0-8080-exec-2] DEBUG org.hibernate.SQL - 
    select
        count_big(a1_0.id) 
    from
        attendance a1_0 
    where
        a1_0.student_status=? 
        and a1_0.check_in_time between ? and ? 
        and a1_0.course_id in (?, ?, ?) 
        and exists(select
            cs1_0.id from course_selection cs1_0 
        where
            cs1_0.student_id=a1_0.student_id 
            and cs1_0.course_id=a1_0.course_id 
            and cs1_0.status=1) 
        and (
            ? is null 
            or ?='' 
            or exists(select
                s1_0.student_id from student s1_0 
            where
                s1_0.student_id=a1_0.student_id 
                and s1_0.class_name=?)
        )
2026-06-10 15:45:48.907 [http-nio-0.0.0.0-8080-exec-2] DEBUG org.hibernate.SQL - 
    select
        count_big(a1_0.id) 
    from
        attendance a1_0 
    where
        a1_0.student_status=? 
        and a1_0.check_in_time between ? and ? 
        and a1_0.course_id in (?, ?, ?) 
        and exists(select
            cs1_0.id from course_selection cs1_0 
        where
            cs1_0.student_id=a1_0.student_id 
            and cs1_0.course_id=a1_0.course_id 
            and cs1_0.status=1) 
        and (
            ? is null 
            or ?='' 
            or exists(select
                s1_0.student_id from student s1_0 
            where
                s1_0.student_id=a1_0.student_id 
                and s1_0.class_name=?)
        )
2026-06-10 15:45:48.907 [http-nio-0.0.0.0-8080-exec-2] DEBUG org.hibernate.SQL - 
    select
        count_big(a1_0.id) 
    from
        attendance a1_0 
    where
        a1_0.student_status=? 
        and a1_0.check_in_time between ? and ? 
        and a1_0.course_id in (?, ?, ?) 
        and exists(select
            cs1_0.id from course_selection cs1_0 
        where
            cs1_0.student_id=a1_0.student_id 
            and cs1_0.course_id=a1_0.course_id 
            and cs1_0.status=1) 
        and (
            ? is null 
            or ?='' 
            or exists(select
                s1_0.student_id from student s1_0 
            where
                s1_0.student_id=a1_0.student_id 
                and s1_0.class_name=?)
        )
2026-06-10 15:45:48.907 [http-nio-0.0.0.0-8080-exec-2] DEBUG org.hibernate.SQL - 
    select
        count_big(a1_0.id) 
    from
        attendance a1_0 
    where
        a1_0.student_status=? 
        and a1_0.check_in_time between ? and ? 
        and a1_0.course_id in (?, ?, ?) 
        and exists(select
            cs1_0.id from course_selection cs1_0 
        where
            cs1_0.student_id=a1_0.student_id 
            and cs1_0.course_id=a1_0.course_id 
            and cs1_0.status=1) 
        and (
            ? is null 
            or ?='' 
            or exists(select
                s1_0.student_id from student s1_0 
            where
                s1_0.student_id=a1_0.student_id 
                and s1_0.class_name=?)
        )
2026-06-10 15:45:48.907 [http-nio-0.0.0.0-8080-exec-2] DEBUG org.hibernate.SQL - 
    select
        count_big(a1_0.id) 
    from
        attendance a1_0 
    where
        a1_0.student_status=? 
        and a1_0.check_in_time between ? and ? 
        and a1_0.course_id in (?, ?, ?) 
        and exists(select
            cs1_0.id from course_selection cs1_0 
        where
            cs1_0.student_id=a1_0.student_id 
            and cs1_0.course_id=a1_0.course_id 
            and cs1_0.status=1) 
        and (
            ? is null 
            or ?='' 
            or exists(select
                s1_0.student_id from student s1_0 
            where
                s1_0.student_id=a1_0.student_id 
                and s1_0.class_name=?)
        )
2026-06-10 15:45:48.907 [http-nio-0.0.0.0-8080-exec-2] DEBUG org.hibernate.SQL - 
    select
        count_big(a1_0.id) 
    from
        attendance a1_0 
    where
        a1_0.student_status=? 
        and a1_0.check_in_time between ? and ? 
        and a1_0.course_id in (?, ?, ?) 
        and exists(select
            cs1_0.id from course_selection cs1_0 
        where
            cs1_0.student_id=a1_0.student_id 
            and cs1_0.course_id=a1_0.course_id 
            and cs1_0.status=1) 
        and (
            ? is null 
            or ?='' 
            or exists(select
                s1_0.student_id from student s1_0 
            where
                s1_0.student_id=a1_0.student_id 
                and s1_0.class_name=?)
        )
2026-06-10 15:45:48.907 [http-nio-0.0.0.0-8080-exec-2] DEBUG org.hibernate.SQL - 
    select
        count_big(a1_0.id) 
    from
        attendance a1_0 
    where
        a1_0.student_status=? 
        and a1_0.check_in_time between ? and ? 
        and a1_0.course_id in (?, ?, ?) 
        and exists(select
            cs1_0.id from course_selection cs1_0 
        where
            cs1_0.student_id=a1_0.student_id 
            and cs1_0.course_id=a1_0.course_id 
            and cs1_0.status=1) 
        and (
            ? is null 
            or ?='' 
            or exists(select
                s1_0.student_id from student s1_0 
            where
                s1_0.student_id=a1_0.student_id 
                and s1_0.class_name=?)
        )
2026-06-10 15:45:48.907 [http-nio-0.0.0.0-8080-exec-2] DEBUG org.hibernate.SQL - 
    select
        count_big(a1_0.id) 
    from
        attendance a1_0 
    where
        a1_0.student_status=? 
        and a1_0.check_in_time between ? and ? 
        and a1_0.course_id in (?, ?, ?) 
        and exists(select
            cs1_0.id from course_selection cs1_0 
        where
            cs1_0.student_id=a1_0.student_id 
            and cs1_0.course_id=a1_0.course_id 
            and cs1_0.status=1) 
        and (
            ? is null 
            or ?='' 
            or exists(select
                s1_0.student_id from student s1_0 
            where
                s1_0.student_id=a1_0.student_id 
                and s1_0.class_name=?)
        )
2026-06-10 15:45:48.907 [http-nio-0.0.0.0-8080-exec-2] DEBUG org.hibernate.SQL - 
    select
        count_big(a1_0.id) 
    from
        attendance a1_0 
    where
        a1_0.student_status=? 
        and a1_0.check_in_time between ? and ? 
        and a1_0.course_id in (?, ?, ?) 
        and exists(select
            cs1_0.id from course_selection cs1_0 
        where
            cs1_0.student_id=a1_0.student_id 
            and cs1_0.course_id=a1_0.course_id 
            and cs1_0.status=1) 
        and (
            ? is null 
            or ?='' 
            or exists(select
                s1_0.student_id from student s1_0 
            where
                s1_0.student_id=a1_0.student_id 
                and s1_0.class_name=?)
        )
2026-06-10 15:45:48.923 [http-nio-0.0.0.0-8080-exec-2] DEBUG org.hibernate.SQL - 
    select
        count_big(a1_0.id) 
    from
        attendance a1_0 
    where
        a1_0.student_status=? 
        and a1_0.check_in_time between ? and ? 
        and a1_0.course_id in (?, ?, ?) 
        and exists(select
            cs1_0.id from course_selection cs1_0 
        where
            cs1_0.student_id=a1_0.student_id 
            and cs1_0.course_id=a1_0.course_id 
            and cs1_0.status=1) 
        and (
            ? is null 
            or ?='' 
            or exists(select
                s1_0.student_id from student s1_0 
            where
                s1_0.student_id=a1_0.student_id 
                and s1_0.class_name=?)
        )
2026-06-10 15:45:48.924 [http-nio-0.0.0.0-8080-exec-2] DEBUG org.hibernate.SQL - 
    select
        count_big(a1_0.id) 
    from
        attendance a1_0 
    where
        a1_0.student_status=? 
        and a1_0.check_in_time between ? and ? 
        and a1_0.course_id in (?, ?, ?) 
        and exists(select
            cs1_0.id from course_selection cs1_0 
        where
            cs1_0.student_id=a1_0.student_id 
            and cs1_0.course_id=a1_0.course_id 
            and cs1_0.status=1) 
        and (
            ? is null 
            or ?='' 
            or exists(select
                s1_0.student_id from student s1_0 
            where
                s1_0.student_id=a1_0.student_id 
                and s1_0.class_name=?)
        )
2026-06-10 15:45:48.924 [http-nio-0.0.0.0-8080-exec-2] DEBUG org.hibernate.SQL - 
    select
        count_big(a1_0.id) 
    from
        attendance a1_0 
    where
        a1_0.student_status=? 
        and a1_0.check_in_time between ? and ? 
        and a1_0.course_id in (?, ?, ?) 
        and exists(select
            cs1_0.id from course_selection cs1_0 
        where
            cs1_0.student_id=a1_0.student_id 
            and cs1_0.course_id=a1_0.course_id 
            and cs1_0.status=1) 
        and (
            ? is null 
            or ?='' 
            or exists(select
                s1_0.student_id from student s1_0 
            where
                s1_0.student_id=a1_0.student_id 
                and s1_0.class_name=?)
        )
2026-06-10 15:45:48.926 [http-nio-0.0.0.0-8080-exec-2] DEBUG org.hibernate.SQL - 
    select
        count_big(a1_0.id) 
    from
        attendance a1_0 
    where
        a1_0.student_status=? 
        and a1_0.check_in_time between ? and ? 
        and a1_0.course_id in (?, ?, ?) 
        and exists(select
            cs1_0.id from course_selection cs1_0 
        where
            cs1_0.student_id=a1_0.student_id 
            and cs1_0.course_id=a1_0.course_id 
            and cs1_0.status=1) 
        and (
            ? is null 
            or ?='' 
            or exists(select
                s1_0.student_id from student s1_0 
            where
                s1_0.student_id=a1_0.student_id 
                and s1_0.class_name=?)
        )
2026-06-10 15:45:48.927 [http-nio-0.0.0.0-8080-exec-2] DEBUG org.hibernate.SQL - 
    select
        count_big(a1_0.id) 
    from
        attendance a1_0 
    where
        a1_0.student_status=? 
        and a1_0.check_in_time between ? and ? 
        and a1_0.course_id in (?, ?, ?) 
        and exists(select
            cs1_0.id from course_selection cs1_0 
        where
            cs1_0.student_id=a1_0.student_id 
            and cs1_0.course_id=a1_0.course_id 
            and cs1_0.status=1) 
        and (
            ? is null 
            or ?='' 
            or exists(select
                s1_0.student_id from student s1_0 
            where
                s1_0.student_id=a1_0.student_id 
                and s1_0.class_name=?)
        )
2026-06-10 15:45:48.927 [http-nio-0.0.0.0-8080-exec-2] DEBUG org.hibernate.SQL - 
    select
        count_big(a1_0.id) 
    from
        attendance a1_0 
    where
        a1_0.student_status=? 
        and a1_0.check_in_time between ? and ? 
        and a1_0.course_id in (?, ?, ?) 
        and exists(select
            cs1_0.id from course_selection cs1_0 
        where
            cs1_0.student_id=a1_0.student_id 
            and cs1_0.course_id=a1_0.course_id 
            and cs1_0.status=1) 
        and (
            ? is null 
            or ?='' 
            or exists(select
                s1_0.student_id from student s1_0 
            where
                s1_0.student_id=a1_0.student_id 
                and s1_0.class_name=?)
        )
2026-06-10 15:45:48.927 [http-nio-0.0.0.0-8080-exec-2] DEBUG org.hibernate.SQL - 
    select
        count_big(a1_0.id) 
    from
        attendance a1_0 
    where
        a1_0.student_status=? 
        and a1_0.check_in_time between ? and ? 
        and a1_0.course_id in (?, ?, ?) 
        and exists(select
            cs1_0.id from course_selection cs1_0 
        where
            cs1_0.student_id=a1_0.student_id 
            and cs1_0.course_id=a1_0.course_id 
            and cs1_0.status=1) 
        and (
            ? is null 
            or ?='' 
            or exists(select
                s1_0.student_id from student s1_0 
            where
                s1_0.student_id=a1_0.student_id 
                and s1_0.class_name=?)
        )
2026-06-10 15:45:48.931 [http-nio-0.0.0.0-8080-exec-2] DEBUG org.hibernate.SQL - 
    select
        count_big(a1_0.id) 
    from
        attendance a1_0 
    where
        a1_0.student_status=? 
        and a1_0.check_in_time between ? and ? 
        and a1_0.course_id in (?, ?, ?) 
        and exists(select
            cs1_0.id from course_selection cs1_0 
        where
            cs1_0.student_id=a1_0.student_id 
            and cs1_0.course_id=a1_0.course_id 
            and cs1_0.status=1) 
        and (
            ? is null 
            or ?='' 
            or exists(select
                s1_0.student_id from student s1_0 
            where
                s1_0.student_id=a1_0.student_id 
                and s1_0.class_name=?)
        )
2026-06-10 15:45:48.931 [http-nio-0.0.0.0-8080-exec-2] DEBUG org.hibernate.SQL - 
    select
        count_big(a1_0.id) 
    from
        attendance a1_0 
    where
        a1_0.student_status=? 
        and a1_0.check_in_time between ? and ? 
        and a1_0.course_id in (?, ?, ?) 
        and exists(select
            cs1_0.id from course_selection cs1_0 
        where
            cs1_0.student_id=a1_0.student_id 
            and cs1_0.course_id=a1_0.course_id 
            and cs1_0.status=1) 
        and (
            ? is null 
            or ?='' 
            or exists(select
                s1_0.student_id from student s1_0 
            where
                s1_0.student_id=a1_0.student_id 
                and s1_0.class_name=?)
        )
2026-06-10 15:45:48.931 [http-nio-0.0.0.0-8080-exec-2] DEBUG org.hibernate.SQL - 
    select
        count_big(a1_0.id) 
    from
        attendance a1_0 
    where
        a1_0.student_status=? 
        and a1_0.check_in_time between ? and ? 
        and a1_0.course_id in (?, ?, ?) 
        and exists(select
            cs1_0.id from course_selection cs1_0 
        where
            cs1_0.student_id=a1_0.student_id 
            and cs1_0.course_id=a1_0.course_id 
            and cs1_0.status=1) 
        and (
            ? is null 
            or ?='' 
            or exists(select
                s1_0.student_id from student s1_0 
            where
                s1_0.student_id=a1_0.student_id 
                and s1_0.class_name=?)
        )
2026-06-10 15:45:48.931 [http-nio-0.0.0.0-8080-exec-2] DEBUG org.hibernate.SQL - 
    select
        count_big(a1_0.id) 
    from
        attendance a1_0 
    where
        a1_0.student_status=? 
        and a1_0.check_in_time between ? and ? 
        and a1_0.course_id in (?, ?, ?) 
        and exists(select
            cs1_0.id from course_selection cs1_0 
        where
            cs1_0.student_id=a1_0.student_id 
            and cs1_0.course_id=a1_0.course_id 
            and cs1_0.status=1) 
        and (
            ? is null 
            or ?='' 
            or exists(select
                s1_0.student_id from student s1_0 
            where
                s1_0.student_id=a1_0.student_id 
                and s1_0.class_name=?)
        )
2026-06-10 15:45:48.931 [http-nio-0.0.0.0-8080-exec-2] DEBUG org.hibernate.SQL - 
    select
        count_big(a1_0.id) 
    from
        attendance a1_0 
    where
        a1_0.student_status=? 
        and a1_0.check_in_time between ? and ? 
        and a1_0.course_id in (?, ?, ?) 
        and exists(select
            cs1_0.id from course_selection cs1_0 
        where
            cs1_0.student_id=a1_0.student_id 
            and cs1_0.course_id=a1_0.course_id 
            and cs1_0.status=1) 
        and (
            ? is null 
            or ?='' 
            or exists(select
                s1_0.student_id from student s1_0 
            where
                s1_0.student_id=a1_0.student_id 
                and s1_0.class_name=?)
        )
2026-06-10 15:45:48.931 [http-nio-0.0.0.0-8080-exec-2] DEBUG org.hibernate.SQL - 
    select
        count_big(a1_0.id) 
    from
        attendance a1_0 
    where
        a1_0.student_status=? 
        and a1_0.check_in_time between ? and ? 
        and a1_0.course_id in (?, ?, ?) 
        and exists(select
            cs1_0.id from course_selection cs1_0 
        where
            cs1_0.student_id=a1_0.student_id 
            and cs1_0.course_id=a1_0.course_id 
            and cs1_0.status=1) 
        and (
            ? is null 
            or ?='' 
            or exists(select
                s1_0.student_id from student s1_0 
            where
                s1_0.student_id=a1_0.student_id 
                and s1_0.class_name=?)
        )
2026-06-10 15:45:48.931 [http-nio-0.0.0.0-8080-exec-2] DEBUG org.hibernate.SQL - 
    select
        count_big(a1_0.id) 
    from
        attendance a1_0 
    where
        a1_0.student_status=? 
        and a1_0.check_in_time between ? and ? 
        and a1_0.course_id in (?, ?, ?) 
        and exists(select
            cs1_0.id from course_selection cs1_0 
        where
            cs1_0.student_id=a1_0.student_id 
            and cs1_0.course_id=a1_0.course_id 
            and cs1_0.status=1) 
        and (
            ? is null 
            or ?='' 
            or exists(select
                s1_0.student_id from student s1_0 
            where
                s1_0.student_id=a1_0.student_id 
                and s1_0.class_name=?)
        )
2026-06-10 15:45:48.931 [http-nio-0.0.0.0-8080-exec-2] DEBUG org.hibernate.SQL - 
    select
        count_big(a1_0.id) 
    from
        attendance a1_0 
    where
        a1_0.student_status=? 
        and a1_0.check_in_time between ? and ? 
        and a1_0.course_id in (?, ?, ?) 
        and exists(select
            cs1_0.id from course_selection cs1_0 
        where
            cs1_0.student_id=a1_0.student_id 
            and cs1_0.course_id=a1_0.course_id 
            and cs1_0.status=1) 
        and (
            ? is null 
            or ?='' 
            or exists(select
                s1_0.student_id from student s1_0 
            where
                s1_0.student_id=a1_0.student_id 
                and s1_0.class_name=?)
        )
2026-06-10 15:45:48.939 [http-nio-0.0.0.0-8080-exec-2] DEBUG org.hibernate.SQL - 
    select
        count_big(a1_0.id) 
    from
        attendance a1_0 
    where
        a1_0.student_status=? 
        and a1_0.check_in_time between ? and ? 
        and a1_0.course_id in (?, ?, ?) 
        and exists(select
            cs1_0.id from course_selection cs1_0 
        where
            cs1_0.student_id=a1_0.student_id 
            and cs1_0.course_id=a1_0.course_id 
            and cs1_0.status=1) 
        and (
            ? is null 
            or ?='' 
            or exists(select
                s1_0.student_id from student s1_0 
            where
                s1_0.student_id=a1_0.student_id 
                and s1_0.class_name=?)
        )
2026-06-10 15:45:48.940 [http-nio-0.0.0.0-8080-exec-2] DEBUG org.hibernate.SQL - 
    select
        count_big(a1_0.id) 
    from
        attendance a1_0 
    where
        a1_0.student_status=? 
        and a1_0.check_in_time between ? and ? 
        and a1_0.course_id in (?, ?, ?) 
        and exists(select
            cs1_0.id from course_selection cs1_0 
        where
            cs1_0.student_id=a1_0.student_id 
            and cs1_0.course_id=a1_0.course_id 
            and cs1_0.status=1) 
        and (
            ? is null 
            or ?='' 
            or exists(select
                s1_0.student_id from student s1_0 
            where
                s1_0.student_id=a1_0.student_id 
                and s1_0.class_name=?)
        )
2026-06-10 15:45:48.940 [http-nio-0.0.0.0-8080-exec-2] DEBUG org.hibernate.SQL - 
    select
        count_big(a1_0.id) 
    from
        attendance a1_0 
    where
        a1_0.student_status=? 
        and a1_0.check_in_time between ? and ? 
        and a1_0.course_id in (?, ?, ?) 
        and exists(select
            cs1_0.id from course_selection cs1_0 
        where
            cs1_0.student_id=a1_0.student_id 
            and cs1_0.course_id=a1_0.course_id 
            and cs1_0.status=1) 
        and (
            ? is null 
            or ?='' 
            or exists(select
                s1_0.student_id from student s1_0 
            where
                s1_0.student_id=a1_0.student_id 
                and s1_0.class_name=?)
        )
2026-06-10 15:45:48.943 [http-nio-0.0.0.0-8080-exec-2] DEBUG org.hibernate.SQL - 
    select
        count_big(a1_0.id) 
    from
        attendance a1_0 
    where
        a1_0.student_status=? 
        and a1_0.check_in_time between ? and ? 
        and a1_0.course_id in (?, ?, ?) 
        and exists(select
            cs1_0.id from course_selection cs1_0 
        where
            cs1_0.student_id=a1_0.student_id 
            and cs1_0.course_id=a1_0.course_id 
            and cs1_0.status=1) 
        and (
            ? is null 
            or ?='' 
            or exists(select
                s1_0.student_id from student s1_0 
            where
                s1_0.student_id=a1_0.student_id 
                and s1_0.class_name=?)
        )
2026-06-10 15:45:48.943 [http-nio-0.0.0.0-8080-exec-2] DEBUG org.hibernate.SQL - 
    select
        count_big(a1_0.id) 
    from
        attendance a1_0 
    where
        a1_0.student_status=? 
        and a1_0.check_in_time between ? and ? 
        and a1_0.course_id in (?, ?, ?) 
        and exists(select
            cs1_0.id from course_selection cs1_0 
        where
            cs1_0.student_id=a1_0.student_id 
            and cs1_0.course_id=a1_0.course_id 
            and cs1_0.status=1) 
        and (
            ? is null 
            or ?='' 
            or exists(select
                s1_0.student_id from student s1_0 
            where
                s1_0.student_id=a1_0.student_id 
                and s1_0.class_name=?)
        )
2026-06-10 15:45:48.943 [http-nio-0.0.0.0-8080-exec-2] DEBUG org.hibernate.SQL - 
    select
        count_big(a1_0.id) 
    from
        attendance a1_0 
    where
        a1_0.student_status=? 
        and a1_0.check_in_time between ? and ? 
        and a1_0.course_id in (?, ?, ?) 
        and exists(select
            cs1_0.id from course_selection cs1_0 
        where
            cs1_0.student_id=a1_0.student_id 
            and cs1_0.course_id=a1_0.course_id 
            and cs1_0.status=1) 
        and (
            ? is null 
            or ?='' 
            or exists(select
                s1_0.student_id from student s1_0 
            where
                s1_0.student_id=a1_0.student_id 
                and s1_0.class_name=?)
        )
2026-06-10 15:45:48.943 [http-nio-0.0.0.0-8080-exec-2] DEBUG org.hibernate.SQL - 
    select
        count_big(a1_0.id) 
    from
        attendance a1_0 
    where
        a1_0.student_status=? 
        and a1_0.check_in_time between ? and ? 
        and a1_0.course_id in (?, ?, ?) 
        and exists(select
            cs1_0.id from course_selection cs1_0 
        where
            cs1_0.student_id=a1_0.student_id 
            and cs1_0.course_id=a1_0.course_id 
            and cs1_0.status=1) 
        and (
            ? is null 
            or ?='' 
            or exists(select
                s1_0.student_id from student s1_0 
            where
                s1_0.student_id=a1_0.student_id 
                and s1_0.class_name=?)
        )
2026-06-10 15:45:48.943 [http-nio-0.0.0.0-8080-exec-2] DEBUG org.hibernate.SQL - 
    select
        count_big(a1_0.id) 
    from
        attendance a1_0 
    where
        a1_0.student_status=? 
        and a1_0.check_in_time between ? and ? 
        and a1_0.course_id in (?, ?, ?) 
        and exists(select
            cs1_0.id from course_selection cs1_0 
        where
            cs1_0.student_id=a1_0.student_id 
            and cs1_0.course_id=a1_0.course_id 
            and cs1_0.status=1) 
        and (
            ? is null 
            or ?='' 
            or exists(select
                s1_0.student_id from student s1_0 
            where
                s1_0.student_id=a1_0.student_id 
                and s1_0.class_name=?)
        )
2026-06-10 15:45:48.943 [http-nio-0.0.0.0-8080-exec-2] DEBUG org.hibernate.SQL - 
    select
        count_big(a1_0.id) 
    from
        attendance a1_0 
    where
        a1_0.student_status=? 
        and a1_0.check_in_time between ? and ? 
        and a1_0.course_id in (?, ?, ?) 
        and exists(select
            cs1_0.id from course_selection cs1_0 
        where
            cs1_0.student_id=a1_0.student_id 
            and cs1_0.course_id=a1_0.course_id 
            and cs1_0.status=1) 
        and (
            ? is null 
            or ?='' 
            or exists(select
                s1_0.student_id from student s1_0 
            where
                s1_0.student_id=a1_0.student_id 
                and s1_0.class_name=?)
        )
2026-06-10 15:45:48.943 [http-nio-0.0.0.0-8080-exec-2] DEBUG org.hibernate.SQL - 
    select
        count_big(a1_0.id) 
    from
        attendance a1_0 
    where
        a1_0.student_status=? 
        and a1_0.check_in_time between ? and ? 
        and a1_0.course_id in (?, ?, ?) 
        and exists(select
            cs1_0.id from course_selection cs1_0 
        where
            cs1_0.student_id=a1_0.student_id 
            and cs1_0.course_id=a1_0.course_id 
            and cs1_0.status=1) 
        and (
            ? is null 
            or ?='' 
            or exists(select
                s1_0.student_id from student s1_0 
            where
                s1_0.student_id=a1_0.student_id 
                and s1_0.class_name=?)
        )
2026-06-10 15:45:48.943 [http-nio-0.0.0.0-8080-exec-2] DEBUG org.hibernate.SQL - 
    select
        count_big(a1_0.id) 
    from
        attendance a1_0 
    where
        a1_0.student_status=? 
        and a1_0.check_in_time between ? and ? 
        and a1_0.course_id in (?, ?, ?) 
        and exists(select
            cs1_0.id from course_selection cs1_0 
        where
            cs1_0.student_id=a1_0.student_id 
            and cs1_0.course_id=a1_0.course_id 
            and cs1_0.status=1) 
        and (
            ? is null 
            or ?='' 
            or exists(select
                s1_0.student_id from student s1_0 
            where
                s1_0.student_id=a1_0.student_id 
                and s1_0.class_name=?)
        )
2026-06-10 15:45:48.943 [http-nio-0.0.0.0-8080-exec-2] DEBUG org.hibernate.SQL - 
    select
        count_big(a1_0.id) 
    from
        attendance a1_0 
    where
        a1_0.student_status=? 
        and a1_0.check_in_time between ? and ? 
        and a1_0.course_id in (?, ?, ?) 
        and exists(select
            cs1_0.id from course_selection cs1_0 
        where
            cs1_0.student_id=a1_0.student_id 
            and cs1_0.course_id=a1_0.course_id 
            and cs1_0.status=1) 
        and (
            ? is null 
            or ?='' 
            or exists(select
                s1_0.student_id from student s1_0 
            where
                s1_0.student_id=a1_0.student_id 
                and s1_0.class_name=?)
        )
2026-06-10 15:45:48.943 [http-nio-0.0.0.0-8080-exec-2] DEBUG org.hibernate.SQL - 
    select
        count_big(a1_0.id) 
    from
        attendance a1_0 
    where
        a1_0.student_status=? 
        and a1_0.check_in_time between ? and ? 
        and a1_0.course_id in (?, ?, ?) 
        and exists(select
            cs1_0.id from course_selection cs1_0 
        where
            cs1_0.student_id=a1_0.student_id 
            and cs1_0.course_id=a1_0.course_id 
            and cs1_0.status=1) 
        and (
            ? is null 
            or ?='' 
            or exists(select
                s1_0.student_id from student s1_0 
            where
                s1_0.student_id=a1_0.student_id 
                and s1_0.class_name=?)
        )
2026-06-10 15:45:48.955 [http-nio-0.0.0.0-8080-exec-2] DEBUG org.hibernate.SQL - 
    select
        count_big(a1_0.id) 
    from
        attendance a1_0 
    where
        a1_0.student_status=? 
        and a1_0.check_in_time between ? and ? 
        and a1_0.course_id in (?, ?, ?) 
        and exists(select
            cs1_0.id from course_selection cs1_0 
        where
            cs1_0.student_id=a1_0.student_id 
            and cs1_0.course_id=a1_0.course_id 
            and cs1_0.status=1) 
        and (
            ? is null 
            or ?='' 
            or exists(select
                s1_0.student_id from student s1_0 
            where
                s1_0.student_id=a1_0.student_id 
                and s1_0.class_name=?)
        )
2026-06-10 15:45:48.957 [http-nio-0.0.0.0-8080-exec-2] DEBUG org.hibernate.SQL - 
    select
        count_big(a1_0.id) 
    from
        attendance a1_0 
    where
        a1_0.student_status=? 
        and a1_0.check_in_time between ? and ? 
        and a1_0.course_id in (?, ?, ?) 
        and exists(select
            cs1_0.id from course_selection cs1_0 
        where
            cs1_0.student_id=a1_0.student_id 
            and cs1_0.course_id=a1_0.course_id 
            and cs1_0.status=1) 
        and (
            ? is null 
            or ?='' 
            or exists(select
                s1_0.student_id from student s1_0 
            where
                s1_0.student_id=a1_0.student_id 
                and s1_0.class_name=?)
        )
2026-06-10 15:45:48.957 [http-nio-0.0.0.0-8080-exec-2] DEBUG org.hibernate.SQL - 
    select
        count_big(a1_0.id) 
    from
        attendance a1_0 
    where
        a1_0.student_status=? 
        and a1_0.check_in_time between ? and ? 
        and a1_0.course_id in (?, ?, ?) 
        and exists(select
            cs1_0.id from course_selection cs1_0 
        where
            cs1_0.student_id=a1_0.student_id 
            and cs1_0.course_id=a1_0.course_id 
            and cs1_0.status=1) 
        and (
            ? is null 
            or ?='' 
            or exists(select
                s1_0.student_id from student s1_0 
            where
                s1_0.student_id=a1_0.student_id 
                and s1_0.class_name=?)
        )
2026-06-10 15:45:48.957 [http-nio-0.0.0.0-8080-exec-2] DEBUG org.hibernate.SQL - 
    select
        count_big(a1_0.id) 
    from
        attendance a1_0 
    where
        a1_0.student_status=? 
        and a1_0.check_in_time between ? and ? 
        and a1_0.course_id in (?, ?, ?) 
        and exists(select
            cs1_0.id from course_selection cs1_0 
        where
            cs1_0.student_id=a1_0.student_id 
            and cs1_0.course_id=a1_0.course_id 
            and cs1_0.status=1) 
        and (
            ? is null 
            or ?='' 
            or exists(select
                s1_0.student_id from student s1_0 
            where
                s1_0.student_id=a1_0.student_id 
                and s1_0.class_name=?)
        )
2026-06-10 15:45:48.960 [http-nio-0.0.0.0-8080-exec-2] DEBUG org.hibernate.SQL - 
    select
        count_big(a1_0.id) 
    from
        attendance a1_0 
    where
        a1_0.student_status=? 
        and a1_0.check_in_time between ? and ? 
        and a1_0.course_id in (?, ?, ?) 
        and exists(select
            cs1_0.id from course_selection cs1_0 
        where
            cs1_0.student_id=a1_0.student_id 
            and cs1_0.course_id=a1_0.course_id 
            and cs1_0.status=1) 
        and (
            ? is null 
            or ?='' 
            or exists(select
                s1_0.student_id from student s1_0 
            where
                s1_0.student_id=a1_0.student_id 
                and s1_0.class_name=?)
        )
2026-06-10 15:45:48.960 [http-nio-0.0.0.0-8080-exec-2] DEBUG org.hibernate.SQL - 
    select
        count_big(a1_0.id) 
    from
        attendance a1_0 
    where
        a1_0.student_status=? 
        and a1_0.check_in_time between ? and ? 
        and a1_0.course_id in (?, ?, ?) 
        and exists(select
            cs1_0.id from course_selection cs1_0 
        where
            cs1_0.student_id=a1_0.student_id 
            and cs1_0.course_id=a1_0.course_id 
            and cs1_0.status=1) 
        and (
            ? is null 
            or ?='' 
            or exists(select
                s1_0.student_id from student s1_0 
            where
                s1_0.student_id=a1_0.student_id 
                and s1_0.class_name=?)
        )
2026-06-10 15:45:48.960 [http-nio-0.0.0.0-8080-exec-2] DEBUG org.hibernate.SQL - 
    select
        count_big(a1_0.id) 
    from
        attendance a1_0 
    where
        a1_0.student_status=? 
        and a1_0.check_in_time between ? and ? 
        and a1_0.course_id in (?, ?, ?) 
        and exists(select
            cs1_0.id from course_selection cs1_0 
        where
            cs1_0.student_id=a1_0.student_id 
            and cs1_0.course_id=a1_0.course_id 
            and cs1_0.status=1) 
        and (
            ? is null 
            or ?='' 
            or exists(select
                s1_0.student_id from student s1_0 
            where
                s1_0.student_id=a1_0.student_id 
                and s1_0.class_name=?)
        )
2026-06-10 15:45:48.960 [http-nio-0.0.0.0-8080-exec-2] DEBUG org.hibernate.SQL - 
    select
        count_big(a1_0.id) 
    from
        attendance a1_0 
    where
        a1_0.student_status=? 
        and a1_0.check_in_time between ? and ? 
        and a1_0.course_id in (?, ?, ?) 
        and exists(select
            cs1_0.id from course_selection cs1_0 
        where
            cs1_0.student_id=a1_0.student_id 
            and cs1_0.course_id=a1_0.course_id 
            and cs1_0.status=1) 
        and (
            ? is null 
            or ?='' 
            or exists(select
                s1_0.student_id from student s1_0 
            where
                s1_0.student_id=a1_0.student_id 
                and s1_0.class_name=?)
        )
2026-06-10 15:45:48.960 [http-nio-0.0.0.0-8080-exec-2] DEBUG org.hibernate.SQL - 
    select
        count_big(a1_0.id) 
    from
        attendance a1_0 
    where
        a1_0.student_status=? 
        and a1_0.check_in_time between ? and ? 
        and a1_0.course_id in (?, ?, ?) 
        and exists(select
            cs1_0.id from course_selection cs1_0 
        where
            cs1_0.student_id=a1_0.student_id 
            and cs1_0.course_id=a1_0.course_id 
            and cs1_0.status=1) 
        and (
            ? is null 
            or ?='' 
            or exists(select
                s1_0.student_id from student s1_0 
            where
                s1_0.student_id=a1_0.student_id 
                and s1_0.class_name=?)
        )
2026-06-10 15:45:48.960 [http-nio-0.0.0.0-8080-exec-2] DEBUG org.hibernate.SQL - 
    select
        count_big(a1_0.id) 
    from
        attendance a1_0 
    where
        a1_0.student_status=? 
        and a1_0.check_in_time between ? and ? 
        and a1_0.course_id in (?, ?, ?) 
        and exists(select
            cs1_0.id from course_selection cs1_0 
        where
            cs1_0.student_id=a1_0.student_id 
            and cs1_0.course_id=a1_0.course_id 
            and cs1_0.status=1) 
        and (
            ? is null 
            or ?='' 
            or exists(select
                s1_0.student_id from student s1_0 
            where
                s1_0.student_id=a1_0.student_id 
                and s1_0.class_name=?)
        )
2026-06-10 15:45:48.960 [http-nio-0.0.0.0-8080-exec-2] DEBUG org.hibernate.SQL - 
    select
        count_big(a1_0.id) 
    from
        attendance a1_0 
    where
        a1_0.student_status=? 
        and a1_0.check_in_time between ? and ? 
        and a1_0.course_id in (?, ?, ?) 
        and exists(select
            cs1_0.id from course_selection cs1_0 
        where
            cs1_0.student_id=a1_0.student_id 
            and cs1_0.course_id=a1_0.course_id 
            and cs1_0.status=1) 
        and (
            ? is null 
            or ?='' 
            or exists(select
                s1_0.student_id from student s1_0 
            where
                s1_0.student_id=a1_0.student_id 
                and s1_0.class_name=?)
        )
2026-06-10 15:45:48.960 [http-nio-0.0.0.0-8080-exec-2] DEBUG org.hibernate.SQL - 
    select
        count_big(a1_0.id) 
    from
        attendance a1_0 
    where
        a1_0.student_status=? 
        and a1_0.check_in_time between ? and ? 
        and a1_0.course_id in (?, ?, ?) 
        and exists(select
            cs1_0.id from course_selection cs1_0 
        where
            cs1_0.student_id=a1_0.student_id 
            and cs1_0.course_id=a1_0.course_id 
            and cs1_0.status=1) 
        and (
            ? is null 
            or ?='' 
            or exists(select
                s1_0.student_id from student s1_0 
            where
                s1_0.student_id=a1_0.student_id 
                and s1_0.class_name=?)
        )
2026-06-10 15:45:48.971 [http-nio-0.0.0.0-8080-exec-2] DEBUG org.hibernate.SQL - 
    select
        count_big(a1_0.id) 
    from
        attendance a1_0 
    where
        a1_0.student_status=? 
        and a1_0.check_in_time between ? and ? 
        and a1_0.course_id in (?, ?, ?) 
        and exists(select
            cs1_0.id from course_selection cs1_0 
        where
            cs1_0.student_id=a1_0.student_id 
            and cs1_0.course_id=a1_0.course_id 
            and cs1_0.status=1) 
        and (
            ? is null 
            or ?='' 
            or exists(select
                s1_0.student_id from student s1_0 
            where
                s1_0.student_id=a1_0.student_id 
                and s1_0.class_name=?)
        )
2026-06-10 15:45:48.972 [http-nio-0.0.0.0-8080-exec-2] DEBUG org.hibernate.SQL - 
    select
        count_big(a1_0.id) 
    from
        attendance a1_0 
    where
        a1_0.student_status=? 
        and a1_0.check_in_time between ? and ? 
        and a1_0.course_id in (?, ?, ?) 
        and exists(select
            cs1_0.id from course_selection cs1_0 
        where
            cs1_0.student_id=a1_0.student_id 
            and cs1_0.course_id=a1_0.course_id 
            and cs1_0.status=1) 
        and (
            ? is null 
            or ?='' 
            or exists(select
                s1_0.student_id from student s1_0 
            where
                s1_0.student_id=a1_0.student_id 
                and s1_0.class_name=?)
        )
2026-06-10 15:45:48.972 [http-nio-0.0.0.0-8080-exec-2] DEBUG org.hibernate.SQL - 
    select
        count_big(a1_0.id) 
    from
        attendance a1_0 
    where
        a1_0.student_status=? 
        and a1_0.check_in_time between ? and ? 
        and a1_0.course_id in (?, ?, ?) 
        and exists(select
            cs1_0.id from course_selection cs1_0 
        where
            cs1_0.student_id=a1_0.student_id 
            and cs1_0.course_id=a1_0.course_id 
            and cs1_0.status=1) 
        and (
            ? is null 
            or ?='' 
            or exists(select
                s1_0.student_id from student s1_0 
            where
                s1_0.student_id=a1_0.student_id 
                and s1_0.class_name=?)
        )
2026-06-10 15:45:48.972 [http-nio-0.0.0.0-8080-exec-2] DEBUG org.hibernate.SQL - 
    select
        count_big(a1_0.id) 
    from
        attendance a1_0 
    where
        a1_0.student_status=? 
        and a1_0.check_in_time between ? and ? 
        and a1_0.course_id in (?, ?, ?) 
        and exists(select
            cs1_0.id from course_selection cs1_0 
        where
            cs1_0.student_id=a1_0.student_id 
            and cs1_0.course_id=a1_0.course_id 
            and cs1_0.status=1) 
        and (
            ? is null 
            or ?='' 
            or exists(select
                s1_0.student_id from student s1_0 
            where
                s1_0.student_id=a1_0.student_id 
                and s1_0.class_name=?)
        )
2026-06-10 15:45:48.977 [http-nio-0.0.0.0-8080-exec-2] DEBUG org.hibernate.SQL - 
    select
        count_big(a1_0.id) 
    from
        attendance a1_0 
    where
        a1_0.student_status=? 
        and a1_0.check_in_time between ? and ? 
        and a1_0.course_id in (?, ?, ?) 
        and exists(select
            cs1_0.id from course_selection cs1_0 
        where
            cs1_0.student_id=a1_0.student_id 
            and cs1_0.course_id=a1_0.course_id 
            and cs1_0.status=1) 
        and (
            ? is null 
            or ?='' 
            or exists(select
                s1_0.student_id from student s1_0 
            where
                s1_0.student_id=a1_0.student_id 
                and s1_0.class_name=?)
        )
2026-06-10 15:45:48.977 [http-nio-0.0.0.0-8080-exec-2] DEBUG org.hibernate.SQL - 
    select
        count_big(a1_0.id) 
    from
        attendance a1_0 
    where
        a1_0.student_status=? 
        and a1_0.check_in_time between ? and ? 
        and a1_0.course_id in (?, ?, ?) 
        and exists(select
            cs1_0.id from course_selection cs1_0 
        where
            cs1_0.student_id=a1_0.student_id 
            and cs1_0.course_id=a1_0.course_id 
            and cs1_0.status=1) 
        and (
            ? is null 
            or ?='' 
            or exists(select
                s1_0.student_id from student s1_0 
            where
                s1_0.student_id=a1_0.student_id 
                and s1_0.class_name=?)
        )
2026-06-10 15:45:48.977 [http-nio-0.0.0.0-8080-exec-2] DEBUG org.hibernate.SQL - 
    select
        count_big(a1_0.id) 
    from
        attendance a1_0 
    where
        a1_0.student_status=? 
        and a1_0.check_in_time between ? and ? 
        and a1_0.course_id in (?, ?, ?) 
        and exists(select
            cs1_0.id from course_selection cs1_0 
        where
            cs1_0.student_id=a1_0.student_id 
            and cs1_0.course_id=a1_0.course_id 
            and cs1_0.status=1) 
        and (
            ? is null 
            or ?='' 
            or exists(select
                s1_0.student_id from student s1_0 
            where
                s1_0.student_id=a1_0.student_id 
                and s1_0.class_name=?)
        )
2026-06-10 15:45:48.977 [http-nio-0.0.0.0-8080-exec-2] DEBUG org.hibernate.SQL - 
    select
        count_big(a1_0.id) 
    from
        attendance a1_0 
    where
        a1_0.student_status=? 
        and a1_0.check_in_time between ? and ? 
        and a1_0.course_id in (?, ?, ?) 
        and exists(select
            cs1_0.id from course_selection cs1_0 
        where
            cs1_0.student_id=a1_0.student_id 
            and cs1_0.course_id=a1_0.course_id 
            and cs1_0.status=1) 
        and (
            ? is null 
            or ?='' 
            or exists(select
                s1_0.student_id from student s1_0 
            where
                s1_0.student_id=a1_0.student_id 
                and s1_0.class_name=?)
        )
2026-06-10 15:45:48.977 [http-nio-0.0.0.0-8080-exec-2] DEBUG org.hibernate.SQL - 
    select
        count_big(a1_0.id) 
    from
        attendance a1_0 
    where
        a1_0.student_status=? 
        and a1_0.check_in_time between ? and ? 
        and a1_0.course_id in (?, ?, ?) 
        and exists(select
            cs1_0.id from course_selection cs1_0 
        where
            cs1_0.student_id=a1_0.student_id 
            and cs1_0.course_id=a1_0.course_id 
            and cs1_0.status=1) 
        and (
            ? is null 
            or ?='' 
            or exists(select
                s1_0.student_id from student s1_0 
            where
                s1_0.student_id=a1_0.student_id 
                and s1_0.class_name=?)
        )
2026-06-10 15:45:48.977 [http-nio-0.0.0.0-8080-exec-2] DEBUG org.hibernate.SQL - 
    select
        count_big(a1_0.id) 
    from
        attendance a1_0 
    where
        a1_0.student_status=? 
        and a1_0.check_in_time between ? and ? 
        and a1_0.course_id in (?, ?, ?) 
        and exists(select
            cs1_0.id from course_selection cs1_0 
        where
            cs1_0.student_id=a1_0.student_id 
            and cs1_0.course_id=a1_0.course_id 
            and cs1_0.status=1) 
        and (
            ? is null 
            or ?='' 
            or exists(select
                s1_0.student_id from student s1_0 
            where
                s1_0.student_id=a1_0.student_id 
                and s1_0.class_name=?)
        )
2026-06-10 15:45:48.988 [http-nio-0.0.0.0-8080-exec-2] DEBUG org.hibernate.SQL - 
    select
        count_big(a1_0.id) 
    from
        attendance a1_0 
    where
        a1_0.student_status=? 
        and a1_0.check_in_time between ? and ? 
        and a1_0.course_id in (?, ?, ?) 
        and exists(select
            cs1_0.id from course_selection cs1_0 
        where
            cs1_0.student_id=a1_0.student_id 
            and cs1_0.course_id=a1_0.course_id 
            and cs1_0.status=1) 
        and (
            ? is null 
            or ?='' 
            or exists(select
                s1_0.student_id from student s1_0 
            where
                s1_0.student_id=a1_0.student_id 
                and s1_0.class_name=?)
        )
2026-06-10 15:45:48.989 [http-nio-0.0.0.0-8080-exec-2] DEBUG org.hibernate.SQL - 
    select
        count_big(a1_0.id) 
    from
        attendance a1_0 
    where
        a1_0.student_status=? 
        and a1_0.check_in_time between ? and ? 
        and a1_0.course_id in (?, ?, ?) 
        and exists(select
            cs1_0.id from course_selection cs1_0 
        where
            cs1_0.student_id=a1_0.student_id 
            and cs1_0.course_id=a1_0.course_id 
            and cs1_0.status=1) 
        and (
            ? is null 
            or ?='' 
            or exists(select
                s1_0.student_id from student s1_0 
            where
                s1_0.student_id=a1_0.student_id 
                and s1_0.class_name=?)
        )
2026-06-10 15:45:48.989 [http-nio-0.0.0.0-8080-exec-2] DEBUG org.hibernate.SQL - 
    select
        count_big(a1_0.id) 
    from
        attendance a1_0 
    where
        a1_0.student_status=? 
        and a1_0.check_in_time between ? and ? 
        and a1_0.course_id in (?, ?, ?) 
        and exists(select
            cs1_0.id from course_selection cs1_0 
        where
            cs1_0.student_id=a1_0.student_id 
            and cs1_0.course_id=a1_0.course_id 
            and cs1_0.status=1) 
        and (
            ? is null 
            or ?='' 
            or exists(select
                s1_0.student_id from student s1_0 
            where
                s1_0.student_id=a1_0.student_id 
                and s1_0.class_name=?)
        )
2026-06-10 15:45:48.989 [http-nio-0.0.0.0-8080-exec-2] DEBUG org.hibernate.SQL - 
    select
        count_big(a1_0.id) 
    from
        attendance a1_0 
    where
        a1_0.student_status=? 
        and a1_0.check_in_time between ? and ? 
        and a1_0.course_id in (?, ?, ?) 
        and exists(select
            cs1_0.id from course_selection cs1_0 
        where
            cs1_0.student_id=a1_0.student_id 
            and cs1_0.course_id=a1_0.course_id 
            and cs1_0.status=1) 
        and (
            ? is null 
            or ?='' 
            or exists(select
                s1_0.student_id from student s1_0 
            where
                s1_0.student_id=a1_0.student_id 
                and s1_0.class_name=?)
        )
2026-06-10 15:45:48.989 [http-nio-0.0.0.0-8080-exec-2] DEBUG org.hibernate.SQL - 
    select
        count_big(a1_0.id) 
    from
        attendance a1_0 
    where
        a1_0.student_status=? 
        and a1_0.check_in_time between ? and ? 
        and a1_0.course_id in (?, ?, ?) 
        and exists(select
            cs1_0.id from course_selection cs1_0 
        where
            cs1_0.student_id=a1_0.student_id 
            and cs1_0.course_id=a1_0.course_id 
            and cs1_0.status=1) 
        and (
            ? is null 
            or ?='' 
            or exists(select
                s1_0.student_id from student s1_0 
            where
                s1_0.student_id=a1_0.student_id 
                and s1_0.class_name=?)
        )
2026-06-10 15:45:48.993 [http-nio-0.0.0.0-8080-exec-2] DEBUG org.hibernate.SQL - 
    select
        count_big(a1_0.id) 
    from
        attendance a1_0 
    where
        a1_0.student_status=? 
        and a1_0.check_in_time between ? and ? 
        and a1_0.course_id in (?, ?, ?) 
        and exists(select
            cs1_0.id from course_selection cs1_0 
        where
            cs1_0.student_id=a1_0.student_id 
            and cs1_0.course_id=a1_0.course_id 
            and cs1_0.status=1) 
        and (
            ? is null 
            or ?='' 
            or exists(select
                s1_0.student_id from student s1_0 
            where
                s1_0.student_id=a1_0.student_id 
                and s1_0.class_name=?)
        )
2026-06-10 15:45:48.993 [http-nio-0.0.0.0-8080-exec-2] DEBUG org.hibernate.SQL - 
    select
        count_big(a1_0.id) 
    from
        attendance a1_0 
    where
        a1_0.student_status=? 
        and a1_0.check_in_time between ? and ? 
        and a1_0.course_id in (?, ?, ?) 
        and exists(select
            cs1_0.id from course_selection cs1_0 
        where
            cs1_0.student_id=a1_0.student_id 
            and cs1_0.course_id=a1_0.course_id 
            and cs1_0.status=1) 
        and (
            ? is null 
            or ?='' 
            or exists(select
                s1_0.student_id from student s1_0 
            where
                s1_0.student_id=a1_0.student_id 
                and s1_0.class_name=?)
        )
2026-06-10 15:45:48.993 [http-nio-0.0.0.0-8080-exec-2] DEBUG org.hibernate.SQL - 
    select
        count_big(a1_0.id) 
    from
        attendance a1_0 
    where
        a1_0.student_status=? 
        and a1_0.check_in_time between ? and ? 
        and a1_0.course_id in (?, ?, ?) 
        and exists(select
            cs1_0.id from course_selection cs1_0 
        where
            cs1_0.student_id=a1_0.student_id 
            and cs1_0.course_id=a1_0.course_id 
            and cs1_0.status=1) 
        and (
            ? is null 
            or ?='' 
            or exists(select
                s1_0.student_id from student s1_0 
            where
                s1_0.student_id=a1_0.student_id 
                and s1_0.class_name=?)
        )
2026-06-10 15:45:48.993 [http-nio-0.0.0.0-8080-exec-2] DEBUG org.hibernate.SQL - 
    select
        count_big(a1_0.id) 
    from
        attendance a1_0 
    where
        a1_0.student_status=? 
        and a1_0.check_in_time between ? and ? 
        and a1_0.course_id in (?, ?, ?) 
        and exists(select
            cs1_0.id from course_selection cs1_0 
        where
            cs1_0.student_id=a1_0.student_id 
            and cs1_0.course_id=a1_0.course_id 
            and cs1_0.status=1) 
        and (
            ? is null 
            or ?='' 
            or exists(select
                s1_0.student_id from student s1_0 
            where
                s1_0.student_id=a1_0.student_id 
                and s1_0.class_name=?)
        )
2026-06-10 15:45:48.993 [http-nio-0.0.0.0-8080-exec-2] DEBUG org.hibernate.SQL - 
    select
        count_big(a1_0.id) 
    from
        attendance a1_0 
    where
        a1_0.student_status=? 
        and a1_0.check_in_time between ? and ? 
        and a1_0.course_id in (?, ?, ?) 
        and exists(select
            cs1_0.id from course_selection cs1_0 
        where
            cs1_0.student_id=a1_0.student_id 
            and cs1_0.course_id=a1_0.course_id 
            and cs1_0.status=1) 
        and (
            ? is null 
            or ?='' 
            or exists(select
                s1_0.student_id from student s1_0 
            where
                s1_0.student_id=a1_0.student_id 
                and s1_0.class_name=?)
        )
2026-06-10 15:45:48.993 [http-nio-0.0.0.0-8080-exec-2] DEBUG org.hibernate.SQL - 
    select
        count_big(a1_0.id) 
    from
        attendance a1_0 
    where
        a1_0.student_status=? 
        and a1_0.check_in_time between ? and ? 
        and a1_0.course_id in (?, ?, ?) 
        and exists(select
            cs1_0.id from course_selection cs1_0 
        where
            cs1_0.student_id=a1_0.student_id 
            and cs1_0.course_id=a1_0.course_id 
            and cs1_0.status=1) 
        and (
            ? is null 
            or ?='' 
            or exists(select
                s1_0.student_id from student s1_0 
            where
                s1_0.student_id=a1_0.student_id 
                and s1_0.class_name=?)
        )
2026-06-10 15:45:49.002 [http-nio-0.0.0.0-8080-exec-2] DEBUG org.hibernate.SQL - 
    select
        count_big(a1_0.id) 
    from
        attendance a1_0 
    where
        a1_0.student_status=? 
        and a1_0.check_in_time between ? and ? 
        and a1_0.course_id in (?, ?, ?) 
        and exists(select
            cs1_0.id from course_selection cs1_0 
        where
            cs1_0.student_id=a1_0.student_id 
            and cs1_0.course_id=a1_0.course_id 
            and cs1_0.status=1) 
        and (
            ? is null 
            or ?='' 
            or exists(select
                s1_0.student_id from student s1_0 
            where
                s1_0.student_id=a1_0.student_id 
                and s1_0.class_name=?)
        )
2026-06-10 15:45:49.004 [http-nio-0.0.0.0-8080-exec-2] DEBUG org.hibernate.SQL - 
    select
        count_big(a1_0.id) 
    from
        attendance a1_0 
    where
        a1_0.student_status=? 
        and a1_0.check_in_time between ? and ? 
        and a1_0.course_id in (?, ?, ?) 
        and exists(select
            cs1_0.id from course_selection cs1_0 
        where
            cs1_0.student_id=a1_0.student_id 
            and cs1_0.course_id=a1_0.course_id 
            and cs1_0.status=1) 
        and (
            ? is null 
            or ?='' 
            or exists(select
                s1_0.student_id from student s1_0 
            where
                s1_0.student_id=a1_0.student_id 
                and s1_0.class_name=?)
        )
2026-06-10 15:45:49.004 [http-nio-0.0.0.0-8080-exec-2] DEBUG org.hibernate.SQL - 
    select
        count_big(a1_0.id) 
    from
        attendance a1_0 
    where
        a1_0.student_status=? 
        and a1_0.check_in_time between ? and ? 
        and a1_0.course_id in (?, ?, ?) 
        and exists(select
            cs1_0.id from course_selection cs1_0 
        where
            cs1_0.student_id=a1_0.student_id 
            and cs1_0.course_id=a1_0.course_id 
            and cs1_0.status=1) 
        and (
            ? is null 
            or ?='' 
            or exists(select
                s1_0.student_id from student s1_0 
            where
                s1_0.student_id=a1_0.student_id 
                and s1_0.class_name=?)
        )
2026-06-10 15:45:49.004 [http-nio-0.0.0.0-8080-exec-2] DEBUG org.hibernate.SQL - 
    select
        count_big(a1_0.id) 
    from
        attendance a1_0 
    where
        a1_0.student_status=? 
        and a1_0.check_in_time between ? and ? 
        and a1_0.course_id in (?, ?, ?) 
        and exists(select
            cs1_0.id from course_selection cs1_0 
        where
            cs1_0.student_id=a1_0.student_id 
            and cs1_0.course_id=a1_0.course_id 
            and cs1_0.status=1) 
        and (
            ? is null 
            or ?='' 
            or exists(select
                s1_0.student_id from student s1_0 
            where
                s1_0.student_id=a1_0.student_id 
                and s1_0.class_name=?)
        )
2026-06-10 15:45:49.004 [http-nio-0.0.0.0-8080-exec-2] DEBUG org.hibernate.SQL - 
    select
        count_big(a1_0.id) 
    from
        attendance a1_0 
    where
        a1_0.student_status=? 
        and a1_0.check_in_time between ? and ? 
        and a1_0.course_id in (?, ?, ?) 
        and exists(select
            cs1_0.id from course_selection cs1_0 
        where
            cs1_0.student_id=a1_0.student_id 
            and cs1_0.course_id=a1_0.course_id 
            and cs1_0.status=1) 
        and (
            ? is null 
            or ?='' 
            or exists(select
                s1_0.student_id from student s1_0 
            where
                s1_0.student_id=a1_0.student_id 
                and s1_0.class_name=?)
        )
2026-06-10 15:45:49.004 [http-nio-0.0.0.0-8080-exec-2] DEBUG org.hibernate.SQL - 
    select
        count_big(a1_0.id) 
    from
        attendance a1_0 
    where
        a1_0.student_status=? 
        and a1_0.check_in_time between ? and ? 
        and a1_0.course_id in (?, ?, ?) 
        and exists(select
            cs1_0.id from course_selection cs1_0 
        where
            cs1_0.student_id=a1_0.student_id 
            and cs1_0.course_id=a1_0.course_id 
            and cs1_0.status=1) 
        and (
            ? is null 
            or ?='' 
            or exists(select
                s1_0.student_id from student s1_0 
            where
                s1_0.student_id=a1_0.student_id 
                and s1_0.class_name=?)
        )
2026-06-10 15:45:49.004 [http-nio-0.0.0.0-8080-exec-2] DEBUG org.hibernate.SQL - 
    select
        count_big(a1_0.id) 
    from
        attendance a1_0 
    where
        a1_0.student_status=? 
        and a1_0.check_in_time between ? and ? 
        and a1_0.course_id in (?, ?, ?) 
        and exists(select
            cs1_0.id from course_selection cs1_0 
        where
            cs1_0.student_id=a1_0.student_id 
            and cs1_0.course_id=a1_0.course_id 
            and cs1_0.status=1) 
        and (
            ? is null 
            or ?='' 
            or exists(select
                s1_0.student_id from student s1_0 
            where
                s1_0.student_id=a1_0.student_id 
                and s1_0.class_name=?)
        )
2026-06-10 15:45:49.004 [http-nio-0.0.0.0-8080-exec-2] DEBUG org.hibernate.SQL - 
    select
        count_big(a1_0.id) 
    from
        attendance a1_0 
    where
        a1_0.student_status=? 
        and a1_0.check_in_time between ? and ? 
        and a1_0.course_id in (?, ?, ?) 
        and exists(select
            cs1_0.id from course_selection cs1_0 
        where
            cs1_0.student_id=a1_0.student_id 
            and cs1_0.course_id=a1_0.course_id 
            and cs1_0.status=1) 
        and (
            ? is null 
            or ?='' 
            or exists(select
                s1_0.student_id from student s1_0 
            where
                s1_0.student_id=a1_0.student_id 
                and s1_0.class_name=?)
        )
2026-06-10 15:45:49.015 [http-nio-0.0.0.0-8080-exec-2] DEBUG org.hibernate.SQL - 
    select
        count_big(a1_0.id) 
    from
        attendance a1_0 
    where
        a1_0.student_status=? 
        and a1_0.check_in_time between ? and ? 
        and a1_0.course_id in (?, ?, ?) 
        and exists(select
            cs1_0.id from course_selection cs1_0 
        where
            cs1_0.student_id=a1_0.student_id 
            and cs1_0.course_id=a1_0.course_id 
            and cs1_0.status=1) 
        and (
            ? is null 
            or ?='' 
            or exists(select
                s1_0.student_id from student s1_0 
            where
                s1_0.student_id=a1_0.student_id 
                and s1_0.class_name=?)
        )
2026-06-10 15:45:49.017 [http-nio-0.0.0.0-8080-exec-2] DEBUG org.hibernate.SQL - 
    select
        count_big(a1_0.id) 
    from
        attendance a1_0 
    where
        a1_0.student_status=? 
        and a1_0.check_in_time between ? and ? 
        and a1_0.course_id in (?, ?, ?) 
        and exists(select
            cs1_0.id from course_selection cs1_0 
        where
            cs1_0.student_id=a1_0.student_id 
            and cs1_0.course_id=a1_0.course_id 
            and cs1_0.status=1) 
        and (
            ? is null 
            or ?='' 
            or exists(select
                s1_0.student_id from student s1_0 
            where
                s1_0.student_id=a1_0.student_id 
                and s1_0.class_name=?)
        )
2026-06-10 15:45:49.020 [http-nio-0.0.0.0-8080-exec-2] DEBUG org.hibernate.SQL - 
    select
        count_big(a1_0.id) 
    from
        attendance a1_0 
    where
        a1_0.student_status=? 
        and a1_0.check_in_time between ? and ? 
        and a1_0.course_id in (?, ?, ?) 
        and exists(select
            cs1_0.id from course_selection cs1_0 
        where
            cs1_0.student_id=a1_0.student_id 
            and cs1_0.course_id=a1_0.course_id 
            and cs1_0.status=1) 
        and (
            ? is null 
            or ?='' 
            or exists(select
                s1_0.student_id from student s1_0 
            where
                s1_0.student_id=a1_0.student_id 
                and s1_0.class_name=?)
        )
2026-06-10 15:45:49.020 [http-nio-0.0.0.0-8080-exec-2] DEBUG org.hibernate.SQL - 
    select
        count_big(a1_0.id) 
    from
        attendance a1_0 
    where
        a1_0.student_status=? 
        and a1_0.check_in_time between ? and ? 
        and a1_0.course_id in (?, ?, ?) 
        and exists(select
            cs1_0.id from course_selection cs1_0 
        where
            cs1_0.student_id=a1_0.student_id 
            and cs1_0.course_id=a1_0.course_id 
            and cs1_0.status=1) 
        and (
            ? is null 
            or ?='' 
            or exists(select
                s1_0.student_id from student s1_0 
            where
                s1_0.student_id=a1_0.student_id 
                and s1_0.class_name=?)
        )
2026-06-10 15:45:49.020 [http-nio-0.0.0.0-8080-exec-2] DEBUG org.hibernate.SQL - 
    select
        count_big(a1_0.id) 
    from
        attendance a1_0 
    where
        a1_0.student_status=? 
        and a1_0.check_in_time between ? and ? 
        and a1_0.course_id in (?, ?, ?) 
        and exists(select
            cs1_0.id from course_selection cs1_0 
        where
            cs1_0.student_id=a1_0.student_id 
            and cs1_0.course_id=a1_0.course_id 
            and cs1_0.status=1) 
        and (
            ? is null 
            or ?='' 
            or exists(select
                s1_0.student_id from student s1_0 
            where
                s1_0.student_id=a1_0.student_id 
                and s1_0.class_name=?)
        )
2026-06-10 15:45:49.024 [http-nio-0.0.0.0-8080-exec-2] DEBUG org.hibernate.SQL - 
    select
        count_big(a1_0.id) 
    from
        attendance a1_0 
    where
        a1_0.student_status=? 
        and a1_0.check_in_time between ? and ? 
        and a1_0.course_id in (?, ?, ?) 
        and exists(select
            cs1_0.id from course_selection cs1_0 
        where
            cs1_0.student_id=a1_0.student_id 
            and cs1_0.course_id=a1_0.course_id 
            and cs1_0.status=1) 
        and (
            ? is null 
            or ?='' 
            or exists(select
                s1_0.student_id from student s1_0 
            where
                s1_0.student_id=a1_0.student_id 
                and s1_0.class_name=?)
        )
2026-06-10 15:45:49.024 [http-nio-0.0.0.0-8080-exec-2] DEBUG org.hibernate.SQL - 
    select
        count_big(a1_0.id) 
    from
        attendance a1_0 
    where
        a1_0.student_status=? 
        and a1_0.check_in_time between ? and ? 
        and a1_0.course_id in (?, ?, ?) 
        and exists(select
            cs1_0.id from course_selection cs1_0 
        where
            cs1_0.student_id=a1_0.student_id 
            and cs1_0.course_id=a1_0.course_id 
            and cs1_0.status=1) 
        and (
            ? is null 
            or ?='' 
            or exists(select
                s1_0.student_id from student s1_0 
            where
                s1_0.student_id=a1_0.student_id 
                and s1_0.class_name=?)
        )
2026-06-10 15:45:49.027 [http-nio-0.0.0.0-8080-exec-2] DEBUG org.hibernate.SQL - 
    select
        count_big(a1_0.id) 
    from
        attendance a1_0 
    where
        a1_0.student_status=? 
        and a1_0.check_in_time between ? and ? 
        and a1_0.course_id in (?, ?, ?) 
        and exists(select
            cs1_0.id from course_selection cs1_0 
        where
            cs1_0.student_id=a1_0.student_id 
            and cs1_0.course_id=a1_0.course_id 
            and cs1_0.status=1) 
        and (
            ? is null 
            or ?='' 
            or exists(select
                s1_0.student_id from student s1_0 
            where
                s1_0.student_id=a1_0.student_id 
                and s1_0.class_name=?)
        )
2026-06-10 15:45:49.027 [http-nio-0.0.0.0-8080-exec-2] DEBUG org.hibernate.SQL - 
    select
        count_big(a1_0.id) 
    from
        attendance a1_0 
    where
        a1_0.student_status=? 
        and a1_0.check_in_time between ? and ? 
        and a1_0.course_id in (?, ?, ?) 
        and exists(select
            cs1_0.id from course_selection cs1_0 
        where
            cs1_0.student_id=a1_0.student_id 
            and cs1_0.course_id=a1_0.course_id 
            and cs1_0.status=1) 
        and (
            ? is null 
            or ?='' 
            or exists(select
                s1_0.student_id from student s1_0 
            where
                s1_0.student_id=a1_0.student_id 
                and s1_0.class_name=?)
        )
2026-06-10 15:45:49.027 [http-nio-0.0.0.0-8080-exec-2] DEBUG org.hibernate.SQL - 
    select
        count_big(a1_0.id) 
    from
        attendance a1_0 
    where
        a1_0.student_status=? 
        and a1_0.check_in_time between ? and ? 
        and a1_0.course_id in (?, ?, ?) 
        and exists(select
            cs1_0.id from course_selection cs1_0 
        where
            cs1_0.student_id=a1_0.student_id 
            and cs1_0.course_id=a1_0.course_id 
            and cs1_0.status=1) 
        and (
            ? is null 
            or ?='' 
            or exists(select
                s1_0.student_id from student s1_0 
            where
                s1_0.student_id=a1_0.student_id 
                and s1_0.class_name=?)
        )
2026-06-10 15:45:49.027 [http-nio-0.0.0.0-8080-exec-2] DEBUG org.hibernate.SQL - 
    select
        count_big(a1_0.id) 
    from
        attendance a1_0 
    where
        a1_0.student_status=? 
        and a1_0.check_in_time between ? and ? 
        and a1_0.course_id in (?, ?, ?) 
        and exists(select
            cs1_0.id from course_selection cs1_0 
        where
            cs1_0.student_id=a1_0.student_id 
            and cs1_0.course_id=a1_0.course_id 
            and cs1_0.status=1) 
        and (
            ? is null 
            or ?='' 
            or exists(select
                s1_0.student_id from student s1_0 
            where
                s1_0.student_id=a1_0.student_id 
                and s1_0.class_name=?)
        )
2026-06-10 15:45:49.027 [http-nio-0.0.0.0-8080-exec-2] DEBUG org.hibernate.SQL - 
    select
        count_big(a1_0.id) 
    from
        attendance a1_0 
    where
        a1_0.student_status=? 
        and a1_0.check_in_time between ? and ? 
        and a1_0.course_id in (?, ?, ?) 
        and exists(select
            cs1_0.id from course_selection cs1_0 
        where
            cs1_0.student_id=a1_0.student_id 
            and cs1_0.course_id=a1_0.course_id 
            and cs1_0.status=1) 
        and (
            ? is null 
            or ?='' 
            or exists(select
                s1_0.student_id from student s1_0 
            where
                s1_0.student_id=a1_0.student_id 
                and s1_0.class_name=?)
        )
2026-06-10 15:45:49.033 [http-nio-0.0.0.0-8080-exec-2] DEBUG org.hibernate.SQL - 
    select
        count_big(a1_0.id) 
    from
        attendance a1_0 
    where
        a1_0.student_status=? 
        and a1_0.check_in_time between ? and ? 
        and a1_0.course_id in (?, ?, ?) 
        and exists(select
            cs1_0.id from course_selection cs1_0 
        where
            cs1_0.student_id=a1_0.student_id 
            and cs1_0.course_id=a1_0.course_id 
            and cs1_0.status=1) 
        and (
            ? is null 
            or ?='' 
            or exists(select
                s1_0.student_id from student s1_0 
            where
                s1_0.student_id=a1_0.student_id 
                and s1_0.class_name=?)
        )
2026-06-10 15:45:49.036 [http-nio-0.0.0.0-8080-exec-2] DEBUG org.hibernate.SQL - 
    select
        count_big(a1_0.id) 
    from
        attendance a1_0 
    where
        a1_0.student_status=? 
        and a1_0.check_in_time between ? and ? 
        and a1_0.course_id in (?, ?, ?) 
        and exists(select
            cs1_0.id from course_selection cs1_0 
        where
            cs1_0.student_id=a1_0.student_id 
            and cs1_0.course_id=a1_0.course_id 
            and cs1_0.status=1) 
        and (
            ? is null 
            or ?='' 
            or exists(select
                s1_0.student_id from student s1_0 
            where
                s1_0.student_id=a1_0.student_id 
                and s1_0.class_name=?)
        )
2026-06-10 15:45:49.038 [http-nio-0.0.0.0-8080-exec-2] DEBUG org.hibernate.SQL - 
    select
        count_big(a1_0.id) 
    from
        attendance a1_0 
    where
        a1_0.student_status=? 
        and a1_0.check_in_time between ? and ? 
        and a1_0.course_id in (?, ?, ?) 
        and exists(select
            cs1_0.id from course_selection cs1_0 
        where
            cs1_0.student_id=a1_0.student_id 
            and cs1_0.course_id=a1_0.course_id 
            and cs1_0.status=1) 
        and (
            ? is null 
            or ?='' 
            or exists(select
                s1_0.student_id from student s1_0 
            where
                s1_0.student_id=a1_0.student_id 
                and s1_0.class_name=?)
        )
2026-06-10 15:45:49.038 [http-nio-0.0.0.0-8080-exec-2] DEBUG org.hibernate.SQL - 
    select
        count_big(a1_0.id) 
    from
        attendance a1_0 
    where
        a1_0.student_status=? 
        and a1_0.check_in_time between ? and ? 
        and a1_0.course_id in (?, ?, ?) 
        and exists(select
            cs1_0.id from course_selection cs1_0 
        where
            cs1_0.student_id=a1_0.student_id 
            and cs1_0.course_id=a1_0.course_id 
            and cs1_0.status=1) 
        and (
            ? is null 
            or ?='' 
            or exists(select
                s1_0.student_id from student s1_0 
            where
                s1_0.student_id=a1_0.student_id 
                and s1_0.class_name=?)
        )
2026-06-10 15:45:49.038 [http-nio-0.0.0.0-8080-exec-2] DEBUG org.hibernate.SQL - 
    select
        count_big(a1_0.id) 
    from
        attendance a1_0 
    where
        a1_0.student_status=? 
        and a1_0.check_in_time between ? and ? 
        and a1_0.course_id in (?, ?, ?) 
        and exists(select
            cs1_0.id from course_selection cs1_0 
        where
            cs1_0.student_id=a1_0.student_id 
            and cs1_0.course_id=a1_0.course_id 
            and cs1_0.status=1) 
        and (
            ? is null 
            or ?='' 
            or exists(select
                s1_0.student_id from student s1_0 
            where
                s1_0.student_id=a1_0.student_id 
                and s1_0.class_name=?)
        )
2026-06-10 15:45:49.038 [http-nio-0.0.0.0-8080-exec-2] DEBUG org.hibernate.SQL - 
    select
        count_big(a1_0.id) 
    from
        attendance a1_0 
    where
        a1_0.student_status=? 
        and a1_0.check_in_time between ? and ? 
        and a1_0.course_id in (?, ?, ?) 
        and exists(select
            cs1_0.id from course_selection cs1_0 
        where
            cs1_0.student_id=a1_0.student_id 
            and cs1_0.course_id=a1_0.course_id 
            and cs1_0.status=1) 
        and (
            ? is null 
            or ?='' 
            or exists(select
                s1_0.student_id from student s1_0 
            where
                s1_0.student_id=a1_0.student_id 
                and s1_0.class_name=?)
        )
2026-06-10 15:45:49.043 [http-nio-0.0.0.0-8080-exec-2] DEBUG org.hibernate.SQL - 
    select
        count_big(a1_0.id) 
    from
        attendance a1_0 
    where
        a1_0.student_status=? 
        and a1_0.check_in_time between ? and ? 
        and a1_0.course_id in (?, ?, ?) 
        and exists(select
            cs1_0.id from course_selection cs1_0 
        where
            cs1_0.student_id=a1_0.student_id 
            and cs1_0.course_id=a1_0.course_id 
            and cs1_0.status=1) 
        and (
            ? is null 
            or ?='' 
            or exists(select
                s1_0.student_id from student s1_0 
            where
                s1_0.student_id=a1_0.student_id 
                and s1_0.class_name=?)
        )
2026-06-10 15:45:49.044 [http-nio-0.0.0.0-8080-exec-2] DEBUG org.hibernate.SQL - 
    select
        count_big(a1_0.id) 
    from
        attendance a1_0 
    where
        a1_0.student_status=? 
        and a1_0.check_in_time between ? and ? 
        and a1_0.course_id in (?, ?, ?) 
        and exists(select
            cs1_0.id from course_selection cs1_0 
        where
            cs1_0.student_id=a1_0.student_id 
            and cs1_0.course_id=a1_0.course_id 
            and cs1_0.status=1) 
        and (
            ? is null 
            or ?='' 
            or exists(select
                s1_0.student_id from student s1_0 
            where
                s1_0.student_id=a1_0.student_id 
                and s1_0.class_name=?)
        )
2026-06-10 15:45:49.045 [http-nio-0.0.0.0-8080-exec-2] DEBUG org.hibernate.SQL - 
    select
        count_big(a1_0.id) 
    from
        attendance a1_0 
    where
        a1_0.student_status=? 
        and a1_0.check_in_time between ? and ? 
        and a1_0.course_id in (?, ?, ?) 
        and exists(select
            cs1_0.id from course_selection cs1_0 
        where
            cs1_0.student_id=a1_0.student_id 
            and cs1_0.course_id=a1_0.course_id 
            and cs1_0.status=1) 
        and (
            ? is null 
            or ?='' 
            or exists(select
                s1_0.student_id from student s1_0 
            where
                s1_0.student_id=a1_0.student_id 
                and s1_0.class_name=?)
        )
2026-06-10 15:45:49.045 [http-nio-0.0.0.0-8080-exec-2] DEBUG org.hibernate.SQL - 
    select
        count_big(a1_0.id) 
    from
        attendance a1_0 
    where
        a1_0.student_status=? 
        and a1_0.check_in_time between ? and ? 
        and a1_0.course_id in (?, ?, ?) 
        and exists(select
            cs1_0.id from course_selection cs1_0 
        where
            cs1_0.student_id=a1_0.student_id 
            and cs1_0.course_id=a1_0.course_id 
            and cs1_0.status=1) 
        and (
            ? is null 
            or ?='' 
            or exists(select
                s1_0.student_id from student s1_0 
            where
                s1_0.student_id=a1_0.student_id 
                and s1_0.class_name=?)
        )
2026-06-10 15:45:49.045 [http-nio-0.0.0.0-8080-exec-2] DEBUG org.hibernate.SQL - 
    select
        count_big(a1_0.id) 
    from
        attendance a1_0 
    where
        a1_0.student_status=? 
        and a1_0.check_in_time between ? and ? 
        and a1_0.course_id in (?, ?, ?) 
        and exists(select
            cs1_0.id from course_selection cs1_0 
        where
            cs1_0.student_id=a1_0.student_id 
            and cs1_0.course_id=a1_0.course_id 
            and cs1_0.status=1) 
        and (
            ? is null 
            or ?='' 
            or exists(select
                s1_0.student_id from student s1_0 
            where
                s1_0.student_id=a1_0.student_id 
                and s1_0.class_name=?)
        )
2026-06-10 15:45:49.049 [http-nio-0.0.0.0-8080-exec-2] DEBUG org.hibernate.SQL - 
    select
        count_big(a1_0.id) 
    from
        attendance a1_0 
    where
        a1_0.student_status=? 
        and a1_0.check_in_time between ? and ? 
        and a1_0.course_id in (?, ?, ?) 
        and exists(select
            cs1_0.id from course_selection cs1_0 
        where
            cs1_0.student_id=a1_0.student_id 
            and cs1_0.course_id=a1_0.course_id 
            and cs1_0.status=1) 
        and (
            ? is null 
            or ?='' 
            or exists(select
                s1_0.student_id from student s1_0 
            where
                s1_0.student_id=a1_0.student_id 
                and s1_0.class_name=?)
        )
2026-06-10 15:45:49.050 [http-nio-0.0.0.0-8080-exec-2] DEBUG org.hibernate.SQL - 
    select
        count_big(a1_0.id) 
    from
        attendance a1_0 
    where
        a1_0.student_status=? 
        and a1_0.check_in_time between ? and ? 
        and a1_0.course_id in (?, ?, ?) 
        and exists(select
            cs1_0.id from course_selection cs1_0 
        where
            cs1_0.student_id=a1_0.student_id 
            and cs1_0.course_id=a1_0.course_id 
            and cs1_0.status=1) 
        and (
            ? is null 
            or ?='' 
            or exists(select
                s1_0.student_id from student s1_0 
            where
                s1_0.student_id=a1_0.student_id 
                and s1_0.class_name=?)
        )
2026-06-10 15:45:49.050 [http-nio-0.0.0.0-8080-exec-2] DEBUG org.hibernate.SQL - 
    select
        count_big(a1_0.id) 
    from
        attendance a1_0 
    where
        a1_0.student_status=? 
        and a1_0.check_in_time between ? and ? 
        and a1_0.course_id in (?, ?, ?) 
        and exists(select
            cs1_0.id from course_selection cs1_0 
        where
            cs1_0.student_id=a1_0.student_id 
            and cs1_0.course_id=a1_0.course_id 
            and cs1_0.status=1) 
        and (
            ? is null 
            or ?='' 
            or exists(select
                s1_0.student_id from student s1_0 
            where
                s1_0.student_id=a1_0.student_id 
                and s1_0.class_name=?)
        )
2026-06-10 15:45:49.054 [http-nio-0.0.0.0-8080-exec-2] DEBUG org.hibernate.SQL - 
    select
        count_big(a1_0.id) 
    from
        attendance a1_0 
    where
        a1_0.student_status=? 
        and a1_0.check_in_time between ? and ? 
        and a1_0.course_id in (?, ?, ?) 
        and exists(select
            cs1_0.id from course_selection cs1_0 
        where
            cs1_0.student_id=a1_0.student_id 
            and cs1_0.course_id=a1_0.course_id 
            and cs1_0.status=1) 
        and (
            ? is null 
            or ?='' 
            or exists(select
                s1_0.student_id from student s1_0 
            where
                s1_0.student_id=a1_0.student_id 
                and s1_0.class_name=?)
        )
2026-06-10 15:45:49.084 [http-nio-0.0.0.0-8080-exec-2] DEBUG org.hibernate.SQL - 
    select
        count_big(a1_0.id) 
    from
        attendance a1_0 
    where
        a1_0.student_status=? 
        and a1_0.check_in_time between ? and ? 
        and a1_0.course_id in (?, ?, ?) 
        and exists(select
            cs1_0.id from course_selection cs1_0 
        where
            cs1_0.student_id=a1_0.student_id 
            and cs1_0.course_id=a1_0.course_id 
            and cs1_0.status=1) 
        and (
            ? is null 
            or ?='' 
            or exists(select
                s1_0.student_id from student s1_0 
            where
                s1_0.student_id=a1_0.student_id 
                and s1_0.class_name=?)
        )
2026-06-10 15:45:49.088 [http-nio-0.0.0.0-8080-exec-2] DEBUG org.hibernate.SQL - 
    select
        count_big(a1_0.id) 
    from
        attendance a1_0 
    where
        a1_0.student_status=? 
        and a1_0.check_in_time between ? and ? 
        and a1_0.course_id in (?, ?, ?) 
        and exists(select
            cs1_0.id from course_selection cs1_0 
        where
            cs1_0.student_id=a1_0.student_id 
            and cs1_0.course_id=a1_0.course_id 
            and cs1_0.status=1) 
        and (
            ? is null 
            or ?='' 
            or exists(select
                s1_0.student_id from student s1_0 
            where
                s1_0.student_id=a1_0.student_id 
                and s1_0.class_name=?)
        )
2026-06-10 15:45:49.089 [http-nio-0.0.0.0-8080-exec-2] DEBUG org.hibernate.SQL - 
    select
        count_big(a1_0.id) 
    from
        attendance a1_0 
    where
        a1_0.student_status=? 
        and a1_0.check_in_time between ? and ? 
        and a1_0.course_id in (?, ?, ?) 
        and exists(select
            cs1_0.id from course_selection cs1_0 
        where
            cs1_0.student_id=a1_0.student_id 
            and cs1_0.course_id=a1_0.course_id 
            and cs1_0.status=1) 
        and (
            ? is null 
            or ?='' 
            or exists(select
                s1_0.student_id from student s1_0 
            where
                s1_0.student_id=a1_0.student_id 
                and s1_0.class_name=?)
        )
2026-06-10 15:45:49.089 [http-nio-0.0.0.0-8080-exec-2] DEBUG org.hibernate.SQL - 
    select
        count_big(a1_0.id) 
    from
        attendance a1_0 
    where
        a1_0.student_status=? 
        and a1_0.check_in_time between ? and ? 
        and a1_0.course_id in (?, ?, ?) 
        and exists(select
            cs1_0.id from course_selection cs1_0 
        where
            cs1_0.student_id=a1_0.student_id 
            and cs1_0.course_id=a1_0.course_id 
            and cs1_0.status=1) 
        and (
            ? is null 
            or ?='' 
            or exists(select
                s1_0.student_id from student s1_0 
            where
                s1_0.student_id=a1_0.student_id 
                and s1_0.class_name=?)
        )
2026-06-10 15:45:49.089 [http-nio-0.0.0.0-8080-exec-2] DEBUG org.hibernate.SQL - 
    select
        count_big(a1_0.id) 
    from
        attendance a1_0 
    where
        a1_0.student_status=? 
        and a1_0.check_in_time between ? and ? 
        and a1_0.course_id in (?, ?, ?) 
        and exists(select
            cs1_0.id from course_selection cs1_0 
        where
            cs1_0.student_id=a1_0.student_id 
            and cs1_0.course_id=a1_0.course_id 
            and cs1_0.status=1) 
        and (
            ? is null 
            or ?='' 
            or exists(select
                s1_0.student_id from student s1_0 
            where
                s1_0.student_id=a1_0.student_id 
                and s1_0.class_name=?)
        )
2026-06-10 15:45:49.095 [http-nio-0.0.0.0-8080-exec-2] DEBUG org.hibernate.SQL - 
    select
        count_big(a1_0.id) 
    from
        attendance a1_0 
    where
        a1_0.student_status=? 
        and a1_0.check_in_time between ? and ? 
        and a1_0.course_id in (?, ?, ?) 
        and exists(select
            cs1_0.id from course_selection cs1_0 
        where
            cs1_0.student_id=a1_0.student_id 
            and cs1_0.course_id=a1_0.course_id 
            and cs1_0.status=1) 
        and (
            ? is null 
            or ?='' 
            or exists(select
                s1_0.student_id from student s1_0 
            where
                s1_0.student_id=a1_0.student_id 
                and s1_0.class_name=?)
        )
2026-06-10 15:45:49.096 [http-nio-0.0.0.0-8080-exec-2] DEBUG org.hibernate.SQL - 
    select
        count_big(a1_0.id) 
    from
        attendance a1_0 
    where
        a1_0.student_status=? 
        and a1_0.check_in_time between ? and ? 
        and a1_0.course_id in (?, ?, ?) 
        and exists(select
            cs1_0.id from course_selection cs1_0 
        where
            cs1_0.student_id=a1_0.student_id 
            and cs1_0.course_id=a1_0.course_id 
            and cs1_0.status=1) 
        and (
            ? is null 
            or ?='' 
            or exists(select
                s1_0.student_id from student s1_0 
            where
                s1_0.student_id=a1_0.student_id 
                and s1_0.class_name=?)
        )
2026-06-10 15:45:49.097 [http-nio-0.0.0.0-8080-exec-2] DEBUG org.hibernate.SQL - 
    select
        count_big(a1_0.id) 
    from
        attendance a1_0 
    where
        a1_0.student_status=? 
        and a1_0.check_in_time between ? and ? 
        and a1_0.course_id in (?, ?, ?) 
        and exists(select
            cs1_0.id from course_selection cs1_0 
        where
            cs1_0.student_id=a1_0.student_id 
            and cs1_0.course_id=a1_0.course_id 
            and cs1_0.status=1) 
        and (
            ? is null 
            or ?='' 
            or exists(select
                s1_0.student_id from student s1_0 
            where
                s1_0.student_id=a1_0.student_id 
                and s1_0.class_name=?)
        )
2026-06-10 15:45:49.097 [http-nio-0.0.0.0-8080-exec-2] DEBUG org.hibernate.SQL - 
    select
        count_big(a1_0.id) 
    from
        attendance a1_0 
    where
        a1_0.student_status=? 
        and a1_0.check_in_time between ? and ? 
        and a1_0.course_id in (?, ?, ?) 
        and exists(select
            cs1_0.id from course_selection cs1_0 
        where
            cs1_0.student_id=a1_0.student_id 
            and cs1_0.course_id=a1_0.course_id 
            and cs1_0.status=1) 
        and (
            ? is null 
            or ?='' 
            or exists(select
                s1_0.student_id from student s1_0 
            where
                s1_0.student_id=a1_0.student_id 
                and s1_0.class_name=?)
        )
2026-06-10 15:45:49.097 [http-nio-0.0.0.0-8080-exec-2] DEBUG org.hibernate.SQL - 
    select
        count_big(a1_0.id) 
    from
        attendance a1_0 
    where
        a1_0.student_status=? 
        and a1_0.check_in_time between ? and ? 
        and a1_0.course_id in (?, ?, ?) 
        and exists(select
            cs1_0.id from course_selection cs1_0 
        where
            cs1_0.student_id=a1_0.student_id 
            and cs1_0.course_id=a1_0.course_id 
            and cs1_0.status=1) 
        and (
            ? is null 
            or ?='' 
            or exists(select
                s1_0.student_id from student s1_0 
            where
                s1_0.student_id=a1_0.student_id 
                and s1_0.class_name=?)
        )
2026-06-10 15:45:49.097 [http-nio-0.0.0.0-8080-exec-2] DEBUG org.hibernate.SQL - 
    select
        count_big(a1_0.id) 
    from
        attendance a1_0 
    where
        a1_0.student_status=? 
        and a1_0.check_in_time between ? and ? 
        and a1_0.course_id in (?, ?, ?) 
        and exists(select
            cs1_0.id from course_selection cs1_0 
        where
            cs1_0.student_id=a1_0.student_id 
            and cs1_0.course_id=a1_0.course_id 
            and cs1_0.status=1) 
        and (
            ? is null 
            or ?='' 
            or exists(select
                s1_0.student_id from student s1_0 
            where
                s1_0.student_id=a1_0.student_id 
                and s1_0.class_name=?)
        )
2026-06-10 15:45:49.097 [http-nio-0.0.0.0-8080-exec-2] DEBUG org.hibernate.SQL - 
    select
        count_big(a1_0.id) 
    from
        attendance a1_0 
    where
        a1_0.student_status=? 
        and a1_0.check_in_time between ? and ? 
        and a1_0.course_id in (?, ?, ?) 
        and exists(select
            cs1_0.id from course_selection cs1_0 
        where
            cs1_0.student_id=a1_0.student_id 
            and cs1_0.course_id=a1_0.course_id 
            and cs1_0.status=1) 
        and (
            ? is null 
            or ?='' 
            or exists(select
                s1_0.student_id from student s1_0 
            where
                s1_0.student_id=a1_0.student_id 
                and s1_0.class_name=?)
        )
2026-06-10 15:45:49.097 [http-nio-0.0.0.0-8080-exec-2] DEBUG org.hibernate.SQL - 
    select
        count_big(a1_0.id) 
    from
        attendance a1_0 
    where
        a1_0.student_status=? 
        and a1_0.check_in_time between ? and ? 
        and a1_0.course_id in (?, ?, ?) 
        and exists(select
            cs1_0.id from course_selection cs1_0 
        where
            cs1_0.student_id=a1_0.student_id 
            and cs1_0.course_id=a1_0.course_id 
            and cs1_0.status=1) 
        and (
            ? is null 
            or ?='' 
            or exists(select
                s1_0.student_id from student s1_0 
            where
                s1_0.student_id=a1_0.student_id 
                and s1_0.class_name=?)
        )
2026-06-10 15:45:49.097 [http-nio-0.0.0.0-8080-exec-2] DEBUG org.hibernate.SQL - 
    select
        count_big(a1_0.id) 
    from
        attendance a1_0 
    where
        a1_0.student_status=? 
        and a1_0.check_in_time between ? and ? 
        and a1_0.course_id in (?, ?, ?) 
        and exists(select
            cs1_0.id from course_selection cs1_0 
        where
            cs1_0.student_id=a1_0.student_id 
            and cs1_0.course_id=a1_0.course_id 
            and cs1_0.status=1) 
        and (
            ? is null 
            or ?='' 
            or exists(select
                s1_0.student_id from student s1_0 
            where
                s1_0.student_id=a1_0.student_id 
                and s1_0.class_name=?)
        )
2026-06-10 15:45:49.097 [http-nio-0.0.0.0-8080-exec-2] DEBUG org.hibernate.SQL - 
    select
        count_big(a1_0.id) 
    from
        attendance a1_0 
    where
        a1_0.student_status=? 
        and a1_0.check_in_time between ? and ? 
        and a1_0.course_id in (?, ?, ?) 
        and exists(select
            cs1_0.id from course_selection cs1_0 
        where
            cs1_0.student_id=a1_0.student_id 
            and cs1_0.course_id=a1_0.course_id 
            and cs1_0.status=1) 
        and (
            ? is null 
            or ?='' 
            or exists(select
                s1_0.student_id from student s1_0 
            where
                s1_0.student_id=a1_0.student_id 
                and s1_0.class_name=?)
        )
2026-06-10 15:45:49.106 [http-nio-0.0.0.0-8080-exec-2] DEBUG org.hibernate.SQL - 
    select
        count_big(a1_0.id) 
    from
        attendance a1_0 
    where
        a1_0.student_status=? 
        and a1_0.check_in_time between ? and ? 
        and a1_0.course_id in (?, ?, ?) 
        and exists(select
            cs1_0.id from course_selection cs1_0 
        where
            cs1_0.student_id=a1_0.student_id 
            and cs1_0.course_id=a1_0.course_id 
            and cs1_0.status=1) 
        and (
            ? is null 
            or ?='' 
            or exists(select
                s1_0.student_id from student s1_0 
            where
                s1_0.student_id=a1_0.student_id 
                and s1_0.class_name=?)
        )
2026-06-10 15:45:49.106 [http-nio-0.0.0.0-8080-exec-2] DEBUG org.hibernate.SQL - 
    select
        count_big(a1_0.id) 
    from
        attendance a1_0 
    where
        a1_0.student_status=? 
        and a1_0.check_in_time between ? and ? 
        and a1_0.course_id in (?, ?, ?) 
        and exists(select
            cs1_0.id from course_selection cs1_0 
        where
            cs1_0.student_id=a1_0.student_id 
            and cs1_0.course_id=a1_0.course_id 
            and cs1_0.status=1) 
        and (
            ? is null 
            or ?='' 
            or exists(select
                s1_0.student_id from student s1_0 
            where
                s1_0.student_id=a1_0.student_id 
                and s1_0.class_name=?)
        )
2026-06-10 15:45:49.106 [http-nio-0.0.0.0-8080-exec-2] DEBUG org.hibernate.SQL - 
    select
        count_big(a1_0.id) 
    from
        attendance a1_0 
    where
        a1_0.student_status=? 
        and a1_0.check_in_time between ? and ? 
        and a1_0.course_id in (?, ?, ?) 
        and exists(select
            cs1_0.id from course_selection cs1_0 
        where
            cs1_0.student_id=a1_0.student_id 
            and cs1_0.course_id=a1_0.course_id 
            and cs1_0.status=1) 
        and (
            ? is null 
            or ?='' 
            or exists(select
                s1_0.student_id from student s1_0 
            where
                s1_0.student_id=a1_0.student_id 
                and s1_0.class_name=?)
        )
2026-06-10 15:45:49.106 [http-nio-0.0.0.0-8080-exec-2] DEBUG org.hibernate.SQL - 
    select
        count_big(a1_0.id) 
    from
        attendance a1_0 
    where
        a1_0.student_status=? 
        and a1_0.check_in_time between ? and ? 
        and a1_0.course_id in (?, ?, ?) 
        and exists(select
            cs1_0.id from course_selection cs1_0 
        where
            cs1_0.student_id=a1_0.student_id 
            and cs1_0.course_id=a1_0.course_id 
            and cs1_0.status=1) 
        and (
            ? is null 
            or ?='' 
            or exists(select
                s1_0.student_id from student s1_0 
            where
                s1_0.student_id=a1_0.student_id 
                and s1_0.class_name=?)
        )
2026-06-10 15:45:49.106 [http-nio-0.0.0.0-8080-exec-2] DEBUG org.hibernate.SQL - 
    select
        count_big(a1_0.id) 
    from
        attendance a1_0 
    where
        a1_0.student_status=? 
        and a1_0.check_in_time between ? and ? 
        and a1_0.course_id in (?, ?, ?) 
        and exists(select
            cs1_0.id from course_selection cs1_0 
        where
            cs1_0.student_id=a1_0.student_id 
            and cs1_0.course_id=a1_0.course_id 
            and cs1_0.status=1) 
        and (
            ? is null 
            or ?='' 
            or exists(select
                s1_0.student_id from student s1_0 
            where
                s1_0.student_id=a1_0.student_id 
                and s1_0.class_name=?)
        )
2026-06-10 15:45:49.112 [http-nio-0.0.0.0-8080-exec-2] DEBUG org.hibernate.SQL - 
    select
        count_big(a1_0.id) 
    from
        attendance a1_0 
    where
        a1_0.student_status=? 
        and a1_0.check_in_time between ? and ? 
        and a1_0.course_id in (?, ?, ?) 
        and exists(select
            cs1_0.id from course_selection cs1_0 
        where
            cs1_0.student_id=a1_0.student_id 
            and cs1_0.course_id=a1_0.course_id 
            and cs1_0.status=1) 
        and (
            ? is null 
            or ?='' 
            or exists(select
                s1_0.student_id from student s1_0 
            where
                s1_0.student_id=a1_0.student_id 
                and s1_0.class_name=?)
        )
2026-06-10 15:45:49.197 [http-nio-0.0.0.0-8080-exec-2] DEBUG org.hibernate.SQL - 
    select
        count_big(a1_0.id) 
    from
        attendance a1_0 
    where
        a1_0.student_status=? 
        and a1_0.check_in_time between ? and ? 
        and a1_0.course_id in (?, ?, ?) 
        and exists(select
            cs1_0.id from course_selection cs1_0 
        where
            cs1_0.student_id=a1_0.student_id 
            and cs1_0.course_id=a1_0.course_id 
            and cs1_0.status=1) 
        and (
            ? is null 
            or ?='' 
            or exists(select
                s1_0.student_id from student s1_0 
            where
                s1_0.student_id=a1_0.student_id 
                and s1_0.class_name=?)
        )
2026-06-10 15:45:49.197 [http-nio-0.0.0.0-8080-exec-2] DEBUG org.hibernate.SQL - 
    select
        count_big(a1_0.id) 
    from
        attendance a1_0 
    where
        a1_0.student_status=? 
        and a1_0.check_in_time between ? and ? 
        and a1_0.course_id in (?, ?, ?) 
        and exists(select
            cs1_0.id from course_selection cs1_0 
        where
            cs1_0.student_id=a1_0.student_id 
            and cs1_0.course_id=a1_0.course_id 
            and cs1_0.status=1) 
        and (
            ? is null 
            or ?='' 
            or exists(select
                s1_0.student_id from student s1_0 
            where
                s1_0.student_id=a1_0.student_id 
                and s1_0.class_name=?)
        )
2026-06-10 15:45:49.197 [http-nio-0.0.0.0-8080-exec-2] DEBUG org.hibernate.SQL - 
    select
        count_big(a1_0.id) 
    from
        attendance a1_0 
    where
        a1_0.student_status=? 
        and a1_0.check_in_time between ? and ? 
        and a1_0.course_id in (?, ?, ?) 
        and exists(select
            cs1_0.id from course_selection cs1_0 
        where
            cs1_0.student_id=a1_0.student_id 
            and cs1_0.course_id=a1_0.course_id 
            and cs1_0.status=1) 
        and (
            ? is null 
            or ?='' 
            or exists(select
                s1_0.student_id from student s1_0 
            where
                s1_0.student_id=a1_0.student_id 
                and s1_0.class_name=?)
        )
2026-06-10 15:45:49.204 [http-nio-0.0.0.0-8080-exec-2] DEBUG org.hibernate.SQL - 
    select
        count_big(a1_0.id) 
    from
        attendance a1_0 
    where
        a1_0.student_status=? 
        and a1_0.check_in_time between ? and ? 
        and a1_0.course_id in (?, ?, ?) 
        and exists(select
            cs1_0.id from course_selection cs1_0 
        where
            cs1_0.student_id=a1_0.student_id 
            and cs1_0.course_id=a1_0.course_id 
            and cs1_0.status=1) 
        and (
            ? is null 
            or ?='' 
            or exists(select
                s1_0.student_id from student s1_0 
            where
                s1_0.student_id=a1_0.student_id 
                and s1_0.class_name=?)
        )
2026-06-10 15:45:49.207 [http-nio-0.0.0.0-8080-exec-2] DEBUG org.hibernate.SQL - 
    select
        count_big(a1_0.id) 
    from
        attendance a1_0 
    where
        a1_0.student_status=? 
        and a1_0.check_in_time between ? and ? 
        and a1_0.course_id in (?, ?, ?) 
        and exists(select
            cs1_0.id from course_selection cs1_0 
        where
            cs1_0.student_id=a1_0.student_id 
            and cs1_0.course_id=a1_0.course_id 
            and cs1_0.status=1) 
        and (
            ? is null 
            or ?='' 
            or exists(select
                s1_0.student_id from student s1_0 
            where
                s1_0.student_id=a1_0.student_id 
                and s1_0.class_name=?)
        )
2026-06-10 15:45:49.208 [http-nio-0.0.0.0-8080-exec-2] DEBUG org.hibernate.SQL - 
    select
        count_big(a1_0.id) 
    from
        attendance a1_0 
    where
        a1_0.student_status=? 
        and a1_0.check_in_time between ? and ? 
        and a1_0.course_id in (?, ?, ?) 
        and exists(select
            cs1_0.id from course_selection cs1_0 
        where
            cs1_0.student_id=a1_0.student_id 
            and cs1_0.course_id=a1_0.course_id 
            and cs1_0.status=1) 
        and (
            ? is null 
            or ?='' 
            or exists(select
                s1_0.student_id from student s1_0 
            where
                s1_0.student_id=a1_0.student_id 
                and s1_0.class_name=?)
        )
2026-06-10 15:45:49.211 [http-nio-0.0.0.0-8080-exec-2] DEBUG org.hibernate.SQL - 
    select
        count_big(a1_0.id) 
    from
        attendance a1_0 
    where
        a1_0.student_status=? 
        and a1_0.check_in_time between ? and ? 
        and a1_0.course_id in (?, ?, ?) 
        and exists(select
            cs1_0.id from course_selection cs1_0 
        where
            cs1_0.student_id=a1_0.student_id 
            and cs1_0.course_id=a1_0.course_id 
            and cs1_0.status=1) 
        and (
            ? is null 
            or ?='' 
            or exists(select
                s1_0.student_id from student s1_0 
            where
                s1_0.student_id=a1_0.student_id 
                and s1_0.class_name=?)
        )
2026-06-10 15:45:49.212 [http-nio-0.0.0.0-8080-exec-2] DEBUG org.hibernate.SQL - 
    select
        count_big(a1_0.id) 
    from
        attendance a1_0 
    where
        a1_0.student_status=? 
        and a1_0.check_in_time between ? and ? 
        and a1_0.course_id in (?, ?, ?) 
        and exists(select
            cs1_0.id from course_selection cs1_0 
        where
            cs1_0.student_id=a1_0.student_id 
            and cs1_0.course_id=a1_0.course_id 
            and cs1_0.status=1) 
        and (
            ? is null 
            or ?='' 
            or exists(select
                s1_0.student_id from student s1_0 
            where
                s1_0.student_id=a1_0.student_id 
                and s1_0.class_name=?)
        )
2026-06-10 15:45:49.213 [http-nio-0.0.0.0-8080-exec-2] DEBUG org.hibernate.SQL - 
    select
        count_big(a1_0.id) 
    from
        attendance a1_0 
    where
        a1_0.student_status=? 
        and a1_0.check_in_time between ? and ? 
        and a1_0.course_id in (?, ?, ?) 
        and exists(select
            cs1_0.id from course_selection cs1_0 
        where
            cs1_0.student_id=a1_0.student_id 
            and cs1_0.course_id=a1_0.course_id 
            and cs1_0.status=1) 
        and (
            ? is null 
            or ?='' 
            or exists(select
                s1_0.student_id from student s1_0 
            where
                s1_0.student_id=a1_0.student_id 
                and s1_0.class_name=?)
        )
2026-06-10 15:45:49.219 [http-nio-0.0.0.0-8080-exec-2] DEBUG org.hibernate.SQL - 
    select
        count_big(a1_0.id) 
    from
        attendance a1_0 
    where
        a1_0.student_status=? 
        and a1_0.check_in_time between ? and ? 
        and a1_0.course_id in (?, ?, ?) 
        and exists(select
            cs1_0.id from course_selection cs1_0 
        where
            cs1_0.student_id=a1_0.student_id 
            and cs1_0.course_id=a1_0.course_id 
            and cs1_0.status=1) 
        and (
            ? is null 
            or ?='' 
            or exists(select
                s1_0.student_id from student s1_0 
            where
                s1_0.student_id=a1_0.student_id 
                and s1_0.class_name=?)
        )
2026-06-10 15:45:49.219 [http-nio-0.0.0.0-8080-exec-2] DEBUG org.hibernate.SQL - 
    select
        count_big(a1_0.id) 
    from
        attendance a1_0 
    where
        a1_0.student_status=? 
        and a1_0.check_in_time between ? and ? 
        and a1_0.course_id in (?, ?, ?) 
        and exists(select
            cs1_0.id from course_selection cs1_0 
        where
            cs1_0.student_id=a1_0.student_id 
            and cs1_0.course_id=a1_0.course_id 
            and cs1_0.status=1) 
        and (
            ? is null 
            or ?='' 
            or exists(select
                s1_0.student_id from student s1_0 
            where
                s1_0.student_id=a1_0.student_id 
                and s1_0.class_name=?)
        )
2026-06-10 15:45:49.219 [http-nio-0.0.0.0-8080-exec-2] DEBUG org.hibernate.SQL - 
    select
        distinct s1_0.class_name 
    from
        course_selection cs1_0 
    join
        student s1_0 
            on cs1_0.student_id=s1_0.student_id 
    where
        cs1_0.course_id in (?, ?, ?)
2026-06-10 15:45:49.219 [http-nio-0.0.0.0-8080-exec-2] DEBUG org.hibernate.SQL - 
    select
        count_big(a1_0.id) 
    from
        attendance a1_0 
    where
        a1_0.check_in_time between ? and ? 
        and a1_0.course_id in (?, ?, ?) 
        and exists(select
            cs1_0.id from course_selection cs1_0 
        where
            cs1_0.student_id=a1_0.student_id 
            and cs1_0.course_id=a1_0.course_id 
            and cs1_0.status=1) 
        and (
            ? is null 
            or ?='' 
            or exists(select
                s1_0.student_id from student s1_0 
            where
                s1_0.student_id=a1_0.student_id 
                and s1_0.class_name=?)
        )
2026-06-10 15:45:49.227 [http-nio-0.0.0.0-8080-exec-2] DEBUG org.hibernate.SQL - 
    select
        count_big(a1_0.id) 
    from
        attendance a1_0 
    where
        a1_0.student_status=? 
        and a1_0.check_in_time between ? and ? 
        and a1_0.course_id in (?, ?, ?) 
        and exists(select
            cs1_0.id from course_selection cs1_0 
        where
            cs1_0.student_id=a1_0.student_id 
            and cs1_0.course_id=a1_0.course_id 
            and cs1_0.status=1) 
        and (
            ? is null 
            or ?='' 
            or exists(select
                s1_0.student_id from student s1_0 
            where
                s1_0.student_id=a1_0.student_id 
                and s1_0.class_name=?)
        )
2026-06-10 15:45:49.227 [http-nio-0.0.0.0-8080-exec-2] DEBUG org.hibernate.SQL - 
    select
        count_big(a1_0.id) 
    from
        attendance a1_0 
    where
        a1_0.check_in_time between ? and ? 
        and a1_0.course_id in (?, ?, ?) 
        and exists(select
            cs1_0.id from course_selection cs1_0 
        where
            cs1_0.student_id=a1_0.student_id 
            and cs1_0.course_id=a1_0.course_id 
            and cs1_0.status=1) 
        and (
            ? is null 
            or ?='' 
            or exists(select
                s1_0.student_id from student s1_0 
            where
                s1_0.student_id=a1_0.student_id 
                and s1_0.class_name=?)
        )
2026-06-10 15:45:49.227 [http-nio-0.0.0.0-8080-exec-2] DEBUG org.hibernate.SQL - 
    select
        count_big(a1_0.id) 
    from
        attendance a1_0 
    where
        a1_0.student_status=? 
        and a1_0.check_in_time between ? and ? 
        and a1_0.course_id in (?, ?, ?) 
        and exists(select
            cs1_0.id from course_selection cs1_0 
        where
            cs1_0.student_id=a1_0.student_id 
            and cs1_0.course_id=a1_0.course_id 
            and cs1_0.status=1) 
        and (
            ? is null 
            or ?='' 
            or exists(select
                s1_0.student_id from student s1_0 
            where
                s1_0.student_id=a1_0.student_id 
                and s1_0.class_name=?)
        )
2026-06-10 15:45:49.240 [http-nio-0.0.0.0-8080-exec-2] DEBUG org.hibernate.SQL - 
    select
        count_big(a1_0.id) 
    from
        attendance a1_0 
    where
        a1_0.check_in_time between ? and ? 
        and a1_0.course_id in (?, ?, ?) 
        and exists(select
            cs1_0.id from course_selection cs1_0 
        where
            cs1_0.student_id=a1_0.student_id 
            and cs1_0.course_id=a1_0.course_id 
            and cs1_0.status=1) 
        and (
            ? is null 
            or ?='' 
            or exists(select
                s1_0.student_id from student s1_0 
            where
                s1_0.student_id=a1_0.student_id 
                and s1_0.class_name=?)
        )
2026-06-10 15:45:49.243 [http-nio-0.0.0.0-8080-exec-2] DEBUG org.hibernate.SQL - 
    select
        count_big(a1_0.id) 
    from
        attendance a1_0 
    where
        a1_0.student_status=? 
        and a1_0.check_in_time between ? and ? 
        and a1_0.course_id in (?, ?, ?) 
        and exists(select
            cs1_0.id from course_selection cs1_0 
        where
            cs1_0.student_id=a1_0.student_id 
            and cs1_0.course_id=a1_0.course_id 
            and cs1_0.status=1) 
        and (
            ? is null 
            or ?='' 
            or exists(select
                s1_0.student_id from student s1_0 
            where
                s1_0.student_id=a1_0.student_id 
                and s1_0.class_name=?)
        )
2026-06-10 15:45:49.243 [http-nio-0.0.0.0-8080-exec-2] DEBUG org.hibernate.SQL - 
    select
        count_big(a1_0.id) 
    from
        attendance a1_0 
    where
        a1_0.check_in_time between ? and ? 
        and a1_0.course_id in (?, ?, ?) 
        and exists(select
            cs1_0.id from course_selection cs1_0 
        where
            cs1_0.student_id=a1_0.student_id 
            and cs1_0.course_id=a1_0.course_id 
            and cs1_0.status=1) 
        and (
            ? is null 
            or ?='' 
            or exists(select
                s1_0.student_id from student s1_0 
            where
                s1_0.student_id=a1_0.student_id 
                and s1_0.class_name=?)
        )
2026-06-10 15:45:49.243 [http-nio-0.0.0.0-8080-exec-2] DEBUG org.hibernate.SQL - 
    select
        count_big(a1_0.id) 
    from
        attendance a1_0 
    where
        a1_0.student_status=? 
        and a1_0.check_in_time between ? and ? 
        and a1_0.course_id in (?, ?, ?) 
        and exists(select
            cs1_0.id from course_selection cs1_0 
        where
            cs1_0.student_id=a1_0.student_id 
            and cs1_0.course_id=a1_0.course_id 
            and cs1_0.status=1) 
        and (
            ? is null 
            or ?='' 
            or exists(select
                s1_0.student_id from student s1_0 
            where
                s1_0.student_id=a1_0.student_id 
                and s1_0.class_name=?)
        )
2026-06-10 15:45:49.243 [http-nio-0.0.0.0-8080-exec-2] DEBUG org.hibernate.SQL - 
    select
        count_big(a1_0.id) 
    from
        attendance a1_0 
    where
        a1_0.check_in_time between ? and ? 
        and a1_0.course_id in (?, ?, ?) 
        and exists(select
            cs1_0.id from course_selection cs1_0 
        where
            cs1_0.student_id=a1_0.student_id 
            and cs1_0.course_id=a1_0.course_id 
            and cs1_0.status=1) 
        and (
            ? is null 
            or ?='' 
            or exists(select
                s1_0.student_id from student s1_0 
            where
                s1_0.student_id=a1_0.student_id 
                and s1_0.class_name=?)
        )
2026-06-10 15:45:49.243 [http-nio-0.0.0.0-8080-exec-2] DEBUG org.hibernate.SQL - 
    select
        count_big(a1_0.id) 
    from
        attendance a1_0 
    where
        a1_0.student_status=? 
        and a1_0.check_in_time between ? and ? 
        and a1_0.course_id in (?, ?, ?) 
        and exists(select
            cs1_0.id from course_selection cs1_0 
        where
            cs1_0.student_id=a1_0.student_id 
            and cs1_0.course_id=a1_0.course_id 
            and cs1_0.status=1) 
        and (
            ? is null 
            or ?='' 
            or exists(select
                s1_0.student_id from student s1_0 
            where
                s1_0.student_id=a1_0.student_id 
                and s1_0.class_name=?)
        )
2026-06-10 15:45:49.243 [http-nio-0.0.0.0-8080-exec-2] DEBUG org.hibernate.SQL - 
    select
        count_big(a1_0.id) 
    from
        attendance a1_0 
    where
        a1_0.check_in_time between ? and ? 
        and a1_0.course_id in (?) 
        and exists(select
            cs1_0.id from course_selection cs1_0 
        where
            cs1_0.student_id=a1_0.student_id 
            and cs1_0.course_id=a1_0.course_id 
            and cs1_0.status=1) 
        and (
            ? is null 
            or ?='' 
            or exists(select
                s1_0.student_id from student s1_0 
            where
                s1_0.student_id=a1_0.student_id 
                and s1_0.class_name=?)
        )
2026-06-10 15:45:49.243 [http-nio-0.0.0.0-8080-exec-2] DEBUG org.hibernate.SQL - 
    select
        c1_0.id,
        c1_0.class_name,
        c1_0.course_id,
        c1_0.course_name,
        c1_0.create_time,
        c1_0.location,
        c1_0.teacher_id,
        c1_0.teacher_name,
        c1_0.time_slot,
        c1_0.week_day 
    from
        course c1_0 
    where
        c1_0.course_id=?
2026-06-10 15:45:49.254 [http-nio-0.0.0.0-8080-exec-2] DEBUG org.hibernate.SQL - 
    select
        count_big(a1_0.id) 
    from
        attendance a1_0 
    where
        a1_0.check_in_time between ? and ? 
        and a1_0.course_id in (?) 
        and exists(select
            cs1_0.id from course_selection cs1_0 
        where
            cs1_0.student_id=a1_0.student_id 
            and cs1_0.course_id=a1_0.course_id 
            and cs1_0.status=1) 
        and (
            ? is null 
            or ?='' 
            or exists(select
                s1_0.student_id from student s1_0 
            where
                s1_0.student_id=a1_0.student_id 
                and s1_0.class_name=?)
        )
2026-06-10 15:45:49.255 [http-nio-0.0.0.0-8080-exec-2] DEBUG org.hibernate.SQL - 
    select
        c1_0.id,
        c1_0.class_name,
        c1_0.course_id,
        c1_0.course_name,
        c1_0.create_time,
        c1_0.location,
        c1_0.teacher_id,
        c1_0.teacher_name,
        c1_0.time_slot,
        c1_0.week_day 
    from
        course c1_0 
    where
        c1_0.course_id=?
2026-06-10 15:45:49.255 [http-nio-0.0.0.0-8080-exec-2] DEBUG org.hibernate.SQL - 
    select
        count_big(a1_0.id) 
    from
        attendance a1_0 
    where
        a1_0.check_in_time between ? and ? 
        and a1_0.course_id in (?) 
        and exists(select
            cs1_0.id from course_selection cs1_0 
        where
            cs1_0.student_id=a1_0.student_id 
            and cs1_0.course_id=a1_0.course_id 
            and cs1_0.status=1) 
        and (
            ? is null 
            or ?='' 
            or exists(select
                s1_0.student_id from student s1_0 
            where
                s1_0.student_id=a1_0.student_id 
                and s1_0.class_name=?)
        )
2026-06-10 15:45:49.255 [http-nio-0.0.0.0-8080-exec-2] DEBUG org.hibernate.SQL - 
    select
        c1_0.id,
        c1_0.class_name,
        c1_0.course_id,
        c1_0.course_name,
        c1_0.create_time,
        c1_0.location,
        c1_0.teacher_id,
        c1_0.teacher_name,
        c1_0.time_slot,
        c1_0.week_day 
    from
        course c1_0 
    where
        c1_0.course_id=?
2026-06-10 15:46:18.110 [http-nio-0.0.0.0-8080-exec-4] DEBUG org.hibernate.SQL - 
    select
        u1_0.id,
        u1_0.class_name,
        u1_0.create_time,
        u1_0.gender,
        u1_0.real_name,
        u1_0.username,
        u1_0.userpassword,
        u1_0.userrole 
    from
        my_user u1_0 
    where
        u1_0.username=?
2026-06-10 15:46:18.110 [http-nio-0.0.0.0-8080-exec-4] DEBUG org.hibernate.SQL - 
    select
        c1_0.id,
        c1_0.class_name,
        c1_0.course_id,
        c1_0.course_name,
        c1_0.create_time,
        c1_0.location,
        c1_0.teacher_id,
        c1_0.teacher_name,
        c1_0.time_slot,
        c1_0.week_day 
    from
        course c1_0 
    where
        c1_0.teacher_id=?
2026-06-10 15:46:18.116 [http-nio-0.0.0.0-8080-exec-4] DEBUG org.hibernate.SQL - 
    select
        count_big(distinct cs1_0.student_id) 
    from
        course_selection cs1_0 
    where
        cs1_0.course_id in (?, ?, ?) 
        and cs1_0.status=1
2026-06-10 15:46:18.116 [http-nio-0.0.0.0-8080-exec-4] DEBUG org.hibernate.SQL - 
    select
        count_big(a1_0.id) 
    from
        attendance a1_0 
    where
        a1_0.check_in_time between ? and ? 
        and a1_0.course_id in (?, ?, ?) 
        and exists(select
            cs1_0.id from course_selection cs1_0 
        where
            cs1_0.student_id=a1_0.student_id 
            and cs1_0.course_id=a1_0.course_id 
            and cs1_0.status=1) 
        and (
            ? is null 
            or ?='' 
            or exists(select
                s1_0.student_id from student s1_0 
            where
                s1_0.student_id=a1_0.student_id 
                and s1_0.class_name=?)
        )
2026-06-10 15:46:18.116 [http-nio-0.0.0.0-8080-exec-4] DEBUG org.hibernate.SQL - 
    select
        count_big(a1_0.id) 
    from
        attendance a1_0 
    where
        a1_0.student_status=? 
        and a1_0.check_in_time between ? and ? 
        and a1_0.course_id in (?, ?, ?) 
        and exists(select
            cs1_0.id from course_selection cs1_0 
        where
            cs1_0.student_id=a1_0.student_id 
            and cs1_0.course_id=a1_0.course_id 
            and cs1_0.status=1) 
        and (
            ? is null 
            or ?='' 
            or exists(select
                s1_0.student_id from student s1_0 
            where
                s1_0.student_id=a1_0.student_id 
                and s1_0.class_name=?)
        )
2026-06-10 15:46:18.123 [http-nio-0.0.0.0-8080-exec-4] DEBUG org.hibernate.SQL - 
    select
        count_big(a1_0.id) 
    from
        attendance a1_0 
    where
        a1_0.student_status=? 
        and a1_0.check_in_time between ? and ? 
        and a1_0.course_id in (?, ?, ?) 
        and exists(select
            cs1_0.id from course_selection cs1_0 
        where
            cs1_0.student_id=a1_0.student_id 
            and cs1_0.course_id=a1_0.course_id 
            and cs1_0.status=1) 
        and (
            ? is null 
            or ?='' 
            or exists(select
                s1_0.student_id from student s1_0 
            where
                s1_0.student_id=a1_0.student_id 
                and s1_0.class_name=?)
        )
2026-06-10 15:46:18.125 [http-nio-0.0.0.0-8080-exec-4] DEBUG org.hibernate.SQL - 
    select
        count_big(a1_0.id) 
    from
        attendance a1_0 
    where
        a1_0.student_status=? 
        and a1_0.check_in_time between ? and ? 
        and a1_0.course_id in (?, ?, ?) 
        and exists(select
            cs1_0.id from course_selection cs1_0 
        where
            cs1_0.student_id=a1_0.student_id 
            and cs1_0.course_id=a1_0.course_id 
            and cs1_0.status=1) 
        and (
            ? is null 
            or ?='' 
            or exists(select
                s1_0.student_id from student s1_0 
            where
                s1_0.student_id=a1_0.student_id 
                and s1_0.class_name=?)
        )
2026-06-10 15:46:18.125 [http-nio-0.0.0.0-8080-exec-4] DEBUG org.hibernate.SQL - 
    select
        count_big(a1_0.id) 
    from
        attendance a1_0 
    where
        a1_0.student_status=? 
        and a1_0.check_in_time between ? and ? 
        and a1_0.course_id in (?, ?, ?) 
        and exists(select
            cs1_0.id from course_selection cs1_0 
        where
            cs1_0.student_id=a1_0.student_id 
            and cs1_0.course_id=a1_0.course_id 
            and cs1_0.status=1) 
        and (
            ? is null 
            or ?='' 
            or exists(select
                s1_0.student_id from student s1_0 
            where
                s1_0.student_id=a1_0.student_id 
                and s1_0.class_name=?)
        )
2026-06-10 15:46:18.125 [http-nio-0.0.0.0-8080-exec-4] DEBUG org.hibernate.SQL - 
    select
        count_big(a1_0.id) 
    from
        attendance a1_0 
    where
        a1_0.student_status=? 
        and a1_0.check_in_time between ? and ? 
        and a1_0.course_id in (?, ?, ?) 
        and exists(select
            cs1_0.id from course_selection cs1_0 
        where
            cs1_0.student_id=a1_0.student_id 
            and cs1_0.course_id=a1_0.course_id 
            and cs1_0.status=1) 
        and (
            ? is null 
            or ?='' 
            or exists(select
                s1_0.student_id from student s1_0 
            where
                s1_0.student_id=a1_0.student_id 
                and s1_0.class_name=?)
        )
2026-06-10 15:46:18.125 [http-nio-0.0.0.0-8080-exec-4] DEBUG org.hibernate.SQL - 
    select
        count_big(a1_0.id) 
    from
        attendance a1_0 
    where
        a1_0.student_status=? 
        and a1_0.check_in_time between ? and ? 
        and a1_0.course_id in (?, ?, ?) 
        and exists(select
            cs1_0.id from course_selection cs1_0 
        where
            cs1_0.student_id=a1_0.student_id 
            and cs1_0.course_id=a1_0.course_id 
            and cs1_0.status=1) 
        and (
            ? is null 
            or ?='' 
            or exists(select
                s1_0.student_id from student s1_0 
            where
                s1_0.student_id=a1_0.student_id 
                and s1_0.class_name=?)
        )
2026-06-10 15:46:18.125 [http-nio-0.0.0.0-8080-exec-4] DEBUG org.hibernate.SQL - 
    select
        count_big(a1_0.id) 
    from
        attendance a1_0 
    where
        a1_0.student_status=? 
        and a1_0.check_in_time between ? and ? 
        and a1_0.course_id in (?, ?, ?) 
        and exists(select
            cs1_0.id from course_selection cs1_0 
        where
            cs1_0.student_id=a1_0.student_id 
            and cs1_0.course_id=a1_0.course_id 
            and cs1_0.status=1) 
        and (
            ? is null 
            or ?='' 
            or exists(select
                s1_0.student_id from student s1_0 
            where
                s1_0.student_id=a1_0.student_id 
                and s1_0.class_name=?)
        )
2026-06-10 15:46:18.133 [http-nio-0.0.0.0-8080-exec-4] DEBUG org.hibernate.SQL - 
    select
        count_big(a1_0.id) 
    from
        attendance a1_0 
    where
        a1_0.student_status=? 
        and a1_0.check_in_time between ? and ? 
        and a1_0.course_id in (?, ?, ?) 
        and exists(select
            cs1_0.id from course_selection cs1_0 
        where
            cs1_0.student_id=a1_0.student_id 
            and cs1_0.course_id=a1_0.course_id 
            and cs1_0.status=1) 
        and (
            ? is null 
            or ?='' 
            or exists(select
                s1_0.student_id from student s1_0 
            where
                s1_0.student_id=a1_0.student_id 
                and s1_0.class_name=?)
        )
2026-06-10 15:46:18.133 [http-nio-0.0.0.0-8080-exec-4] DEBUG org.hibernate.SQL - 
    select
        count_big(a1_0.id) 
    from
        attendance a1_0 
    where
        a1_0.student_status=? 
        and a1_0.check_in_time between ? and ? 
        and a1_0.course_id in (?, ?, ?) 
        and exists(select
            cs1_0.id from course_selection cs1_0 
        where
            cs1_0.student_id=a1_0.student_id 
            and cs1_0.course_id=a1_0.course_id 
            and cs1_0.status=1) 
        and (
            ? is null 
            or ?='' 
            or exists(select
                s1_0.student_id from student s1_0 
            where
                s1_0.student_id=a1_0.student_id 
                and s1_0.class_name=?)
        )
2026-06-10 15:46:18.133 [http-nio-0.0.0.0-8080-exec-4] DEBUG org.hibernate.SQL - 
    select
        count_big(a1_0.id) 
    from
        attendance a1_0 
    where
        a1_0.student_status=? 
        and a1_0.check_in_time between ? and ? 
        and a1_0.course_id in (?, ?, ?) 
        and exists(select
            cs1_0.id from course_selection cs1_0 
        where
            cs1_0.student_id=a1_0.student_id 
            and cs1_0.course_id=a1_0.course_id 
            and cs1_0.status=1) 
        and (
            ? is null 
            or ?='' 
            or exists(select
                s1_0.student_id from student s1_0 
            where
                s1_0.student_id=a1_0.student_id 
                and s1_0.class_name=?)
        )
2026-06-10 15:46:18.133 [http-nio-0.0.0.0-8080-exec-4] DEBUG org.hibernate.SQL - 
    select
        count_big(a1_0.id) 
    from
        attendance a1_0 
    where
        a1_0.student_status=? 
        and a1_0.check_in_time between ? and ? 
        and a1_0.course_id in (?, ?, ?) 
        and exists(select
            cs1_0.id from course_selection cs1_0 
        where
            cs1_0.student_id=a1_0.student_id 
            and cs1_0.course_id=a1_0.course_id 
            and cs1_0.status=1) 
        and (
            ? is null 
            or ?='' 
            or exists(select
                s1_0.student_id from student s1_0 
            where
                s1_0.student_id=a1_0.student_id 
                and s1_0.class_name=?)
        )
2026-06-10 15:46:18.138 [http-nio-0.0.0.0-8080-exec-4] DEBUG org.hibernate.SQL - 
    select
        count_big(a1_0.id) 
    from
        attendance a1_0 
    where
        a1_0.student_status=? 
        and a1_0.check_in_time between ? and ? 
        and a1_0.course_id in (?, ?, ?) 
        and exists(select
            cs1_0.id from course_selection cs1_0 
        where
            cs1_0.student_id=a1_0.student_id 
            and cs1_0.course_id=a1_0.course_id 
            and cs1_0.status=1) 
        and (
            ? is null 
            or ?='' 
            or exists(select
                s1_0.student_id from student s1_0 
            where
                s1_0.student_id=a1_0.student_id 
                and s1_0.class_name=?)
        )
2026-06-10 15:46:18.138 [http-nio-0.0.0.0-8080-exec-4] DEBUG org.hibernate.SQL - 
    select
        count_big(a1_0.id) 
    from
        attendance a1_0 
    where
        a1_0.student_status=? 
        and a1_0.check_in_time between ? and ? 
        and a1_0.course_id in (?, ?, ?) 
        and exists(select
            cs1_0.id from course_selection cs1_0 
        where
            cs1_0.student_id=a1_0.student_id 
            and cs1_0.course_id=a1_0.course_id 
            and cs1_0.status=1) 
        and (
            ? is null 
            or ?='' 
            or exists(select
                s1_0.student_id from student s1_0 
            where
                s1_0.student_id=a1_0.student_id 
                and s1_0.class_name=?)
        )
2026-06-10 15:46:18.141 [http-nio-0.0.0.0-8080-exec-4] DEBUG org.hibernate.SQL - 
    select
        count_big(a1_0.id) 
    from
        attendance a1_0 
    where
        a1_0.student_status=? 
        and a1_0.check_in_time between ? and ? 
        and a1_0.course_id in (?, ?, ?) 
        and exists(select
            cs1_0.id from course_selection cs1_0 
        where
            cs1_0.student_id=a1_0.student_id 
            and cs1_0.course_id=a1_0.course_id 
            and cs1_0.status=1) 
        and (
            ? is null 
            or ?='' 
            or exists(select
                s1_0.student_id from student s1_0 
            where
                s1_0.student_id=a1_0.student_id 
                and s1_0.class_name=?)
        )
2026-06-10 15:46:18.141 [http-nio-0.0.0.0-8080-exec-4] DEBUG org.hibernate.SQL - 
    select
        count_big(a1_0.id) 
    from
        attendance a1_0 
    where
        a1_0.student_status=? 
        and a1_0.check_in_time between ? and ? 
        and a1_0.course_id in (?, ?, ?) 
        and exists(select
            cs1_0.id from course_selection cs1_0 
        where
            cs1_0.student_id=a1_0.student_id 
            and cs1_0.course_id=a1_0.course_id 
            and cs1_0.status=1) 
        and (
            ? is null 
            or ?='' 
            or exists(select
                s1_0.student_id from student s1_0 
            where
                s1_0.student_id=a1_0.student_id 
                and s1_0.class_name=?)
        )
2026-06-10 15:46:18.141 [http-nio-0.0.0.0-8080-exec-4] DEBUG org.hibernate.SQL - 
    select
        count_big(a1_0.id) 
    from
        attendance a1_0 
    where
        a1_0.student_status=? 
        and a1_0.check_in_time between ? and ? 
        and a1_0.course_id in (?, ?, ?) 
        and exists(select
            cs1_0.id from course_selection cs1_0 
        where
            cs1_0.student_id=a1_0.student_id 
            and cs1_0.course_id=a1_0.course_id 
            and cs1_0.status=1) 
        and (
            ? is null 
            or ?='' 
            or exists(select
                s1_0.student_id from student s1_0 
            where
                s1_0.student_id=a1_0.student_id 
                and s1_0.class_name=?)
        )
2026-06-10 15:46:18.141 [http-nio-0.0.0.0-8080-exec-4] DEBUG org.hibernate.SQL - 
    select
        count_big(a1_0.id) 
    from
        attendance a1_0 
    where
        a1_0.student_status=? 
        and a1_0.check_in_time between ? and ? 
        and a1_0.course_id in (?, ?, ?) 
        and exists(select
            cs1_0.id from course_selection cs1_0 
        where
            cs1_0.student_id=a1_0.student_id 
            and cs1_0.course_id=a1_0.course_id 
            and cs1_0.status=1) 
        and (
            ? is null 
            or ?='' 
            or exists(select
                s1_0.student_id from student s1_0 
            where
                s1_0.student_id=a1_0.student_id 
                and s1_0.class_name=?)
        )
2026-06-10 15:46:18.141 [http-nio-0.0.0.0-8080-exec-4] DEBUG org.hibernate.SQL - 
    select
        count_big(a1_0.id) 
    from
        attendance a1_0 
    where
        a1_0.student_status=? 
        and a1_0.check_in_time between ? and ? 
        and a1_0.course_id in (?, ?, ?) 
        and exists(select
            cs1_0.id from course_selection cs1_0 
        where
            cs1_0.student_id=a1_0.student_id 
            and cs1_0.course_id=a1_0.course_id 
            and cs1_0.status=1) 
        and (
            ? is null 
            or ?='' 
            or exists(select
                s1_0.student_id from student s1_0 
            where
                s1_0.student_id=a1_0.student_id 
                and s1_0.class_name=?)
        )
2026-06-10 15:46:18.141 [http-nio-0.0.0.0-8080-exec-4] DEBUG org.hibernate.SQL - 
    select
        count_big(a1_0.id) 
    from
        attendance a1_0 
    where
        a1_0.student_status=? 
        and a1_0.check_in_time between ? and ? 
        and a1_0.course_id in (?, ?, ?) 
        and exists(select
            cs1_0.id from course_selection cs1_0 
        where
            cs1_0.student_id=a1_0.student_id 
            and cs1_0.course_id=a1_0.course_id 
            and cs1_0.status=1) 
        and (
            ? is null 
            or ?='' 
            or exists(select
                s1_0.student_id from student s1_0 
            where
                s1_0.student_id=a1_0.student_id 
                and s1_0.class_name=?)
        )
2026-06-10 15:46:18.149 [http-nio-0.0.0.0-8080-exec-4] DEBUG org.hibernate.SQL - 
    select
        count_big(a1_0.id) 
    from
        attendance a1_0 
    where
        a1_0.student_status=? 
        and a1_0.check_in_time between ? and ? 
        and a1_0.course_id in (?, ?, ?) 
        and exists(select
            cs1_0.id from course_selection cs1_0 
        where
            cs1_0.student_id=a1_0.student_id 
            and cs1_0.course_id=a1_0.course_id 
            and cs1_0.status=1) 
        and (
            ? is null 
            or ?='' 
            or exists(select
                s1_0.student_id from student s1_0 
            where
                s1_0.student_id=a1_0.student_id 
                and s1_0.class_name=?)
        )
2026-06-10 15:46:18.149 [http-nio-0.0.0.0-8080-exec-4] DEBUG org.hibernate.SQL - 
    select
        count_big(a1_0.id) 
    from
        attendance a1_0 
    where
        a1_0.student_status=? 
        and a1_0.check_in_time between ? and ? 
        and a1_0.course_id in (?, ?, ?) 
        and exists(select
            cs1_0.id from course_selection cs1_0 
        where
            cs1_0.student_id=a1_0.student_id 
            and cs1_0.course_id=a1_0.course_id 
            and cs1_0.status=1) 
        and (
            ? is null 
            or ?='' 
            or exists(select
                s1_0.student_id from student s1_0 
            where
                s1_0.student_id=a1_0.student_id 
                and s1_0.class_name=?)
        )
2026-06-10 15:46:18.149 [http-nio-0.0.0.0-8080-exec-4] DEBUG org.hibernate.SQL - 
    select
        count_big(a1_0.id) 
    from
        attendance a1_0 
    where
        a1_0.student_status=? 
        and a1_0.check_in_time between ? and ? 
        and a1_0.course_id in (?, ?, ?) 
        and exists(select
            cs1_0.id from course_selection cs1_0 
        where
            cs1_0.student_id=a1_0.student_id 
            and cs1_0.course_id=a1_0.course_id 
            and cs1_0.status=1) 
        and (
            ? is null 
            or ?='' 
            or exists(select
                s1_0.student_id from student s1_0 
            where
                s1_0.student_id=a1_0.student_id 
                and s1_0.class_name=?)
        )
2026-06-10 15:46:18.149 [http-nio-0.0.0.0-8080-exec-4] DEBUG org.hibernate.SQL - 
    select
        count_big(a1_0.id) 
    from
        attendance a1_0 
    where
        a1_0.student_status=? 
        and a1_0.check_in_time between ? and ? 
        and a1_0.course_id in (?, ?, ?) 
        and exists(select
            cs1_0.id from course_selection cs1_0 
        where
            cs1_0.student_id=a1_0.student_id 
            and cs1_0.course_id=a1_0.course_id 
            and cs1_0.status=1) 
        and (
            ? is null 
            or ?='' 
            or exists(select
                s1_0.student_id from student s1_0 
            where
                s1_0.student_id=a1_0.student_id 
                and s1_0.class_name=?)
        )
2026-06-10 15:46:18.155 [http-nio-0.0.0.0-8080-exec-4] DEBUG org.hibernate.SQL - 
    select
        count_big(a1_0.id) 
    from
        attendance a1_0 
    where
        a1_0.student_status=? 
        and a1_0.check_in_time between ? and ? 
        and a1_0.course_id in (?, ?, ?) 
        and exists(select
            cs1_0.id from course_selection cs1_0 
        where
            cs1_0.student_id=a1_0.student_id 
            and cs1_0.course_id=a1_0.course_id 
            and cs1_0.status=1) 
        and (
            ? is null 
            or ?='' 
            or exists(select
                s1_0.student_id from student s1_0 
            where
                s1_0.student_id=a1_0.student_id 
                and s1_0.class_name=?)
        )
2026-06-10 15:46:18.155 [http-nio-0.0.0.0-8080-exec-4] DEBUG org.hibernate.SQL - 
    select
        count_big(a1_0.id) 
    from
        attendance a1_0 
    where
        a1_0.student_status=? 
        and a1_0.check_in_time between ? and ? 
        and a1_0.course_id in (?, ?, ?) 
        and exists(select
            cs1_0.id from course_selection cs1_0 
        where
            cs1_0.student_id=a1_0.student_id 
            and cs1_0.course_id=a1_0.course_id 
            and cs1_0.status=1) 
        and (
            ? is null 
            or ?='' 
            or exists(select
                s1_0.student_id from student s1_0 
            where
                s1_0.student_id=a1_0.student_id 
                and s1_0.class_name=?)
        )
2026-06-10 15:46:18.155 [http-nio-0.0.0.0-8080-exec-4] DEBUG org.hibernate.SQL - 
    select
        count_big(a1_0.id) 
    from
        attendance a1_0 
    where
        a1_0.student_status=? 
        and a1_0.check_in_time between ? and ? 
        and a1_0.course_id in (?, ?, ?) 
        and exists(select
            cs1_0.id from course_selection cs1_0 
        where
            cs1_0.student_id=a1_0.student_id 
            and cs1_0.course_id=a1_0.course_id 
            and cs1_0.status=1) 
        and (
            ? is null 
            or ?='' 
            or exists(select
                s1_0.student_id from student s1_0 
            where
                s1_0.student_id=a1_0.student_id 
                and s1_0.class_name=?)
        )
2026-06-10 15:46:18.155 [http-nio-0.0.0.0-8080-exec-4] DEBUG org.hibernate.SQL - 
    select
        count_big(a1_0.id) 
    from
        attendance a1_0 
    where
        a1_0.student_status=? 
        and a1_0.check_in_time between ? and ? 
        and a1_0.course_id in (?, ?, ?) 
        and exists(select
            cs1_0.id from course_selection cs1_0 
        where
            cs1_0.student_id=a1_0.student_id 
            and cs1_0.course_id=a1_0.course_id 
            and cs1_0.status=1) 
        and (
            ? is null 
            or ?='' 
            or exists(select
                s1_0.student_id from student s1_0 
            where
                s1_0.student_id=a1_0.student_id 
                and s1_0.class_name=?)
        )
2026-06-10 15:46:18.155 [http-nio-0.0.0.0-8080-exec-4] DEBUG org.hibernate.SQL - 
    select
        count_big(a1_0.id) 
    from
        attendance a1_0 
    where
        a1_0.student_status=? 
        and a1_0.check_in_time between ? and ? 
        and a1_0.course_id in (?, ?, ?) 
        and exists(select
            cs1_0.id from course_selection cs1_0 
        where
            cs1_0.student_id=a1_0.student_id 
            and cs1_0.course_id=a1_0.course_id 
            and cs1_0.status=1) 
        and (
            ? is null 
            or ?='' 
            or exists(select
                s1_0.student_id from student s1_0 
            where
                s1_0.student_id=a1_0.student_id 
                and s1_0.class_name=?)
        )
2026-06-10 15:46:18.155 [http-nio-0.0.0.0-8080-exec-4] DEBUG org.hibernate.SQL - 
    select
        count_big(a1_0.id) 
    from
        attendance a1_0 
    where
        a1_0.student_status=? 
        and a1_0.check_in_time between ? and ? 
        and a1_0.course_id in (?, ?, ?) 
        and exists(select
            cs1_0.id from course_selection cs1_0 
        where
            cs1_0.student_id=a1_0.student_id 
            and cs1_0.course_id=a1_0.course_id 
            and cs1_0.status=1) 
        and (
            ? is null 
            or ?='' 
            or exists(select
                s1_0.student_id from student s1_0 
            where
                s1_0.student_id=a1_0.student_id 
                and s1_0.class_name=?)
        )
2026-06-10 15:46:18.155 [http-nio-0.0.0.0-8080-exec-4] DEBUG org.hibernate.SQL - 
    select
        count_big(a1_0.id) 
    from
        attendance a1_0 
    where
        a1_0.student_status=? 
        and a1_0.check_in_time between ? and ? 
        and a1_0.course_id in (?, ?, ?) 
        and exists(select
            cs1_0.id from course_selection cs1_0 
        where
            cs1_0.student_id=a1_0.student_id 
            and cs1_0.course_id=a1_0.course_id 
            and cs1_0.status=1) 
        and (
            ? is null 
            or ?='' 
            or exists(select
                s1_0.student_id from student s1_0 
            where
                s1_0.student_id=a1_0.student_id 
                and s1_0.class_name=?)
        )
2026-06-10 15:46:18.155 [http-nio-0.0.0.0-8080-exec-4] DEBUG org.hibernate.SQL - 
    select
        count_big(a1_0.id) 
    from
        attendance a1_0 
    where
        a1_0.student_status=? 
        and a1_0.check_in_time between ? and ? 
        and a1_0.course_id in (?, ?, ?) 
        and exists(select
            cs1_0.id from course_selection cs1_0 
        where
            cs1_0.student_id=a1_0.student_id 
            and cs1_0.course_id=a1_0.course_id 
            and cs1_0.status=1) 
        and (
            ? is null 
            or ?='' 
            or exists(select
                s1_0.student_id from student s1_0 
            where
                s1_0.student_id=a1_0.student_id 
                and s1_0.class_name=?)
        )
2026-06-10 15:46:18.155 [http-nio-0.0.0.0-8080-exec-4] DEBUG org.hibernate.SQL - 
    select
        count_big(a1_0.id) 
    from
        attendance a1_0 
    where
        a1_0.student_status=? 
        and a1_0.check_in_time between ? and ? 
        and a1_0.course_id in (?, ?, ?) 
        and exists(select
            cs1_0.id from course_selection cs1_0 
        where
            cs1_0.student_id=a1_0.student_id 
            and cs1_0.course_id=a1_0.course_id 
            and cs1_0.status=1) 
        and (
            ? is null 
            or ?='' 
            or exists(select
                s1_0.student_id from student s1_0 
            where
                s1_0.student_id=a1_0.student_id 
                and s1_0.class_name=?)
        )
2026-06-10 15:46:18.165 [http-nio-0.0.0.0-8080-exec-4] DEBUG org.hibernate.SQL - 
    select
        count_big(a1_0.id) 
    from
        attendance a1_0 
    where
        a1_0.student_status=? 
        and a1_0.check_in_time between ? and ? 
        and a1_0.course_id in (?, ?, ?) 
        and exists(select
            cs1_0.id from course_selection cs1_0 
        where
            cs1_0.student_id=a1_0.student_id 
            and cs1_0.course_id=a1_0.course_id 
            and cs1_0.status=1) 
        and (
            ? is null 
            or ?='' 
            or exists(select
                s1_0.student_id from student s1_0 
            where
                s1_0.student_id=a1_0.student_id 
                and s1_0.class_name=?)
        )
2026-06-10 15:46:18.165 [http-nio-0.0.0.0-8080-exec-4] DEBUG org.hibernate.SQL - 
    select
        count_big(a1_0.id) 
    from
        attendance a1_0 
    where
        a1_0.student_status=? 
        and a1_0.check_in_time between ? and ? 
        and a1_0.course_id in (?, ?, ?) 
        and exists(select
            cs1_0.id from course_selection cs1_0 
        where
            cs1_0.student_id=a1_0.student_id 
            and cs1_0.course_id=a1_0.course_id 
            and cs1_0.status=1) 
        and (
            ? is null 
            or ?='' 
            or exists(select
                s1_0.student_id from student s1_0 
            where
                s1_0.student_id=a1_0.student_id 
                and s1_0.class_name=?)
        )
2026-06-10 15:46:18.165 [http-nio-0.0.0.0-8080-exec-4] DEBUG org.hibernate.SQL - 
    select
        count_big(a1_0.id) 
    from
        attendance a1_0 
    where
        a1_0.student_status=? 
        and a1_0.check_in_time between ? and ? 
        and a1_0.course_id in (?, ?, ?) 
        and exists(select
            cs1_0.id from course_selection cs1_0 
        where
            cs1_0.student_id=a1_0.student_id 
            and cs1_0.course_id=a1_0.course_id 
            and cs1_0.status=1) 
        and (
            ? is null 
            or ?='' 
            or exists(select
                s1_0.student_id from student s1_0 
            where
                s1_0.student_id=a1_0.student_id 
                and s1_0.class_name=?)
        )
2026-06-10 15:46:18.165 [http-nio-0.0.0.0-8080-exec-4] DEBUG org.hibernate.SQL - 
    select
        count_big(a1_0.id) 
    from
        attendance a1_0 
    where
        a1_0.student_status=? 
        and a1_0.check_in_time between ? and ? 
        and a1_0.course_id in (?, ?, ?) 
        and exists(select
            cs1_0.id from course_selection cs1_0 
        where
            cs1_0.student_id=a1_0.student_id 
            and cs1_0.course_id=a1_0.course_id 
            and cs1_0.status=1) 
        and (
            ? is null 
            or ?='' 
            or exists(select
                s1_0.student_id from student s1_0 
            where
                s1_0.student_id=a1_0.student_id 
                and s1_0.class_name=?)
        )
2026-06-10 15:46:18.165 [http-nio-0.0.0.0-8080-exec-4] DEBUG org.hibernate.SQL - 
    select
        count_big(a1_0.id) 
    from
        attendance a1_0 
    where
        a1_0.student_status=? 
        and a1_0.check_in_time between ? and ? 
        and a1_0.course_id in (?, ?, ?) 
        and exists(select
            cs1_0.id from course_selection cs1_0 
        where
            cs1_0.student_id=a1_0.student_id 
            and cs1_0.course_id=a1_0.course_id 
            and cs1_0.status=1) 
        and (
            ? is null 
            or ?='' 
            or exists(select
                s1_0.student_id from student s1_0 
            where
                s1_0.student_id=a1_0.student_id 
                and s1_0.class_name=?)
        )
2026-06-10 15:46:18.165 [http-nio-0.0.0.0-8080-exec-4] DEBUG org.hibernate.SQL - 
    select
        count_big(a1_0.id) 
    from
        attendance a1_0 
    where
        a1_0.student_status=? 
        and a1_0.check_in_time between ? and ? 
        and a1_0.course_id in (?, ?, ?) 
        and exists(select
            cs1_0.id from course_selection cs1_0 
        where
            cs1_0.student_id=a1_0.student_id 
            and cs1_0.course_id=a1_0.course_id 
            and cs1_0.status=1) 
        and (
            ? is null 
            or ?='' 
            or exists(select
                s1_0.student_id from student s1_0 
            where
                s1_0.student_id=a1_0.student_id 
                and s1_0.class_name=?)
        )
2026-06-10 15:46:18.165 [http-nio-0.0.0.0-8080-exec-4] DEBUG org.hibernate.SQL - 
    select
        count_big(a1_0.id) 
    from
        attendance a1_0 
    where
        a1_0.student_status=? 
        and a1_0.check_in_time between ? and ? 
        and a1_0.course_id in (?, ?, ?) 
        and exists(select
            cs1_0.id from course_selection cs1_0 
        where
            cs1_0.student_id=a1_0.student_id 
            and cs1_0.course_id=a1_0.course_id 
            and cs1_0.status=1) 
        and (
            ? is null 
            or ?='' 
            or exists(select
                s1_0.student_id from student s1_0 
            where
                s1_0.student_id=a1_0.student_id 
                and s1_0.class_name=?)
        )
2026-06-10 15:46:18.165 [http-nio-0.0.0.0-8080-exec-4] DEBUG org.hibernate.SQL - 
    select
        count_big(a1_0.id) 
    from
        attendance a1_0 
    where
        a1_0.student_status=? 
        and a1_0.check_in_time between ? and ? 
        and a1_0.course_id in (?, ?, ?) 
        and exists(select
            cs1_0.id from course_selection cs1_0 
        where
            cs1_0.student_id=a1_0.student_id 
            and cs1_0.course_id=a1_0.course_id 
            and cs1_0.status=1) 
        and (
            ? is null 
            or ?='' 
            or exists(select
                s1_0.student_id from student s1_0 
            where
                s1_0.student_id=a1_0.student_id 
                and s1_0.class_name=?)
        )
2026-06-10 15:46:18.165 [http-nio-0.0.0.0-8080-exec-4] DEBUG org.hibernate.SQL - 
    select
        count_big(a1_0.id) 
    from
        attendance a1_0 
    where
        a1_0.student_status=? 
        and a1_0.check_in_time between ? and ? 
        and a1_0.course_id in (?, ?, ?) 
        and exists(select
            cs1_0.id from course_selection cs1_0 
        where
            cs1_0.student_id=a1_0.student_id 
            and cs1_0.course_id=a1_0.course_id 
            and cs1_0.status=1) 
        and (
            ? is null 
            or ?='' 
            or exists(select
                s1_0.student_id from student s1_0 
            where
                s1_0.student_id=a1_0.student_id 
                and s1_0.class_name=?)
        )
2026-06-10 15:46:18.165 [http-nio-0.0.0.0-8080-exec-4] DEBUG org.hibernate.SQL - 
    select
        count_big(a1_0.id) 
    from
        attendance a1_0 
    where
        a1_0.student_status=? 
        and a1_0.check_in_time between ? and ? 
        and a1_0.course_id in (?, ?, ?) 
        and exists(select
            cs1_0.id from course_selection cs1_0 
        where
            cs1_0.student_id=a1_0.student_id 
            and cs1_0.course_id=a1_0.course_id 
            and cs1_0.status=1) 
        and (
            ? is null 
            or ?='' 
            or exists(select
                s1_0.student_id from student s1_0 
            where
                s1_0.student_id=a1_0.student_id 
                and s1_0.class_name=?)
        )
2026-06-10 15:46:18.165 [http-nio-0.0.0.0-8080-exec-4] DEBUG org.hibernate.SQL - 
    select
        count_big(a1_0.id) 
    from
        attendance a1_0 
    where
        a1_0.student_status=? 
        and a1_0.check_in_time between ? and ? 
        and a1_0.course_id in (?, ?, ?) 
        and exists(select
            cs1_0.id from course_selection cs1_0 
        where
            cs1_0.student_id=a1_0.student_id 
            and cs1_0.course_id=a1_0.course_id 
            and cs1_0.status=1) 
        and (
            ? is null 
            or ?='' 
            or exists(select
                s1_0.student_id from student s1_0 
            where
                s1_0.student_id=a1_0.student_id 
                and s1_0.class_name=?)
        )
2026-06-10 15:46:18.165 [http-nio-0.0.0.0-8080-exec-4] DEBUG org.hibernate.SQL - 
    select
        count_big(a1_0.id) 
    from
        attendance a1_0 
    where
        a1_0.student_status=? 
        and a1_0.check_in_time between ? and ? 
        and a1_0.course_id in (?, ?, ?) 
        and exists(select
            cs1_0.id from course_selection cs1_0 
        where
            cs1_0.student_id=a1_0.student_id 
            and cs1_0.course_id=a1_0.course_id 
            and cs1_0.status=1) 
        and (
            ? is null 
            or ?='' 
            or exists(select
                s1_0.student_id from student s1_0 
            where
                s1_0.student_id=a1_0.student_id 
                and s1_0.class_name=?)
        )
2026-06-10 15:46:18.181 [http-nio-0.0.0.0-8080-exec-4] DEBUG org.hibernate.SQL - 
    select
        count_big(a1_0.id) 
    from
        attendance a1_0 
    where
        a1_0.student_status=? 
        and a1_0.check_in_time between ? and ? 
        and a1_0.course_id in (?, ?, ?) 
        and exists(select
            cs1_0.id from course_selection cs1_0 
        where
            cs1_0.student_id=a1_0.student_id 
            and cs1_0.course_id=a1_0.course_id 
            and cs1_0.status=1) 
        and (
            ? is null 
            or ?='' 
            or exists(select
                s1_0.student_id from student s1_0 
            where
                s1_0.student_id=a1_0.student_id 
                and s1_0.class_name=?)
        )
2026-06-10 15:46:18.181 [http-nio-0.0.0.0-8080-exec-4] DEBUG org.hibernate.SQL - 
    select
        count_big(a1_0.id) 
    from
        attendance a1_0 
    where
        a1_0.student_status=? 
        and a1_0.check_in_time between ? and ? 
        and a1_0.course_id in (?, ?, ?) 
        and exists(select
            cs1_0.id from course_selection cs1_0 
        where
            cs1_0.student_id=a1_0.student_id 
            and cs1_0.course_id=a1_0.course_id 
            and cs1_0.status=1) 
        and (
            ? is null 
            or ?='' 
            or exists(select
                s1_0.student_id from student s1_0 
            where
                s1_0.student_id=a1_0.student_id 
                and s1_0.class_name=?)
        )
2026-06-10 15:46:18.181 [http-nio-0.0.0.0-8080-exec-4] DEBUG org.hibernate.SQL - 
    select
        count_big(a1_0.id) 
    from
        attendance a1_0 
    where
        a1_0.student_status=? 
        and a1_0.check_in_time between ? and ? 
        and a1_0.course_id in (?, ?, ?) 
        and exists(select
            cs1_0.id from course_selection cs1_0 
        where
            cs1_0.student_id=a1_0.student_id 
            and cs1_0.course_id=a1_0.course_id 
            and cs1_0.status=1) 
        and (
            ? is null 
            or ?='' 
            or exists(select
                s1_0.student_id from student s1_0 
            where
                s1_0.student_id=a1_0.student_id 
                and s1_0.class_name=?)
        )
2026-06-10 15:46:18.181 [http-nio-0.0.0.0-8080-exec-4] DEBUG org.hibernate.SQL - 
    select
        count_big(a1_0.id) 
    from
        attendance a1_0 
    where
        a1_0.student_status=? 
        and a1_0.check_in_time between ? and ? 
        and a1_0.course_id in (?, ?, ?) 
        and exists(select
            cs1_0.id from course_selection cs1_0 
        where
            cs1_0.student_id=a1_0.student_id 
            and cs1_0.course_id=a1_0.course_id 
            and cs1_0.status=1) 
        and (
            ? is null 
            or ?='' 
            or exists(select
                s1_0.student_id from student s1_0 
            where
                s1_0.student_id=a1_0.student_id 
                and s1_0.class_name=?)
        )
2026-06-10 15:46:18.181 [http-nio-0.0.0.0-8080-exec-4] DEBUG org.hibernate.SQL - 
    select
        count_big(a1_0.id) 
    from
        attendance a1_0 
    where
        a1_0.student_status=? 
        and a1_0.check_in_time between ? and ? 
        and a1_0.course_id in (?, ?, ?) 
        and exists(select
            cs1_0.id from course_selection cs1_0 
        where
            cs1_0.student_id=a1_0.student_id 
            and cs1_0.course_id=a1_0.course_id 
            and cs1_0.status=1) 
        and (
            ? is null 
            or ?='' 
            or exists(select
                s1_0.student_id from student s1_0 
            where
                s1_0.student_id=a1_0.student_id 
                and s1_0.class_name=?)
        )
2026-06-10 15:46:18.181 [http-nio-0.0.0.0-8080-exec-4] DEBUG org.hibernate.SQL - 
    select
        count_big(a1_0.id) 
    from
        attendance a1_0 
    where
        a1_0.student_status=? 
        and a1_0.check_in_time between ? and ? 
        and a1_0.course_id in (?, ?, ?) 
        and exists(select
            cs1_0.id from course_selection cs1_0 
        where
            cs1_0.student_id=a1_0.student_id 
            and cs1_0.course_id=a1_0.course_id 
            and cs1_0.status=1) 
        and (
            ? is null 
            or ?='' 
            or exists(select
                s1_0.student_id from student s1_0 
            where
                s1_0.student_id=a1_0.student_id 
                and s1_0.class_name=?)
        )
2026-06-10 15:46:18.181 [http-nio-0.0.0.0-8080-exec-4] DEBUG org.hibernate.SQL - 
    select
        count_big(a1_0.id) 
    from
        attendance a1_0 
    where
        a1_0.student_status=? 
        and a1_0.check_in_time between ? and ? 
        and a1_0.course_id in (?, ?, ?) 
        and exists(select
            cs1_0.id from course_selection cs1_0 
        where
            cs1_0.student_id=a1_0.student_id 
            and cs1_0.course_id=a1_0.course_id 
            and cs1_0.status=1) 
        and (
            ? is null 
            or ?='' 
            or exists(select
                s1_0.student_id from student s1_0 
            where
                s1_0.student_id=a1_0.student_id 
                and s1_0.class_name=?)
        )
2026-06-10 15:46:18.181 [http-nio-0.0.0.0-8080-exec-4] DEBUG org.hibernate.SQL - 
    select
        count_big(a1_0.id) 
    from
        attendance a1_0 
    where
        a1_0.student_status=? 
        and a1_0.check_in_time between ? and ? 
        and a1_0.course_id in (?, ?, ?) 
        and exists(select
            cs1_0.id from course_selection cs1_0 
        where
            cs1_0.student_id=a1_0.student_id 
            and cs1_0.course_id=a1_0.course_id 
            and cs1_0.status=1) 
        and (
            ? is null 
            or ?='' 
            or exists(select
                s1_0.student_id from student s1_0 
            where
                s1_0.student_id=a1_0.student_id 
                and s1_0.class_name=?)
        )
2026-06-10 15:46:18.181 [http-nio-0.0.0.0-8080-exec-4] DEBUG org.hibernate.SQL - 
    select
        count_big(a1_0.id) 
    from
        attendance a1_0 
    where
        a1_0.student_status=? 
        and a1_0.check_in_time between ? and ? 
        and a1_0.course_id in (?, ?, ?) 
        and exists(select
            cs1_0.id from course_selection cs1_0 
        where
            cs1_0.student_id=a1_0.student_id 
            and cs1_0.course_id=a1_0.course_id 
            and cs1_0.status=1) 
        and (
            ? is null 
            or ?='' 
            or exists(select
                s1_0.student_id from student s1_0 
            where
                s1_0.student_id=a1_0.student_id 
                and s1_0.class_name=?)
        )
2026-06-10 15:46:18.181 [http-nio-0.0.0.0-8080-exec-4] DEBUG org.hibernate.SQL - 
    select
        count_big(a1_0.id) 
    from
        attendance a1_0 
    where
        a1_0.student_status=? 
        and a1_0.check_in_time between ? and ? 
        and a1_0.course_id in (?, ?, ?) 
        and exists(select
            cs1_0.id from course_selection cs1_0 
        where
            cs1_0.student_id=a1_0.student_id 
            and cs1_0.course_id=a1_0.course_id 
            and cs1_0.status=1) 
        and (
            ? is null 
            or ?='' 
            or exists(select
                s1_0.student_id from student s1_0 
            where
                s1_0.student_id=a1_0.student_id 
                and s1_0.class_name=?)
        )
2026-06-10 15:46:18.181 [http-nio-0.0.0.0-8080-exec-4] DEBUG org.hibernate.SQL - 
    select
        count_big(a1_0.id) 
    from
        attendance a1_0 
    where
        a1_0.student_status=? 
        and a1_0.check_in_time between ? and ? 
        and a1_0.course_id in (?, ?, ?) 
        and exists(select
            cs1_0.id from course_selection cs1_0 
        where
            cs1_0.student_id=a1_0.student_id 
            and cs1_0.course_id=a1_0.course_id 
            and cs1_0.status=1) 
        and (
            ? is null 
            or ?='' 
            or exists(select
                s1_0.student_id from student s1_0 
            where
                s1_0.student_id=a1_0.student_id 
                and s1_0.class_name=?)
        )
2026-06-10 15:46:18.181 [http-nio-0.0.0.0-8080-exec-4] DEBUG org.hibernate.SQL - 
    select
        count_big(a1_0.id) 
    from
        attendance a1_0 
    where
        a1_0.student_status=? 
        and a1_0.check_in_time between ? and ? 
        and a1_0.course_id in (?, ?, ?) 
        and exists(select
            cs1_0.id from course_selection cs1_0 
        where
            cs1_0.student_id=a1_0.student_id 
            and cs1_0.course_id=a1_0.course_id 
            and cs1_0.status=1) 
        and (
            ? is null 
            or ?='' 
            or exists(select
                s1_0.student_id from student s1_0 
            where
                s1_0.student_id=a1_0.student_id 
                and s1_0.class_name=?)
        )
2026-06-10 15:46:18.181 [http-nio-0.0.0.0-8080-exec-4] DEBUG org.hibernate.SQL - 
    select
        count_big(a1_0.id) 
    from
        attendance a1_0 
    where
        a1_0.student_status=? 
        and a1_0.check_in_time between ? and ? 
        and a1_0.course_id in (?, ?, ?) 
        and exists(select
            cs1_0.id from course_selection cs1_0 
        where
            cs1_0.student_id=a1_0.student_id 
            and cs1_0.course_id=a1_0.course_id 
            and cs1_0.status=1) 
        and (
            ? is null 
            or ?='' 
            or exists(select
                s1_0.student_id from student s1_0 
            where
                s1_0.student_id=a1_0.student_id 
                and s1_0.class_name=?)
        )
2026-06-10 15:46:18.197 [http-nio-0.0.0.0-8080-exec-4] DEBUG org.hibernate.SQL - 
    select
        count_big(a1_0.id) 
    from
        attendance a1_0 
    where
        a1_0.student_status=? 
        and a1_0.check_in_time between ? and ? 
        and a1_0.course_id in (?, ?, ?) 
        and exists(select
            cs1_0.id from course_selection cs1_0 
        where
            cs1_0.student_id=a1_0.student_id 
            and cs1_0.course_id=a1_0.course_id 
            and cs1_0.status=1) 
        and (
            ? is null 
            or ?='' 
            or exists(select
                s1_0.student_id from student s1_0 
            where
                s1_0.student_id=a1_0.student_id 
                and s1_0.class_name=?)
        )
2026-06-10 15:46:18.197 [http-nio-0.0.0.0-8080-exec-4] DEBUG org.hibernate.SQL - 
    select
        count_big(a1_0.id) 
    from
        attendance a1_0 
    where
        a1_0.student_status=? 
        and a1_0.check_in_time between ? and ? 
        and a1_0.course_id in (?, ?, ?) 
        and exists(select
            cs1_0.id from course_selection cs1_0 
        where
            cs1_0.student_id=a1_0.student_id 
            and cs1_0.course_id=a1_0.course_id 
            and cs1_0.status=1) 
        and (
            ? is null 
            or ?='' 
            or exists(select
                s1_0.student_id from student s1_0 
            where
                s1_0.student_id=a1_0.student_id 
                and s1_0.class_name=?)
        )
2026-06-10 15:46:18.197 [http-nio-0.0.0.0-8080-exec-4] DEBUG org.hibernate.SQL - 
    select
        count_big(a1_0.id) 
    from
        attendance a1_0 
    where
        a1_0.student_status=? 
        and a1_0.check_in_time between ? and ? 
        and a1_0.course_id in (?, ?, ?) 
        and exists(select
            cs1_0.id from course_selection cs1_0 
        where
            cs1_0.student_id=a1_0.student_id 
            and cs1_0.course_id=a1_0.course_id 
            and cs1_0.status=1) 
        and (
            ? is null 
            or ?='' 
            or exists(select
                s1_0.student_id from student s1_0 
            where
                s1_0.student_id=a1_0.student_id 
                and s1_0.class_name=?)
        )
2026-06-10 15:46:18.197 [http-nio-0.0.0.0-8080-exec-4] DEBUG org.hibernate.SQL - 
    select
        count_big(a1_0.id) 
    from
        attendance a1_0 
    where
        a1_0.student_status=? 
        and a1_0.check_in_time between ? and ? 
        and a1_0.course_id in (?, ?, ?) 
        and exists(select
            cs1_0.id from course_selection cs1_0 
        where
            cs1_0.student_id=a1_0.student_id 
            and cs1_0.course_id=a1_0.course_id 
            and cs1_0.status=1) 
        and (
            ? is null 
            or ?='' 
            or exists(select
                s1_0.student_id from student s1_0 
            where
                s1_0.student_id=a1_0.student_id 
                and s1_0.class_name=?)
        )
2026-06-10 15:46:18.197 [http-nio-0.0.0.0-8080-exec-4] DEBUG org.hibernate.SQL - 
    select
        count_big(a1_0.id) 
    from
        attendance a1_0 
    where
        a1_0.student_status=? 
        and a1_0.check_in_time between ? and ? 
        and a1_0.course_id in (?, ?, ?) 
        and exists(select
            cs1_0.id from course_selection cs1_0 
        where
            cs1_0.student_id=a1_0.student_id 
            and cs1_0.course_id=a1_0.course_id 
            and cs1_0.status=1) 
        and (
            ? is null 
            or ?='' 
            or exists(select
                s1_0.student_id from student s1_0 
            where
                s1_0.student_id=a1_0.student_id 
                and s1_0.class_name=?)
        )
2026-06-10 15:46:18.197 [http-nio-0.0.0.0-8080-exec-4] DEBUG org.hibernate.SQL - 
    select
        count_big(a1_0.id) 
    from
        attendance a1_0 
    where
        a1_0.student_status=? 
        and a1_0.check_in_time between ? and ? 
        and a1_0.course_id in (?, ?, ?) 
        and exists(select
            cs1_0.id from course_selection cs1_0 
        where
            cs1_0.student_id=a1_0.student_id 
            and cs1_0.course_id=a1_0.course_id 
            and cs1_0.status=1) 
        and (
            ? is null 
            or ?='' 
            or exists(select
                s1_0.student_id from student s1_0 
            where
                s1_0.student_id=a1_0.student_id 
                and s1_0.class_name=?)
        )
2026-06-10 15:46:18.197 [http-nio-0.0.0.0-8080-exec-4] DEBUG org.hibernate.SQL - 
    select
        count_big(a1_0.id) 
    from
        attendance a1_0 
    where
        a1_0.student_status=? 
        and a1_0.check_in_time between ? and ? 
        and a1_0.course_id in (?, ?, ?) 
        and exists(select
            cs1_0.id from course_selection cs1_0 
        where
            cs1_0.student_id=a1_0.student_id 
            and cs1_0.course_id=a1_0.course_id 
            and cs1_0.status=1) 
        and (
            ? is null 
            or ?='' 
            or exists(select
                s1_0.student_id from student s1_0 
            where
                s1_0.student_id=a1_0.student_id 
                and s1_0.class_name=?)
        )
2026-06-10 15:46:18.197 [http-nio-0.0.0.0-8080-exec-4] DEBUG org.hibernate.SQL - 
    select
        count_big(a1_0.id) 
    from
        attendance a1_0 
    where
        a1_0.student_status=? 
        and a1_0.check_in_time between ? and ? 
        and a1_0.course_id in (?, ?, ?) 
        and exists(select
            cs1_0.id from course_selection cs1_0 
        where
            cs1_0.student_id=a1_0.student_id 
            and cs1_0.course_id=a1_0.course_id 
            and cs1_0.status=1) 
        and (
            ? is null 
            or ?='' 
            or exists(select
                s1_0.student_id from student s1_0 
            where
                s1_0.student_id=a1_0.student_id 
                and s1_0.class_name=?)
        )
2026-06-10 15:46:18.197 [http-nio-0.0.0.0-8080-exec-4] DEBUG org.hibernate.SQL - 
    select
        count_big(a1_0.id) 
    from
        attendance a1_0 
    where
        a1_0.student_status=? 
        and a1_0.check_in_time between ? and ? 
        and a1_0.course_id in (?, ?, ?) 
        and exists(select
            cs1_0.id from course_selection cs1_0 
        where
            cs1_0.student_id=a1_0.student_id 
            and cs1_0.course_id=a1_0.course_id 
            and cs1_0.status=1) 
        and (
            ? is null 
            or ?='' 
            or exists(select
                s1_0.student_id from student s1_0 
            where
                s1_0.student_id=a1_0.student_id 
                and s1_0.class_name=?)
        )
2026-06-10 15:46:18.197 [http-nio-0.0.0.0-8080-exec-4] DEBUG org.hibernate.SQL - 
    select
        count_big(a1_0.id) 
    from
        attendance a1_0 
    where
        a1_0.student_status=? 
        and a1_0.check_in_time between ? and ? 
        and a1_0.course_id in (?, ?, ?) 
        and exists(select
            cs1_0.id from course_selection cs1_0 
        where
            cs1_0.student_id=a1_0.student_id 
            and cs1_0.course_id=a1_0.course_id 
            and cs1_0.status=1) 
        and (
            ? is null 
            or ?='' 
            or exists(select
                s1_0.student_id from student s1_0 
            where
                s1_0.student_id=a1_0.student_id 
                and s1_0.class_name=?)
        )
2026-06-10 15:46:18.197 [http-nio-0.0.0.0-8080-exec-4] DEBUG org.hibernate.SQL - 
    select
        count_big(a1_0.id) 
    from
        attendance a1_0 
    where
        a1_0.student_status=? 
        and a1_0.check_in_time between ? and ? 
        and a1_0.course_id in (?, ?, ?) 
        and exists(select
            cs1_0.id from course_selection cs1_0 
        where
            cs1_0.student_id=a1_0.student_id 
            and cs1_0.course_id=a1_0.course_id 
            and cs1_0.status=1) 
        and (
            ? is null 
            or ?='' 
            or exists(select
                s1_0.student_id from student s1_0 
            where
                s1_0.student_id=a1_0.student_id 
                and s1_0.class_name=?)
        )
2026-06-10 15:46:18.197 [http-nio-0.0.0.0-8080-exec-4] DEBUG org.hibernate.SQL - 
    select
        count_big(a1_0.id) 
    from
        attendance a1_0 
    where
        a1_0.student_status=? 
        and a1_0.check_in_time between ? and ? 
        and a1_0.course_id in (?, ?, ?) 
        and exists(select
            cs1_0.id from course_selection cs1_0 
        where
            cs1_0.student_id=a1_0.student_id 
            and cs1_0.course_id=a1_0.course_id 
            and cs1_0.status=1) 
        and (
            ? is null 
            or ?='' 
            or exists(select
                s1_0.student_id from student s1_0 
            where
                s1_0.student_id=a1_0.student_id 
                and s1_0.class_name=?)
        )
2026-06-10 15:46:18.212 [http-nio-0.0.0.0-8080-exec-4] DEBUG org.hibernate.SQL - 
    select
        count_big(a1_0.id) 
    from
        attendance a1_0 
    where
        a1_0.student_status=? 
        and a1_0.check_in_time between ? and ? 
        and a1_0.course_id in (?, ?, ?) 
        and exists(select
            cs1_0.id from course_selection cs1_0 
        where
            cs1_0.student_id=a1_0.student_id 
            and cs1_0.course_id=a1_0.course_id 
            and cs1_0.status=1) 
        and (
            ? is null 
            or ?='' 
            or exists(select
                s1_0.student_id from student s1_0 
            where
                s1_0.student_id=a1_0.student_id 
                and s1_0.class_name=?)
        )
2026-06-10 15:46:18.212 [http-nio-0.0.0.0-8080-exec-4] DEBUG org.hibernate.SQL - 
    select
        count_big(a1_0.id) 
    from
        attendance a1_0 
    where
        a1_0.student_status=? 
        and a1_0.check_in_time between ? and ? 
        and a1_0.course_id in (?, ?, ?) 
        and exists(select
            cs1_0.id from course_selection cs1_0 
        where
            cs1_0.student_id=a1_0.student_id 
            and cs1_0.course_id=a1_0.course_id 
            and cs1_0.status=1) 
        and (
            ? is null 
            or ?='' 
            or exists(select
                s1_0.student_id from student s1_0 
            where
                s1_0.student_id=a1_0.student_id 
                and s1_0.class_name=?)
        )
2026-06-10 15:46:18.212 [http-nio-0.0.0.0-8080-exec-4] DEBUG org.hibernate.SQL - 
    select
        count_big(a1_0.id) 
    from
        attendance a1_0 
    where
        a1_0.student_status=? 
        and a1_0.check_in_time between ? and ? 
        and a1_0.course_id in (?, ?, ?) 
        and exists(select
            cs1_0.id from course_selection cs1_0 
        where
            cs1_0.student_id=a1_0.student_id 
            and cs1_0.course_id=a1_0.course_id 
            and cs1_0.status=1) 
        and (
            ? is null 
            or ?='' 
            or exists(select
                s1_0.student_id from student s1_0 
            where
                s1_0.student_id=a1_0.student_id 
                and s1_0.class_name=?)
        )
2026-06-10 15:46:18.212 [http-nio-0.0.0.0-8080-exec-4] DEBUG org.hibernate.SQL - 
    select
        count_big(a1_0.id) 
    from
        attendance a1_0 
    where
        a1_0.student_status=? 
        and a1_0.check_in_time between ? and ? 
        and a1_0.course_id in (?, ?, ?) 
        and exists(select
            cs1_0.id from course_selection cs1_0 
        where
            cs1_0.student_id=a1_0.student_id 
            and cs1_0.course_id=a1_0.course_id 
            and cs1_0.status=1) 
        and (
            ? is null 
            or ?='' 
            or exists(select
                s1_0.student_id from student s1_0 
            where
                s1_0.student_id=a1_0.student_id 
                and s1_0.class_name=?)
        )
2026-06-10 15:46:18.212 [http-nio-0.0.0.0-8080-exec-4] DEBUG org.hibernate.SQL - 
    select
        count_big(a1_0.id) 
    from
        attendance a1_0 
    where
        a1_0.student_status=? 
        and a1_0.check_in_time between ? and ? 
        and a1_0.course_id in (?, ?, ?) 
        and exists(select
            cs1_0.id from course_selection cs1_0 
        where
            cs1_0.student_id=a1_0.student_id 
            and cs1_0.course_id=a1_0.course_id 
            and cs1_0.status=1) 
        and (
            ? is null 
            or ?='' 
            or exists(select
                s1_0.student_id from student s1_0 
            where
                s1_0.student_id=a1_0.student_id 
                and s1_0.class_name=?)
        )
2026-06-10 15:46:18.212 [http-nio-0.0.0.0-8080-exec-4] DEBUG org.hibernate.SQL - 
    select
        count_big(a1_0.id) 
    from
        attendance a1_0 
    where
        a1_0.student_status=? 
        and a1_0.check_in_time between ? and ? 
        and a1_0.course_id in (?, ?, ?) 
        and exists(select
            cs1_0.id from course_selection cs1_0 
        where
            cs1_0.student_id=a1_0.student_id 
            and cs1_0.course_id=a1_0.course_id 
            and cs1_0.status=1) 
        and (
            ? is null 
            or ?='' 
            or exists(select
                s1_0.student_id from student s1_0 
            where
                s1_0.student_id=a1_0.student_id 
                and s1_0.class_name=?)
        )
2026-06-10 15:46:18.212 [http-nio-0.0.0.0-8080-exec-4] DEBUG org.hibernate.SQL - 
    select
        count_big(a1_0.id) 
    from
        attendance a1_0 
    where
        a1_0.student_status=? 
        and a1_0.check_in_time between ? and ? 
        and a1_0.course_id in (?, ?, ?) 
        and exists(select
            cs1_0.id from course_selection cs1_0 
        where
            cs1_0.student_id=a1_0.student_id 
            and cs1_0.course_id=a1_0.course_id 
            and cs1_0.status=1) 
        and (
            ? is null 
            or ?='' 
            or exists(select
                s1_0.student_id from student s1_0 
            where
                s1_0.student_id=a1_0.student_id 
                and s1_0.class_name=?)
        )
2026-06-10 15:46:18.212 [http-nio-0.0.0.0-8080-exec-4] DEBUG org.hibernate.SQL - 
    select
        count_big(a1_0.id) 
    from
        attendance a1_0 
    where
        a1_0.student_status=? 
        and a1_0.check_in_time between ? and ? 
        and a1_0.course_id in (?, ?, ?) 
        and exists(select
            cs1_0.id from course_selection cs1_0 
        where
            cs1_0.student_id=a1_0.student_id 
            and cs1_0.course_id=a1_0.course_id 
            and cs1_0.status=1) 
        and (
            ? is null 
            or ?='' 
            or exists(select
                s1_0.student_id from student s1_0 
            where
                s1_0.student_id=a1_0.student_id 
                and s1_0.class_name=?)
        )
2026-06-10 15:46:18.212 [http-nio-0.0.0.0-8080-exec-4] DEBUG org.hibernate.SQL - 
    select
        count_big(a1_0.id) 
    from
        attendance a1_0 
    where
        a1_0.student_status=? 
        and a1_0.check_in_time between ? and ? 
        and a1_0.course_id in (?, ?, ?) 
        and exists(select
            cs1_0.id from course_selection cs1_0 
        where
            cs1_0.student_id=a1_0.student_id 
            and cs1_0.course_id=a1_0.course_id 
            and cs1_0.status=1) 
        and (
            ? is null 
            or ?='' 
            or exists(select
                s1_0.student_id from student s1_0 
            where
                s1_0.student_id=a1_0.student_id 
                and s1_0.class_name=?)
        )
2026-06-10 15:46:18.228 [http-nio-0.0.0.0-8080-exec-4] DEBUG org.hibernate.SQL - 
    select
        count_big(a1_0.id) 
    from
        attendance a1_0 
    where
        a1_0.student_status=? 
        and a1_0.check_in_time between ? and ? 
        and a1_0.course_id in (?, ?, ?) 
        and exists(select
            cs1_0.id from course_selection cs1_0 
        where
            cs1_0.student_id=a1_0.student_id 
            and cs1_0.course_id=a1_0.course_id 
            and cs1_0.status=1) 
        and (
            ? is null 
            or ?='' 
            or exists(select
                s1_0.student_id from student s1_0 
            where
                s1_0.student_id=a1_0.student_id 
                and s1_0.class_name=?)
        )
2026-06-10 15:46:18.228 [http-nio-0.0.0.0-8080-exec-4] DEBUG org.hibernate.SQL - 
    select
        count_big(a1_0.id) 
    from
        attendance a1_0 
    where
        a1_0.student_status=? 
        and a1_0.check_in_time between ? and ? 
        and a1_0.course_id in (?, ?, ?) 
        and exists(select
            cs1_0.id from course_selection cs1_0 
        where
            cs1_0.student_id=a1_0.student_id 
            and cs1_0.course_id=a1_0.course_id 
            and cs1_0.status=1) 
        and (
            ? is null 
            or ?='' 
            or exists(select
                s1_0.student_id from student s1_0 
            where
                s1_0.student_id=a1_0.student_id 
                and s1_0.class_name=?)
        )
2026-06-10 15:46:18.228 [http-nio-0.0.0.0-8080-exec-4] DEBUG org.hibernate.SQL - 
    select
        count_big(a1_0.id) 
    from
        attendance a1_0 
    where
        a1_0.student_status=? 
        and a1_0.check_in_time between ? and ? 
        and a1_0.course_id in (?, ?, ?) 
        and exists(select
            cs1_0.id from course_selection cs1_0 
        where
            cs1_0.student_id=a1_0.student_id 
            and cs1_0.course_id=a1_0.course_id 
            and cs1_0.status=1) 
        and (
            ? is null 
            or ?='' 
            or exists(select
                s1_0.student_id from student s1_0 
            where
                s1_0.student_id=a1_0.student_id 
                and s1_0.class_name=?)
        )
2026-06-10 15:46:18.228 [http-nio-0.0.0.0-8080-exec-4] DEBUG org.hibernate.SQL - 
    select
        count_big(a1_0.id) 
    from
        attendance a1_0 
    where
        a1_0.student_status=? 
        and a1_0.check_in_time between ? and ? 
        and a1_0.course_id in (?, ?, ?) 
        and exists(select
            cs1_0.id from course_selection cs1_0 
        where
            cs1_0.student_id=a1_0.student_id 
            and cs1_0.course_id=a1_0.course_id 
            and cs1_0.status=1) 
        and (
            ? is null 
            or ?='' 
            or exists(select
                s1_0.student_id from student s1_0 
            where
                s1_0.student_id=a1_0.student_id 
                and s1_0.class_name=?)
        )
2026-06-10 15:46:18.228 [http-nio-0.0.0.0-8080-exec-4] DEBUG org.hibernate.SQL - 
    select
        count_big(a1_0.id) 
    from
        attendance a1_0 
    where
        a1_0.student_status=? 
        and a1_0.check_in_time between ? and ? 
        and a1_0.course_id in (?, ?, ?) 
        and exists(select
            cs1_0.id from course_selection cs1_0 
        where
            cs1_0.student_id=a1_0.student_id 
            and cs1_0.course_id=a1_0.course_id 
            and cs1_0.status=1) 
        and (
            ? is null 
            or ?='' 
            or exists(select
                s1_0.student_id from student s1_0 
            where
                s1_0.student_id=a1_0.student_id 
                and s1_0.class_name=?)
        )
2026-06-10 15:46:18.228 [http-nio-0.0.0.0-8080-exec-4] DEBUG org.hibernate.SQL - 
    select
        count_big(a1_0.id) 
    from
        attendance a1_0 
    where
        a1_0.student_status=? 
        and a1_0.check_in_time between ? and ? 
        and a1_0.course_id in (?, ?, ?) 
        and exists(select
            cs1_0.id from course_selection cs1_0 
        where
            cs1_0.student_id=a1_0.student_id 
            and cs1_0.course_id=a1_0.course_id 
            and cs1_0.status=1) 
        and (
            ? is null 
            or ?='' 
            or exists(select
                s1_0.student_id from student s1_0 
            where
                s1_0.student_id=a1_0.student_id 
                and s1_0.class_name=?)
        )
2026-06-10 15:46:18.228 [http-nio-0.0.0.0-8080-exec-4] DEBUG org.hibernate.SQL - 
    select
        count_big(a1_0.id) 
    from
        attendance a1_0 
    where
        a1_0.student_status=? 
        and a1_0.check_in_time between ? and ? 
        and a1_0.course_id in (?, ?, ?) 
        and exists(select
            cs1_0.id from course_selection cs1_0 
        where
            cs1_0.student_id=a1_0.student_id 
            and cs1_0.course_id=a1_0.course_id 
            and cs1_0.status=1) 
        and (
            ? is null 
            or ?='' 
            or exists(select
                s1_0.student_id from student s1_0 
            where
                s1_0.student_id=a1_0.student_id 
                and s1_0.class_name=?)
        )
2026-06-10 15:46:18.228 [http-nio-0.0.0.0-8080-exec-4] DEBUG org.hibernate.SQL - 
    select
        count_big(a1_0.id) 
    from
        attendance a1_0 
    where
        a1_0.student_status=? 
        and a1_0.check_in_time between ? and ? 
        and a1_0.course_id in (?, ?, ?) 
        and exists(select
            cs1_0.id from course_selection cs1_0 
        where
            cs1_0.student_id=a1_0.student_id 
            and cs1_0.course_id=a1_0.course_id 
            and cs1_0.status=1) 
        and (
            ? is null 
            or ?='' 
            or exists(select
                s1_0.student_id from student s1_0 
            where
                s1_0.student_id=a1_0.student_id 
                and s1_0.class_name=?)
        )
2026-06-10 15:46:18.228 [http-nio-0.0.0.0-8080-exec-4] DEBUG org.hibernate.SQL - 
    select
        count_big(a1_0.id) 
    from
        attendance a1_0 
    where
        a1_0.student_status=? 
        and a1_0.check_in_time between ? and ? 
        and a1_0.course_id in (?, ?, ?) 
        and exists(select
            cs1_0.id from course_selection cs1_0 
        where
            cs1_0.student_id=a1_0.student_id 
            and cs1_0.course_id=a1_0.course_id 
            and cs1_0.status=1) 
        and (
            ? is null 
            or ?='' 
            or exists(select
                s1_0.student_id from student s1_0 
            where
                s1_0.student_id=a1_0.student_id 
                and s1_0.class_name=?)
        )
2026-06-10 15:46:18.228 [http-nio-0.0.0.0-8080-exec-4] DEBUG org.hibernate.SQL - 
    select
        count_big(a1_0.id) 
    from
        attendance a1_0 
    where
        a1_0.student_status=? 
        and a1_0.check_in_time between ? and ? 
        and a1_0.course_id in (?, ?, ?) 
        and exists(select
            cs1_0.id from course_selection cs1_0 
        where
            cs1_0.student_id=a1_0.student_id 
            and cs1_0.course_id=a1_0.course_id 
            and cs1_0.status=1) 
        and (
            ? is null 
            or ?='' 
            or exists(select
                s1_0.student_id from student s1_0 
            where
                s1_0.student_id=a1_0.student_id 
                and s1_0.class_name=?)
        )
2026-06-10 15:46:18.228 [http-nio-0.0.0.0-8080-exec-4] DEBUG org.hibernate.SQL - 
    select
        count_big(a1_0.id) 
    from
        attendance a1_0 
    where
        a1_0.student_status=? 
        and a1_0.check_in_time between ? and ? 
        and a1_0.course_id in (?, ?, ?) 
        and exists(select
            cs1_0.id from course_selection cs1_0 
        where
            cs1_0.student_id=a1_0.student_id 
            and cs1_0.course_id=a1_0.course_id 
            and cs1_0.status=1) 
        and (
            ? is null 
            or ?='' 
            or exists(select
                s1_0.student_id from student s1_0 
            where
                s1_0.student_id=a1_0.student_id 
                and s1_0.class_name=?)
        )
2026-06-10 15:46:18.228 [http-nio-0.0.0.0-8080-exec-4] DEBUG org.hibernate.SQL - 
    select
        count_big(a1_0.id) 
    from
        attendance a1_0 
    where
        a1_0.student_status=? 
        and a1_0.check_in_time between ? and ? 
        and a1_0.course_id in (?, ?, ?) 
        and exists(select
            cs1_0.id from course_selection cs1_0 
        where
            cs1_0.student_id=a1_0.student_id 
            and cs1_0.course_id=a1_0.course_id 
            and cs1_0.status=1) 
        and (
            ? is null 
            or ?='' 
            or exists(select
                s1_0.student_id from student s1_0 
            where
                s1_0.student_id=a1_0.student_id 
                and s1_0.class_name=?)
        )
2026-06-10 15:46:18.228 [http-nio-0.0.0.0-8080-exec-4] DEBUG org.hibernate.SQL - 
    select
        count_big(a1_0.id) 
    from
        attendance a1_0 
    where
        a1_0.student_status=? 
        and a1_0.check_in_time between ? and ? 
        and a1_0.course_id in (?, ?, ?) 
        and exists(select
            cs1_0.id from course_selection cs1_0 
        where
            cs1_0.student_id=a1_0.student_id 
            and cs1_0.course_id=a1_0.course_id 
            and cs1_0.status=1) 
        and (
            ? is null 
            or ?='' 
            or exists(select
                s1_0.student_id from student s1_0 
            where
                s1_0.student_id=a1_0.student_id 
                and s1_0.class_name=?)
        )
2026-06-10 15:46:18.244 [http-nio-0.0.0.0-8080-exec-4] DEBUG org.hibernate.SQL - 
    select
        count_big(a1_0.id) 
    from
        attendance a1_0 
    where
        a1_0.student_status=? 
        and a1_0.check_in_time between ? and ? 
        and a1_0.course_id in (?, ?, ?) 
        and exists(select
            cs1_0.id from course_selection cs1_0 
        where
            cs1_0.student_id=a1_0.student_id 
            and cs1_0.course_id=a1_0.course_id 
            and cs1_0.status=1) 
        and (
            ? is null 
            or ?='' 
            or exists(select
                s1_0.student_id from student s1_0 
            where
                s1_0.student_id=a1_0.student_id 
                and s1_0.class_name=?)
        )
2026-06-10 15:46:18.244 [http-nio-0.0.0.0-8080-exec-4] DEBUG org.hibernate.SQL - 
    select
        count_big(a1_0.id) 
    from
        attendance a1_0 
    where
        a1_0.student_status=? 
        and a1_0.check_in_time between ? and ? 
        and a1_0.course_id in (?, ?, ?) 
        and exists(select
            cs1_0.id from course_selection cs1_0 
        where
            cs1_0.student_id=a1_0.student_id 
            and cs1_0.course_id=a1_0.course_id 
            and cs1_0.status=1) 
        and (
            ? is null 
            or ?='' 
            or exists(select
                s1_0.student_id from student s1_0 
            where
                s1_0.student_id=a1_0.student_id 
                and s1_0.class_name=?)
        )
2026-06-10 15:46:18.244 [http-nio-0.0.0.0-8080-exec-4] DEBUG org.hibernate.SQL - 
    select
        count_big(a1_0.id) 
    from
        attendance a1_0 
    where
        a1_0.student_status=? 
        and a1_0.check_in_time between ? and ? 
        and a1_0.course_id in (?, ?, ?) 
        and exists(select
            cs1_0.id from course_selection cs1_0 
        where
            cs1_0.student_id=a1_0.student_id 
            and cs1_0.course_id=a1_0.course_id 
            and cs1_0.status=1) 
        and (
            ? is null 
            or ?='' 
            or exists(select
                s1_0.student_id from student s1_0 
            where
                s1_0.student_id=a1_0.student_id 
                and s1_0.class_name=?)
        )
2026-06-10 15:46:18.244 [http-nio-0.0.0.0-8080-exec-4] DEBUG org.hibernate.SQL - 
    select
        count_big(a1_0.id) 
    from
        attendance a1_0 
    where
        a1_0.student_status=? 
        and a1_0.check_in_time between ? and ? 
        and a1_0.course_id in (?, ?, ?) 
        and exists(select
            cs1_0.id from course_selection cs1_0 
        where
            cs1_0.student_id=a1_0.student_id 
            and cs1_0.course_id=a1_0.course_id 
            and cs1_0.status=1) 
        and (
            ? is null 
            or ?='' 
            or exists(select
                s1_0.student_id from student s1_0 
            where
                s1_0.student_id=a1_0.student_id 
                and s1_0.class_name=?)
        )
2026-06-10 15:46:18.244 [http-nio-0.0.0.0-8080-exec-4] DEBUG org.hibernate.SQL - 
    select
        count_big(a1_0.id) 
    from
        attendance a1_0 
    where
        a1_0.student_status=? 
        and a1_0.check_in_time between ? and ? 
        and a1_0.course_id in (?, ?, ?) 
        and exists(select
            cs1_0.id from course_selection cs1_0 
        where
            cs1_0.student_id=a1_0.student_id 
            and cs1_0.course_id=a1_0.course_id 
            and cs1_0.status=1) 
        and (
            ? is null 
            or ?='' 
            or exists(select
                s1_0.student_id from student s1_0 
            where
                s1_0.student_id=a1_0.student_id 
                and s1_0.class_name=?)
        )
2026-06-10 15:46:18.244 [http-nio-0.0.0.0-8080-exec-4] DEBUG org.hibernate.SQL - 
    select
        count_big(a1_0.id) 
    from
        attendance a1_0 
    where
        a1_0.student_status=? 
        and a1_0.check_in_time between ? and ? 
        and a1_0.course_id in (?, ?, ?) 
        and exists(select
            cs1_0.id from course_selection cs1_0 
        where
            cs1_0.student_id=a1_0.student_id 
            and cs1_0.course_id=a1_0.course_id 
            and cs1_0.status=1) 
        and (
            ? is null 
            or ?='' 
            or exists(select
                s1_0.student_id from student s1_0 
            where
                s1_0.student_id=a1_0.student_id 
                and s1_0.class_name=?)
        )
2026-06-10 15:46:18.244 [http-nio-0.0.0.0-8080-exec-4] DEBUG org.hibernate.SQL - 
    select
        count_big(a1_0.id) 
    from
        attendance a1_0 
    where
        a1_0.student_status=? 
        and a1_0.check_in_time between ? and ? 
        and a1_0.course_id in (?, ?, ?) 
        and exists(select
            cs1_0.id from course_selection cs1_0 
        where
            cs1_0.student_id=a1_0.student_id 
            and cs1_0.course_id=a1_0.course_id 
            and cs1_0.status=1) 
        and (
            ? is null 
            or ?='' 
            or exists(select
                s1_0.student_id from student s1_0 
            where
                s1_0.student_id=a1_0.student_id 
                and s1_0.class_name=?)
        )
2026-06-10 15:46:18.244 [http-nio-0.0.0.0-8080-exec-4] DEBUG org.hibernate.SQL - 
    select
        count_big(a1_0.id) 
    from
        attendance a1_0 
    where
        a1_0.student_status=? 
        and a1_0.check_in_time between ? and ? 
        and a1_0.course_id in (?, ?, ?) 
        and exists(select
            cs1_0.id from course_selection cs1_0 
        where
            cs1_0.student_id=a1_0.student_id 
            and cs1_0.course_id=a1_0.course_id 
            and cs1_0.status=1) 
        and (
            ? is null 
            or ?='' 
            or exists(select
                s1_0.student_id from student s1_0 
            where
                s1_0.student_id=a1_0.student_id 
                and s1_0.class_name=?)
        )
2026-06-10 15:46:18.244 [http-nio-0.0.0.0-8080-exec-4] DEBUG org.hibernate.SQL - 
    select
        count_big(a1_0.id) 
    from
        attendance a1_0 
    where
        a1_0.student_status=? 
        and a1_0.check_in_time between ? and ? 
        and a1_0.course_id in (?, ?, ?) 
        and exists(select
            cs1_0.id from course_selection cs1_0 
        where
            cs1_0.student_id=a1_0.student_id 
            and cs1_0.course_id=a1_0.course_id 
            and cs1_0.status=1) 
        and (
            ? is null 
            or ?='' 
            or exists(select
                s1_0.student_id from student s1_0 
            where
                s1_0.student_id=a1_0.student_id 
                and s1_0.class_name=?)
        )
2026-06-10 15:46:18.244 [http-nio-0.0.0.0-8080-exec-4] DEBUG org.hibernate.SQL - 
    select
        count_big(a1_0.id) 
    from
        attendance a1_0 
    where
        a1_0.student_status=? 
        and a1_0.check_in_time between ? and ? 
        and a1_0.course_id in (?, ?, ?) 
        and exists(select
            cs1_0.id from course_selection cs1_0 
        where
            cs1_0.student_id=a1_0.student_id 
            and cs1_0.course_id=a1_0.course_id 
            and cs1_0.status=1) 
        and (
            ? is null 
            or ?='' 
            or exists(select
                s1_0.student_id from student s1_0 
            where
                s1_0.student_id=a1_0.student_id 
                and s1_0.class_name=?)
        )
2026-06-10 15:46:18.244 [http-nio-0.0.0.0-8080-exec-4] DEBUG org.hibernate.SQL - 
    select
        count_big(a1_0.id) 
    from
        attendance a1_0 
    where
        a1_0.student_status=? 
        and a1_0.check_in_time between ? and ? 
        and a1_0.course_id in (?, ?, ?) 
        and exists(select
            cs1_0.id from course_selection cs1_0 
        where
            cs1_0.student_id=a1_0.student_id 
            and cs1_0.course_id=a1_0.course_id 
            and cs1_0.status=1) 
        and (
            ? is null 
            or ?='' 
            or exists(select
                s1_0.student_id from student s1_0 
            where
                s1_0.student_id=a1_0.student_id 
                and s1_0.class_name=?)
        )
2026-06-10 15:46:18.244 [http-nio-0.0.0.0-8080-exec-4] DEBUG org.hibernate.SQL - 
    select
        count_big(a1_0.id) 
    from
        attendance a1_0 
    where
        a1_0.student_status=? 
        and a1_0.check_in_time between ? and ? 
        and a1_0.course_id in (?, ?, ?) 
        and exists(select
            cs1_0.id from course_selection cs1_0 
        where
            cs1_0.student_id=a1_0.student_id 
            and cs1_0.course_id=a1_0.course_id 
            and cs1_0.status=1) 
        and (
            ? is null 
            or ?='' 
            or exists(select
                s1_0.student_id from student s1_0 
            where
                s1_0.student_id=a1_0.student_id 
                and s1_0.class_name=?)
        )
2026-06-10 15:46:18.244 [http-nio-0.0.0.0-8080-exec-4] DEBUG org.hibernate.SQL - 
    select
        count_big(a1_0.id) 
    from
        attendance a1_0 
    where
        a1_0.student_status=? 
        and a1_0.check_in_time between ? and ? 
        and a1_0.course_id in (?, ?, ?) 
        and exists(select
            cs1_0.id from course_selection cs1_0 
        where
            cs1_0.student_id=a1_0.student_id 
            and cs1_0.course_id=a1_0.course_id 
            and cs1_0.status=1) 
        and (
            ? is null 
            or ?='' 
            or exists(select
                s1_0.student_id from student s1_0 
            where
                s1_0.student_id=a1_0.student_id 
                and s1_0.class_name=?)
        )
2026-06-10 15:46:18.260 [http-nio-0.0.0.0-8080-exec-4] DEBUG org.hibernate.SQL - 
    select
        count_big(a1_0.id) 
    from
        attendance a1_0 
    where
        a1_0.student_status=? 
        and a1_0.check_in_time between ? and ? 
        and a1_0.course_id in (?, ?, ?) 
        and exists(select
            cs1_0.id from course_selection cs1_0 
        where
            cs1_0.student_id=a1_0.student_id 
            and cs1_0.course_id=a1_0.course_id 
            and cs1_0.status=1) 
        and (
            ? is null 
            or ?='' 
            or exists(select
                s1_0.student_id from student s1_0 
            where
                s1_0.student_id=a1_0.student_id 
                and s1_0.class_name=?)
        )
2026-06-10 15:46:18.260 [http-nio-0.0.0.0-8080-exec-4] DEBUG org.hibernate.SQL - 
    select
        count_big(a1_0.id) 
    from
        attendance a1_0 
    where
        a1_0.student_status=? 
        and a1_0.check_in_time between ? and ? 
        and a1_0.course_id in (?, ?, ?) 
        and exists(select
            cs1_0.id from course_selection cs1_0 
        where
            cs1_0.student_id=a1_0.student_id 
            and cs1_0.course_id=a1_0.course_id 
            and cs1_0.status=1) 
        and (
            ? is null 
            or ?='' 
            or exists(select
                s1_0.student_id from student s1_0 
            where
                s1_0.student_id=a1_0.student_id 
                and s1_0.class_name=?)
        )
2026-06-10 15:46:18.260 [http-nio-0.0.0.0-8080-exec-4] DEBUG org.hibernate.SQL - 
    select
        count_big(a1_0.id) 
    from
        attendance a1_0 
    where
        a1_0.student_status=? 
        and a1_0.check_in_time between ? and ? 
        and a1_0.course_id in (?, ?, ?) 
        and exists(select
            cs1_0.id from course_selection cs1_0 
        where
            cs1_0.student_id=a1_0.student_id 
            and cs1_0.course_id=a1_0.course_id 
            and cs1_0.status=1) 
        and (
            ? is null 
            or ?='' 
            or exists(select
                s1_0.student_id from student s1_0 
            where
                s1_0.student_id=a1_0.student_id 
                and s1_0.class_name=?)
        )
2026-06-10 15:46:18.260 [http-nio-0.0.0.0-8080-exec-4] DEBUG org.hibernate.SQL - 
    select
        count_big(a1_0.id) 
    from
        attendance a1_0 
    where
        a1_0.student_status=? 
        and a1_0.check_in_time between ? and ? 
        and a1_0.course_id in (?, ?, ?) 
        and exists(select
            cs1_0.id from course_selection cs1_0 
        where
            cs1_0.student_id=a1_0.student_id 
            and cs1_0.course_id=a1_0.course_id 
            and cs1_0.status=1) 
        and (
            ? is null 
            or ?='' 
            or exists(select
                s1_0.student_id from student s1_0 
            where
                s1_0.student_id=a1_0.student_id 
                and s1_0.class_name=?)
        )
2026-06-10 15:46:18.260 [http-nio-0.0.0.0-8080-exec-4] DEBUG org.hibernate.SQL - 
    select
        count_big(a1_0.id) 
    from
        attendance a1_0 
    where
        a1_0.student_status=? 
        and a1_0.check_in_time between ? and ? 
        and a1_0.course_id in (?, ?, ?) 
        and exists(select
            cs1_0.id from course_selection cs1_0 
        where
            cs1_0.student_id=a1_0.student_id 
            and cs1_0.course_id=a1_0.course_id 
            and cs1_0.status=1) 
        and (
            ? is null 
            or ?='' 
            or exists(select
                s1_0.student_id from student s1_0 
            where
                s1_0.student_id=a1_0.student_id 
                and s1_0.class_name=?)
        )
2026-06-10 15:46:18.260 [http-nio-0.0.0.0-8080-exec-4] DEBUG org.hibernate.SQL - 
    select
        count_big(a1_0.id) 
    from
        attendance a1_0 
    where
        a1_0.student_status=? 
        and a1_0.check_in_time between ? and ? 
        and a1_0.course_id in (?, ?, ?) 
        and exists(select
            cs1_0.id from course_selection cs1_0 
        where
            cs1_0.student_id=a1_0.student_id 
            and cs1_0.course_id=a1_0.course_id 
            and cs1_0.status=1) 
        and (
            ? is null 
            or ?='' 
            or exists(select
                s1_0.student_id from student s1_0 
            where
                s1_0.student_id=a1_0.student_id 
                and s1_0.class_name=?)
        )
2026-06-10 15:46:18.267 [http-nio-0.0.0.0-8080-exec-4] DEBUG org.hibernate.SQL - 
    select
        count_big(a1_0.id) 
    from
        attendance a1_0 
    where
        a1_0.student_status=? 
        and a1_0.check_in_time between ? and ? 
        and a1_0.course_id in (?, ?, ?) 
        and exists(select
            cs1_0.id from course_selection cs1_0 
        where
            cs1_0.student_id=a1_0.student_id 
            and cs1_0.course_id=a1_0.course_id 
            and cs1_0.status=1) 
        and (
            ? is null 
            or ?='' 
            or exists(select
                s1_0.student_id from student s1_0 
            where
                s1_0.student_id=a1_0.student_id 
                and s1_0.class_name=?)
        )
2026-06-10 15:46:18.267 [http-nio-0.0.0.0-8080-exec-4] DEBUG org.hibernate.SQL - 
    select
        count_big(a1_0.id) 
    from
        attendance a1_0 
    where
        a1_0.student_status=? 
        and a1_0.check_in_time between ? and ? 
        and a1_0.course_id in (?, ?, ?) 
        and exists(select
            cs1_0.id from course_selection cs1_0 
        where
            cs1_0.student_id=a1_0.student_id 
            and cs1_0.course_id=a1_0.course_id 
            and cs1_0.status=1) 
        and (
            ? is null 
            or ?='' 
            or exists(select
                s1_0.student_id from student s1_0 
            where
                s1_0.student_id=a1_0.student_id 
                and s1_0.class_name=?)
        )
2026-06-10 15:46:18.267 [http-nio-0.0.0.0-8080-exec-4] DEBUG org.hibernate.SQL - 
    select
        count_big(a1_0.id) 
    from
        attendance a1_0 
    where
        a1_0.student_status=? 
        and a1_0.check_in_time between ? and ? 
        and a1_0.course_id in (?, ?, ?) 
        and exists(select
            cs1_0.id from course_selection cs1_0 
        where
            cs1_0.student_id=a1_0.student_id 
            and cs1_0.course_id=a1_0.course_id 
            and cs1_0.status=1) 
        and (
            ? is null 
            or ?='' 
            or exists(select
                s1_0.student_id from student s1_0 
            where
                s1_0.student_id=a1_0.student_id 
                and s1_0.class_name=?)
        )
2026-06-10 15:46:18.267 [http-nio-0.0.0.0-8080-exec-4] DEBUG org.hibernate.SQL - 
    select
        count_big(a1_0.id) 
    from
        attendance a1_0 
    where
        a1_0.student_status=? 
        and a1_0.check_in_time between ? and ? 
        and a1_0.course_id in (?, ?, ?) 
        and exists(select
            cs1_0.id from course_selection cs1_0 
        where
            cs1_0.student_id=a1_0.student_id 
            and cs1_0.course_id=a1_0.course_id 
            and cs1_0.status=1) 
        and (
            ? is null 
            or ?='' 
            or exists(select
                s1_0.student_id from student s1_0 
            where
                s1_0.student_id=a1_0.student_id 
                and s1_0.class_name=?)
        )
2026-06-10 15:46:18.272 [http-nio-0.0.0.0-8080-exec-4] DEBUG org.hibernate.SQL - 
    select
        count_big(a1_0.id) 
    from
        attendance a1_0 
    where
        a1_0.student_status=? 
        and a1_0.check_in_time between ? and ? 
        and a1_0.course_id in (?, ?, ?) 
        and exists(select
            cs1_0.id from course_selection cs1_0 
        where
            cs1_0.student_id=a1_0.student_id 
            and cs1_0.course_id=a1_0.course_id 
            and cs1_0.status=1) 
        and (
            ? is null 
            or ?='' 
            or exists(select
                s1_0.student_id from student s1_0 
            where
                s1_0.student_id=a1_0.student_id 
                and s1_0.class_name=?)
        )
2026-06-10 15:46:18.273 [http-nio-0.0.0.0-8080-exec-4] DEBUG org.hibernate.SQL - 
    select
        count_big(a1_0.id) 
    from
        attendance a1_0 
    where
        a1_0.student_status=? 
        and a1_0.check_in_time between ? and ? 
        and a1_0.course_id in (?, ?, ?) 
        and exists(select
            cs1_0.id from course_selection cs1_0 
        where
            cs1_0.student_id=a1_0.student_id 
            and cs1_0.course_id=a1_0.course_id 
            and cs1_0.status=1) 
        and (
            ? is null 
            or ?='' 
            or exists(select
                s1_0.student_id from student s1_0 
            where
                s1_0.student_id=a1_0.student_id 
                and s1_0.class_name=?)
        )
2026-06-10 15:46:18.274 [http-nio-0.0.0.0-8080-exec-4] DEBUG org.hibernate.SQL - 
    select
        count_big(a1_0.id) 
    from
        attendance a1_0 
    where
        a1_0.student_status=? 
        and a1_0.check_in_time between ? and ? 
        and a1_0.course_id in (?, ?, ?) 
        and exists(select
            cs1_0.id from course_selection cs1_0 
        where
            cs1_0.student_id=a1_0.student_id 
            and cs1_0.course_id=a1_0.course_id 
            and cs1_0.status=1) 
        and (
            ? is null 
            or ?='' 
            or exists(select
                s1_0.student_id from student s1_0 
            where
                s1_0.student_id=a1_0.student_id 
                and s1_0.class_name=?)
        )
2026-06-10 15:46:18.275 [http-nio-0.0.0.0-8080-exec-4] DEBUG org.hibernate.SQL - 
    select
        count_big(a1_0.id) 
    from
        attendance a1_0 
    where
        a1_0.student_status=? 
        and a1_0.check_in_time between ? and ? 
        and a1_0.course_id in (?, ?, ?) 
        and exists(select
            cs1_0.id from course_selection cs1_0 
        where
            cs1_0.student_id=a1_0.student_id 
            and cs1_0.course_id=a1_0.course_id 
            and cs1_0.status=1) 
        and (
            ? is null 
            or ?='' 
            or exists(select
                s1_0.student_id from student s1_0 
            where
                s1_0.student_id=a1_0.student_id 
                and s1_0.class_name=?)
        )
2026-06-10 15:46:18.275 [http-nio-0.0.0.0-8080-exec-4] DEBUG org.hibernate.SQL - 
    select
        count_big(a1_0.id) 
    from
        attendance a1_0 
    where
        a1_0.student_status=? 
        and a1_0.check_in_time between ? and ? 
        and a1_0.course_id in (?, ?, ?) 
        and exists(select
            cs1_0.id from course_selection cs1_0 
        where
            cs1_0.student_id=a1_0.student_id 
            and cs1_0.course_id=a1_0.course_id 
            and cs1_0.status=1) 
        and (
            ? is null 
            or ?='' 
            or exists(select
                s1_0.student_id from student s1_0 
            where
                s1_0.student_id=a1_0.student_id 
                and s1_0.class_name=?)
        )
2026-06-10 15:46:18.275 [http-nio-0.0.0.0-8080-exec-4] DEBUG org.hibernate.SQL - 
    select
        count_big(a1_0.id) 
    from
        attendance a1_0 
    where
        a1_0.student_status=? 
        and a1_0.check_in_time between ? and ? 
        and a1_0.course_id in (?, ?, ?) 
        and exists(select
            cs1_0.id from course_selection cs1_0 
        where
            cs1_0.student_id=a1_0.student_id 
            and cs1_0.course_id=a1_0.course_id 
            and cs1_0.status=1) 
        and (
            ? is null 
            or ?='' 
            or exists(select
                s1_0.student_id from student s1_0 
            where
                s1_0.student_id=a1_0.student_id 
                and s1_0.class_name=?)
        )
2026-06-10 15:46:18.275 [http-nio-0.0.0.0-8080-exec-4] DEBUG org.hibernate.SQL - 
    select
        count_big(a1_0.id) 
    from
        attendance a1_0 
    where
        a1_0.student_status=? 
        and a1_0.check_in_time between ? and ? 
        and a1_0.course_id in (?, ?, ?) 
        and exists(select
            cs1_0.id from course_selection cs1_0 
        where
            cs1_0.student_id=a1_0.student_id 
            and cs1_0.course_id=a1_0.course_id 
            and cs1_0.status=1) 
        and (
            ? is null 
            or ?='' 
            or exists(select
                s1_0.student_id from student s1_0 
            where
                s1_0.student_id=a1_0.student_id 
                and s1_0.class_name=?)
        )
2026-06-10 15:46:18.275 [http-nio-0.0.0.0-8080-exec-4] DEBUG org.hibernate.SQL - 
    select
        count_big(a1_0.id) 
    from
        attendance a1_0 
    where
        a1_0.student_status=? 
        and a1_0.check_in_time between ? and ? 
        and a1_0.course_id in (?, ?, ?) 
        and exists(select
            cs1_0.id from course_selection cs1_0 
        where
            cs1_0.student_id=a1_0.student_id 
            and cs1_0.course_id=a1_0.course_id 
            and cs1_0.status=1) 
        and (
            ? is null 
            or ?='' 
            or exists(select
                s1_0.student_id from student s1_0 
            where
                s1_0.student_id=a1_0.student_id 
                and s1_0.class_name=?)
        )
2026-06-10 15:46:18.275 [http-nio-0.0.0.0-8080-exec-4] DEBUG org.hibernate.SQL - 
    select
        count_big(a1_0.id) 
    from
        attendance a1_0 
    where
        a1_0.student_status=? 
        and a1_0.check_in_time between ? and ? 
        and a1_0.course_id in (?, ?, ?) 
        and exists(select
            cs1_0.id from course_selection cs1_0 
        where
            cs1_0.student_id=a1_0.student_id 
            and cs1_0.course_id=a1_0.course_id 
            and cs1_0.status=1) 
        and (
            ? is null 
            or ?='' 
            or exists(select
                s1_0.student_id from student s1_0 
            where
                s1_0.student_id=a1_0.student_id 
                and s1_0.class_name=?)
        )
2026-06-10 15:46:18.283 [http-nio-0.0.0.0-8080-exec-4] DEBUG org.hibernate.SQL - 
    select
        count_big(a1_0.id) 
    from
        attendance a1_0 
    where
        a1_0.student_status=? 
        and a1_0.check_in_time between ? and ? 
        and a1_0.course_id in (?, ?, ?) 
        and exists(select
            cs1_0.id from course_selection cs1_0 
        where
            cs1_0.student_id=a1_0.student_id 
            and cs1_0.course_id=a1_0.course_id 
            and cs1_0.status=1) 
        and (
            ? is null 
            or ?='' 
            or exists(select
                s1_0.student_id from student s1_0 
            where
                s1_0.student_id=a1_0.student_id 
                and s1_0.class_name=?)
        )
2026-06-10 15:46:18.285 [http-nio-0.0.0.0-8080-exec-4] DEBUG org.hibernate.SQL - 
    select
        count_big(a1_0.id) 
    from
        attendance a1_0 
    where
        a1_0.student_status=? 
        and a1_0.check_in_time between ? and ? 
        and a1_0.course_id in (?, ?, ?) 
        and exists(select
            cs1_0.id from course_selection cs1_0 
        where
            cs1_0.student_id=a1_0.student_id 
            and cs1_0.course_id=a1_0.course_id 
            and cs1_0.status=1) 
        and (
            ? is null 
            or ?='' 
            or exists(select
                s1_0.student_id from student s1_0 
            where
                s1_0.student_id=a1_0.student_id 
                and s1_0.class_name=?)
        )
2026-06-10 15:46:18.285 [http-nio-0.0.0.0-8080-exec-4] DEBUG org.hibernate.SQL - 
    select
        count_big(a1_0.id) 
    from
        attendance a1_0 
    where
        a1_0.student_status=? 
        and a1_0.check_in_time between ? and ? 
        and a1_0.course_id in (?, ?, ?) 
        and exists(select
            cs1_0.id from course_selection cs1_0 
        where
            cs1_0.student_id=a1_0.student_id 
            and cs1_0.course_id=a1_0.course_id 
            and cs1_0.status=1) 
        and (
            ? is null 
            or ?='' 
            or exists(select
                s1_0.student_id from student s1_0 
            where
                s1_0.student_id=a1_0.student_id 
                and s1_0.class_name=?)
        )
2026-06-10 15:46:18.285 [http-nio-0.0.0.0-8080-exec-4] DEBUG org.hibernate.SQL - 
    select
        count_big(a1_0.id) 
    from
        attendance a1_0 
    where
        a1_0.student_status=? 
        and a1_0.check_in_time between ? and ? 
        and a1_0.course_id in (?, ?, ?) 
        and exists(select
            cs1_0.id from course_selection cs1_0 
        where
            cs1_0.student_id=a1_0.student_id 
            and cs1_0.course_id=a1_0.course_id 
            and cs1_0.status=1) 
        and (
            ? is null 
            or ?='' 
            or exists(select
                s1_0.student_id from student s1_0 
            where
                s1_0.student_id=a1_0.student_id 
                and s1_0.class_name=?)
        )
2026-06-10 15:46:18.289 [http-nio-0.0.0.0-8080-exec-4] DEBUG org.hibernate.SQL - 
    select
        count_big(a1_0.id) 
    from
        attendance a1_0 
    where
        a1_0.student_status=? 
        and a1_0.check_in_time between ? and ? 
        and a1_0.course_id in (?, ?, ?) 
        and exists(select
            cs1_0.id from course_selection cs1_0 
        where
            cs1_0.student_id=a1_0.student_id 
            and cs1_0.course_id=a1_0.course_id 
            and cs1_0.status=1) 
        and (
            ? is null 
            or ?='' 
            or exists(select
                s1_0.student_id from student s1_0 
            where
                s1_0.student_id=a1_0.student_id 
                and s1_0.class_name=?)
        )
2026-06-10 15:46:18.290 [http-nio-0.0.0.0-8080-exec-4] DEBUG org.hibernate.SQL - 
    select
        count_big(a1_0.id) 
    from
        attendance a1_0 
    where
        a1_0.student_status=? 
        and a1_0.check_in_time between ? and ? 
        and a1_0.course_id in (?, ?, ?) 
        and exists(select
            cs1_0.id from course_selection cs1_0 
        where
            cs1_0.student_id=a1_0.student_id 
            and cs1_0.course_id=a1_0.course_id 
            and cs1_0.status=1) 
        and (
            ? is null 
            or ?='' 
            or exists(select
                s1_0.student_id from student s1_0 
            where
                s1_0.student_id=a1_0.student_id 
                and s1_0.class_name=?)
        )
2026-06-10 15:46:18.291 [http-nio-0.0.0.0-8080-exec-4] DEBUG org.hibernate.SQL - 
    select
        count_big(a1_0.id) 
    from
        attendance a1_0 
    where
        a1_0.student_status=? 
        and a1_0.check_in_time between ? and ? 
        and a1_0.course_id in (?, ?, ?) 
        and exists(select
            cs1_0.id from course_selection cs1_0 
        where
            cs1_0.student_id=a1_0.student_id 
            and cs1_0.course_id=a1_0.course_id 
            and cs1_0.status=1) 
        and (
            ? is null 
            or ?='' 
            or exists(select
                s1_0.student_id from student s1_0 
            where
                s1_0.student_id=a1_0.student_id 
                and s1_0.class_name=?)
        )
2026-06-10 15:46:18.291 [http-nio-0.0.0.0-8080-exec-4] DEBUG org.hibernate.SQL - 
    select
        count_big(a1_0.id) 
    from
        attendance a1_0 
    where
        a1_0.student_status=? 
        and a1_0.check_in_time between ? and ? 
        and a1_0.course_id in (?, ?, ?) 
        and exists(select
            cs1_0.id from course_selection cs1_0 
        where
            cs1_0.student_id=a1_0.student_id 
            and cs1_0.course_id=a1_0.course_id 
            and cs1_0.status=1) 
        and (
            ? is null 
            or ?='' 
            or exists(select
                s1_0.student_id from student s1_0 
            where
                s1_0.student_id=a1_0.student_id 
                and s1_0.class_name=?)
        )
2026-06-10 15:46:18.291 [http-nio-0.0.0.0-8080-exec-4] DEBUG org.hibernate.SQL - 
    select
        count_big(a1_0.id) 
    from
        attendance a1_0 
    where
        a1_0.student_status=? 
        and a1_0.check_in_time between ? and ? 
        and a1_0.course_id in (?, ?, ?) 
        and exists(select
            cs1_0.id from course_selection cs1_0 
        where
            cs1_0.student_id=a1_0.student_id 
            and cs1_0.course_id=a1_0.course_id 
            and cs1_0.status=1) 
        and (
            ? is null 
            or ?='' 
            or exists(select
                s1_0.student_id from student s1_0 
            where
                s1_0.student_id=a1_0.student_id 
                and s1_0.class_name=?)
        )
2026-06-10 15:46:18.291 [http-nio-0.0.0.0-8080-exec-4] DEBUG org.hibernate.SQL - 
    select
        distinct s1_0.class_name 
    from
        course_selection cs1_0 
    join
        student s1_0 
            on cs1_0.student_id=s1_0.student_id 
    where
        cs1_0.course_id in (?, ?, ?)
2026-06-10 15:46:18.291 [http-nio-0.0.0.0-8080-exec-4] DEBUG org.hibernate.SQL - 
    select
        count_big(a1_0.id) 
    from
        attendance a1_0 
    where
        a1_0.check_in_time between ? and ? 
        and a1_0.course_id in (?, ?, ?) 
        and exists(select
            cs1_0.id from course_selection cs1_0 
        where
            cs1_0.student_id=a1_0.student_id 
            and cs1_0.course_id=a1_0.course_id 
            and cs1_0.status=1) 
        and (
            ? is null 
            or ?='' 
            or exists(select
                s1_0.student_id from student s1_0 
            where
                s1_0.student_id=a1_0.student_id 
                and s1_0.class_name=?)
        )
2026-06-10 15:46:18.291 [http-nio-0.0.0.0-8080-exec-4] DEBUG org.hibernate.SQL - 
    select
        count_big(a1_0.id) 
    from
        attendance a1_0 
    where
        a1_0.student_status=? 
        and a1_0.check_in_time between ? and ? 
        and a1_0.course_id in (?, ?, ?) 
        and exists(select
            cs1_0.id from course_selection cs1_0 
        where
            cs1_0.student_id=a1_0.student_id 
            and cs1_0.course_id=a1_0.course_id 
            and cs1_0.status=1) 
        and (
            ? is null 
            or ?='' 
            or exists(select
                s1_0.student_id from student s1_0 
            where
                s1_0.student_id=a1_0.student_id 
                and s1_0.class_name=?)
        )
2026-06-10 15:46:18.300 [http-nio-0.0.0.0-8080-exec-4] DEBUG org.hibernate.SQL - 
    select
        count_big(a1_0.id) 
    from
        attendance a1_0 
    where
        a1_0.check_in_time between ? and ? 
        and a1_0.course_id in (?, ?, ?) 
        and exists(select
            cs1_0.id from course_selection cs1_0 
        where
            cs1_0.student_id=a1_0.student_id 
            and cs1_0.course_id=a1_0.course_id 
            and cs1_0.status=1) 
        and (
            ? is null 
            or ?='' 
            or exists(select
                s1_0.student_id from student s1_0 
            where
                s1_0.student_id=a1_0.student_id 
                and s1_0.class_name=?)
        )
2026-06-10 15:46:18.302 [http-nio-0.0.0.0-8080-exec-4] DEBUG org.hibernate.SQL - 
    select
        count_big(a1_0.id) 
    from
        attendance a1_0 
    where
        a1_0.student_status=? 
        and a1_0.check_in_time between ? and ? 
        and a1_0.course_id in (?, ?, ?) 
        and exists(select
            cs1_0.id from course_selection cs1_0 
        where
            cs1_0.student_id=a1_0.student_id 
            and cs1_0.course_id=a1_0.course_id 
            and cs1_0.status=1) 
        and (
            ? is null 
            or ?='' 
            or exists(select
                s1_0.student_id from student s1_0 
            where
                s1_0.student_id=a1_0.student_id 
                and s1_0.class_name=?)
        )
2026-06-10 15:46:18.302 [http-nio-0.0.0.0-8080-exec-4] DEBUG org.hibernate.SQL - 
    select
        count_big(a1_0.id) 
    from
        attendance a1_0 
    where
        a1_0.check_in_time between ? and ? 
        and a1_0.course_id in (?, ?, ?) 
        and exists(select
            cs1_0.id from course_selection cs1_0 
        where
            cs1_0.student_id=a1_0.student_id 
            and cs1_0.course_id=a1_0.course_id 
            and cs1_0.status=1) 
        and (
            ? is null 
            or ?='' 
            or exists(select
                s1_0.student_id from student s1_0 
            where
                s1_0.student_id=a1_0.student_id 
                and s1_0.class_name=?)
        )
2026-06-10 15:46:18.307 [http-nio-0.0.0.0-8080-exec-4] DEBUG org.hibernate.SQL - 
    select
        count_big(a1_0.id) 
    from
        attendance a1_0 
    where
        a1_0.student_status=? 
        and a1_0.check_in_time between ? and ? 
        and a1_0.course_id in (?, ?, ?) 
        and exists(select
            cs1_0.id from course_selection cs1_0 
        where
            cs1_0.student_id=a1_0.student_id 
            and cs1_0.course_id=a1_0.course_id 
            and cs1_0.status=1) 
        and (
            ? is null 
            or ?='' 
            or exists(select
                s1_0.student_id from student s1_0 
            where
                s1_0.student_id=a1_0.student_id 
                and s1_0.class_name=?)
        )
2026-06-10 15:46:18.307 [http-nio-0.0.0.0-8080-exec-4] DEBUG org.hibernate.SQL - 
    select
        count_big(a1_0.id) 
    from
        attendance a1_0 
    where
        a1_0.check_in_time between ? and ? 
        and a1_0.course_id in (?, ?, ?) 
        and exists(select
            cs1_0.id from course_selection cs1_0 
        where
            cs1_0.student_id=a1_0.student_id 
            and cs1_0.course_id=a1_0.course_id 
            and cs1_0.status=1) 
        and (
            ? is null 
            or ?='' 
            or exists(select
                s1_0.student_id from student s1_0 
            where
                s1_0.student_id=a1_0.student_id 
                and s1_0.class_name=?)
        )
2026-06-10 15:46:18.307 [http-nio-0.0.0.0-8080-exec-4] DEBUG org.hibernate.SQL - 
    select
        count_big(a1_0.id) 
    from
        attendance a1_0 
    where
        a1_0.student_status=? 
        and a1_0.check_in_time between ? and ? 
        and a1_0.course_id in (?, ?, ?) 
        and exists(select
            cs1_0.id from course_selection cs1_0 
        where
            cs1_0.student_id=a1_0.student_id 
            and cs1_0.course_id=a1_0.course_id 
            and cs1_0.status=1) 
        and (
            ? is null 
            or ?='' 
            or exists(select
                s1_0.student_id from student s1_0 
            where
                s1_0.student_id=a1_0.student_id 
                and s1_0.class_name=?)
        )
2026-06-10 15:46:18.307 [http-nio-0.0.0.0-8080-exec-4] DEBUG org.hibernate.SQL - 
    select
        count_big(a1_0.id) 
    from
        attendance a1_0 
    where
        a1_0.check_in_time between ? and ? 
        and a1_0.course_id in (?, ?, ?) 
        and exists(select
            cs1_0.id from course_selection cs1_0 
        where
            cs1_0.student_id=a1_0.student_id 
            and cs1_0.course_id=a1_0.course_id 
            and cs1_0.status=1) 
        and (
            ? is null 
            or ?='' 
            or exists(select
                s1_0.student_id from student s1_0 
            where
                s1_0.student_id=a1_0.student_id 
                and s1_0.class_name=?)
        )
2026-06-10 15:46:18.307 [http-nio-0.0.0.0-8080-exec-4] DEBUG org.hibernate.SQL - 
    select
        count_big(a1_0.id) 
    from
        attendance a1_0 
    where
        a1_0.student_status=? 
        and a1_0.check_in_time between ? and ? 
        and a1_0.course_id in (?, ?, ?) 
        and exists(select
            cs1_0.id from course_selection cs1_0 
        where
            cs1_0.student_id=a1_0.student_id 
            and cs1_0.course_id=a1_0.course_id 
            and cs1_0.status=1) 
        and (
            ? is null 
            or ?='' 
            or exists(select
                s1_0.student_id from student s1_0 
            where
                s1_0.student_id=a1_0.student_id 
                and s1_0.class_name=?)
        )
2026-06-10 15:46:18.316 [http-nio-0.0.0.0-8080-exec-4] DEBUG org.hibernate.SQL - 
    select
        count_big(a1_0.id) 
    from
        attendance a1_0 
    where
        a1_0.check_in_time between ? and ? 
        and a1_0.course_id in (?) 
        and exists(select
            cs1_0.id from course_selection cs1_0 
        where
            cs1_0.student_id=a1_0.student_id 
            and cs1_0.course_id=a1_0.course_id 
            and cs1_0.status=1) 
        and (
            ? is null 
            or ?='' 
            or exists(select
                s1_0.student_id from student s1_0 
            where
                s1_0.student_id=a1_0.student_id 
                and s1_0.class_name=?)
        )
2026-06-10 15:46:18.317 [http-nio-0.0.0.0-8080-exec-4] DEBUG org.hibernate.SQL - 
    select
        c1_0.id,
        c1_0.class_name,
        c1_0.course_id,
        c1_0.course_name,
        c1_0.create_time,
        c1_0.location,
        c1_0.teacher_id,
        c1_0.teacher_name,
        c1_0.time_slot,
        c1_0.week_day 
    from
        course c1_0 
    where
        c1_0.course_id=?
2026-06-10 15:46:18.317 [http-nio-0.0.0.0-8080-exec-4] DEBUG org.hibernate.SQL - 
    select
        count_big(a1_0.id) 
    from
        attendance a1_0 
    where
        a1_0.check_in_time between ? and ? 
        and a1_0.course_id in (?) 
        and exists(select
            cs1_0.id from course_selection cs1_0 
        where
            cs1_0.student_id=a1_0.student_id 
            and cs1_0.course_id=a1_0.course_id 
            and cs1_0.status=1) 
        and (
            ? is null 
            or ?='' 
            or exists(select
                s1_0.student_id from student s1_0 
            where
                s1_0.student_id=a1_0.student_id 
                and s1_0.class_name=?)
        )
2026-06-10 15:46:18.317 [http-nio-0.0.0.0-8080-exec-4] DEBUG org.hibernate.SQL - 
    select
        c1_0.id,
        c1_0.class_name,
        c1_0.course_id,
        c1_0.course_name,
        c1_0.create_time,
        c1_0.location,
        c1_0.teacher_id,
        c1_0.teacher_name,
        c1_0.time_slot,
        c1_0.week_day 
    from
        course c1_0 
    where
        c1_0.course_id=?
2026-06-10 15:46:18.317 [http-nio-0.0.0.0-8080-exec-4] DEBUG org.hibernate.SQL - 
    select
        count_big(a1_0.id) 
    from
        attendance a1_0 
    where
        a1_0.check_in_time between ? and ? 
        and a1_0.course_id in (?) 
        and exists(select
            cs1_0.id from course_selection cs1_0 
        where
            cs1_0.student_id=a1_0.student_id 
            and cs1_0.course_id=a1_0.course_id 
            and cs1_0.status=1) 
        and (
            ? is null 
            or ?='' 
            or exists(select
                s1_0.student_id from student s1_0 
            where
                s1_0.student_id=a1_0.student_id 
                and s1_0.class_name=?)
        )
2026-06-10 15:46:18.323 [http-nio-0.0.0.0-8080-exec-4] DEBUG org.hibernate.SQL - 
    select
        c1_0.id,
        c1_0.class_name,
        c1_0.course_id,
        c1_0.course_name,
        c1_0.create_time,
        c1_0.location,
        c1_0.teacher_id,
        c1_0.teacher_name,
        c1_0.time_slot,
        c1_0.week_day 
    from
        course c1_0 
    where
        c1_0.course_id=?
2026-06-10 15:46:24.990 [http-nio-0.0.0.0-8080-exec-5] DEBUG org.hibernate.SQL - 
    select
        u1_0.id,
        u1_0.class_name,
        u1_0.create_time,
        u1_0.gender,
        u1_0.real_name,
        u1_0.username,
        u1_0.userpassword,
        u1_0.userrole 
    from
        my_user u1_0 
    where
        u1_0.username=?
2026-06-10 15:46:24.994 [http-nio-0.0.0.0-8080-exec-5] DEBUG org.hibernate.SQL - 
    select
        c1_0.id,
        c1_0.class_name,
        c1_0.course_id,
        c1_0.course_name,
        c1_0.create_time,
        c1_0.location,
        c1_0.teacher_id,
        c1_0.teacher_name,
        c1_0.time_slot,
        c1_0.week_day 
    from
        course c1_0 
    where
        c1_0.teacher_id=?
2026-06-10 15:46:24.994 [http-nio-0.0.0.0-8080-exec-5] DEBUG org.hibernate.SQL - 
    select
        count_big(distinct cs1_0.student_id) 
    from
        course_selection cs1_0 
    where
        cs1_0.course_id in (?, ?, ?) 
        and cs1_0.status=1
2026-06-10 15:46:24.994 [http-nio-0.0.0.0-8080-exec-5] DEBUG org.hibernate.SQL - 
    select
        count_big(a1_0.id) 
    from
        attendance a1_0 
    where
        a1_0.check_in_time between ? and ? 
        and a1_0.course_id in (?, ?, ?) 
        and exists(select
            cs1_0.id from course_selection cs1_0 
        where
            cs1_0.student_id=a1_0.student_id 
            and cs1_0.course_id=a1_0.course_id 
            and cs1_0.status=1) 
        and (
            ? is null 
            or ?='' 
            or exists(select
                s1_0.student_id from student s1_0 
            where
                s1_0.student_id=a1_0.student_id 
                and s1_0.class_name=?)
        )
2026-06-10 15:46:24.994 [http-nio-0.0.0.0-8080-exec-5] DEBUG org.hibernate.SQL - 
    select
        count_big(a1_0.id) 
    from
        attendance a1_0 
    where
        a1_0.student_status=? 
        and a1_0.check_in_time between ? and ? 
        and a1_0.course_id in (?, ?, ?) 
        and exists(select
            cs1_0.id from course_selection cs1_0 
        where
            cs1_0.student_id=a1_0.student_id 
            and cs1_0.course_id=a1_0.course_id 
            and cs1_0.status=1) 
        and (
            ? is null 
            or ?='' 
            or exists(select
                s1_0.student_id from student s1_0 
            where
                s1_0.student_id=a1_0.student_id 
                and s1_0.class_name=?)
        )
2026-06-10 15:46:24.994 [http-nio-0.0.0.0-8080-exec-5] DEBUG org.hibernate.SQL - 
    select
        count_big(a1_0.id) 
    from
        attendance a1_0 
    where
        a1_0.student_status=? 
        and a1_0.check_in_time between ? and ? 
        and a1_0.course_id in (?, ?, ?) 
        and exists(select
            cs1_0.id from course_selection cs1_0 
        where
            cs1_0.student_id=a1_0.student_id 
            and cs1_0.course_id=a1_0.course_id 
            and cs1_0.status=1) 
        and (
            ? is null 
            or ?='' 
            or exists(select
                s1_0.student_id from student s1_0 
            where
                s1_0.student_id=a1_0.student_id 
                and s1_0.class_name=?)
        )
2026-06-10 15:46:24.994 [http-nio-0.0.0.0-8080-exec-5] DEBUG org.hibernate.SQL - 
    select
        count_big(a1_0.id) 
    from
        attendance a1_0 
    where
        a1_0.student_status=? 
        and a1_0.check_in_time between ? and ? 
        and a1_0.course_id in (?, ?, ?) 
        and exists(select
            cs1_0.id from course_selection cs1_0 
        where
            cs1_0.student_id=a1_0.student_id 
            and cs1_0.course_id=a1_0.course_id 
            and cs1_0.status=1) 
        and (
            ? is null 
            or ?='' 
            or exists(select
                s1_0.student_id from student s1_0 
            where
                s1_0.student_id=a1_0.student_id 
                and s1_0.class_name=?)
        )
2026-06-10 15:46:24.994 [http-nio-0.0.0.0-8080-exec-5] DEBUG org.hibernate.SQL - 
    select
        count_big(a1_0.id) 
    from
        attendance a1_0 
    where
        a1_0.student_status=? 
        and a1_0.check_in_time between ? and ? 
        and a1_0.course_id in (?, ?, ?) 
        and exists(select
            cs1_0.id from course_selection cs1_0 
        where
            cs1_0.student_id=a1_0.student_id 
            and cs1_0.course_id=a1_0.course_id 
            and cs1_0.status=1) 
        and (
            ? is null 
            or ?='' 
            or exists(select
                s1_0.student_id from student s1_0 
            where
                s1_0.student_id=a1_0.student_id 
                and s1_0.class_name=?)
        )
2026-06-10 15:46:24.994 [http-nio-0.0.0.0-8080-exec-5] DEBUG org.hibernate.SQL - 
    select
        count_big(a1_0.id) 
    from
        attendance a1_0 
    where
        a1_0.student_status=? 
        and a1_0.check_in_time between ? and ? 
        and a1_0.course_id in (?, ?, ?) 
        and exists(select
            cs1_0.id from course_selection cs1_0 
        where
            cs1_0.student_id=a1_0.student_id 
            and cs1_0.course_id=a1_0.course_id 
            and cs1_0.status=1) 
        and (
            ? is null 
            or ?='' 
            or exists(select
                s1_0.student_id from student s1_0 
            where
                s1_0.student_id=a1_0.student_id 
                and s1_0.class_name=?)
        )
2026-06-10 15:46:25.003 [http-nio-0.0.0.0-8080-exec-5] DEBUG org.hibernate.SQL - 
    select
        count_big(a1_0.id) 
    from
        attendance a1_0 
    where
        a1_0.student_status=? 
        and a1_0.check_in_time between ? and ? 
        and a1_0.course_id in (?, ?, ?) 
        and exists(select
            cs1_0.id from course_selection cs1_0 
        where
            cs1_0.student_id=a1_0.student_id 
            and cs1_0.course_id=a1_0.course_id 
            and cs1_0.status=1) 
        and (
            ? is null 
            or ?='' 
            or exists(select
                s1_0.student_id from student s1_0 
            where
                s1_0.student_id=a1_0.student_id 
                and s1_0.class_name=?)
        )
2026-06-10 15:46:25.003 [http-nio-0.0.0.0-8080-exec-5] DEBUG org.hibernate.SQL - 
    select
        count_big(a1_0.id) 
    from
        attendance a1_0 
    where
        a1_0.student_status=? 
        and a1_0.check_in_time between ? and ? 
        and a1_0.course_id in (?, ?, ?) 
        and exists(select
            cs1_0.id from course_selection cs1_0 
        where
            cs1_0.student_id=a1_0.student_id 
            and cs1_0.course_id=a1_0.course_id 
            and cs1_0.status=1) 
        and (
            ? is null 
            or ?='' 
            or exists(select
                s1_0.student_id from student s1_0 
            where
                s1_0.student_id=a1_0.student_id 
                and s1_0.class_name=?)
        )
2026-06-10 15:46:25.005 [http-nio-0.0.0.0-8080-exec-5] DEBUG org.hibernate.SQL - 
    select
        count_big(a1_0.id) 
    from
        attendance a1_0 
    where
        a1_0.student_status=? 
        and a1_0.check_in_time between ? and ? 
        and a1_0.course_id in (?, ?, ?) 
        and exists(select
            cs1_0.id from course_selection cs1_0 
        where
            cs1_0.student_id=a1_0.student_id 
            and cs1_0.course_id=a1_0.course_id 
            and cs1_0.status=1) 
        and (
            ? is null 
            or ?='' 
            or exists(select
                s1_0.student_id from student s1_0 
            where
                s1_0.student_id=a1_0.student_id 
                and s1_0.class_name=?)
        )
2026-06-10 15:46:25.006 [http-nio-0.0.0.0-8080-exec-5] DEBUG org.hibernate.SQL - 
    select
        count_big(a1_0.id) 
    from
        attendance a1_0 
    where
        a1_0.student_status=? 
        and a1_0.check_in_time between ? and ? 
        and a1_0.course_id in (?, ?, ?) 
        and exists(select
            cs1_0.id from course_selection cs1_0 
        where
            cs1_0.student_id=a1_0.student_id 
            and cs1_0.course_id=a1_0.course_id 
            and cs1_0.status=1) 
        and (
            ? is null 
            or ?='' 
            or exists(select
                s1_0.student_id from student s1_0 
            where
                s1_0.student_id=a1_0.student_id 
                and s1_0.class_name=?)
        )
2026-06-10 15:46:25.006 [http-nio-0.0.0.0-8080-exec-5] DEBUG org.hibernate.SQL - 
    select
        count_big(a1_0.id) 
    from
        attendance a1_0 
    where
        a1_0.student_status=? 
        and a1_0.check_in_time between ? and ? 
        and a1_0.course_id in (?, ?, ?) 
        and exists(select
            cs1_0.id from course_selection cs1_0 
        where
            cs1_0.student_id=a1_0.student_id 
            and cs1_0.course_id=a1_0.course_id 
            and cs1_0.status=1) 
        and (
            ? is null 
            or ?='' 
            or exists(select
                s1_0.student_id from student s1_0 
            where
                s1_0.student_id=a1_0.student_id 
                and s1_0.class_name=?)
        )
2026-06-10 15:46:25.006 [http-nio-0.0.0.0-8080-exec-5] DEBUG org.hibernate.SQL - 
    select
        count_big(a1_0.id) 
    from
        attendance a1_0 
    where
        a1_0.student_status=? 
        and a1_0.check_in_time between ? and ? 
        and a1_0.course_id in (?, ?, ?) 
        and exists(select
            cs1_0.id from course_selection cs1_0 
        where
            cs1_0.student_id=a1_0.student_id 
            and cs1_0.course_id=a1_0.course_id 
            and cs1_0.status=1) 
        and (
            ? is null 
            or ?='' 
            or exists(select
                s1_0.student_id from student s1_0 
            where
                s1_0.student_id=a1_0.student_id 
                and s1_0.class_name=?)
        )
2026-06-10 15:46:25.006 [http-nio-0.0.0.0-8080-exec-5] DEBUG org.hibernate.SQL - 
    select
        count_big(a1_0.id) 
    from
        attendance a1_0 
    where
        a1_0.student_status=? 
        and a1_0.check_in_time between ? and ? 
        and a1_0.course_id in (?, ?, ?) 
        and exists(select
            cs1_0.id from course_selection cs1_0 
        where
            cs1_0.student_id=a1_0.student_id 
            and cs1_0.course_id=a1_0.course_id 
            and cs1_0.status=1) 
        and (
            ? is null 
            or ?='' 
            or exists(select
                s1_0.student_id from student s1_0 
            where
                s1_0.student_id=a1_0.student_id 
                and s1_0.class_name=?)
        )
2026-06-10 15:46:25.006 [http-nio-0.0.0.0-8080-exec-5] DEBUG org.hibernate.SQL - 
    select
        count_big(a1_0.id) 
    from
        attendance a1_0 
    where
        a1_0.student_status=? 
        and a1_0.check_in_time between ? and ? 
        and a1_0.course_id in (?, ?, ?) 
        and exists(select
            cs1_0.id from course_selection cs1_0 
        where
            cs1_0.student_id=a1_0.student_id 
            and cs1_0.course_id=a1_0.course_id 
            and cs1_0.status=1) 
        and (
            ? is null 
            or ?='' 
            or exists(select
                s1_0.student_id from student s1_0 
            where
                s1_0.student_id=a1_0.student_id 
                and s1_0.class_name=?)
        )
2026-06-10 15:46:25.010 [http-nio-0.0.0.0-8080-exec-5] DEBUG org.hibernate.SQL - 
    select
        count_big(a1_0.id) 
    from
        attendance a1_0 
    where
        a1_0.student_status=? 
        and a1_0.check_in_time between ? and ? 
        and a1_0.course_id in (?, ?, ?) 
        and exists(select
            cs1_0.id from course_selection cs1_0 
        where
            cs1_0.student_id=a1_0.student_id 
            and cs1_0.course_id=a1_0.course_id 
            and cs1_0.status=1) 
        and (
            ? is null 
            or ?='' 
            or exists(select
                s1_0.student_id from student s1_0 
            where
                s1_0.student_id=a1_0.student_id 
                and s1_0.class_name=?)
        )
2026-06-10 15:46:25.010 [http-nio-0.0.0.0-8080-exec-5] DEBUG org.hibernate.SQL - 
    select
        count_big(a1_0.id) 
    from
        attendance a1_0 
    where
        a1_0.student_status=? 
        and a1_0.check_in_time between ? and ? 
        and a1_0.course_id in (?, ?, ?) 
        and exists(select
            cs1_0.id from course_selection cs1_0 
        where
            cs1_0.student_id=a1_0.student_id 
            and cs1_0.course_id=a1_0.course_id 
            and cs1_0.status=1) 
        and (
            ? is null 
            or ?='' 
            or exists(select
                s1_0.student_id from student s1_0 
            where
                s1_0.student_id=a1_0.student_id 
                and s1_0.class_name=?)
        )
2026-06-10 15:46:25.010 [http-nio-0.0.0.0-8080-exec-5] DEBUG org.hibernate.SQL - 
    select
        count_big(a1_0.id) 
    from
        attendance a1_0 
    where
        a1_0.student_status=? 
        and a1_0.check_in_time between ? and ? 
        and a1_0.course_id in (?, ?, ?) 
        and exists(select
            cs1_0.id from course_selection cs1_0 
        where
            cs1_0.student_id=a1_0.student_id 
            and cs1_0.course_id=a1_0.course_id 
            and cs1_0.status=1) 
        and (
            ? is null 
            or ?='' 
            or exists(select
                s1_0.student_id from student s1_0 
            where
                s1_0.student_id=a1_0.student_id 
                and s1_0.class_name=?)
        )
2026-06-10 15:46:25.010 [http-nio-0.0.0.0-8080-exec-5] DEBUG org.hibernate.SQL - 
    select
        count_big(a1_0.id) 
    from
        attendance a1_0 
    where
        a1_0.student_status=? 
        and a1_0.check_in_time between ? and ? 
        and a1_0.course_id in (?, ?, ?) 
        and exists(select
            cs1_0.id from course_selection cs1_0 
        where
            cs1_0.student_id=a1_0.student_id 
            and cs1_0.course_id=a1_0.course_id 
            and cs1_0.status=1) 
        and (
            ? is null 
            or ?='' 
            or exists(select
                s1_0.student_id from student s1_0 
            where
                s1_0.student_id=a1_0.student_id 
                and s1_0.class_name=?)
        )
2026-06-10 15:46:25.010 [http-nio-0.0.0.0-8080-exec-5] DEBUG org.hibernate.SQL - 
    select
        count_big(a1_0.id) 
    from
        attendance a1_0 
    where
        a1_0.student_status=? 
        and a1_0.check_in_time between ? and ? 
        and a1_0.course_id in (?, ?, ?) 
        and exists(select
            cs1_0.id from course_selection cs1_0 
        where
            cs1_0.student_id=a1_0.student_id 
            and cs1_0.course_id=a1_0.course_id 
            and cs1_0.status=1) 
        and (
            ? is null 
            or ?='' 
            or exists(select
                s1_0.student_id from student s1_0 
            where
                s1_0.student_id=a1_0.student_id 
                and s1_0.class_name=?)
        )
2026-06-10 15:46:25.010 [http-nio-0.0.0.0-8080-exec-5] DEBUG org.hibernate.SQL - 
    select
        count_big(a1_0.id) 
    from
        attendance a1_0 
    where
        a1_0.student_status=? 
        and a1_0.check_in_time between ? and ? 
        and a1_0.course_id in (?, ?, ?) 
        and exists(select
            cs1_0.id from course_selection cs1_0 
        where
            cs1_0.student_id=a1_0.student_id 
            and cs1_0.course_id=a1_0.course_id 
            and cs1_0.status=1) 
        and (
            ? is null 
            or ?='' 
            or exists(select
                s1_0.student_id from student s1_0 
            where
                s1_0.student_id=a1_0.student_id 
                and s1_0.class_name=?)
        )
2026-06-10 15:46:25.010 [http-nio-0.0.0.0-8080-exec-5] DEBUG org.hibernate.SQL - 
    select
        count_big(a1_0.id) 
    from
        attendance a1_0 
    where
        a1_0.student_status=? 
        and a1_0.check_in_time between ? and ? 
        and a1_0.course_id in (?, ?, ?) 
        and exists(select
            cs1_0.id from course_selection cs1_0 
        where
            cs1_0.student_id=a1_0.student_id 
            and cs1_0.course_id=a1_0.course_id 
            and cs1_0.status=1) 
        and (
            ? is null 
            or ?='' 
            or exists(select
                s1_0.student_id from student s1_0 
            where
                s1_0.student_id=a1_0.student_id 
                and s1_0.class_name=?)
        )
2026-06-10 15:46:25.010 [http-nio-0.0.0.0-8080-exec-5] DEBUG org.hibernate.SQL - 
    select
        count_big(a1_0.id) 
    from
        attendance a1_0 
    where
        a1_0.student_status=? 
        and a1_0.check_in_time between ? and ? 
        and a1_0.course_id in (?, ?, ?) 
        and exists(select
            cs1_0.id from course_selection cs1_0 
        where
            cs1_0.student_id=a1_0.student_id 
            and cs1_0.course_id=a1_0.course_id 
            and cs1_0.status=1) 
        and (
            ? is null 
            or ?='' 
            or exists(select
                s1_0.student_id from student s1_0 
            where
                s1_0.student_id=a1_0.student_id 
                and s1_0.class_name=?)
        )
2026-06-10 15:46:25.018 [http-nio-0.0.0.0-8080-exec-5] DEBUG org.hibernate.SQL - 
    select
        count_big(a1_0.id) 
    from
        attendance a1_0 
    where
        a1_0.student_status=? 
        and a1_0.check_in_time between ? and ? 
        and a1_0.course_id in (?, ?, ?) 
        and exists(select
            cs1_0.id from course_selection cs1_0 
        where
            cs1_0.student_id=a1_0.student_id 
            and cs1_0.course_id=a1_0.course_id 
            and cs1_0.status=1) 
        and (
            ? is null 
            or ?='' 
            or exists(select
                s1_0.student_id from student s1_0 
            where
                s1_0.student_id=a1_0.student_id 
                and s1_0.class_name=?)
        )
2026-06-10 15:46:25.019 [http-nio-0.0.0.0-8080-exec-5] DEBUG org.hibernate.SQL - 
    select
        count_big(a1_0.id) 
    from
        attendance a1_0 
    where
        a1_0.student_status=? 
        and a1_0.check_in_time between ? and ? 
        and a1_0.course_id in (?, ?, ?) 
        and exists(select
            cs1_0.id from course_selection cs1_0 
        where
            cs1_0.student_id=a1_0.student_id 
            and cs1_0.course_id=a1_0.course_id 
            and cs1_0.status=1) 
        and (
            ? is null 
            or ?='' 
            or exists(select
                s1_0.student_id from student s1_0 
            where
                s1_0.student_id=a1_0.student_id 
                and s1_0.class_name=?)
        )
2026-06-10 15:46:25.020 [http-nio-0.0.0.0-8080-exec-5] DEBUG org.hibernate.SQL - 
    select
        count_big(a1_0.id) 
    from
        attendance a1_0 
    where
        a1_0.student_status=? 
        and a1_0.check_in_time between ? and ? 
        and a1_0.course_id in (?, ?, ?) 
        and exists(select
            cs1_0.id from course_selection cs1_0 
        where
            cs1_0.student_id=a1_0.student_id 
            and cs1_0.course_id=a1_0.course_id 
            and cs1_0.status=1) 
        and (
            ? is null 
            or ?='' 
            or exists(select
                s1_0.student_id from student s1_0 
            where
                s1_0.student_id=a1_0.student_id 
                and s1_0.class_name=?)
        )
2026-06-10 15:46:25.021 [http-nio-0.0.0.0-8080-exec-5] DEBUG org.hibernate.SQL - 
    select
        count_big(a1_0.id) 
    from
        attendance a1_0 
    where
        a1_0.student_status=? 
        and a1_0.check_in_time between ? and ? 
        and a1_0.course_id in (?, ?, ?) 
        and exists(select
            cs1_0.id from course_selection cs1_0 
        where
            cs1_0.student_id=a1_0.student_id 
            and cs1_0.course_id=a1_0.course_id 
            and cs1_0.status=1) 
        and (
            ? is null 
            or ?='' 
            or exists(select
                s1_0.student_id from student s1_0 
            where
                s1_0.student_id=a1_0.student_id 
                and s1_0.class_name=?)
        )
2026-06-10 15:46:25.022 [http-nio-0.0.0.0-8080-exec-5] DEBUG org.hibernate.SQL - 
    select
        count_big(a1_0.id) 
    from
        attendance a1_0 
    where
        a1_0.student_status=? 
        and a1_0.check_in_time between ? and ? 
        and a1_0.course_id in (?, ?, ?) 
        and exists(select
            cs1_0.id from course_selection cs1_0 
        where
            cs1_0.student_id=a1_0.student_id 
            and cs1_0.course_id=a1_0.course_id 
            and cs1_0.status=1) 
        and (
            ? is null 
            or ?='' 
            or exists(select
                s1_0.student_id from student s1_0 
            where
                s1_0.student_id=a1_0.student_id 
                and s1_0.class_name=?)
        )
2026-06-10 15:46:25.022 [http-nio-0.0.0.0-8080-exec-5] DEBUG org.hibernate.SQL - 
    select
        count_big(a1_0.id) 
    from
        attendance a1_0 
    where
        a1_0.student_status=? 
        and a1_0.check_in_time between ? and ? 
        and a1_0.course_id in (?, ?, ?) 
        and exists(select
            cs1_0.id from course_selection cs1_0 
        where
            cs1_0.student_id=a1_0.student_id 
            and cs1_0.course_id=a1_0.course_id 
            and cs1_0.status=1) 
        and (
            ? is null 
            or ?='' 
            or exists(select
                s1_0.student_id from student s1_0 
            where
                s1_0.student_id=a1_0.student_id 
                and s1_0.class_name=?)
        )
2026-06-10 15:46:25.022 [http-nio-0.0.0.0-8080-exec-5] DEBUG org.hibernate.SQL - 
    select
        count_big(a1_0.id) 
    from
        attendance a1_0 
    where
        a1_0.student_status=? 
        and a1_0.check_in_time between ? and ? 
        and a1_0.course_id in (?, ?, ?) 
        and exists(select
            cs1_0.id from course_selection cs1_0 
        where
            cs1_0.student_id=a1_0.student_id 
            and cs1_0.course_id=a1_0.course_id 
            and cs1_0.status=1) 
        and (
            ? is null 
            or ?='' 
            or exists(select
                s1_0.student_id from student s1_0 
            where
                s1_0.student_id=a1_0.student_id 
                and s1_0.class_name=?)
        )
2026-06-10 15:46:25.022 [http-nio-0.0.0.0-8080-exec-5] DEBUG org.hibernate.SQL - 
    select
        count_big(a1_0.id) 
    from
        attendance a1_0 
    where
        a1_0.student_status=? 
        and a1_0.check_in_time between ? and ? 
        and a1_0.course_id in (?, ?, ?) 
        and exists(select
            cs1_0.id from course_selection cs1_0 
        where
            cs1_0.student_id=a1_0.student_id 
            and cs1_0.course_id=a1_0.course_id 
            and cs1_0.status=1) 
        and (
            ? is null 
            or ?='' 
            or exists(select
                s1_0.student_id from student s1_0 
            where
                s1_0.student_id=a1_0.student_id 
                and s1_0.class_name=?)
        )
2026-06-10 15:46:25.026 [http-nio-0.0.0.0-8080-exec-5] DEBUG org.hibernate.SQL - 
    select
        count_big(a1_0.id) 
    from
        attendance a1_0 
    where
        a1_0.student_status=? 
        and a1_0.check_in_time between ? and ? 
        and a1_0.course_id in (?, ?, ?) 
        and exists(select
            cs1_0.id from course_selection cs1_0 
        where
            cs1_0.student_id=a1_0.student_id 
            and cs1_0.course_id=a1_0.course_id 
            and cs1_0.status=1) 
        and (
            ? is null 
            or ?='' 
            or exists(select
                s1_0.student_id from student s1_0 
            where
                s1_0.student_id=a1_0.student_id 
                and s1_0.class_name=?)
        )
2026-06-10 15:46:25.026 [http-nio-0.0.0.0-8080-exec-5] DEBUG org.hibernate.SQL - 
    select
        count_big(a1_0.id) 
    from
        attendance a1_0 
    where
        a1_0.student_status=? 
        and a1_0.check_in_time between ? and ? 
        and a1_0.course_id in (?, ?, ?) 
        and exists(select
            cs1_0.id from course_selection cs1_0 
        where
            cs1_0.student_id=a1_0.student_id 
            and cs1_0.course_id=a1_0.course_id 
            and cs1_0.status=1) 
        and (
            ? is null 
            or ?='' 
            or exists(select
                s1_0.student_id from student s1_0 
            where
                s1_0.student_id=a1_0.student_id 
                and s1_0.class_name=?)
        )
2026-06-10 15:46:25.026 [http-nio-0.0.0.0-8080-exec-5] DEBUG org.hibernate.SQL - 
    select
        count_big(a1_0.id) 
    from
        attendance a1_0 
    where
        a1_0.student_status=? 
        and a1_0.check_in_time between ? and ? 
        and a1_0.course_id in (?, ?, ?) 
        and exists(select
            cs1_0.id from course_selection cs1_0 
        where
            cs1_0.student_id=a1_0.student_id 
            and cs1_0.course_id=a1_0.course_id 
            and cs1_0.status=1) 
        and (
            ? is null 
            or ?='' 
            or exists(select
                s1_0.student_id from student s1_0 
            where
                s1_0.student_id=a1_0.student_id 
                and s1_0.class_name=?)
        )
2026-06-10 15:46:25.026 [http-nio-0.0.0.0-8080-exec-5] DEBUG org.hibernate.SQL - 
    select
        count_big(a1_0.id) 
    from
        attendance a1_0 
    where
        a1_0.student_status=? 
        and a1_0.check_in_time between ? and ? 
        and a1_0.course_id in (?, ?, ?) 
        and exists(select
            cs1_0.id from course_selection cs1_0 
        where
            cs1_0.student_id=a1_0.student_id 
            and cs1_0.course_id=a1_0.course_id 
            and cs1_0.status=1) 
        and (
            ? is null 
            or ?='' 
            or exists(select
                s1_0.student_id from student s1_0 
            where
                s1_0.student_id=a1_0.student_id 
                and s1_0.class_name=?)
        )
2026-06-10 15:46:25.026 [http-nio-0.0.0.0-8080-exec-5] DEBUG org.hibernate.SQL - 
    select
        count_big(a1_0.id) 
    from
        attendance a1_0 
    where
        a1_0.student_status=? 
        and a1_0.check_in_time between ? and ? 
        and a1_0.course_id in (?, ?, ?) 
        and exists(select
            cs1_0.id from course_selection cs1_0 
        where
            cs1_0.student_id=a1_0.student_id 
            and cs1_0.course_id=a1_0.course_id 
            and cs1_0.status=1) 
        and (
            ? is null 
            or ?='' 
            or exists(select
                s1_0.student_id from student s1_0 
            where
                s1_0.student_id=a1_0.student_id 
                and s1_0.class_name=?)
        )
2026-06-10 15:46:25.026 [http-nio-0.0.0.0-8080-exec-5] DEBUG org.hibernate.SQL - 
    select
        count_big(a1_0.id) 
    from
        attendance a1_0 
    where
        a1_0.student_status=? 
        and a1_0.check_in_time between ? and ? 
        and a1_0.course_id in (?, ?, ?) 
        and exists(select
            cs1_0.id from course_selection cs1_0 
        where
            cs1_0.student_id=a1_0.student_id 
            and cs1_0.course_id=a1_0.course_id 
            and cs1_0.status=1) 
        and (
            ? is null 
            or ?='' 
            or exists(select
                s1_0.student_id from student s1_0 
            where
                s1_0.student_id=a1_0.student_id 
                and s1_0.class_name=?)
        )
2026-06-10 15:46:25.026 [http-nio-0.0.0.0-8080-exec-5] DEBUG org.hibernate.SQL - 
    select
        count_big(a1_0.id) 
    from
        attendance a1_0 
    where
        a1_0.student_status=? 
        and a1_0.check_in_time between ? and ? 
        and a1_0.course_id in (?, ?, ?) 
        and exists(select
            cs1_0.id from course_selection cs1_0 
        where
            cs1_0.student_id=a1_0.student_id 
            and cs1_0.course_id=a1_0.course_id 
            and cs1_0.status=1) 
        and (
            ? is null 
            or ?='' 
            or exists(select
                s1_0.student_id from student s1_0 
            where
                s1_0.student_id=a1_0.student_id 
                and s1_0.class_name=?)
        )
2026-06-10 15:46:25.026 [http-nio-0.0.0.0-8080-exec-5] DEBUG org.hibernate.SQL - 
    select
        count_big(a1_0.id) 
    from
        attendance a1_0 
    where
        a1_0.student_status=? 
        and a1_0.check_in_time between ? and ? 
        and a1_0.course_id in (?, ?, ?) 
        and exists(select
            cs1_0.id from course_selection cs1_0 
        where
            cs1_0.student_id=a1_0.student_id 
            and cs1_0.course_id=a1_0.course_id 
            and cs1_0.status=1) 
        and (
            ? is null 
            or ?='' 
            or exists(select
                s1_0.student_id from student s1_0 
            where
                s1_0.student_id=a1_0.student_id 
                and s1_0.class_name=?)
        )
2026-06-10 15:46:25.034 [http-nio-0.0.0.0-8080-exec-5] DEBUG org.hibernate.SQL - 
    select
        count_big(a1_0.id) 
    from
        attendance a1_0 
    where
        a1_0.student_status=? 
        and a1_0.check_in_time between ? and ? 
        and a1_0.course_id in (?, ?, ?) 
        and exists(select
            cs1_0.id from course_selection cs1_0 
        where
            cs1_0.student_id=a1_0.student_id 
            and cs1_0.course_id=a1_0.course_id 
            and cs1_0.status=1) 
        and (
            ? is null 
            or ?='' 
            or exists(select
                s1_0.student_id from student s1_0 
            where
                s1_0.student_id=a1_0.student_id 
                and s1_0.class_name=?)
        )
2026-06-10 15:46:25.035 [http-nio-0.0.0.0-8080-exec-5] DEBUG org.hibernate.SQL - 
    select
        count_big(a1_0.id) 
    from
        attendance a1_0 
    where
        a1_0.student_status=? 
        and a1_0.check_in_time between ? and ? 
        and a1_0.course_id in (?, ?, ?) 
        and exists(select
            cs1_0.id from course_selection cs1_0 
        where
            cs1_0.student_id=a1_0.student_id 
            and cs1_0.course_id=a1_0.course_id 
            and cs1_0.status=1) 
        and (
            ? is null 
            or ?='' 
            or exists(select
                s1_0.student_id from student s1_0 
            where
                s1_0.student_id=a1_0.student_id 
                and s1_0.class_name=?)
        )
2026-06-10 15:46:25.035 [http-nio-0.0.0.0-8080-exec-5] DEBUG org.hibernate.SQL - 
    select
        count_big(a1_0.id) 
    from
        attendance a1_0 
    where
        a1_0.student_status=? 
        and a1_0.check_in_time between ? and ? 
        and a1_0.course_id in (?, ?, ?) 
        and exists(select
            cs1_0.id from course_selection cs1_0 
        where
            cs1_0.student_id=a1_0.student_id 
            and cs1_0.course_id=a1_0.course_id 
            and cs1_0.status=1) 
        and (
            ? is null 
            or ?='' 
            or exists(select
                s1_0.student_id from student s1_0 
            where
                s1_0.student_id=a1_0.student_id 
                and s1_0.class_name=?)
        )
2026-06-10 15:46:25.038 [http-nio-0.0.0.0-8080-exec-5] DEBUG org.hibernate.SQL - 
    select
        count_big(a1_0.id) 
    from
        attendance a1_0 
    where
        a1_0.student_status=? 
        and a1_0.check_in_time between ? and ? 
        and a1_0.course_id in (?, ?, ?) 
        and exists(select
            cs1_0.id from course_selection cs1_0 
        where
            cs1_0.student_id=a1_0.student_id 
            and cs1_0.course_id=a1_0.course_id 
            and cs1_0.status=1) 
        and (
            ? is null 
            or ?='' 
            or exists(select
                s1_0.student_id from student s1_0 
            where
                s1_0.student_id=a1_0.student_id 
                and s1_0.class_name=?)
        )
2026-06-10 15:46:25.038 [http-nio-0.0.0.0-8080-exec-5] DEBUG org.hibernate.SQL - 
    select
        count_big(a1_0.id) 
    from
        attendance a1_0 
    where
        a1_0.student_status=? 
        and a1_0.check_in_time between ? and ? 
        and a1_0.course_id in (?, ?, ?) 
        and exists(select
            cs1_0.id from course_selection cs1_0 
        where
            cs1_0.student_id=a1_0.student_id 
            and cs1_0.course_id=a1_0.course_id 
            and cs1_0.status=1) 
        and (
            ? is null 
            or ?='' 
            or exists(select
                s1_0.student_id from student s1_0 
            where
                s1_0.student_id=a1_0.student_id 
                and s1_0.class_name=?)
        )
2026-06-10 15:46:25.039 [http-nio-0.0.0.0-8080-exec-5] DEBUG org.hibernate.SQL - 
    select
        count_big(a1_0.id) 
    from
        attendance a1_0 
    where
        a1_0.student_status=? 
        and a1_0.check_in_time between ? and ? 
        and a1_0.course_id in (?, ?, ?) 
        and exists(select
            cs1_0.id from course_selection cs1_0 
        where
            cs1_0.student_id=a1_0.student_id 
            and cs1_0.course_id=a1_0.course_id 
            and cs1_0.status=1) 
        and (
            ? is null 
            or ?='' 
            or exists(select
                s1_0.student_id from student s1_0 
            where
                s1_0.student_id=a1_0.student_id 
                and s1_0.class_name=?)
        )
2026-06-10 15:46:25.039 [http-nio-0.0.0.0-8080-exec-5] DEBUG org.hibernate.SQL - 
    select
        count_big(a1_0.id) 
    from
        attendance a1_0 
    where
        a1_0.student_status=? 
        and a1_0.check_in_time between ? and ? 
        and a1_0.course_id in (?, ?, ?) 
        and exists(select
            cs1_0.id from course_selection cs1_0 
        where
            cs1_0.student_id=a1_0.student_id 
            and cs1_0.course_id=a1_0.course_id 
            and cs1_0.status=1) 
        and (
            ? is null 
            or ?='' 
            or exists(select
                s1_0.student_id from student s1_0 
            where
                s1_0.student_id=a1_0.student_id 
                and s1_0.class_name=?)
        )
2026-06-10 15:46:25.039 [http-nio-0.0.0.0-8080-exec-5] DEBUG org.hibernate.SQL - 
    select
        count_big(a1_0.id) 
    from
        attendance a1_0 
    where
        a1_0.student_status=? 
        and a1_0.check_in_time between ? and ? 
        and a1_0.course_id in (?, ?, ?) 
        and exists(select
            cs1_0.id from course_selection cs1_0 
        where
            cs1_0.student_id=a1_0.student_id 
            and cs1_0.course_id=a1_0.course_id 
            and cs1_0.status=1) 
        and (
            ? is null 
            or ?='' 
            or exists(select
                s1_0.student_id from student s1_0 
            where
                s1_0.student_id=a1_0.student_id 
                and s1_0.class_name=?)
        )
2026-06-10 15:46:25.039 [http-nio-0.0.0.0-8080-exec-5] DEBUG org.hibernate.SQL - 
    select
        count_big(a1_0.id) 
    from
        attendance a1_0 
    where
        a1_0.student_status=? 
        and a1_0.check_in_time between ? and ? 
        and a1_0.course_id in (?, ?, ?) 
        and exists(select
            cs1_0.id from course_selection cs1_0 
        where
            cs1_0.student_id=a1_0.student_id 
            and cs1_0.course_id=a1_0.course_id 
            and cs1_0.status=1) 
        and (
            ? is null 
            or ?='' 
            or exists(select
                s1_0.student_id from student s1_0 
            where
                s1_0.student_id=a1_0.student_id 
                and s1_0.class_name=?)
        )
2026-06-10 15:46:25.039 [http-nio-0.0.0.0-8080-exec-5] DEBUG org.hibernate.SQL - 
    select
        count_big(a1_0.id) 
    from
        attendance a1_0 
    where
        a1_0.student_status=? 
        and a1_0.check_in_time between ? and ? 
        and a1_0.course_id in (?, ?, ?) 
        and exists(select
            cs1_0.id from course_selection cs1_0 
        where
            cs1_0.student_id=a1_0.student_id 
            and cs1_0.course_id=a1_0.course_id 
            and cs1_0.status=1) 
        and (
            ? is null 
            or ?='' 
            or exists(select
                s1_0.student_id from student s1_0 
            where
                s1_0.student_id=a1_0.student_id 
                and s1_0.class_name=?)
        )
2026-06-10 15:46:25.039 [http-nio-0.0.0.0-8080-exec-5] DEBUG org.hibernate.SQL - 
    select
        count_big(a1_0.id) 
    from
        attendance a1_0 
    where
        a1_0.student_status=? 
        and a1_0.check_in_time between ? and ? 
        and a1_0.course_id in (?, ?, ?) 
        and exists(select
            cs1_0.id from course_selection cs1_0 
        where
            cs1_0.student_id=a1_0.student_id 
            and cs1_0.course_id=a1_0.course_id 
            and cs1_0.status=1) 
        and (
            ? is null 
            or ?='' 
            or exists(select
                s1_0.student_id from student s1_0 
            where
                s1_0.student_id=a1_0.student_id 
                and s1_0.class_name=?)
        )
2026-06-10 15:46:25.039 [http-nio-0.0.0.0-8080-exec-5] DEBUG org.hibernate.SQL - 
    select
        count_big(a1_0.id) 
    from
        attendance a1_0 
    where
        a1_0.student_status=? 
        and a1_0.check_in_time between ? and ? 
        and a1_0.course_id in (?, ?, ?) 
        and exists(select
            cs1_0.id from course_selection cs1_0 
        where
            cs1_0.student_id=a1_0.student_id 
            and cs1_0.course_id=a1_0.course_id 
            and cs1_0.status=1) 
        and (
            ? is null 
            or ?='' 
            or exists(select
                s1_0.student_id from student s1_0 
            where
                s1_0.student_id=a1_0.student_id 
                and s1_0.class_name=?)
        )
2026-06-10 15:46:25.039 [http-nio-0.0.0.0-8080-exec-5] DEBUG org.hibernate.SQL - 
    select
        count_big(a1_0.id) 
    from
        attendance a1_0 
    where
        a1_0.student_status=? 
        and a1_0.check_in_time between ? and ? 
        and a1_0.course_id in (?, ?, ?) 
        and exists(select
            cs1_0.id from course_selection cs1_0 
        where
            cs1_0.student_id=a1_0.student_id 
            and cs1_0.course_id=a1_0.course_id 
            and cs1_0.status=1) 
        and (
            ? is null 
            or ?='' 
            or exists(select
                s1_0.student_id from student s1_0 
            where
                s1_0.student_id=a1_0.student_id 
                and s1_0.class_name=?)
        )
2026-06-10 15:46:25.039 [http-nio-0.0.0.0-8080-exec-5] DEBUG org.hibernate.SQL - 
    select
        count_big(a1_0.id) 
    from
        attendance a1_0 
    where
        a1_0.student_status=? 
        and a1_0.check_in_time between ? and ? 
        and a1_0.course_id in (?, ?, ?) 
        and exists(select
            cs1_0.id from course_selection cs1_0 
        where
            cs1_0.student_id=a1_0.student_id 
            and cs1_0.course_id=a1_0.course_id 
            and cs1_0.status=1) 
        and (
            ? is null 
            or ?='' 
            or exists(select
                s1_0.student_id from student s1_0 
            where
                s1_0.student_id=a1_0.student_id 
                and s1_0.class_name=?)
        )
2026-06-10 15:46:25.039 [http-nio-0.0.0.0-8080-exec-5] DEBUG org.hibernate.SQL - 
    select
        count_big(a1_0.id) 
    from
        attendance a1_0 
    where
        a1_0.student_status=? 
        and a1_0.check_in_time between ? and ? 
        and a1_0.course_id in (?, ?, ?) 
        and exists(select
            cs1_0.id from course_selection cs1_0 
        where
            cs1_0.student_id=a1_0.student_id 
            and cs1_0.course_id=a1_0.course_id 
            and cs1_0.status=1) 
        and (
            ? is null 
            or ?='' 
            or exists(select
                s1_0.student_id from student s1_0 
            where
                s1_0.student_id=a1_0.student_id 
                and s1_0.class_name=?)
        )
2026-06-10 15:46:25.039 [http-nio-0.0.0.0-8080-exec-5] DEBUG org.hibernate.SQL - 
    select
        count_big(a1_0.id) 
    from
        attendance a1_0 
    where
        a1_0.student_status=? 
        and a1_0.check_in_time between ? and ? 
        and a1_0.course_id in (?, ?, ?) 
        and exists(select
            cs1_0.id from course_selection cs1_0 
        where
            cs1_0.student_id=a1_0.student_id 
            and cs1_0.course_id=a1_0.course_id 
            and cs1_0.status=1) 
        and (
            ? is null 
            or ?='' 
            or exists(select
                s1_0.student_id from student s1_0 
            where
                s1_0.student_id=a1_0.student_id 
                and s1_0.class_name=?)
        )
2026-06-10 15:46:25.039 [http-nio-0.0.0.0-8080-exec-5] DEBUG org.hibernate.SQL - 
    select
        count_big(a1_0.id) 
    from
        attendance a1_0 
    where
        a1_0.student_status=? 
        and a1_0.check_in_time between ? and ? 
        and a1_0.course_id in (?, ?, ?) 
        and exists(select
            cs1_0.id from course_selection cs1_0 
        where
            cs1_0.student_id=a1_0.student_id 
            and cs1_0.course_id=a1_0.course_id 
            and cs1_0.status=1) 
        and (
            ? is null 
            or ?='' 
            or exists(select
                s1_0.student_id from student s1_0 
            where
                s1_0.student_id=a1_0.student_id 
                and s1_0.class_name=?)
        )
2026-06-10 15:46:25.039 [http-nio-0.0.0.0-8080-exec-5] DEBUG org.hibernate.SQL - 
    select
        count_big(a1_0.id) 
    from
        attendance a1_0 
    where
        a1_0.student_status=? 
        and a1_0.check_in_time between ? and ? 
        and a1_0.course_id in (?, ?, ?) 
        and exists(select
            cs1_0.id from course_selection cs1_0 
        where
            cs1_0.student_id=a1_0.student_id 
            and cs1_0.course_id=a1_0.course_id 
            and cs1_0.status=1) 
        and (
            ? is null 
            or ?='' 
            or exists(select
                s1_0.student_id from student s1_0 
            where
                s1_0.student_id=a1_0.student_id 
                and s1_0.class_name=?)
        )
2026-06-10 15:46:25.051 [http-nio-0.0.0.0-8080-exec-5] DEBUG org.hibernate.SQL - 
    select
        count_big(a1_0.id) 
    from
        attendance a1_0 
    where
        a1_0.student_status=? 
        and a1_0.check_in_time between ? and ? 
        and a1_0.course_id in (?, ?, ?) 
        and exists(select
            cs1_0.id from course_selection cs1_0 
        where
            cs1_0.student_id=a1_0.student_id 
            and cs1_0.course_id=a1_0.course_id 
            and cs1_0.status=1) 
        and (
            ? is null 
            or ?='' 
            or exists(select
                s1_0.student_id from student s1_0 
            where
                s1_0.student_id=a1_0.student_id 
                and s1_0.class_name=?)
        )
2026-06-10 15:46:25.052 [http-nio-0.0.0.0-8080-exec-5] DEBUG org.hibernate.SQL - 
    select
        count_big(a1_0.id) 
    from
        attendance a1_0 
    where
        a1_0.student_status=? 
        and a1_0.check_in_time between ? and ? 
        and a1_0.course_id in (?, ?, ?) 
        and exists(select
            cs1_0.id from course_selection cs1_0 
        where
            cs1_0.student_id=a1_0.student_id 
            and cs1_0.course_id=a1_0.course_id 
            and cs1_0.status=1) 
        and (
            ? is null 
            or ?='' 
            or exists(select
                s1_0.student_id from student s1_0 
            where
                s1_0.student_id=a1_0.student_id 
                and s1_0.class_name=?)
        )
2026-06-10 15:46:25.052 [http-nio-0.0.0.0-8080-exec-5] DEBUG org.hibernate.SQL - 
    select
        count_big(a1_0.id) 
    from
        attendance a1_0 
    where
        a1_0.student_status=? 
        and a1_0.check_in_time between ? and ? 
        and a1_0.course_id in (?, ?, ?) 
        and exists(select
            cs1_0.id from course_selection cs1_0 
        where
            cs1_0.student_id=a1_0.student_id 
            and cs1_0.course_id=a1_0.course_id 
            and cs1_0.status=1) 
        and (
            ? is null 
            or ?='' 
            or exists(select
                s1_0.student_id from student s1_0 
            where
                s1_0.student_id=a1_0.student_id 
                and s1_0.class_name=?)
        )
2026-06-10 15:46:25.052 [http-nio-0.0.0.0-8080-exec-5] DEBUG org.hibernate.SQL - 
    select
        count_big(a1_0.id) 
    from
        attendance a1_0 
    where
        a1_0.student_status=? 
        and a1_0.check_in_time between ? and ? 
        and a1_0.course_id in (?, ?, ?) 
        and exists(select
            cs1_0.id from course_selection cs1_0 
        where
            cs1_0.student_id=a1_0.student_id 
            and cs1_0.course_id=a1_0.course_id 
            and cs1_0.status=1) 
        and (
            ? is null 
            or ?='' 
            or exists(select
                s1_0.student_id from student s1_0 
            where
                s1_0.student_id=a1_0.student_id 
                and s1_0.class_name=?)
        )
2026-06-10 15:46:25.052 [http-nio-0.0.0.0-8080-exec-5] DEBUG org.hibernate.SQL - 
    select
        count_big(a1_0.id) 
    from
        attendance a1_0 
    where
        a1_0.student_status=? 
        and a1_0.check_in_time between ? and ? 
        and a1_0.course_id in (?, ?, ?) 
        and exists(select
            cs1_0.id from course_selection cs1_0 
        where
            cs1_0.student_id=a1_0.student_id 
            and cs1_0.course_id=a1_0.course_id 
            and cs1_0.status=1) 
        and (
            ? is null 
            or ?='' 
            or exists(select
                s1_0.student_id from student s1_0 
            where
                s1_0.student_id=a1_0.student_id 
                and s1_0.class_name=?)
        )
2026-06-10 15:46:25.052 [http-nio-0.0.0.0-8080-exec-5] DEBUG org.hibernate.SQL - 
    select
        count_big(a1_0.id) 
    from
        attendance a1_0 
    where
        a1_0.student_status=? 
        and a1_0.check_in_time between ? and ? 
        and a1_0.course_id in (?, ?, ?) 
        and exists(select
            cs1_0.id from course_selection cs1_0 
        where
            cs1_0.student_id=a1_0.student_id 
            and cs1_0.course_id=a1_0.course_id 
            and cs1_0.status=1) 
        and (
            ? is null 
            or ?='' 
            or exists(select
                s1_0.student_id from student s1_0 
            where
                s1_0.student_id=a1_0.student_id 
                and s1_0.class_name=?)
        )
2026-06-10 15:46:25.052 [http-nio-0.0.0.0-8080-exec-5] DEBUG org.hibernate.SQL - 
    select
        count_big(a1_0.id) 
    from
        attendance a1_0 
    where
        a1_0.student_status=? 
        and a1_0.check_in_time between ? and ? 
        and a1_0.course_id in (?, ?, ?) 
        and exists(select
            cs1_0.id from course_selection cs1_0 
        where
            cs1_0.student_id=a1_0.student_id 
            and cs1_0.course_id=a1_0.course_id 
            and cs1_0.status=1) 
        and (
            ? is null 
            or ?='' 
            or exists(select
                s1_0.student_id from student s1_0 
            where
                s1_0.student_id=a1_0.student_id 
                and s1_0.class_name=?)
        )
2026-06-10 15:46:25.052 [http-nio-0.0.0.0-8080-exec-5] DEBUG org.hibernate.SQL - 
    select
        count_big(a1_0.id) 
    from
        attendance a1_0 
    where
        a1_0.student_status=? 
        and a1_0.check_in_time between ? and ? 
        and a1_0.course_id in (?, ?, ?) 
        and exists(select
            cs1_0.id from course_selection cs1_0 
        where
            cs1_0.student_id=a1_0.student_id 
            and cs1_0.course_id=a1_0.course_id 
            and cs1_0.status=1) 
        and (
            ? is null 
            or ?='' 
            or exists(select
                s1_0.student_id from student s1_0 
            where
                s1_0.student_id=a1_0.student_id 
                and s1_0.class_name=?)
        )
2026-06-10 15:46:25.052 [http-nio-0.0.0.0-8080-exec-5] DEBUG org.hibernate.SQL - 
    select
        count_big(a1_0.id) 
    from
        attendance a1_0 
    where
        a1_0.student_status=? 
        and a1_0.check_in_time between ? and ? 
        and a1_0.course_id in (?, ?, ?) 
        and exists(select
            cs1_0.id from course_selection cs1_0 
        where
            cs1_0.student_id=a1_0.student_id 
            and cs1_0.course_id=a1_0.course_id 
            and cs1_0.status=1) 
        and (
            ? is null 
            or ?='' 
            or exists(select
                s1_0.student_id from student s1_0 
            where
                s1_0.student_id=a1_0.student_id 
                and s1_0.class_name=?)
        )
2026-06-10 15:46:25.052 [http-nio-0.0.0.0-8080-exec-5] DEBUG org.hibernate.SQL - 
    select
        count_big(a1_0.id) 
    from
        attendance a1_0 
    where
        a1_0.student_status=? 
        and a1_0.check_in_time between ? and ? 
        and a1_0.course_id in (?, ?, ?) 
        and exists(select
            cs1_0.id from course_selection cs1_0 
        where
            cs1_0.student_id=a1_0.student_id 
            and cs1_0.course_id=a1_0.course_id 
            and cs1_0.status=1) 
        and (
            ? is null 
            or ?='' 
            or exists(select
                s1_0.student_id from student s1_0 
            where
                s1_0.student_id=a1_0.student_id 
                and s1_0.class_name=?)
        )
2026-06-10 15:46:25.052 [http-nio-0.0.0.0-8080-exec-5] DEBUG org.hibernate.SQL - 
    select
        count_big(a1_0.id) 
    from
        attendance a1_0 
    where
        a1_0.student_status=? 
        and a1_0.check_in_time between ? and ? 
        and a1_0.course_id in (?, ?, ?) 
        and exists(select
            cs1_0.id from course_selection cs1_0 
        where
            cs1_0.student_id=a1_0.student_id 
            and cs1_0.course_id=a1_0.course_id 
            and cs1_0.status=1) 
        and (
            ? is null 
            or ?='' 
            or exists(select
                s1_0.student_id from student s1_0 
            where
                s1_0.student_id=a1_0.student_id 
                and s1_0.class_name=?)
        )
2026-06-10 15:46:25.052 [http-nio-0.0.0.0-8080-exec-5] DEBUG org.hibernate.SQL - 
    select
        count_big(a1_0.id) 
    from
        attendance a1_0 
    where
        a1_0.student_status=? 
        and a1_0.check_in_time between ? and ? 
        and a1_0.course_id in (?, ?, ?) 
        and exists(select
            cs1_0.id from course_selection cs1_0 
        where
            cs1_0.student_id=a1_0.student_id 
            and cs1_0.course_id=a1_0.course_id 
            and cs1_0.status=1) 
        and (
            ? is null 
            or ?='' 
            or exists(select
                s1_0.student_id from student s1_0 
            where
                s1_0.student_id=a1_0.student_id 
                and s1_0.class_name=?)
        )
2026-06-10 15:46:25.052 [http-nio-0.0.0.0-8080-exec-5] DEBUG org.hibernate.SQL - 
    select
        count_big(a1_0.id) 
    from
        attendance a1_0 
    where
        a1_0.student_status=? 
        and a1_0.check_in_time between ? and ? 
        and a1_0.course_id in (?, ?, ?) 
        and exists(select
            cs1_0.id from course_selection cs1_0 
        where
            cs1_0.student_id=a1_0.student_id 
            and cs1_0.course_id=a1_0.course_id 
            and cs1_0.status=1) 
        and (
            ? is null 
            or ?='' 
            or exists(select
                s1_0.student_id from student s1_0 
            where
                s1_0.student_id=a1_0.student_id 
                and s1_0.class_name=?)
        )
2026-06-10 15:46:25.052 [http-nio-0.0.0.0-8080-exec-5] DEBUG org.hibernate.SQL - 
    select
        count_big(a1_0.id) 
    from
        attendance a1_0 
    where
        a1_0.student_status=? 
        and a1_0.check_in_time between ? and ? 
        and a1_0.course_id in (?, ?, ?) 
        and exists(select
            cs1_0.id from course_selection cs1_0 
        where
            cs1_0.student_id=a1_0.student_id 
            and cs1_0.course_id=a1_0.course_id 
            and cs1_0.status=1) 
        and (
            ? is null 
            or ?='' 
            or exists(select
                s1_0.student_id from student s1_0 
            where
                s1_0.student_id=a1_0.student_id 
                and s1_0.class_name=?)
        )
2026-06-10 15:46:25.052 [http-nio-0.0.0.0-8080-exec-5] DEBUG org.hibernate.SQL - 
    select
        count_big(a1_0.id) 
    from
        attendance a1_0 
    where
        a1_0.student_status=? 
        and a1_0.check_in_time between ? and ? 
        and a1_0.course_id in (?, ?, ?) 
        and exists(select
            cs1_0.id from course_selection cs1_0 
        where
            cs1_0.student_id=a1_0.student_id 
            and cs1_0.course_id=a1_0.course_id 
            and cs1_0.status=1) 
        and (
            ? is null 
            or ?='' 
            or exists(select
                s1_0.student_id from student s1_0 
            where
                s1_0.student_id=a1_0.student_id 
                and s1_0.class_name=?)
        )
2026-06-10 15:46:25.052 [http-nio-0.0.0.0-8080-exec-5] DEBUG org.hibernate.SQL - 
    select
        count_big(a1_0.id) 
    from
        attendance a1_0 
    where
        a1_0.student_status=? 
        and a1_0.check_in_time between ? and ? 
        and a1_0.course_id in (?, ?, ?) 
        and exists(select
            cs1_0.id from course_selection cs1_0 
        where
            cs1_0.student_id=a1_0.student_id 
            and cs1_0.course_id=a1_0.course_id 
            and cs1_0.status=1) 
        and (
            ? is null 
            or ?='' 
            or exists(select
                s1_0.student_id from student s1_0 
            where
                s1_0.student_id=a1_0.student_id 
                and s1_0.class_name=?)
        )
2026-06-10 15:46:25.066 [http-nio-0.0.0.0-8080-exec-5] DEBUG org.hibernate.SQL - 
    select
        count_big(a1_0.id) 
    from
        attendance a1_0 
    where
        a1_0.student_status=? 
        and a1_0.check_in_time between ? and ? 
        and a1_0.course_id in (?, ?, ?) 
        and exists(select
            cs1_0.id from course_selection cs1_0 
        where
            cs1_0.student_id=a1_0.student_id 
            and cs1_0.course_id=a1_0.course_id 
            and cs1_0.status=1) 
        and (
            ? is null 
            or ?='' 
            or exists(select
                s1_0.student_id from student s1_0 
            where
                s1_0.student_id=a1_0.student_id 
                and s1_0.class_name=?)
        )
2026-06-10 15:46:25.067 [http-nio-0.0.0.0-8080-exec-5] DEBUG org.hibernate.SQL - 
    select
        count_big(a1_0.id) 
    from
        attendance a1_0 
    where
        a1_0.student_status=? 
        and a1_0.check_in_time between ? and ? 
        and a1_0.course_id in (?, ?, ?) 
        and exists(select
            cs1_0.id from course_selection cs1_0 
        where
            cs1_0.student_id=a1_0.student_id 
            and cs1_0.course_id=a1_0.course_id 
            and cs1_0.status=1) 
        and (
            ? is null 
            or ?='' 
            or exists(select
                s1_0.student_id from student s1_0 
            where
                s1_0.student_id=a1_0.student_id 
                and s1_0.class_name=?)
        )
2026-06-10 15:46:25.067 [http-nio-0.0.0.0-8080-exec-5] DEBUG org.hibernate.SQL - 
    select
        count_big(a1_0.id) 
    from
        attendance a1_0 
    where
        a1_0.student_status=? 
        and a1_0.check_in_time between ? and ? 
        and a1_0.course_id in (?, ?, ?) 
        and exists(select
            cs1_0.id from course_selection cs1_0 
        where
            cs1_0.student_id=a1_0.student_id 
            and cs1_0.course_id=a1_0.course_id 
            and cs1_0.status=1) 
        and (
            ? is null 
            or ?='' 
            or exists(select
                s1_0.student_id from student s1_0 
            where
                s1_0.student_id=a1_0.student_id 
                and s1_0.class_name=?)
        )
2026-06-10 15:46:25.067 [http-nio-0.0.0.0-8080-exec-5] DEBUG org.hibernate.SQL - 
    select
        count_big(a1_0.id) 
    from
        attendance a1_0 
    where
        a1_0.student_status=? 
        and a1_0.check_in_time between ? and ? 
        and a1_0.course_id in (?, ?, ?) 
        and exists(select
            cs1_0.id from course_selection cs1_0 
        where
            cs1_0.student_id=a1_0.student_id 
            and cs1_0.course_id=a1_0.course_id 
            and cs1_0.status=1) 
        and (
            ? is null 
            or ?='' 
            or exists(select
                s1_0.student_id from student s1_0 
            where
                s1_0.student_id=a1_0.student_id 
                and s1_0.class_name=?)
        )
2026-06-10 15:46:25.067 [http-nio-0.0.0.0-8080-exec-5] DEBUG org.hibernate.SQL - 
    select
        count_big(a1_0.id) 
    from
        attendance a1_0 
    where
        a1_0.student_status=? 
        and a1_0.check_in_time between ? and ? 
        and a1_0.course_id in (?, ?, ?) 
        and exists(select
            cs1_0.id from course_selection cs1_0 
        where
            cs1_0.student_id=a1_0.student_id 
            and cs1_0.course_id=a1_0.course_id 
            and cs1_0.status=1) 
        and (
            ? is null 
            or ?='' 
            or exists(select
                s1_0.student_id from student s1_0 
            where
                s1_0.student_id=a1_0.student_id 
                and s1_0.class_name=?)
        )
2026-06-10 15:46:25.067 [http-nio-0.0.0.0-8080-exec-5] DEBUG org.hibernate.SQL - 
    select
        count_big(a1_0.id) 
    from
        attendance a1_0 
    where
        a1_0.student_status=? 
        and a1_0.check_in_time between ? and ? 
        and a1_0.course_id in (?, ?, ?) 
        and exists(select
            cs1_0.id from course_selection cs1_0 
        where
            cs1_0.student_id=a1_0.student_id 
            and cs1_0.course_id=a1_0.course_id 
            and cs1_0.status=1) 
        and (
            ? is null 
            or ?='' 
            or exists(select
                s1_0.student_id from student s1_0 
            where
                s1_0.student_id=a1_0.student_id 
                and s1_0.class_name=?)
        )
2026-06-10 15:46:25.067 [http-nio-0.0.0.0-8080-exec-5] DEBUG org.hibernate.SQL - 
    select
        count_big(a1_0.id) 
    from
        attendance a1_0 
    where
        a1_0.student_status=? 
        and a1_0.check_in_time between ? and ? 
        and a1_0.course_id in (?, ?, ?) 
        and exists(select
            cs1_0.id from course_selection cs1_0 
        where
            cs1_0.student_id=a1_0.student_id 
            and cs1_0.course_id=a1_0.course_id 
            and cs1_0.status=1) 
        and (
            ? is null 
            or ?='' 
            or exists(select
                s1_0.student_id from student s1_0 
            where
                s1_0.student_id=a1_0.student_id 
                and s1_0.class_name=?)
        )
2026-06-10 15:46:25.067 [http-nio-0.0.0.0-8080-exec-5] DEBUG org.hibernate.SQL - 
    select
        count_big(a1_0.id) 
    from
        attendance a1_0 
    where
        a1_0.student_status=? 
        and a1_0.check_in_time between ? and ? 
        and a1_0.course_id in (?, ?, ?) 
        and exists(select
            cs1_0.id from course_selection cs1_0 
        where
            cs1_0.student_id=a1_0.student_id 
            and cs1_0.course_id=a1_0.course_id 
            and cs1_0.status=1) 
        and (
            ? is null 
            or ?='' 
            or exists(select
                s1_0.student_id from student s1_0 
            where
                s1_0.student_id=a1_0.student_id 
                and s1_0.class_name=?)
        )
2026-06-10 15:46:25.067 [http-nio-0.0.0.0-8080-exec-5] DEBUG org.hibernate.SQL - 
    select
        count_big(a1_0.id) 
    from
        attendance a1_0 
    where
        a1_0.student_status=? 
        and a1_0.check_in_time between ? and ? 
        and a1_0.course_id in (?, ?, ?) 
        and exists(select
            cs1_0.id from course_selection cs1_0 
        where
            cs1_0.student_id=a1_0.student_id 
            and cs1_0.course_id=a1_0.course_id 
            and cs1_0.status=1) 
        and (
            ? is null 
            or ?='' 
            or exists(select
                s1_0.student_id from student s1_0 
            where
                s1_0.student_id=a1_0.student_id 
                and s1_0.class_name=?)
        )
2026-06-10 15:46:25.067 [http-nio-0.0.0.0-8080-exec-5] DEBUG org.hibernate.SQL - 
    select
        count_big(a1_0.id) 
    from
        attendance a1_0 
    where
        a1_0.student_status=? 
        and a1_0.check_in_time between ? and ? 
        and a1_0.course_id in (?, ?, ?) 
        and exists(select
            cs1_0.id from course_selection cs1_0 
        where
            cs1_0.student_id=a1_0.student_id 
            and cs1_0.course_id=a1_0.course_id 
            and cs1_0.status=1) 
        and (
            ? is null 
            or ?='' 
            or exists(select
                s1_0.student_id from student s1_0 
            where
                s1_0.student_id=a1_0.student_id 
                and s1_0.class_name=?)
        )
2026-06-10 15:46:25.067 [http-nio-0.0.0.0-8080-exec-5] DEBUG org.hibernate.SQL - 
    select
        count_big(a1_0.id) 
    from
        attendance a1_0 
    where
        a1_0.student_status=? 
        and a1_0.check_in_time between ? and ? 
        and a1_0.course_id in (?, ?, ?) 
        and exists(select
            cs1_0.id from course_selection cs1_0 
        where
            cs1_0.student_id=a1_0.student_id 
            and cs1_0.course_id=a1_0.course_id 
            and cs1_0.status=1) 
        and (
            ? is null 
            or ?='' 
            or exists(select
                s1_0.student_id from student s1_0 
            where
                s1_0.student_id=a1_0.student_id 
                and s1_0.class_name=?)
        )
2026-06-10 15:46:25.067 [http-nio-0.0.0.0-8080-exec-5] DEBUG org.hibernate.SQL - 
    select
        count_big(a1_0.id) 
    from
        attendance a1_0 
    where
        a1_0.student_status=? 
        and a1_0.check_in_time between ? and ? 
        and a1_0.course_id in (?, ?, ?) 
        and exists(select
            cs1_0.id from course_selection cs1_0 
        where
            cs1_0.student_id=a1_0.student_id 
            and cs1_0.course_id=a1_0.course_id 
            and cs1_0.status=1) 
        and (
            ? is null 
            or ?='' 
            or exists(select
                s1_0.student_id from student s1_0 
            where
                s1_0.student_id=a1_0.student_id 
                and s1_0.class_name=?)
        )
2026-06-10 15:46:25.067 [http-nio-0.0.0.0-8080-exec-5] DEBUG org.hibernate.SQL - 
    select
        count_big(a1_0.id) 
    from
        attendance a1_0 
    where
        a1_0.student_status=? 
        and a1_0.check_in_time between ? and ? 
        and a1_0.course_id in (?, ?, ?) 
        and exists(select
            cs1_0.id from course_selection cs1_0 
        where
            cs1_0.student_id=a1_0.student_id 
            and cs1_0.course_id=a1_0.course_id 
            and cs1_0.status=1) 
        and (
            ? is null 
            or ?='' 
            or exists(select
                s1_0.student_id from student s1_0 
            where
                s1_0.student_id=a1_0.student_id 
                and s1_0.class_name=?)
        )
2026-06-10 15:46:25.067 [http-nio-0.0.0.0-8080-exec-5] DEBUG org.hibernate.SQL - 
    select
        count_big(a1_0.id) 
    from
        attendance a1_0 
    where
        a1_0.student_status=? 
        and a1_0.check_in_time between ? and ? 
        and a1_0.course_id in (?, ?, ?) 
        and exists(select
            cs1_0.id from course_selection cs1_0 
        where
            cs1_0.student_id=a1_0.student_id 
            and cs1_0.course_id=a1_0.course_id 
            and cs1_0.status=1) 
        and (
            ? is null 
            or ?='' 
            or exists(select
                s1_0.student_id from student s1_0 
            where
                s1_0.student_id=a1_0.student_id 
                and s1_0.class_name=?)
        )
2026-06-10 15:46:25.067 [http-nio-0.0.0.0-8080-exec-5] DEBUG org.hibernate.SQL - 
    select
        count_big(a1_0.id) 
    from
        attendance a1_0 
    where
        a1_0.student_status=? 
        and a1_0.check_in_time between ? and ? 
        and a1_0.course_id in (?, ?, ?) 
        and exists(select
            cs1_0.id from course_selection cs1_0 
        where
            cs1_0.student_id=a1_0.student_id 
            and cs1_0.course_id=a1_0.course_id 
            and cs1_0.status=1) 
        and (
            ? is null 
            or ?='' 
            or exists(select
                s1_0.student_id from student s1_0 
            where
                s1_0.student_id=a1_0.student_id 
                and s1_0.class_name=?)
        )
2026-06-10 15:46:25.067 [http-nio-0.0.0.0-8080-exec-5] DEBUG org.hibernate.SQL - 
    select
        count_big(a1_0.id) 
    from
        attendance a1_0 
    where
        a1_0.student_status=? 
        and a1_0.check_in_time between ? and ? 
        and a1_0.course_id in (?, ?, ?) 
        and exists(select
            cs1_0.id from course_selection cs1_0 
        where
            cs1_0.student_id=a1_0.student_id 
            and cs1_0.course_id=a1_0.course_id 
            and cs1_0.status=1) 
        and (
            ? is null 
            or ?='' 
            or exists(select
                s1_0.student_id from student s1_0 
            where
                s1_0.student_id=a1_0.student_id 
                and s1_0.class_name=?)
        )
2026-06-10 15:46:25.083 [http-nio-0.0.0.0-8080-exec-5] DEBUG org.hibernate.SQL - 
    select
        count_big(a1_0.id) 
    from
        attendance a1_0 
    where
        a1_0.student_status=? 
        and a1_0.check_in_time between ? and ? 
        and a1_0.course_id in (?, ?, ?) 
        and exists(select
            cs1_0.id from course_selection cs1_0 
        where
            cs1_0.student_id=a1_0.student_id 
            and cs1_0.course_id=a1_0.course_id 
            and cs1_0.status=1) 
        and (
            ? is null 
            or ?='' 
            or exists(select
                s1_0.student_id from student s1_0 
            where
                s1_0.student_id=a1_0.student_id 
                and s1_0.class_name=?)
        )
2026-06-10 15:46:25.084 [http-nio-0.0.0.0-8080-exec-5] DEBUG org.hibernate.SQL - 
    select
        count_big(a1_0.id) 
    from
        attendance a1_0 
    where
        a1_0.student_status=? 
        and a1_0.check_in_time between ? and ? 
        and a1_0.course_id in (?, ?, ?) 
        and exists(select
            cs1_0.id from course_selection cs1_0 
        where
            cs1_0.student_id=a1_0.student_id 
            and cs1_0.course_id=a1_0.course_id 
            and cs1_0.status=1) 
        and (
            ? is null 
            or ?='' 
            or exists(select
                s1_0.student_id from student s1_0 
            where
                s1_0.student_id=a1_0.student_id 
                and s1_0.class_name=?)
        )
2026-06-10 15:46:25.084 [http-nio-0.0.0.0-8080-exec-5] DEBUG org.hibernate.SQL - 
    select
        count_big(a1_0.id) 
    from
        attendance a1_0 
    where
        a1_0.student_status=? 
        and a1_0.check_in_time between ? and ? 
        and a1_0.course_id in (?, ?, ?) 
        and exists(select
            cs1_0.id from course_selection cs1_0 
        where
            cs1_0.student_id=a1_0.student_id 
            and cs1_0.course_id=a1_0.course_id 
            and cs1_0.status=1) 
        and (
            ? is null 
            or ?='' 
            or exists(select
                s1_0.student_id from student s1_0 
            where
                s1_0.student_id=a1_0.student_id 
                and s1_0.class_name=?)
        )
2026-06-10 15:46:25.084 [http-nio-0.0.0.0-8080-exec-5] DEBUG org.hibernate.SQL - 
    select
        count_big(a1_0.id) 
    from
        attendance a1_0 
    where
        a1_0.student_status=? 
        and a1_0.check_in_time between ? and ? 
        and a1_0.course_id in (?, ?, ?) 
        and exists(select
            cs1_0.id from course_selection cs1_0 
        where
            cs1_0.student_id=a1_0.student_id 
            and cs1_0.course_id=a1_0.course_id 
            and cs1_0.status=1) 
        and (
            ? is null 
            or ?='' 
            or exists(select
                s1_0.student_id from student s1_0 
            where
                s1_0.student_id=a1_0.student_id 
                and s1_0.class_name=?)
        )
2026-06-10 15:46:25.084 [http-nio-0.0.0.0-8080-exec-5] DEBUG org.hibernate.SQL - 
    select
        count_big(a1_0.id) 
    from
        attendance a1_0 
    where
        a1_0.student_status=? 
        and a1_0.check_in_time between ? and ? 
        and a1_0.course_id in (?, ?, ?) 
        and exists(select
            cs1_0.id from course_selection cs1_0 
        where
            cs1_0.student_id=a1_0.student_id 
            and cs1_0.course_id=a1_0.course_id 
            and cs1_0.status=1) 
        and (
            ? is null 
            or ?='' 
            or exists(select
                s1_0.student_id from student s1_0 
            where
                s1_0.student_id=a1_0.student_id 
                and s1_0.class_name=?)
        )
2026-06-10 15:46:25.084 [http-nio-0.0.0.0-8080-exec-5] DEBUG org.hibernate.SQL - 
    select
        count_big(a1_0.id) 
    from
        attendance a1_0 
    where
        a1_0.student_status=? 
        and a1_0.check_in_time between ? and ? 
        and a1_0.course_id in (?, ?, ?) 
        and exists(select
            cs1_0.id from course_selection cs1_0 
        where
            cs1_0.student_id=a1_0.student_id 
            and cs1_0.course_id=a1_0.course_id 
            and cs1_0.status=1) 
        and (
            ? is null 
            or ?='' 
            or exists(select
                s1_0.student_id from student s1_0 
            where
                s1_0.student_id=a1_0.student_id 
                and s1_0.class_name=?)
        )
2026-06-10 15:46:25.088 [http-nio-0.0.0.0-8080-exec-5] DEBUG org.hibernate.SQL - 
    select
        count_big(a1_0.id) 
    from
        attendance a1_0 
    where
        a1_0.student_status=? 
        and a1_0.check_in_time between ? and ? 
        and a1_0.course_id in (?, ?, ?) 
        and exists(select
            cs1_0.id from course_selection cs1_0 
        where
            cs1_0.student_id=a1_0.student_id 
            and cs1_0.course_id=a1_0.course_id 
            and cs1_0.status=1) 
        and (
            ? is null 
            or ?='' 
            or exists(select
                s1_0.student_id from student s1_0 
            where
                s1_0.student_id=a1_0.student_id 
                and s1_0.class_name=?)
        )
2026-06-10 15:46:25.088 [http-nio-0.0.0.0-8080-exec-5] DEBUG org.hibernate.SQL - 
    select
        count_big(a1_0.id) 
    from
        attendance a1_0 
    where
        a1_0.student_status=? 
        and a1_0.check_in_time between ? and ? 
        and a1_0.course_id in (?, ?, ?) 
        and exists(select
            cs1_0.id from course_selection cs1_0 
        where
            cs1_0.student_id=a1_0.student_id 
            and cs1_0.course_id=a1_0.course_id 
            and cs1_0.status=1) 
        and (
            ? is null 
            or ?='' 
            or exists(select
                s1_0.student_id from student s1_0 
            where
                s1_0.student_id=a1_0.student_id 
                and s1_0.class_name=?)
        )
2026-06-10 15:46:25.088 [http-nio-0.0.0.0-8080-exec-5] DEBUG org.hibernate.SQL - 
    select
        count_big(a1_0.id) 
    from
        attendance a1_0 
    where
        a1_0.student_status=? 
        and a1_0.check_in_time between ? and ? 
        and a1_0.course_id in (?, ?, ?) 
        and exists(select
            cs1_0.id from course_selection cs1_0 
        where
            cs1_0.student_id=a1_0.student_id 
            and cs1_0.course_id=a1_0.course_id 
            and cs1_0.status=1) 
        and (
            ? is null 
            or ?='' 
            or exists(select
                s1_0.student_id from student s1_0 
            where
                s1_0.student_id=a1_0.student_id 
                and s1_0.class_name=?)
        )
2026-06-10 15:46:25.088 [http-nio-0.0.0.0-8080-exec-5] DEBUG org.hibernate.SQL - 
    select
        distinct s1_0.class_name 
    from
        course_selection cs1_0 
    join
        student s1_0 
            on cs1_0.student_id=s1_0.student_id 
    where
        cs1_0.course_id in (?, ?, ?)
2026-06-10 15:46:25.088 [http-nio-0.0.0.0-8080-exec-5] DEBUG org.hibernate.SQL - 
    select
        count_big(a1_0.id) 
    from
        attendance a1_0 
    where
        a1_0.check_in_time between ? and ? 
        and a1_0.course_id in (?, ?, ?) 
        and exists(select
            cs1_0.id from course_selection cs1_0 
        where
            cs1_0.student_id=a1_0.student_id 
            and cs1_0.course_id=a1_0.course_id 
            and cs1_0.status=1) 
        and (
            ? is null 
            or ?='' 
            or exists(select
                s1_0.student_id from student s1_0 
            where
                s1_0.student_id=a1_0.student_id 
                and s1_0.class_name=?)
        )
2026-06-10 15:46:25.088 [http-nio-0.0.0.0-8080-exec-5] DEBUG org.hibernate.SQL - 
    select
        count_big(a1_0.id) 
    from
        attendance a1_0 
    where
        a1_0.student_status=? 
        and a1_0.check_in_time between ? and ? 
        and a1_0.course_id in (?, ?, ?) 
        and exists(select
            cs1_0.id from course_selection cs1_0 
        where
            cs1_0.student_id=a1_0.student_id 
            and cs1_0.course_id=a1_0.course_id 
            and cs1_0.status=1) 
        and (
            ? is null 
            or ?='' 
            or exists(select
                s1_0.student_id from student s1_0 
            where
                s1_0.student_id=a1_0.student_id 
                and s1_0.class_name=?)
        )
2026-06-10 15:46:25.088 [http-nio-0.0.0.0-8080-exec-5] DEBUG org.hibernate.SQL - 
    select
        count_big(a1_0.id) 
    from
        attendance a1_0 
    where
        a1_0.check_in_time between ? and ? 
        and a1_0.course_id in (?, ?, ?) 
        and exists(select
            cs1_0.id from course_selection cs1_0 
        where
            cs1_0.student_id=a1_0.student_id 
            and cs1_0.course_id=a1_0.course_id 
            and cs1_0.status=1) 
        and (
            ? is null 
            or ?='' 
            or exists(select
                s1_0.student_id from student s1_0 
            where
                s1_0.student_id=a1_0.student_id 
                and s1_0.class_name=?)
        )
2026-06-10 15:46:25.088 [http-nio-0.0.0.0-8080-exec-5] DEBUG org.hibernate.SQL - 
    select
        count_big(a1_0.id) 
    from
        attendance a1_0 
    where
        a1_0.student_status=? 
        and a1_0.check_in_time between ? and ? 
        and a1_0.course_id in (?, ?, ?) 
        and exists(select
            cs1_0.id from course_selection cs1_0 
        where
            cs1_0.student_id=a1_0.student_id 
            and cs1_0.course_id=a1_0.course_id 
            and cs1_0.status=1) 
        and (
            ? is null 
            or ?='' 
            or exists(select
                s1_0.student_id from student s1_0 
            where
                s1_0.student_id=a1_0.student_id 
                and s1_0.class_name=?)
        )
2026-06-10 15:46:25.088 [http-nio-0.0.0.0-8080-exec-5] DEBUG org.hibernate.SQL - 
    select
        count_big(a1_0.id) 
    from
        attendance a1_0 
    where
        a1_0.check_in_time between ? and ? 
        and a1_0.course_id in (?, ?, ?) 
        and exists(select
            cs1_0.id from course_selection cs1_0 
        where
            cs1_0.student_id=a1_0.student_id 
            and cs1_0.course_id=a1_0.course_id 
            and cs1_0.status=1) 
        and (
            ? is null 
            or ?='' 
            or exists(select
                s1_0.student_id from student s1_0 
            where
                s1_0.student_id=a1_0.student_id 
                and s1_0.class_name=?)
        )
2026-06-10 15:46:25.098 [http-nio-0.0.0.0-8080-exec-5] DEBUG org.hibernate.SQL - 
    select
        count_big(a1_0.id) 
    from
        attendance a1_0 
    where
        a1_0.student_status=? 
        and a1_0.check_in_time between ? and ? 
        and a1_0.course_id in (?, ?, ?) 
        and exists(select
            cs1_0.id from course_selection cs1_0 
        where
            cs1_0.student_id=a1_0.student_id 
            and cs1_0.course_id=a1_0.course_id 
            and cs1_0.status=1) 
        and (
            ? is null 
            or ?='' 
            or exists(select
                s1_0.student_id from student s1_0 
            where
                s1_0.student_id=a1_0.student_id 
                and s1_0.class_name=?)
        )
2026-06-10 15:46:25.099 [http-nio-0.0.0.0-8080-exec-5] DEBUG org.hibernate.SQL - 
    select
        count_big(a1_0.id) 
    from
        attendance a1_0 
    where
        a1_0.check_in_time between ? and ? 
        and a1_0.course_id in (?, ?, ?) 
        and exists(select
            cs1_0.id from course_selection cs1_0 
        where
            cs1_0.student_id=a1_0.student_id 
            and cs1_0.course_id=a1_0.course_id 
            and cs1_0.status=1) 
        and (
            ? is null 
            or ?='' 
            or exists(select
                s1_0.student_id from student s1_0 
            where
                s1_0.student_id=a1_0.student_id 
                and s1_0.class_name=?)
        )
2026-06-10 15:46:25.099 [http-nio-0.0.0.0-8080-exec-5] DEBUG org.hibernate.SQL - 
    select
        count_big(a1_0.id) 
    from
        attendance a1_0 
    where
        a1_0.student_status=? 
        and a1_0.check_in_time between ? and ? 
        and a1_0.course_id in (?, ?, ?) 
        and exists(select
            cs1_0.id from course_selection cs1_0 
        where
            cs1_0.student_id=a1_0.student_id 
            and cs1_0.course_id=a1_0.course_id 
            and cs1_0.status=1) 
        and (
            ? is null 
            or ?='' 
            or exists(select
                s1_0.student_id from student s1_0 
            where
                s1_0.student_id=a1_0.student_id 
                and s1_0.class_name=?)
        )
2026-06-10 15:46:25.099 [http-nio-0.0.0.0-8080-exec-5] DEBUG org.hibernate.SQL - 
    select
        count_big(a1_0.id) 
    from
        attendance a1_0 
    where
        a1_0.check_in_time between ? and ? 
        and a1_0.course_id in (?, ?, ?) 
        and exists(select
            cs1_0.id from course_selection cs1_0 
        where
            cs1_0.student_id=a1_0.student_id 
            and cs1_0.course_id=a1_0.course_id 
            and cs1_0.status=1) 
        and (
            ? is null 
            or ?='' 
            or exists(select
                s1_0.student_id from student s1_0 
            where
                s1_0.student_id=a1_0.student_id 
                and s1_0.class_name=?)
        )
2026-06-10 15:46:25.099 [http-nio-0.0.0.0-8080-exec-5] DEBUG org.hibernate.SQL - 
    select
        count_big(a1_0.id) 
    from
        attendance a1_0 
    where
        a1_0.student_status=? 
        and a1_0.check_in_time between ? and ? 
        and a1_0.course_id in (?, ?, ?) 
        and exists(select
            cs1_0.id from course_selection cs1_0 
        where
            cs1_0.student_id=a1_0.student_id 
            and cs1_0.course_id=a1_0.course_id 
            and cs1_0.status=1) 
        and (
            ? is null 
            or ?='' 
            or exists(select
                s1_0.student_id from student s1_0 
            where
                s1_0.student_id=a1_0.student_id 
                and s1_0.class_name=?)
        )
2026-06-10 15:46:25.099 [http-nio-0.0.0.0-8080-exec-5] DEBUG org.hibernate.SQL - 
    select
        count_big(a1_0.id) 
    from
        attendance a1_0 
    where
        a1_0.check_in_time between ? and ? 
        and a1_0.course_id in (?) 
        and exists(select
            cs1_0.id from course_selection cs1_0 
        where
            cs1_0.student_id=a1_0.student_id 
            and cs1_0.course_id=a1_0.course_id 
            and cs1_0.status=1) 
        and (
            ? is null 
            or ?='' 
            or exists(select
                s1_0.student_id from student s1_0 
            where
                s1_0.student_id=a1_0.student_id 
                and s1_0.class_name=?)
        )
2026-06-10 15:46:25.099 [http-nio-0.0.0.0-8080-exec-5] DEBUG org.hibernate.SQL - 
    select
        c1_0.id,
        c1_0.class_name,
        c1_0.course_id,
        c1_0.course_name,
        c1_0.create_time,
        c1_0.location,
        c1_0.teacher_id,
        c1_0.teacher_name,
        c1_0.time_slot,
        c1_0.week_day 
    from
        course c1_0 
    where
        c1_0.course_id=?
2026-06-10 15:46:25.099 [http-nio-0.0.0.0-8080-exec-5] DEBUG org.hibernate.SQL - 
    select
        count_big(a1_0.id) 
    from
        attendance a1_0 
    where
        a1_0.check_in_time between ? and ? 
        and a1_0.course_id in (?) 
        and exists(select
            cs1_0.id from course_selection cs1_0 
        where
            cs1_0.student_id=a1_0.student_id 
            and cs1_0.course_id=a1_0.course_id 
            and cs1_0.status=1) 
        and (
            ? is null 
            or ?='' 
            or exists(select
                s1_0.student_id from student s1_0 
            where
                s1_0.student_id=a1_0.student_id 
                and s1_0.class_name=?)
        )
2026-06-10 15:46:25.099 [http-nio-0.0.0.0-8080-exec-5] DEBUG org.hibernate.SQL - 
    select
        c1_0.id,
        c1_0.class_name,
        c1_0.course_id,
        c1_0.course_name,
        c1_0.create_time,
        c1_0.location,
        c1_0.teacher_id,
        c1_0.teacher_name,
        c1_0.time_slot,
        c1_0.week_day 
    from
        course c1_0 
    where
        c1_0.course_id=?
2026-06-10 15:46:25.099 [http-nio-0.0.0.0-8080-exec-5] DEBUG org.hibernate.SQL - 
    select
        count_big(a1_0.id) 
    from
        attendance a1_0 
    where
        a1_0.check_in_time between ? and ? 
        and a1_0.course_id in (?) 
        and exists(select
            cs1_0.id from course_selection cs1_0 
        where
            cs1_0.student_id=a1_0.student_id 
            and cs1_0.course_id=a1_0.course_id 
            and cs1_0.status=1) 
        and (
            ? is null 
            or ?='' 
            or exists(select
                s1_0.student_id from student s1_0 
            where
                s1_0.student_id=a1_0.student_id 
                and s1_0.class_name=?)
        )
2026-06-10 15:46:25.099 [http-nio-0.0.0.0-8080-exec-5] DEBUG org.hibernate.SQL - 
    select
        c1_0.id,
        c1_0.class_name,
        c1_0.course_id,
        c1_0.course_name,
        c1_0.create_time,
        c1_0.location,
        c1_0.teacher_id,
        c1_0.teacher_name,
        c1_0.time_slot,
        c1_0.week_day 
    from
        course c1_0 
    where
        c1_0.course_id=?
2026-06-10 15:46:34.425 [http-nio-0.0.0.0-8080-exec-8] DEBUG org.hibernate.SQL - 
    select
        u1_0.id,
        u1_0.class_name,
        u1_0.create_time,
        u1_0.gender,
        u1_0.real_name,
        u1_0.username,
        u1_0.userpassword,
        u1_0.userrole 
    from
        my_user u1_0 
    where
        u1_0.username=?
2026-06-10 15:46:34.428 [http-nio-0.0.0.0-8080-exec-8] DEBUG org.hibernate.SQL - 
    select
        c1_0.id,
        c1_0.class_name,
        c1_0.course_id,
        c1_0.course_name,
        c1_0.create_time,
        c1_0.location,
        c1_0.teacher_id,
        c1_0.teacher_name,
        c1_0.time_slot,
        c1_0.week_day 
    from
        course c1_0 
    where
        c1_0.teacher_id=?
2026-06-10 15:46:34.428 [http-nio-0.0.0.0-8080-exec-8] DEBUG org.hibernate.SQL - 
    select
        count_big(distinct cs1_0.student_id) 
    from
        course_selection cs1_0 
    where
        cs1_0.course_id in (?, ?, ?) 
        and cs1_0.status=1
2026-06-10 15:46:34.430 [http-nio-0.0.0.0-8080-exec-8] DEBUG org.hibernate.SQL - 
    select
        count_big(a1_0.id) 
    from
        attendance a1_0 
    where
        a1_0.check_in_time between ? and ? 
        and a1_0.course_id in (?, ?, ?) 
        and exists(select
            cs1_0.id from course_selection cs1_0 
        where
            cs1_0.student_id=a1_0.student_id 
            and cs1_0.course_id=a1_0.course_id 
            and cs1_0.status=1) 
        and (
            ? is null 
            or ?='' 
            or exists(select
                s1_0.student_id from student s1_0 
            where
                s1_0.student_id=a1_0.student_id 
                and s1_0.class_name=?)
        )
2026-06-10 15:46:34.430 [http-nio-0.0.0.0-8080-exec-8] DEBUG org.hibernate.SQL - 
    select
        count_big(a1_0.id) 
    from
        attendance a1_0 
    where
        a1_0.student_status=? 
        and a1_0.check_in_time between ? and ? 
        and a1_0.course_id in (?, ?, ?) 
        and exists(select
            cs1_0.id from course_selection cs1_0 
        where
            cs1_0.student_id=a1_0.student_id 
            and cs1_0.course_id=a1_0.course_id 
            and cs1_0.status=1) 
        and (
            ? is null 
            or ?='' 
            or exists(select
                s1_0.student_id from student s1_0 
            where
                s1_0.student_id=a1_0.student_id 
                and s1_0.class_name=?)
        )
2026-06-10 15:46:34.432 [http-nio-0.0.0.0-8080-exec-8] DEBUG org.hibernate.SQL - 
    select
        count_big(a1_0.id) 
    from
        attendance a1_0 
    where
        a1_0.student_status=? 
        and a1_0.check_in_time between ? and ? 
        and a1_0.course_id in (?, ?, ?) 
        and exists(select
            cs1_0.id from course_selection cs1_0 
        where
            cs1_0.student_id=a1_0.student_id 
            and cs1_0.course_id=a1_0.course_id 
            and cs1_0.status=1) 
        and (
            ? is null 
            or ?='' 
            or exists(select
                s1_0.student_id from student s1_0 
            where
                s1_0.student_id=a1_0.student_id 
                and s1_0.class_name=?)
        )
2026-06-10 15:46:34.433 [http-nio-0.0.0.0-8080-exec-8] DEBUG org.hibernate.SQL - 
    select
        count_big(a1_0.id) 
    from
        attendance a1_0 
    where
        a1_0.student_status=? 
        and a1_0.check_in_time between ? and ? 
        and a1_0.course_id in (?, ?, ?) 
        and exists(select
            cs1_0.id from course_selection cs1_0 
        where
            cs1_0.student_id=a1_0.student_id 
            and cs1_0.course_id=a1_0.course_id 
            and cs1_0.status=1) 
        and (
            ? is null 
            or ?='' 
            or exists(select
                s1_0.student_id from student s1_0 
            where
                s1_0.student_id=a1_0.student_id 
                and s1_0.class_name=?)
        )
2026-06-10 15:46:34.433 [http-nio-0.0.0.0-8080-exec-8] DEBUG org.hibernate.SQL - 
    select
        count_big(a1_0.id) 
    from
        attendance a1_0 
    where
        a1_0.student_status=? 
        and a1_0.check_in_time between ? and ? 
        and a1_0.course_id in (?, ?, ?) 
        and exists(select
            cs1_0.id from course_selection cs1_0 
        where
            cs1_0.student_id=a1_0.student_id 
            and cs1_0.course_id=a1_0.course_id 
            and cs1_0.status=1) 
        and (
            ? is null 
            or ?='' 
            or exists(select
                s1_0.student_id from student s1_0 
            where
                s1_0.student_id=a1_0.student_id 
                and s1_0.class_name=?)
        )
2026-06-10 15:46:34.433 [http-nio-0.0.0.0-8080-exec-8] DEBUG org.hibernate.SQL - 
    select
        count_big(a1_0.id) 
    from
        attendance a1_0 
    where
        a1_0.student_status=? 
        and a1_0.check_in_time between ? and ? 
        and a1_0.course_id in (?, ?, ?) 
        and exists(select
            cs1_0.id from course_selection cs1_0 
        where
            cs1_0.student_id=a1_0.student_id 
            and cs1_0.course_id=a1_0.course_id 
            and cs1_0.status=1) 
        and (
            ? is null 
            or ?='' 
            or exists(select
                s1_0.student_id from student s1_0 
            where
                s1_0.student_id=a1_0.student_id 
                and s1_0.class_name=?)
        )
2026-06-10 15:46:34.435 [http-nio-0.0.0.0-8080-exec-8] DEBUG org.hibernate.SQL - 
    select
        count_big(a1_0.id) 
    from
        attendance a1_0 
    where
        a1_0.student_status=? 
        and a1_0.check_in_time between ? and ? 
        and a1_0.course_id in (?, ?, ?) 
        and exists(select
            cs1_0.id from course_selection cs1_0 
        where
            cs1_0.student_id=a1_0.student_id 
            and cs1_0.course_id=a1_0.course_id 
            and cs1_0.status=1) 
        and (
            ? is null 
            or ?='' 
            or exists(select
                s1_0.student_id from student s1_0 
            where
                s1_0.student_id=a1_0.student_id 
                and s1_0.class_name=?)
        )
2026-06-10 15:46:34.435 [http-nio-0.0.0.0-8080-exec-8] DEBUG org.hibernate.SQL - 
    select
        count_big(a1_0.id) 
    from
        attendance a1_0 
    where
        a1_0.student_status=? 
        and a1_0.check_in_time between ? and ? 
        and a1_0.course_id in (?, ?, ?) 
        and exists(select
            cs1_0.id from course_selection cs1_0 
        where
            cs1_0.student_id=a1_0.student_id 
            and cs1_0.course_id=a1_0.course_id 
            and cs1_0.status=1) 
        and (
            ? is null 
            or ?='' 
            or exists(select
                s1_0.student_id from student s1_0 
            where
                s1_0.student_id=a1_0.student_id 
                and s1_0.class_name=?)
        )
2026-06-10 15:46:34.437 [http-nio-0.0.0.0-8080-exec-8] DEBUG org.hibernate.SQL - 
    select
        count_big(a1_0.id) 
    from
        attendance a1_0 
    where
        a1_0.student_status=? 
        and a1_0.check_in_time between ? and ? 
        and a1_0.course_id in (?, ?, ?) 
        and exists(select
            cs1_0.id from course_selection cs1_0 
        where
            cs1_0.student_id=a1_0.student_id 
            and cs1_0.course_id=a1_0.course_id 
            and cs1_0.status=1) 
        and (
            ? is null 
            or ?='' 
            or exists(select
                s1_0.student_id from student s1_0 
            where
                s1_0.student_id=a1_0.student_id 
                and s1_0.class_name=?)
        )
2026-06-10 15:46:34.437 [http-nio-0.0.0.0-8080-exec-8] DEBUG org.hibernate.SQL - 
    select
        count_big(a1_0.id) 
    from
        attendance a1_0 
    where
        a1_0.student_status=? 
        and a1_0.check_in_time between ? and ? 
        and a1_0.course_id in (?, ?, ?) 
        and exists(select
            cs1_0.id from course_selection cs1_0 
        where
            cs1_0.student_id=a1_0.student_id 
            and cs1_0.course_id=a1_0.course_id 
            and cs1_0.status=1) 
        and (
            ? is null 
            or ?='' 
            or exists(select
                s1_0.student_id from student s1_0 
            where
                s1_0.student_id=a1_0.student_id 
                and s1_0.class_name=?)
        )
2026-06-10 15:46:34.437 [http-nio-0.0.0.0-8080-exec-8] DEBUG org.hibernate.SQL - 
    select
        count_big(a1_0.id) 
    from
        attendance a1_0 
    where
        a1_0.student_status=? 
        and a1_0.check_in_time between ? and ? 
        and a1_0.course_id in (?, ?, ?) 
        and exists(select
            cs1_0.id from course_selection cs1_0 
        where
            cs1_0.student_id=a1_0.student_id 
            and cs1_0.course_id=a1_0.course_id 
            and cs1_0.status=1) 
        and (
            ? is null 
            or ?='' 
            or exists(select
                s1_0.student_id from student s1_0 
            where
                s1_0.student_id=a1_0.student_id 
                and s1_0.class_name=?)
        )
2026-06-10 15:46:34.437 [http-nio-0.0.0.0-8080-exec-8] DEBUG org.hibernate.SQL - 
    select
        count_big(a1_0.id) 
    from
        attendance a1_0 
    where
        a1_0.student_status=? 
        and a1_0.check_in_time between ? and ? 
        and a1_0.course_id in (?, ?, ?) 
        and exists(select
            cs1_0.id from course_selection cs1_0 
        where
            cs1_0.student_id=a1_0.student_id 
            and cs1_0.course_id=a1_0.course_id 
            and cs1_0.status=1) 
        and (
            ? is null 
            or ?='' 
            or exists(select
                s1_0.student_id from student s1_0 
            where
                s1_0.student_id=a1_0.student_id 
                and s1_0.class_name=?)
        )
2026-06-10 15:46:34.440 [http-nio-0.0.0.0-8080-exec-8] DEBUG org.hibernate.SQL - 
    select
        count_big(a1_0.id) 
    from
        attendance a1_0 
    where
        a1_0.student_status=? 
        and a1_0.check_in_time between ? and ? 
        and a1_0.course_id in (?, ?, ?) 
        and exists(select
            cs1_0.id from course_selection cs1_0 
        where
            cs1_0.student_id=a1_0.student_id 
            and cs1_0.course_id=a1_0.course_id 
            and cs1_0.status=1) 
        and (
            ? is null 
            or ?='' 
            or exists(select
                s1_0.student_id from student s1_0 
            where
                s1_0.student_id=a1_0.student_id 
                and s1_0.class_name=?)
        )
2026-06-10 15:46:34.441 [http-nio-0.0.0.0-8080-exec-8] DEBUG org.hibernate.SQL - 
    select
        count_big(a1_0.id) 
    from
        attendance a1_0 
    where
        a1_0.student_status=? 
        and a1_0.check_in_time between ? and ? 
        and a1_0.course_id in (?, ?, ?) 
        and exists(select
            cs1_0.id from course_selection cs1_0 
        where
            cs1_0.student_id=a1_0.student_id 
            and cs1_0.course_id=a1_0.course_id 
            and cs1_0.status=1) 
        and (
            ? is null 
            or ?='' 
            or exists(select
                s1_0.student_id from student s1_0 
            where
                s1_0.student_id=a1_0.student_id 
                and s1_0.class_name=?)
        )
2026-06-10 15:46:34.441 [http-nio-0.0.0.0-8080-exec-8] DEBUG org.hibernate.SQL - 
    select
        count_big(a1_0.id) 
    from
        attendance a1_0 
    where
        a1_0.student_status=? 
        and a1_0.check_in_time between ? and ? 
        and a1_0.course_id in (?, ?, ?) 
        and exists(select
            cs1_0.id from course_selection cs1_0 
        where
            cs1_0.student_id=a1_0.student_id 
            and cs1_0.course_id=a1_0.course_id 
            and cs1_0.status=1) 
        and (
            ? is null 
            or ?='' 
            or exists(select
                s1_0.student_id from student s1_0 
            where
                s1_0.student_id=a1_0.student_id 
                and s1_0.class_name=?)
        )
2026-06-10 15:46:34.441 [http-nio-0.0.0.0-8080-exec-8] DEBUG org.hibernate.SQL - 
    select
        count_big(a1_0.id) 
    from
        attendance a1_0 
    where
        a1_0.student_status=? 
        and a1_0.check_in_time between ? and ? 
        and a1_0.course_id in (?, ?, ?) 
        and exists(select
            cs1_0.id from course_selection cs1_0 
        where
            cs1_0.student_id=a1_0.student_id 
            and cs1_0.course_id=a1_0.course_id 
            and cs1_0.status=1) 
        and (
            ? is null 
            or ?='' 
            or exists(select
                s1_0.student_id from student s1_0 
            where
                s1_0.student_id=a1_0.student_id 
                and s1_0.class_name=?)
        )
2026-06-10 15:46:34.441 [http-nio-0.0.0.0-8080-exec-8] DEBUG org.hibernate.SQL - 
    select
        count_big(a1_0.id) 
    from
        attendance a1_0 
    where
        a1_0.student_status=? 
        and a1_0.check_in_time between ? and ? 
        and a1_0.course_id in (?, ?, ?) 
        and exists(select
            cs1_0.id from course_selection cs1_0 
        where
            cs1_0.student_id=a1_0.student_id 
            and cs1_0.course_id=a1_0.course_id 
            and cs1_0.status=1) 
        and (
            ? is null 
            or ?='' 
            or exists(select
                s1_0.student_id from student s1_0 
            where
                s1_0.student_id=a1_0.student_id 
                and s1_0.class_name=?)
        )
2026-06-10 15:46:34.441 [http-nio-0.0.0.0-8080-exec-8] DEBUG org.hibernate.SQL - 
    select
        count_big(a1_0.id) 
    from
        attendance a1_0 
    where
        a1_0.student_status=? 
        and a1_0.check_in_time between ? and ? 
        and a1_0.course_id in (?, ?, ?) 
        and exists(select
            cs1_0.id from course_selection cs1_0 
        where
            cs1_0.student_id=a1_0.student_id 
            and cs1_0.course_id=a1_0.course_id 
            and cs1_0.status=1) 
        and (
            ? is null 
            or ?='' 
            or exists(select
                s1_0.student_id from student s1_0 
            where
                s1_0.student_id=a1_0.student_id 
                and s1_0.class_name=?)
        )
2026-06-10 15:46:34.444 [http-nio-0.0.0.0-8080-exec-8] DEBUG org.hibernate.SQL - 
    select
        count_big(a1_0.id) 
    from
        attendance a1_0 
    where
        a1_0.student_status=? 
        and a1_0.check_in_time between ? and ? 
        and a1_0.course_id in (?, ?, ?) 
        and exists(select
            cs1_0.id from course_selection cs1_0 
        where
            cs1_0.student_id=a1_0.student_id 
            and cs1_0.course_id=a1_0.course_id 
            and cs1_0.status=1) 
        and (
            ? is null 
            or ?='' 
            or exists(select
                s1_0.student_id from student s1_0 
            where
                s1_0.student_id=a1_0.student_id 
                and s1_0.class_name=?)
        )
2026-06-10 15:46:34.444 [http-nio-0.0.0.0-8080-exec-8] DEBUG org.hibernate.SQL - 
    select
        count_big(a1_0.id) 
    from
        attendance a1_0 
    where
        a1_0.student_status=? 
        and a1_0.check_in_time between ? and ? 
        and a1_0.course_id in (?, ?, ?) 
        and exists(select
            cs1_0.id from course_selection cs1_0 
        where
            cs1_0.student_id=a1_0.student_id 
            and cs1_0.course_id=a1_0.course_id 
            and cs1_0.status=1) 
        and (
            ? is null 
            or ?='' 
            or exists(select
                s1_0.student_id from student s1_0 
            where
                s1_0.student_id=a1_0.student_id 
                and s1_0.class_name=?)
        )
2026-06-10 15:46:34.446 [http-nio-0.0.0.0-8080-exec-8] DEBUG org.hibernate.SQL - 
    select
        count_big(a1_0.id) 
    from
        attendance a1_0 
    where
        a1_0.student_status=? 
        and a1_0.check_in_time between ? and ? 
        and a1_0.course_id in (?, ?, ?) 
        and exists(select
            cs1_0.id from course_selection cs1_0 
        where
            cs1_0.student_id=a1_0.student_id 
            and cs1_0.course_id=a1_0.course_id 
            and cs1_0.status=1) 
        and (
            ? is null 
            or ?='' 
            or exists(select
                s1_0.student_id from student s1_0 
            where
                s1_0.student_id=a1_0.student_id 
                and s1_0.class_name=?)
        )
2026-06-10 15:46:34.447 [http-nio-0.0.0.0-8080-exec-8] DEBUG org.hibernate.SQL - 
    select
        count_big(a1_0.id) 
    from
        attendance a1_0 
    where
        a1_0.student_status=? 
        and a1_0.check_in_time between ? and ? 
        and a1_0.course_id in (?, ?, ?) 
        and exists(select
            cs1_0.id from course_selection cs1_0 
        where
            cs1_0.student_id=a1_0.student_id 
            and cs1_0.course_id=a1_0.course_id 
            and cs1_0.status=1) 
        and (
            ? is null 
            or ?='' 
            or exists(select
                s1_0.student_id from student s1_0 
            where
                s1_0.student_id=a1_0.student_id 
                and s1_0.class_name=?)
        )
2026-06-10 15:46:34.449 [http-nio-0.0.0.0-8080-exec-8] DEBUG org.hibernate.SQL - 
    select
        count_big(a1_0.id) 
    from
        attendance a1_0 
    where
        a1_0.student_status=? 
        and a1_0.check_in_time between ? and ? 
        and a1_0.course_id in (?, ?, ?) 
        and exists(select
            cs1_0.id from course_selection cs1_0 
        where
            cs1_0.student_id=a1_0.student_id 
            and cs1_0.course_id=a1_0.course_id 
            and cs1_0.status=1) 
        and (
            ? is null 
            or ?='' 
            or exists(select
                s1_0.student_id from student s1_0 
            where
                s1_0.student_id=a1_0.student_id 
                and s1_0.class_name=?)
        )
2026-06-10 15:46:34.449 [http-nio-0.0.0.0-8080-exec-8] DEBUG org.hibernate.SQL - 
    select
        count_big(a1_0.id) 
    from
        attendance a1_0 
    where
        a1_0.student_status=? 
        and a1_0.check_in_time between ? and ? 
        and a1_0.course_id in (?, ?, ?) 
        and exists(select
            cs1_0.id from course_selection cs1_0 
        where
            cs1_0.student_id=a1_0.student_id 
            and cs1_0.course_id=a1_0.course_id 
            and cs1_0.status=1) 
        and (
            ? is null 
            or ?='' 
            or exists(select
                s1_0.student_id from student s1_0 
            where
                s1_0.student_id=a1_0.student_id 
                and s1_0.class_name=?)
        )
2026-06-10 15:46:34.449 [http-nio-0.0.0.0-8080-exec-8] DEBUG org.hibernate.SQL - 
    select
        count_big(a1_0.id) 
    from
        attendance a1_0 
    where
        a1_0.student_status=? 
        and a1_0.check_in_time between ? and ? 
        and a1_0.course_id in (?, ?, ?) 
        and exists(select
            cs1_0.id from course_selection cs1_0 
        where
            cs1_0.student_id=a1_0.student_id 
            and cs1_0.course_id=a1_0.course_id 
            and cs1_0.status=1) 
        and (
            ? is null 
            or ?='' 
            or exists(select
                s1_0.student_id from student s1_0 
            where
                s1_0.student_id=a1_0.student_id 
                and s1_0.class_name=?)
        )
2026-06-10 15:46:34.450 [http-nio-0.0.0.0-8080-exec-8] DEBUG org.hibernate.SQL - 
    select
        count_big(a1_0.id) 
    from
        attendance a1_0 
    where
        a1_0.student_status=? 
        and a1_0.check_in_time between ? and ? 
        and a1_0.course_id in (?, ?, ?) 
        and exists(select
            cs1_0.id from course_selection cs1_0 
        where
            cs1_0.student_id=a1_0.student_id 
            and cs1_0.course_id=a1_0.course_id 
            and cs1_0.status=1) 
        and (
            ? is null 
            or ?='' 
            or exists(select
                s1_0.student_id from student s1_0 
            where
                s1_0.student_id=a1_0.student_id 
                and s1_0.class_name=?)
        )
2026-06-10 15:46:34.450 [http-nio-0.0.0.0-8080-exec-8] DEBUG org.hibernate.SQL - 
    select
        count_big(a1_0.id) 
    from
        attendance a1_0 
    where
        a1_0.student_status=? 
        and a1_0.check_in_time between ? and ? 
        and a1_0.course_id in (?, ?, ?) 
        and exists(select
            cs1_0.id from course_selection cs1_0 
        where
            cs1_0.student_id=a1_0.student_id 
            and cs1_0.course_id=a1_0.course_id 
            and cs1_0.status=1) 
        and (
            ? is null 
            or ?='' 
            or exists(select
                s1_0.student_id from student s1_0 
            where
                s1_0.student_id=a1_0.student_id 
                and s1_0.class_name=?)
        )
2026-06-10 15:46:34.451 [http-nio-0.0.0.0-8080-exec-8] DEBUG org.hibernate.SQL - 
    select
        count_big(a1_0.id) 
    from
        attendance a1_0 
    where
        a1_0.student_status=? 
        and a1_0.check_in_time between ? and ? 
        and a1_0.course_id in (?, ?, ?) 
        and exists(select
            cs1_0.id from course_selection cs1_0 
        where
            cs1_0.student_id=a1_0.student_id 
            and cs1_0.course_id=a1_0.course_id 
            and cs1_0.status=1) 
        and (
            ? is null 
            or ?='' 
            or exists(select
                s1_0.student_id from student s1_0 
            where
                s1_0.student_id=a1_0.student_id 
                and s1_0.class_name=?)
        )
2026-06-10 15:46:34.451 [http-nio-0.0.0.0-8080-exec-8] DEBUG org.hibernate.SQL - 
    select
        count_big(a1_0.id) 
    from
        attendance a1_0 
    where
        a1_0.student_status=? 
        and a1_0.check_in_time between ? and ? 
        and a1_0.course_id in (?, ?, ?) 
        and exists(select
            cs1_0.id from course_selection cs1_0 
        where
            cs1_0.student_id=a1_0.student_id 
            and cs1_0.course_id=a1_0.course_id 
            and cs1_0.status=1) 
        and (
            ? is null 
            or ?='' 
            or exists(select
                s1_0.student_id from student s1_0 
            where
                s1_0.student_id=a1_0.student_id 
                and s1_0.class_name=?)
        )
2026-06-10 15:46:34.453 [http-nio-0.0.0.0-8080-exec-8] DEBUG org.hibernate.SQL - 
    select
        count_big(a1_0.id) 
    from
        attendance a1_0 
    where
        a1_0.student_status=? 
        and a1_0.check_in_time between ? and ? 
        and a1_0.course_id in (?, ?, ?) 
        and exists(select
            cs1_0.id from course_selection cs1_0 
        where
            cs1_0.student_id=a1_0.student_id 
            and cs1_0.course_id=a1_0.course_id 
            and cs1_0.status=1) 
        and (
            ? is null 
            or ?='' 
            or exists(select
                s1_0.student_id from student s1_0 
            where
                s1_0.student_id=a1_0.student_id 
                and s1_0.class_name=?)
        )
2026-06-10 15:46:34.454 [http-nio-0.0.0.0-8080-exec-8] DEBUG org.hibernate.SQL - 
    select
        count_big(a1_0.id) 
    from
        attendance a1_0 
    where
        a1_0.student_status=? 
        and a1_0.check_in_time between ? and ? 
        and a1_0.course_id in (?, ?, ?) 
        and exists(select
            cs1_0.id from course_selection cs1_0 
        where
            cs1_0.student_id=a1_0.student_id 
            and cs1_0.course_id=a1_0.course_id 
            and cs1_0.status=1) 
        and (
            ? is null 
            or ?='' 
            or exists(select
                s1_0.student_id from student s1_0 
            where
                s1_0.student_id=a1_0.student_id 
                and s1_0.class_name=?)
        )
2026-06-10 15:46:34.454 [http-nio-0.0.0.0-8080-exec-8] DEBUG org.hibernate.SQL - 
    select
        count_big(a1_0.id) 
    from
        attendance a1_0 
    where
        a1_0.student_status=? 
        and a1_0.check_in_time between ? and ? 
        and a1_0.course_id in (?, ?, ?) 
        and exists(select
            cs1_0.id from course_selection cs1_0 
        where
            cs1_0.student_id=a1_0.student_id 
            and cs1_0.course_id=a1_0.course_id 
            and cs1_0.status=1) 
        and (
            ? is null 
            or ?='' 
            or exists(select
                s1_0.student_id from student s1_0 
            where
                s1_0.student_id=a1_0.student_id 
                and s1_0.class_name=?)
        )
2026-06-10 15:46:34.454 [http-nio-0.0.0.0-8080-exec-8] DEBUG org.hibernate.SQL - 
    select
        count_big(a1_0.id) 
    from
        attendance a1_0 
    where
        a1_0.student_status=? 
        and a1_0.check_in_time between ? and ? 
        and a1_0.course_id in (?, ?, ?) 
        and exists(select
            cs1_0.id from course_selection cs1_0 
        where
            cs1_0.student_id=a1_0.student_id 
            and cs1_0.course_id=a1_0.course_id 
            and cs1_0.status=1) 
        and (
            ? is null 
            or ?='' 
            or exists(select
                s1_0.student_id from student s1_0 
            where
                s1_0.student_id=a1_0.student_id 
                and s1_0.class_name=?)
        )
2026-06-10 15:46:34.456 [http-nio-0.0.0.0-8080-exec-8] DEBUG org.hibernate.SQL - 
    select
        count_big(a1_0.id) 
    from
        attendance a1_0 
    where
        a1_0.student_status=? 
        and a1_0.check_in_time between ? and ? 
        and a1_0.course_id in (?, ?, ?) 
        and exists(select
            cs1_0.id from course_selection cs1_0 
        where
            cs1_0.student_id=a1_0.student_id 
            and cs1_0.course_id=a1_0.course_id 
            and cs1_0.status=1) 
        and (
            ? is null 
            or ?='' 
            or exists(select
                s1_0.student_id from student s1_0 
            where
                s1_0.student_id=a1_0.student_id 
                and s1_0.class_name=?)
        )
2026-06-10 15:46:34.456 [http-nio-0.0.0.0-8080-exec-8] DEBUG org.hibernate.SQL - 
    select
        count_big(a1_0.id) 
    from
        attendance a1_0 
    where
        a1_0.student_status=? 
        and a1_0.check_in_time between ? and ? 
        and a1_0.course_id in (?, ?, ?) 
        and exists(select
            cs1_0.id from course_selection cs1_0 
        where
            cs1_0.student_id=a1_0.student_id 
            and cs1_0.course_id=a1_0.course_id 
            and cs1_0.status=1) 
        and (
            ? is null 
            or ?='' 
            or exists(select
                s1_0.student_id from student s1_0 
            where
                s1_0.student_id=a1_0.student_id 
                and s1_0.class_name=?)
        )
2026-06-10 15:46:34.456 [http-nio-0.0.0.0-8080-exec-8] DEBUG org.hibernate.SQL - 
    select
        count_big(a1_0.id) 
    from
        attendance a1_0 
    where
        a1_0.student_status=? 
        and a1_0.check_in_time between ? and ? 
        and a1_0.course_id in (?, ?, ?) 
        and exists(select
            cs1_0.id from course_selection cs1_0 
        where
            cs1_0.student_id=a1_0.student_id 
            and cs1_0.course_id=a1_0.course_id 
            and cs1_0.status=1) 
        and (
            ? is null 
            or ?='' 
            or exists(select
                s1_0.student_id from student s1_0 
            where
                s1_0.student_id=a1_0.student_id 
                and s1_0.class_name=?)
        )
2026-06-10 15:46:34.458 [http-nio-0.0.0.0-8080-exec-8] DEBUG org.hibernate.SQL - 
    select
        count_big(a1_0.id) 
    from
        attendance a1_0 
    where
        a1_0.student_status=? 
        and a1_0.check_in_time between ? and ? 
        and a1_0.course_id in (?, ?, ?) 
        and exists(select
            cs1_0.id from course_selection cs1_0 
        where
            cs1_0.student_id=a1_0.student_id 
            and cs1_0.course_id=a1_0.course_id 
            and cs1_0.status=1) 
        and (
            ? is null 
            or ?='' 
            or exists(select
                s1_0.student_id from student s1_0 
            where
                s1_0.student_id=a1_0.student_id 
                and s1_0.class_name=?)
        )
2026-06-10 15:46:34.458 [http-nio-0.0.0.0-8080-exec-8] DEBUG org.hibernate.SQL - 
    select
        count_big(a1_0.id) 
    from
        attendance a1_0 
    where
        a1_0.student_status=? 
        and a1_0.check_in_time between ? and ? 
        and a1_0.course_id in (?, ?, ?) 
        and exists(select
            cs1_0.id from course_selection cs1_0 
        where
            cs1_0.student_id=a1_0.student_id 
            and cs1_0.course_id=a1_0.course_id 
            and cs1_0.status=1) 
        and (
            ? is null 
            or ?='' 
            or exists(select
                s1_0.student_id from student s1_0 
            where
                s1_0.student_id=a1_0.student_id 
                and s1_0.class_name=?)
        )
2026-06-10 15:46:34.458 [http-nio-0.0.0.0-8080-exec-8] DEBUG org.hibernate.SQL - 
    select
        count_big(a1_0.id) 
    from
        attendance a1_0 
    where
        a1_0.student_status=? 
        and a1_0.check_in_time between ? and ? 
        and a1_0.course_id in (?, ?, ?) 
        and exists(select
            cs1_0.id from course_selection cs1_0 
        where
            cs1_0.student_id=a1_0.student_id 
            and cs1_0.course_id=a1_0.course_id 
            and cs1_0.status=1) 
        and (
            ? is null 
            or ?='' 
            or exists(select
                s1_0.student_id from student s1_0 
            where
                s1_0.student_id=a1_0.student_id 
                and s1_0.class_name=?)
        )
2026-06-10 15:46:34.458 [http-nio-0.0.0.0-8080-exec-8] DEBUG org.hibernate.SQL - 
    select
        count_big(a1_0.id) 
    from
        attendance a1_0 
    where
        a1_0.student_status=? 
        and a1_0.check_in_time between ? and ? 
        and a1_0.course_id in (?, ?, ?) 
        and exists(select
            cs1_0.id from course_selection cs1_0 
        where
            cs1_0.student_id=a1_0.student_id 
            and cs1_0.course_id=a1_0.course_id 
            and cs1_0.status=1) 
        and (
            ? is null 
            or ?='' 
            or exists(select
                s1_0.student_id from student s1_0 
            where
                s1_0.student_id=a1_0.student_id 
                and s1_0.class_name=?)
        )
2026-06-10 15:46:34.458 [http-nio-0.0.0.0-8080-exec-8] DEBUG org.hibernate.SQL - 
    select
        count_big(a1_0.id) 
    from
        attendance a1_0 
    where
        a1_0.student_status=? 
        and a1_0.check_in_time between ? and ? 
        and a1_0.course_id in (?, ?, ?) 
        and exists(select
            cs1_0.id from course_selection cs1_0 
        where
            cs1_0.student_id=a1_0.student_id 
            and cs1_0.course_id=a1_0.course_id 
            and cs1_0.status=1) 
        and (
            ? is null 
            or ?='' 
            or exists(select
                s1_0.student_id from student s1_0 
            where
                s1_0.student_id=a1_0.student_id 
                and s1_0.class_name=?)
        )
2026-06-10 15:46:34.458 [http-nio-0.0.0.0-8080-exec-8] DEBUG org.hibernate.SQL - 
    select
        count_big(a1_0.id) 
    from
        attendance a1_0 
    where
        a1_0.student_status=? 
        and a1_0.check_in_time between ? and ? 
        and a1_0.course_id in (?, ?, ?) 
        and exists(select
            cs1_0.id from course_selection cs1_0 
        where
            cs1_0.student_id=a1_0.student_id 
            and cs1_0.course_id=a1_0.course_id 
            and cs1_0.status=1) 
        and (
            ? is null 
            or ?='' 
            or exists(select
                s1_0.student_id from student s1_0 
            where
                s1_0.student_id=a1_0.student_id 
                and s1_0.class_name=?)
        )
2026-06-10 15:46:34.458 [http-nio-0.0.0.0-8080-exec-8] DEBUG org.hibernate.SQL - 
    select
        count_big(a1_0.id) 
    from
        attendance a1_0 
    where
        a1_0.student_status=? 
        and a1_0.check_in_time between ? and ? 
        and a1_0.course_id in (?, ?, ?) 
        and exists(select
            cs1_0.id from course_selection cs1_0 
        where
            cs1_0.student_id=a1_0.student_id 
            and cs1_0.course_id=a1_0.course_id 
            and cs1_0.status=1) 
        and (
            ? is null 
            or ?='' 
            or exists(select
                s1_0.student_id from student s1_0 
            where
                s1_0.student_id=a1_0.student_id 
                and s1_0.class_name=?)
        )
2026-06-10 15:46:34.458 [http-nio-0.0.0.0-8080-exec-8] DEBUG org.hibernate.SQL - 
    select
        count_big(a1_0.id) 
    from
        attendance a1_0 
    where
        a1_0.student_status=? 
        and a1_0.check_in_time between ? and ? 
        and a1_0.course_id in (?, ?, ?) 
        and exists(select
            cs1_0.id from course_selection cs1_0 
        where
            cs1_0.student_id=a1_0.student_id 
            and cs1_0.course_id=a1_0.course_id 
            and cs1_0.status=1) 
        and (
            ? is null 
            or ?='' 
            or exists(select
                s1_0.student_id from student s1_0 
            where
                s1_0.student_id=a1_0.student_id 
                and s1_0.class_name=?)
        )
2026-06-10 15:46:34.462 [http-nio-0.0.0.0-8080-exec-8] DEBUG org.hibernate.SQL - 
    select
        count_big(a1_0.id) 
    from
        attendance a1_0 
    where
        a1_0.student_status=? 
        and a1_0.check_in_time between ? and ? 
        and a1_0.course_id in (?, ?, ?) 
        and exists(select
            cs1_0.id from course_selection cs1_0 
        where
            cs1_0.student_id=a1_0.student_id 
            and cs1_0.course_id=a1_0.course_id 
            and cs1_0.status=1) 
        and (
            ? is null 
            or ?='' 
            or exists(select
                s1_0.student_id from student s1_0 
            where
                s1_0.student_id=a1_0.student_id 
                and s1_0.class_name=?)
        )
2026-06-10 15:46:34.462 [http-nio-0.0.0.0-8080-exec-8] DEBUG org.hibernate.SQL - 
    select
        count_big(a1_0.id) 
    from
        attendance a1_0 
    where
        a1_0.student_status=? 
        and a1_0.check_in_time between ? and ? 
        and a1_0.course_id in (?, ?, ?) 
        and exists(select
            cs1_0.id from course_selection cs1_0 
        where
            cs1_0.student_id=a1_0.student_id 
            and cs1_0.course_id=a1_0.course_id 
            and cs1_0.status=1) 
        and (
            ? is null 
            or ?='' 
            or exists(select
                s1_0.student_id from student s1_0 
            where
                s1_0.student_id=a1_0.student_id 
                and s1_0.class_name=?)
        )
2026-06-10 15:46:34.462 [http-nio-0.0.0.0-8080-exec-8] DEBUG org.hibernate.SQL - 
    select
        count_big(a1_0.id) 
    from
        attendance a1_0 
    where
        a1_0.student_status=? 
        and a1_0.check_in_time between ? and ? 
        and a1_0.course_id in (?, ?, ?) 
        and exists(select
            cs1_0.id from course_selection cs1_0 
        where
            cs1_0.student_id=a1_0.student_id 
            and cs1_0.course_id=a1_0.course_id 
            and cs1_0.status=1) 
        and (
            ? is null 
            or ?='' 
            or exists(select
                s1_0.student_id from student s1_0 
            where
                s1_0.student_id=a1_0.student_id 
                and s1_0.class_name=?)
        )
2026-06-10 15:46:34.462 [http-nio-0.0.0.0-8080-exec-8] DEBUG org.hibernate.SQL - 
    select
        count_big(a1_0.id) 
    from
        attendance a1_0 
    where
        a1_0.student_status=? 
        and a1_0.check_in_time between ? and ? 
        and a1_0.course_id in (?, ?, ?) 
        and exists(select
            cs1_0.id from course_selection cs1_0 
        where
            cs1_0.student_id=a1_0.student_id 
            and cs1_0.course_id=a1_0.course_id 
            and cs1_0.status=1) 
        and (
            ? is null 
            or ?='' 
            or exists(select
                s1_0.student_id from student s1_0 
            where
                s1_0.student_id=a1_0.student_id 
                and s1_0.class_name=?)
        )
2026-06-10 15:46:34.462 [http-nio-0.0.0.0-8080-exec-8] DEBUG org.hibernate.SQL - 
    select
        count_big(a1_0.id) 
    from
        attendance a1_0 
    where
        a1_0.student_status=? 
        and a1_0.check_in_time between ? and ? 
        and a1_0.course_id in (?, ?, ?) 
        and exists(select
            cs1_0.id from course_selection cs1_0 
        where
            cs1_0.student_id=a1_0.student_id 
            and cs1_0.course_id=a1_0.course_id 
            and cs1_0.status=1) 
        and (
            ? is null 
            or ?='' 
            or exists(select
                s1_0.student_id from student s1_0 
            where
                s1_0.student_id=a1_0.student_id 
                and s1_0.class_name=?)
        )
2026-06-10 15:46:34.462 [http-nio-0.0.0.0-8080-exec-8] DEBUG org.hibernate.SQL - 
    select
        count_big(a1_0.id) 
    from
        attendance a1_0 
    where
        a1_0.student_status=? 
        and a1_0.check_in_time between ? and ? 
        and a1_0.course_id in (?, ?, ?) 
        and exists(select
            cs1_0.id from course_selection cs1_0 
        where
            cs1_0.student_id=a1_0.student_id 
            and cs1_0.course_id=a1_0.course_id 
            and cs1_0.status=1) 
        and (
            ? is null 
            or ?='' 
            or exists(select
                s1_0.student_id from student s1_0 
            where
                s1_0.student_id=a1_0.student_id 
                and s1_0.class_name=?)
        )
2026-06-10 15:46:34.462 [http-nio-0.0.0.0-8080-exec-8] DEBUG org.hibernate.SQL - 
    select
        count_big(a1_0.id) 
    from
        attendance a1_0 
    where
        a1_0.student_status=? 
        and a1_0.check_in_time between ? and ? 
        and a1_0.course_id in (?, ?, ?) 
        and exists(select
            cs1_0.id from course_selection cs1_0 
        where
            cs1_0.student_id=a1_0.student_id 
            and cs1_0.course_id=a1_0.course_id 
            and cs1_0.status=1) 
        and (
            ? is null 
            or ?='' 
            or exists(select
                s1_0.student_id from student s1_0 
            where
                s1_0.student_id=a1_0.student_id 
                and s1_0.class_name=?)
        )
2026-06-10 15:46:34.462 [http-nio-0.0.0.0-8080-exec-8] DEBUG org.hibernate.SQL - 
    select
        count_big(a1_0.id) 
    from
        attendance a1_0 
    where
        a1_0.student_status=? 
        and a1_0.check_in_time between ? and ? 
        and a1_0.course_id in (?, ?, ?) 
        and exists(select
            cs1_0.id from course_selection cs1_0 
        where
            cs1_0.student_id=a1_0.student_id 
            and cs1_0.course_id=a1_0.course_id 
            and cs1_0.status=1) 
        and (
            ? is null 
            or ?='' 
            or exists(select
                s1_0.student_id from student s1_0 
            where
                s1_0.student_id=a1_0.student_id 
                and s1_0.class_name=?)
        )
2026-06-10 15:46:34.462 [http-nio-0.0.0.0-8080-exec-8] DEBUG org.hibernate.SQL - 
    select
        count_big(a1_0.id) 
    from
        attendance a1_0 
    where
        a1_0.student_status=? 
        and a1_0.check_in_time between ? and ? 
        and a1_0.course_id in (?, ?, ?) 
        and exists(select
            cs1_0.id from course_selection cs1_0 
        where
            cs1_0.student_id=a1_0.student_id 
            and cs1_0.course_id=a1_0.course_id 
            and cs1_0.status=1) 
        and (
            ? is null 
            or ?='' 
            or exists(select
                s1_0.student_id from student s1_0 
            where
                s1_0.student_id=a1_0.student_id 
                and s1_0.class_name=?)
        )
2026-06-10 15:46:34.462 [http-nio-0.0.0.0-8080-exec-8] DEBUG org.hibernate.SQL - 
    select
        count_big(a1_0.id) 
    from
        attendance a1_0 
    where
        a1_0.student_status=? 
        and a1_0.check_in_time between ? and ? 
        and a1_0.course_id in (?, ?, ?) 
        and exists(select
            cs1_0.id from course_selection cs1_0 
        where
            cs1_0.student_id=a1_0.student_id 
            and cs1_0.course_id=a1_0.course_id 
            and cs1_0.status=1) 
        and (
            ? is null 
            or ?='' 
            or exists(select
                s1_0.student_id from student s1_0 
            where
                s1_0.student_id=a1_0.student_id 
                and s1_0.class_name=?)
        )
2026-06-10 15:46:34.462 [http-nio-0.0.0.0-8080-exec-8] DEBUG org.hibernate.SQL - 
    select
        count_big(a1_0.id) 
    from
        attendance a1_0 
    where
        a1_0.student_status=? 
        and a1_0.check_in_time between ? and ? 
        and a1_0.course_id in (?, ?, ?) 
        and exists(select
            cs1_0.id from course_selection cs1_0 
        where
            cs1_0.student_id=a1_0.student_id 
            and cs1_0.course_id=a1_0.course_id 
            and cs1_0.status=1) 
        and (
            ? is null 
            or ?='' 
            or exists(select
                s1_0.student_id from student s1_0 
            where
                s1_0.student_id=a1_0.student_id 
                and s1_0.class_name=?)
        )
2026-06-10 15:46:34.470 [http-nio-0.0.0.0-8080-exec-8] DEBUG org.hibernate.SQL - 
    select
        count_big(a1_0.id) 
    from
        attendance a1_0 
    where
        a1_0.student_status=? 
        and a1_0.check_in_time between ? and ? 
        and a1_0.course_id in (?, ?, ?) 
        and exists(select
            cs1_0.id from course_selection cs1_0 
        where
            cs1_0.student_id=a1_0.student_id 
            and cs1_0.course_id=a1_0.course_id 
            and cs1_0.status=1) 
        and (
            ? is null 
            or ?='' 
            or exists(select
                s1_0.student_id from student s1_0 
            where
                s1_0.student_id=a1_0.student_id 
                and s1_0.class_name=?)
        )
2026-06-10 15:46:34.472 [http-nio-0.0.0.0-8080-exec-8] DEBUG org.hibernate.SQL - 
    select
        count_big(a1_0.id) 
    from
        attendance a1_0 
    where
        a1_0.student_status=? 
        and a1_0.check_in_time between ? and ? 
        and a1_0.course_id in (?, ?, ?) 
        and exists(select
            cs1_0.id from course_selection cs1_0 
        where
            cs1_0.student_id=a1_0.student_id 
            and cs1_0.course_id=a1_0.course_id 
            and cs1_0.status=1) 
        and (
            ? is null 
            or ?='' 
            or exists(select
                s1_0.student_id from student s1_0 
            where
                s1_0.student_id=a1_0.student_id 
                and s1_0.class_name=?)
        )
2026-06-10 15:46:34.472 [http-nio-0.0.0.0-8080-exec-8] DEBUG org.hibernate.SQL - 
    select
        count_big(a1_0.id) 
    from
        attendance a1_0 
    where
        a1_0.student_status=? 
        and a1_0.check_in_time between ? and ? 
        and a1_0.course_id in (?, ?, ?) 
        and exists(select
            cs1_0.id from course_selection cs1_0 
        where
            cs1_0.student_id=a1_0.student_id 
            and cs1_0.course_id=a1_0.course_id 
            and cs1_0.status=1) 
        and (
            ? is null 
            or ?='' 
            or exists(select
                s1_0.student_id from student s1_0 
            where
                s1_0.student_id=a1_0.student_id 
                and s1_0.class_name=?)
        )
2026-06-10 15:46:34.472 [http-nio-0.0.0.0-8080-exec-8] DEBUG org.hibernate.SQL - 
    select
        count_big(a1_0.id) 
    from
        attendance a1_0 
    where
        a1_0.student_status=? 
        and a1_0.check_in_time between ? and ? 
        and a1_0.course_id in (?, ?, ?) 
        and exists(select
            cs1_0.id from course_selection cs1_0 
        where
            cs1_0.student_id=a1_0.student_id 
            and cs1_0.course_id=a1_0.course_id 
            and cs1_0.status=1) 
        and (
            ? is null 
            or ?='' 
            or exists(select
                s1_0.student_id from student s1_0 
            where
                s1_0.student_id=a1_0.student_id 
                and s1_0.class_name=?)
        )
2026-06-10 15:46:34.472 [http-nio-0.0.0.0-8080-exec-8] DEBUG org.hibernate.SQL - 
    select
        count_big(a1_0.id) 
    from
        attendance a1_0 
    where
        a1_0.student_status=? 
        and a1_0.check_in_time between ? and ? 
        and a1_0.course_id in (?, ?, ?) 
        and exists(select
            cs1_0.id from course_selection cs1_0 
        where
            cs1_0.student_id=a1_0.student_id 
            and cs1_0.course_id=a1_0.course_id 
            and cs1_0.status=1) 
        and (
            ? is null 
            or ?='' 
            or exists(select
                s1_0.student_id from student s1_0 
            where
                s1_0.student_id=a1_0.student_id 
                and s1_0.class_name=?)
        )
2026-06-10 15:46:34.472 [http-nio-0.0.0.0-8080-exec-8] DEBUG org.hibernate.SQL - 
    select
        count_big(a1_0.id) 
    from
        attendance a1_0 
    where
        a1_0.student_status=? 
        and a1_0.check_in_time between ? and ? 
        and a1_0.course_id in (?, ?, ?) 
        and exists(select
            cs1_0.id from course_selection cs1_0 
        where
            cs1_0.student_id=a1_0.student_id 
            and cs1_0.course_id=a1_0.course_id 
            and cs1_0.status=1) 
        and (
            ? is null 
            or ?='' 
            or exists(select
                s1_0.student_id from student s1_0 
            where
                s1_0.student_id=a1_0.student_id 
                and s1_0.class_name=?)
        )
2026-06-10 15:46:34.472 [http-nio-0.0.0.0-8080-exec-8] DEBUG org.hibernate.SQL - 
    select
        count_big(a1_0.id) 
    from
        attendance a1_0 
    where
        a1_0.student_status=? 
        and a1_0.check_in_time between ? and ? 
        and a1_0.course_id in (?, ?, ?) 
        and exists(select
            cs1_0.id from course_selection cs1_0 
        where
            cs1_0.student_id=a1_0.student_id 
            and cs1_0.course_id=a1_0.course_id 
            and cs1_0.status=1) 
        and (
            ? is null 
            or ?='' 
            or exists(select
                s1_0.student_id from student s1_0 
            where
                s1_0.student_id=a1_0.student_id 
                and s1_0.class_name=?)
        )
2026-06-10 15:46:34.472 [http-nio-0.0.0.0-8080-exec-8] DEBUG org.hibernate.SQL - 
    select
        count_big(a1_0.id) 
    from
        attendance a1_0 
    where
        a1_0.student_status=? 
        and a1_0.check_in_time between ? and ? 
        and a1_0.course_id in (?, ?, ?) 
        and exists(select
            cs1_0.id from course_selection cs1_0 
        where
            cs1_0.student_id=a1_0.student_id 
            and cs1_0.course_id=a1_0.course_id 
            and cs1_0.status=1) 
        and (
            ? is null 
            or ?='' 
            or exists(select
                s1_0.student_id from student s1_0 
            where
                s1_0.student_id=a1_0.student_id 
                and s1_0.class_name=?)
        )
2026-06-10 15:46:34.472 [http-nio-0.0.0.0-8080-exec-8] DEBUG org.hibernate.SQL - 
    select
        count_big(a1_0.id) 
    from
        attendance a1_0 
    where
        a1_0.student_status=? 
        and a1_0.check_in_time between ? and ? 
        and a1_0.course_id in (?, ?, ?) 
        and exists(select
            cs1_0.id from course_selection cs1_0 
        where
            cs1_0.student_id=a1_0.student_id 
            and cs1_0.course_id=a1_0.course_id 
            and cs1_0.status=1) 
        and (
            ? is null 
            or ?='' 
            or exists(select
                s1_0.student_id from student s1_0 
            where
                s1_0.student_id=a1_0.student_id 
                and s1_0.class_name=?)
        )
2026-06-10 15:46:34.472 [http-nio-0.0.0.0-8080-exec-8] DEBUG org.hibernate.SQL - 
    select
        count_big(a1_0.id) 
    from
        attendance a1_0 
    where
        a1_0.student_status=? 
        and a1_0.check_in_time between ? and ? 
        and a1_0.course_id in (?, ?, ?) 
        and exists(select
            cs1_0.id from course_selection cs1_0 
        where
            cs1_0.student_id=a1_0.student_id 
            and cs1_0.course_id=a1_0.course_id 
            and cs1_0.status=1) 
        and (
            ? is null 
            or ?='' 
            or exists(select
                s1_0.student_id from student s1_0 
            where
                s1_0.student_id=a1_0.student_id 
                and s1_0.class_name=?)
        )
2026-06-10 15:46:34.478 [http-nio-0.0.0.0-8080-exec-8] DEBUG org.hibernate.SQL - 
    select
        count_big(a1_0.id) 
    from
        attendance a1_0 
    where
        a1_0.student_status=? 
        and a1_0.check_in_time between ? and ? 
        and a1_0.course_id in (?, ?, ?) 
        and exists(select
            cs1_0.id from course_selection cs1_0 
        where
            cs1_0.student_id=a1_0.student_id 
            and cs1_0.course_id=a1_0.course_id 
            and cs1_0.status=1) 
        and (
            ? is null 
            or ?='' 
            or exists(select
                s1_0.student_id from student s1_0 
            where
                s1_0.student_id=a1_0.student_id 
                and s1_0.class_name=?)
        )
2026-06-10 15:46:34.478 [http-nio-0.0.0.0-8080-exec-8] DEBUG org.hibernate.SQL - 
    select
        count_big(a1_0.id) 
    from
        attendance a1_0 
    where
        a1_0.student_status=? 
        and a1_0.check_in_time between ? and ? 
        and a1_0.course_id in (?, ?, ?) 
        and exists(select
            cs1_0.id from course_selection cs1_0 
        where
            cs1_0.student_id=a1_0.student_id 
            and cs1_0.course_id=a1_0.course_id 
            and cs1_0.status=1) 
        and (
            ? is null 
            or ?='' 
            or exists(select
                s1_0.student_id from student s1_0 
            where
                s1_0.student_id=a1_0.student_id 
                and s1_0.class_name=?)
        )
2026-06-10 15:46:34.478 [http-nio-0.0.0.0-8080-exec-8] DEBUG org.hibernate.SQL - 
    select
        count_big(a1_0.id) 
    from
        attendance a1_0 
    where
        a1_0.student_status=? 
        and a1_0.check_in_time between ? and ? 
        and a1_0.course_id in (?, ?, ?) 
        and exists(select
            cs1_0.id from course_selection cs1_0 
        where
            cs1_0.student_id=a1_0.student_id 
            and cs1_0.course_id=a1_0.course_id 
            and cs1_0.status=1) 
        and (
            ? is null 
            or ?='' 
            or exists(select
                s1_0.student_id from student s1_0 
            where
                s1_0.student_id=a1_0.student_id 
                and s1_0.class_name=?)
        )
2026-06-10 15:46:34.478 [http-nio-0.0.0.0-8080-exec-8] DEBUG org.hibernate.SQL - 
    select
        count_big(a1_0.id) 
    from
        attendance a1_0 
    where
        a1_0.student_status=? 
        and a1_0.check_in_time between ? and ? 
        and a1_0.course_id in (?, ?, ?) 
        and exists(select
            cs1_0.id from course_selection cs1_0 
        where
            cs1_0.student_id=a1_0.student_id 
            and cs1_0.course_id=a1_0.course_id 
            and cs1_0.status=1) 
        and (
            ? is null 
            or ?='' 
            or exists(select
                s1_0.student_id from student s1_0 
            where
                s1_0.student_id=a1_0.student_id 
                and s1_0.class_name=?)
        )
2026-06-10 15:46:34.478 [http-nio-0.0.0.0-8080-exec-8] DEBUG org.hibernate.SQL - 
    select
        count_big(a1_0.id) 
    from
        attendance a1_0 
    where
        a1_0.student_status=? 
        and a1_0.check_in_time between ? and ? 
        and a1_0.course_id in (?, ?, ?) 
        and exists(select
            cs1_0.id from course_selection cs1_0 
        where
            cs1_0.student_id=a1_0.student_id 
            and cs1_0.course_id=a1_0.course_id 
            and cs1_0.status=1) 
        and (
            ? is null 
            or ?='' 
            or exists(select
                s1_0.student_id from student s1_0 
            where
                s1_0.student_id=a1_0.student_id 
                and s1_0.class_name=?)
        )
2026-06-10 15:46:34.478 [http-nio-0.0.0.0-8080-exec-8] DEBUG org.hibernate.SQL - 
    select
        count_big(a1_0.id) 
    from
        attendance a1_0 
    where
        a1_0.student_status=? 
        and a1_0.check_in_time between ? and ? 
        and a1_0.course_id in (?, ?, ?) 
        and exists(select
            cs1_0.id from course_selection cs1_0 
        where
            cs1_0.student_id=a1_0.student_id 
            and cs1_0.course_id=a1_0.course_id 
            and cs1_0.status=1) 
        and (
            ? is null 
            or ?='' 
            or exists(select
                s1_0.student_id from student s1_0 
            where
                s1_0.student_id=a1_0.student_id 
                and s1_0.class_name=?)
        )
2026-06-10 15:46:34.478 [http-nio-0.0.0.0-8080-exec-8] DEBUG org.hibernate.SQL - 
    select
        count_big(a1_0.id) 
    from
        attendance a1_0 
    where
        a1_0.student_status=? 
        and a1_0.check_in_time between ? and ? 
        and a1_0.course_id in (?, ?, ?) 
        and exists(select
            cs1_0.id from course_selection cs1_0 
        where
            cs1_0.student_id=a1_0.student_id 
            and cs1_0.course_id=a1_0.course_id 
            and cs1_0.status=1) 
        and (
            ? is null 
            or ?='' 
            or exists(select
                s1_0.student_id from student s1_0 
            where
                s1_0.student_id=a1_0.student_id 
                and s1_0.class_name=?)
        )
2026-06-10 15:46:34.478 [http-nio-0.0.0.0-8080-exec-8] DEBUG org.hibernate.SQL - 
    select
        count_big(a1_0.id) 
    from
        attendance a1_0 
    where
        a1_0.student_status=? 
        and a1_0.check_in_time between ? and ? 
        and a1_0.course_id in (?, ?, ?) 
        and exists(select
            cs1_0.id from course_selection cs1_0 
        where
            cs1_0.student_id=a1_0.student_id 
            and cs1_0.course_id=a1_0.course_id 
            and cs1_0.status=1) 
        and (
            ? is null 
            or ?='' 
            or exists(select
                s1_0.student_id from student s1_0 
            where
                s1_0.student_id=a1_0.student_id 
                and s1_0.class_name=?)
        )
2026-06-10 15:46:34.478 [http-nio-0.0.0.0-8080-exec-8] DEBUG org.hibernate.SQL - 
    select
        count_big(a1_0.id) 
    from
        attendance a1_0 
    where
        a1_0.student_status=? 
        and a1_0.check_in_time between ? and ? 
        and a1_0.course_id in (?, ?, ?) 
        and exists(select
            cs1_0.id from course_selection cs1_0 
        where
            cs1_0.student_id=a1_0.student_id 
            and cs1_0.course_id=a1_0.course_id 
            and cs1_0.status=1) 
        and (
            ? is null 
            or ?='' 
            or exists(select
                s1_0.student_id from student s1_0 
            where
                s1_0.student_id=a1_0.student_id 
                and s1_0.class_name=?)
        )
2026-06-10 15:46:34.478 [http-nio-0.0.0.0-8080-exec-8] DEBUG org.hibernate.SQL - 
    select
        count_big(a1_0.id) 
    from
        attendance a1_0 
    where
        a1_0.student_status=? 
        and a1_0.check_in_time between ? and ? 
        and a1_0.course_id in (?, ?, ?) 
        and exists(select
            cs1_0.id from course_selection cs1_0 
        where
            cs1_0.student_id=a1_0.student_id 
            and cs1_0.course_id=a1_0.course_id 
            and cs1_0.status=1) 
        and (
            ? is null 
            or ?='' 
            or exists(select
                s1_0.student_id from student s1_0 
            where
                s1_0.student_id=a1_0.student_id 
                and s1_0.class_name=?)
        )
2026-06-10 15:46:34.487 [http-nio-0.0.0.0-8080-exec-8] DEBUG org.hibernate.SQL - 
    select
        count_big(a1_0.id) 
    from
        attendance a1_0 
    where
        a1_0.student_status=? 
        and a1_0.check_in_time between ? and ? 
        and a1_0.course_id in (?, ?, ?) 
        and exists(select
            cs1_0.id from course_selection cs1_0 
        where
            cs1_0.student_id=a1_0.student_id 
            and cs1_0.course_id=a1_0.course_id 
            and cs1_0.status=1) 
        and (
            ? is null 
            or ?='' 
            or exists(select
                s1_0.student_id from student s1_0 
            where
                s1_0.student_id=a1_0.student_id 
                and s1_0.class_name=?)
        )
2026-06-10 15:46:34.487 [http-nio-0.0.0.0-8080-exec-8] DEBUG org.hibernate.SQL - 
    select
        count_big(a1_0.id) 
    from
        attendance a1_0 
    where
        a1_0.student_status=? 
        and a1_0.check_in_time between ? and ? 
        and a1_0.course_id in (?, ?, ?) 
        and exists(select
            cs1_0.id from course_selection cs1_0 
        where
            cs1_0.student_id=a1_0.student_id 
            and cs1_0.course_id=a1_0.course_id 
            and cs1_0.status=1) 
        and (
            ? is null 
            or ?='' 
            or exists(select
                s1_0.student_id from student s1_0 
            where
                s1_0.student_id=a1_0.student_id 
                and s1_0.class_name=?)
        )
2026-06-10 15:46:34.487 [http-nio-0.0.0.0-8080-exec-8] DEBUG org.hibernate.SQL - 
    select
        count_big(a1_0.id) 
    from
        attendance a1_0 
    where
        a1_0.student_status=? 
        and a1_0.check_in_time between ? and ? 
        and a1_0.course_id in (?, ?, ?) 
        and exists(select
            cs1_0.id from course_selection cs1_0 
        where
            cs1_0.student_id=a1_0.student_id 
            and cs1_0.course_id=a1_0.course_id 
            and cs1_0.status=1) 
        and (
            ? is null 
            or ?='' 
            or exists(select
                s1_0.student_id from student s1_0 
            where
                s1_0.student_id=a1_0.student_id 
                and s1_0.class_name=?)
        )
2026-06-10 15:46:34.487 [http-nio-0.0.0.0-8080-exec-8] DEBUG org.hibernate.SQL - 
    select
        count_big(a1_0.id) 
    from
        attendance a1_0 
    where
        a1_0.student_status=? 
        and a1_0.check_in_time between ? and ? 
        and a1_0.course_id in (?, ?, ?) 
        and exists(select
            cs1_0.id from course_selection cs1_0 
        where
            cs1_0.student_id=a1_0.student_id 
            and cs1_0.course_id=a1_0.course_id 
            and cs1_0.status=1) 
        and (
            ? is null 
            or ?='' 
            or exists(select
                s1_0.student_id from student s1_0 
            where
                s1_0.student_id=a1_0.student_id 
                and s1_0.class_name=?)
        )
2026-06-10 15:46:34.487 [http-nio-0.0.0.0-8080-exec-8] DEBUG org.hibernate.SQL - 
    select
        count_big(a1_0.id) 
    from
        attendance a1_0 
    where
        a1_0.student_status=? 
        and a1_0.check_in_time between ? and ? 
        and a1_0.course_id in (?, ?, ?) 
        and exists(select
            cs1_0.id from course_selection cs1_0 
        where
            cs1_0.student_id=a1_0.student_id 
            and cs1_0.course_id=a1_0.course_id 
            and cs1_0.status=1) 
        and (
            ? is null 
            or ?='' 
            or exists(select
                s1_0.student_id from student s1_0 
            where
                s1_0.student_id=a1_0.student_id 
                and s1_0.class_name=?)
        )
2026-06-10 15:46:34.487 [http-nio-0.0.0.0-8080-exec-8] DEBUG org.hibernate.SQL - 
    select
        count_big(a1_0.id) 
    from
        attendance a1_0 
    where
        a1_0.student_status=? 
        and a1_0.check_in_time between ? and ? 
        and a1_0.course_id in (?, ?, ?) 
        and exists(select
            cs1_0.id from course_selection cs1_0 
        where
            cs1_0.student_id=a1_0.student_id 
            and cs1_0.course_id=a1_0.course_id 
            and cs1_0.status=1) 
        and (
            ? is null 
            or ?='' 
            or exists(select
                s1_0.student_id from student s1_0 
            where
                s1_0.student_id=a1_0.student_id 
                and s1_0.class_name=?)
        )
2026-06-10 15:46:34.487 [http-nio-0.0.0.0-8080-exec-8] DEBUG org.hibernate.SQL - 
    select
        distinct s1_0.class_name 
    from
        course_selection cs1_0 
    join
        student s1_0 
            on cs1_0.student_id=s1_0.student_id 
    where
        cs1_0.course_id in (?, ?, ?)
2026-06-10 15:46:34.491 [http-nio-0.0.0.0-8080-exec-8] DEBUG org.hibernate.SQL - 
    select
        count_big(a1_0.id) 
    from
        attendance a1_0 
    where
        a1_0.check_in_time between ? and ? 
        and a1_0.course_id in (?, ?, ?) 
        and exists(select
            cs1_0.id from course_selection cs1_0 
        where
            cs1_0.student_id=a1_0.student_id 
            and cs1_0.course_id=a1_0.course_id 
            and cs1_0.status=1) 
        and (
            ? is null 
            or ?='' 
            or exists(select
                s1_0.student_id from student s1_0 
            where
                s1_0.student_id=a1_0.student_id 
                and s1_0.class_name=?)
        )
2026-06-10 15:46:34.491 [http-nio-0.0.0.0-8080-exec-8] DEBUG org.hibernate.SQL - 
    select
        count_big(a1_0.id) 
    from
        attendance a1_0 
    where
        a1_0.student_status=? 
        and a1_0.check_in_time between ? and ? 
        and a1_0.course_id in (?, ?, ?) 
        and exists(select
            cs1_0.id from course_selection cs1_0 
        where
            cs1_0.student_id=a1_0.student_id 
            and cs1_0.course_id=a1_0.course_id 
            and cs1_0.status=1) 
        and (
            ? is null 
            or ?='' 
            or exists(select
                s1_0.student_id from student s1_0 
            where
                s1_0.student_id=a1_0.student_id 
                and s1_0.class_name=?)
        )
2026-06-10 15:46:34.491 [http-nio-0.0.0.0-8080-exec-8] DEBUG org.hibernate.SQL - 
    select
        count_big(a1_0.id) 
    from
        attendance a1_0 
    where
        a1_0.check_in_time between ? and ? 
        and a1_0.course_id in (?, ?, ?) 
        and exists(select
            cs1_0.id from course_selection cs1_0 
        where
            cs1_0.student_id=a1_0.student_id 
            and cs1_0.course_id=a1_0.course_id 
            and cs1_0.status=1) 
        and (
            ? is null 
            or ?='' 
            or exists(select
                s1_0.student_id from student s1_0 
            where
                s1_0.student_id=a1_0.student_id 
                and s1_0.class_name=?)
        )
2026-06-10 15:46:34.491 [http-nio-0.0.0.0-8080-exec-8] DEBUG org.hibernate.SQL - 
    select
        count_big(a1_0.id) 
    from
        attendance a1_0 
    where
        a1_0.student_status=? 
        and a1_0.check_in_time between ? and ? 
        and a1_0.course_id in (?, ?, ?) 
        and exists(select
            cs1_0.id from course_selection cs1_0 
        where
            cs1_0.student_id=a1_0.student_id 
            and cs1_0.course_id=a1_0.course_id 
            and cs1_0.status=1) 
        and (
            ? is null 
            or ?='' 
            or exists(select
                s1_0.student_id from student s1_0 
            where
                s1_0.student_id=a1_0.student_id 
                and s1_0.class_name=?)
        )
2026-06-10 15:46:34.494 [http-nio-0.0.0.0-8080-exec-8] DEBUG org.hibernate.SQL - 
    select
        count_big(a1_0.id) 
    from
        attendance a1_0 
    where
        a1_0.check_in_time between ? and ? 
        and a1_0.course_id in (?, ?, ?) 
        and exists(select
            cs1_0.id from course_selection cs1_0 
        where
            cs1_0.student_id=a1_0.student_id 
            and cs1_0.course_id=a1_0.course_id 
            and cs1_0.status=1) 
        and (
            ? is null 
            or ?='' 
            or exists(select
                s1_0.student_id from student s1_0 
            where
                s1_0.student_id=a1_0.student_id 
                and s1_0.class_name=?)
        )
2026-06-10 15:46:34.497 [http-nio-0.0.0.0-8080-exec-8] DEBUG org.hibernate.SQL - 
    select
        count_big(a1_0.id) 
    from
        attendance a1_0 
    where
        a1_0.student_status=? 
        and a1_0.check_in_time between ? and ? 
        and a1_0.course_id in (?, ?, ?) 
        and exists(select
            cs1_0.id from course_selection cs1_0 
        where
            cs1_0.student_id=a1_0.student_id 
            and cs1_0.course_id=a1_0.course_id 
            and cs1_0.status=1) 
        and (
            ? is null 
            or ?='' 
            or exists(select
                s1_0.student_id from student s1_0 
            where
                s1_0.student_id=a1_0.student_id 
                and s1_0.class_name=?)
        )
2026-06-10 15:46:34.497 [http-nio-0.0.0.0-8080-exec-8] DEBUG org.hibernate.SQL - 
    select
        count_big(a1_0.id) 
    from
        attendance a1_0 
    where
        a1_0.check_in_time between ? and ? 
        and a1_0.course_id in (?, ?, ?) 
        and exists(select
            cs1_0.id from course_selection cs1_0 
        where
            cs1_0.student_id=a1_0.student_id 
            and cs1_0.course_id=a1_0.course_id 
            and cs1_0.status=1) 
        and (
            ? is null 
            or ?='' 
            or exists(select
                s1_0.student_id from student s1_0 
            where
                s1_0.student_id=a1_0.student_id 
                and s1_0.class_name=?)
        )
2026-06-10 15:46:34.497 [http-nio-0.0.0.0-8080-exec-8] DEBUG org.hibernate.SQL - 
    select
        count_big(a1_0.id) 
    from
        attendance a1_0 
    where
        a1_0.student_status=? 
        and a1_0.check_in_time between ? and ? 
        and a1_0.course_id in (?, ?, ?) 
        and exists(select
            cs1_0.id from course_selection cs1_0 
        where
            cs1_0.student_id=a1_0.student_id 
            and cs1_0.course_id=a1_0.course_id 
            and cs1_0.status=1) 
        and (
            ? is null 
            or ?='' 
            or exists(select
                s1_0.student_id from student s1_0 
            where
                s1_0.student_id=a1_0.student_id 
                and s1_0.class_name=?)
        )
2026-06-10 15:46:34.497 [http-nio-0.0.0.0-8080-exec-8] DEBUG org.hibernate.SQL - 
    select
        count_big(a1_0.id) 
    from
        attendance a1_0 
    where
        a1_0.check_in_time between ? and ? 
        and a1_0.course_id in (?, ?, ?) 
        and exists(select
            cs1_0.id from course_selection cs1_0 
        where
            cs1_0.student_id=a1_0.student_id 
            and cs1_0.course_id=a1_0.course_id 
            and cs1_0.status=1) 
        and (
            ? is null 
            or ?='' 
            or exists(select
                s1_0.student_id from student s1_0 
            where
                s1_0.student_id=a1_0.student_id 
                and s1_0.class_name=?)
        )
2026-06-10 15:46:34.504 [http-nio-0.0.0.0-8080-exec-8] DEBUG org.hibernate.SQL - 
    select
        count_big(a1_0.id) 
    from
        attendance a1_0 
    where
        a1_0.student_status=? 
        and a1_0.check_in_time between ? and ? 
        and a1_0.course_id in (?, ?, ?) 
        and exists(select
            cs1_0.id from course_selection cs1_0 
        where
            cs1_0.student_id=a1_0.student_id 
            and cs1_0.course_id=a1_0.course_id 
            and cs1_0.status=1) 
        and (
            ? is null 
            or ?='' 
            or exists(select
                s1_0.student_id from student s1_0 
            where
                s1_0.student_id=a1_0.student_id 
                and s1_0.class_name=?)
        )
2026-06-10 15:46:34.504 [http-nio-0.0.0.0-8080-exec-8] DEBUG org.hibernate.SQL - 
    select
        count_big(a1_0.id) 
    from
        attendance a1_0 
    where
        a1_0.check_in_time between ? and ? 
        and a1_0.course_id in (?) 
        and exists(select
            cs1_0.id from course_selection cs1_0 
        where
            cs1_0.student_id=a1_0.student_id 
            and cs1_0.course_id=a1_0.course_id 
            and cs1_0.status=1) 
        and (
            ? is null 
            or ?='' 
            or exists(select
                s1_0.student_id from student s1_0 
            where
                s1_0.student_id=a1_0.student_id 
                and s1_0.class_name=?)
        )
2026-06-10 15:46:34.508 [http-nio-0.0.0.0-8080-exec-8] DEBUG org.hibernate.SQL - 
    select
        c1_0.id,
        c1_0.class_name,
        c1_0.course_id,
        c1_0.course_name,
        c1_0.create_time,
        c1_0.location,
        c1_0.teacher_id,
        c1_0.teacher_name,
        c1_0.time_slot,
        c1_0.week_day 
    from
        course c1_0 
    where
        c1_0.course_id=?
2026-06-10 15:46:34.509 [http-nio-0.0.0.0-8080-exec-8] DEBUG org.hibernate.SQL - 
    select
        count_big(a1_0.id) 
    from
        attendance a1_0 
    where
        a1_0.check_in_time between ? and ? 
        and a1_0.course_id in (?) 
        and exists(select
            cs1_0.id from course_selection cs1_0 
        where
            cs1_0.student_id=a1_0.student_id 
            and cs1_0.course_id=a1_0.course_id 
            and cs1_0.status=1) 
        and (
            ? is null 
            or ?='' 
            or exists(select
                s1_0.student_id from student s1_0 
            where
                s1_0.student_id=a1_0.student_id 
                and s1_0.class_name=?)
        )
2026-06-10 15:46:34.510 [http-nio-0.0.0.0-8080-exec-8] DEBUG org.hibernate.SQL - 
    select
        c1_0.id,
        c1_0.class_name,
        c1_0.course_id,
        c1_0.course_name,
        c1_0.create_time,
        c1_0.location,
        c1_0.teacher_id,
        c1_0.teacher_name,
        c1_0.time_slot,
        c1_0.week_day 
    from
        course c1_0 
    where
        c1_0.course_id=?
2026-06-10 15:46:34.511 [http-nio-0.0.0.0-8080-exec-8] DEBUG org.hibernate.SQL - 
    select
        count_big(a1_0.id) 
    from
        attendance a1_0 
    where
        a1_0.check_in_time between ? and ? 
        and a1_0.course_id in (?) 
        and exists(select
            cs1_0.id from course_selection cs1_0 
        where
            cs1_0.student_id=a1_0.student_id 
            and cs1_0.course_id=a1_0.course_id 
            and cs1_0.status=1) 
        and (
            ? is null 
            or ?='' 
            or exists(select
                s1_0.student_id from student s1_0 
            where
                s1_0.student_id=a1_0.student_id 
                and s1_0.class_name=?)
        )
2026-06-10 15:46:34.511 [http-nio-0.0.0.0-8080-exec-8] DEBUG org.hibernate.SQL - 
    select
        c1_0.id,
        c1_0.class_name,
        c1_0.course_id,
        c1_0.course_name,
        c1_0.create_time,
        c1_0.location,
        c1_0.teacher_id,
        c1_0.teacher_name,
        c1_0.time_slot,
        c1_0.week_day 
    from
        course c1_0 
    where
        c1_0.course_id=?
2026-06-10 15:46:42.714 [http-nio-0.0.0.0-8080-exec-7] DEBUG org.hibernate.SQL - 
    select
        u1_0.id,
        u1_0.class_name,
        u1_0.create_time,
        u1_0.gender,
        u1_0.real_name,
        u1_0.username,
        u1_0.userpassword,
        u1_0.userrole 
    from
        my_user u1_0 
    where
        u1_0.username=?
2026-06-10 15:46:42.755 [http-nio-0.0.0.0-8080-exec-7] DEBUG org.hibernate.SQL - 
    select
        c1_0.id,
        c1_0.class_name,
        c1_0.course_id,
        c1_0.course_name,
        c1_0.create_time,
        c1_0.location,
        c1_0.teacher_id,
        c1_0.teacher_name,
        c1_0.time_slot,
        c1_0.week_day 
    from
        course c1_0 
    where
        c1_0.teacher_id=?
2026-06-10 15:46:42.762 [http-nio-0.0.0.0-8080-exec-7] DEBUG org.hibernate.SQL - 
    select
        count_big(distinct cs1_0.student_id) 
    from
        course_selection cs1_0 
    where
        cs1_0.course_id in (?, ?, ?) 
        and cs1_0.status=1
2026-06-10 15:46:42.786 [http-nio-0.0.0.0-8080-exec-7] DEBUG org.hibernate.SQL - 
    select
        count_big(a1_0.id) 
    from
        attendance a1_0 
    where
        a1_0.check_in_time between ? and ? 
        and a1_0.course_id in (?, ?, ?) 
        and exists(select
            cs1_0.id from course_selection cs1_0 
        where
            cs1_0.student_id=a1_0.student_id 
            and cs1_0.course_id=a1_0.course_id 
            and cs1_0.status=1) 
        and (
            ? is null 
            or ?='' 
            or exists(select
                s1_0.student_id from student s1_0 
            where
                s1_0.student_id=a1_0.student_id 
                and s1_0.class_name=?)
        )
2026-06-10 15:46:42.823 [http-nio-0.0.0.0-8080-exec-7] DEBUG org.hibernate.SQL - 
    select
        count_big(a1_0.id) 
    from
        attendance a1_0 
    where
        a1_0.student_status=? 
        and a1_0.check_in_time between ? and ? 
        and a1_0.course_id in (?, ?, ?) 
        and exists(select
            cs1_0.id from course_selection cs1_0 
        where
            cs1_0.student_id=a1_0.student_id 
            and cs1_0.course_id=a1_0.course_id 
            and cs1_0.status=1) 
        and (
            ? is null 
            or ?='' 
            or exists(select
                s1_0.student_id from student s1_0 
            where
                s1_0.student_id=a1_0.student_id 
                and s1_0.class_name=?)
        )
2026-06-10 15:46:42.840 [http-nio-0.0.0.0-8080-exec-7] DEBUG org.hibernate.SQL - 
    select
        count_big(a1_0.id) 
    from
        attendance a1_0 
    where
        a1_0.student_status=? 
        and a1_0.check_in_time between ? and ? 
        and a1_0.course_id in (?, ?, ?) 
        and exists(select
            cs1_0.id from course_selection cs1_0 
        where
            cs1_0.student_id=a1_0.student_id 
            and cs1_0.course_id=a1_0.course_id 
            and cs1_0.status=1) 
        and (
            ? is null 
            or ?='' 
            or exists(select
                s1_0.student_id from student s1_0 
            where
                s1_0.student_id=a1_0.student_id 
                and s1_0.class_name=?)
        )
2026-06-10 15:46:42.840 [http-nio-0.0.0.0-8080-exec-7] DEBUG org.hibernate.SQL - 
    select
        count_big(a1_0.id) 
    from
        attendance a1_0 
    where
        a1_0.student_status=? 
        and a1_0.check_in_time between ? and ? 
        and a1_0.course_id in (?, ?, ?) 
        and exists(select
            cs1_0.id from course_selection cs1_0 
        where
            cs1_0.student_id=a1_0.student_id 
            and cs1_0.course_id=a1_0.course_id 
            and cs1_0.status=1) 
        and (
            ? is null 
            or ?='' 
            or exists(select
                s1_0.student_id from student s1_0 
            where
                s1_0.student_id=a1_0.student_id 
                and s1_0.class_name=?)
        )
2026-06-10 15:46:42.853 [http-nio-0.0.0.0-8080-exec-7] DEBUG org.hibernate.SQL - 
    select
        count_big(a1_0.id) 
    from
        attendance a1_0 
    where
        a1_0.student_status=? 
        and a1_0.check_in_time between ? and ? 
        and a1_0.course_id in (?, ?, ?) 
        and exists(select
            cs1_0.id from course_selection cs1_0 
        where
            cs1_0.student_id=a1_0.student_id 
            and cs1_0.course_id=a1_0.course_id 
            and cs1_0.status=1) 
        and (
            ? is null 
            or ?='' 
            or exists(select
                s1_0.student_id from student s1_0 
            where
                s1_0.student_id=a1_0.student_id 
                and s1_0.class_name=?)
        )
2026-06-10 15:46:42.853 [http-nio-0.0.0.0-8080-exec-7] DEBUG org.hibernate.SQL - 
    select
        count_big(a1_0.id) 
    from
        attendance a1_0 
    where
        a1_0.student_status=? 
        and a1_0.check_in_time between ? and ? 
        and a1_0.course_id in (?, ?, ?) 
        and exists(select
            cs1_0.id from course_selection cs1_0 
        where
            cs1_0.student_id=a1_0.student_id 
            and cs1_0.course_id=a1_0.course_id 
            and cs1_0.status=1) 
        and (
            ? is null 
            or ?='' 
            or exists(select
                s1_0.student_id from student s1_0 
            where
                s1_0.student_id=a1_0.student_id 
                and s1_0.class_name=?)
        )
2026-06-10 15:46:42.853 [http-nio-0.0.0.0-8080-exec-7] DEBUG org.hibernate.SQL - 
    select
        count_big(a1_0.id) 
    from
        attendance a1_0 
    where
        a1_0.student_status=? 
        and a1_0.check_in_time between ? and ? 
        and a1_0.course_id in (?, ?, ?) 
        and exists(select
            cs1_0.id from course_selection cs1_0 
        where
            cs1_0.student_id=a1_0.student_id 
            and cs1_0.course_id=a1_0.course_id 
            and cs1_0.status=1) 
        and (
            ? is null 
            or ?='' 
            or exists(select
                s1_0.student_id from student s1_0 
            where
                s1_0.student_id=a1_0.student_id 
                and s1_0.class_name=?)
        )
2026-06-10 15:46:42.855 [http-nio-0.0.0.0-8080-exec-7] DEBUG org.hibernate.SQL - 
    select
        count_big(a1_0.id) 
    from
        attendance a1_0 
    where
        a1_0.student_status=? 
        and a1_0.check_in_time between ? and ? 
        and a1_0.course_id in (?, ?, ?) 
        and exists(select
            cs1_0.id from course_selection cs1_0 
        where
            cs1_0.student_id=a1_0.student_id 
            and cs1_0.course_id=a1_0.course_id 
            and cs1_0.status=1) 
        and (
            ? is null 
            or ?='' 
            or exists(select
                s1_0.student_id from student s1_0 
            where
                s1_0.student_id=a1_0.student_id 
                and s1_0.class_name=?)
        )
2026-06-10 15:46:42.856 [http-nio-0.0.0.0-8080-exec-7] DEBUG org.hibernate.SQL - 
    select
        count_big(a1_0.id) 
    from
        attendance a1_0 
    where
        a1_0.student_status=? 
        and a1_0.check_in_time between ? and ? 
        and a1_0.course_id in (?, ?, ?) 
        and exists(select
            cs1_0.id from course_selection cs1_0 
        where
            cs1_0.student_id=a1_0.student_id 
            and cs1_0.course_id=a1_0.course_id 
            and cs1_0.status=1) 
        and (
            ? is null 
            or ?='' 
            or exists(select
                s1_0.student_id from student s1_0 
            where
                s1_0.student_id=a1_0.student_id 
                and s1_0.class_name=?)
        )
2026-06-10 15:46:42.856 [http-nio-0.0.0.0-8080-exec-7] DEBUG org.hibernate.SQL - 
    select
        count_big(a1_0.id) 
    from
        attendance a1_0 
    where
        a1_0.student_status=? 
        and a1_0.check_in_time between ? and ? 
        and a1_0.course_id in (?, ?, ?) 
        and exists(select
            cs1_0.id from course_selection cs1_0 
        where
            cs1_0.student_id=a1_0.student_id 
            and cs1_0.course_id=a1_0.course_id 
            and cs1_0.status=1) 
        and (
            ? is null 
            or ?='' 
            or exists(select
                s1_0.student_id from student s1_0 
            where
                s1_0.student_id=a1_0.student_id 
                and s1_0.class_name=?)
        )
2026-06-10 15:46:42.856 [http-nio-0.0.0.0-8080-exec-7] DEBUG org.hibernate.SQL - 
    select
        count_big(a1_0.id) 
    from
        attendance a1_0 
    where
        a1_0.student_status=? 
        and a1_0.check_in_time between ? and ? 
        and a1_0.course_id in (?, ?, ?) 
        and exists(select
            cs1_0.id from course_selection cs1_0 
        where
            cs1_0.student_id=a1_0.student_id 
            and cs1_0.course_id=a1_0.course_id 
            and cs1_0.status=1) 
        and (
            ? is null 
            or ?='' 
            or exists(select
                s1_0.student_id from student s1_0 
            where
                s1_0.student_id=a1_0.student_id 
                and s1_0.class_name=?)
        )
2026-06-10 15:46:42.856 [http-nio-0.0.0.0-8080-exec-7] DEBUG org.hibernate.SQL - 
    select
        count_big(a1_0.id) 
    from
        attendance a1_0 
    where
        a1_0.student_status=? 
        and a1_0.check_in_time between ? and ? 
        and a1_0.course_id in (?, ?, ?) 
        and exists(select
            cs1_0.id from course_selection cs1_0 
        where
            cs1_0.student_id=a1_0.student_id 
            and cs1_0.course_id=a1_0.course_id 
            and cs1_0.status=1) 
        and (
            ? is null 
            or ?='' 
            or exists(select
                s1_0.student_id from student s1_0 
            where
                s1_0.student_id=a1_0.student_id 
                and s1_0.class_name=?)
        )
2026-06-10 15:46:42.858 [http-nio-0.0.0.0-8080-exec-7] DEBUG org.hibernate.SQL - 
    select
        count_big(a1_0.id) 
    from
        attendance a1_0 
    where
        a1_0.student_status=? 
        and a1_0.check_in_time between ? and ? 
        and a1_0.course_id in (?, ?, ?) 
        and exists(select
            cs1_0.id from course_selection cs1_0 
        where
            cs1_0.student_id=a1_0.student_id 
            and cs1_0.course_id=a1_0.course_id 
            and cs1_0.status=1) 
        and (
            ? is null 
            or ?='' 
            or exists(select
                s1_0.student_id from student s1_0 
            where
                s1_0.student_id=a1_0.student_id 
                and s1_0.class_name=?)
        )
2026-06-10 15:46:42.858 [http-nio-0.0.0.0-8080-exec-7] DEBUG org.hibernate.SQL - 
    select
        count_big(a1_0.id) 
    from
        attendance a1_0 
    where
        a1_0.student_status=? 
        and a1_0.check_in_time between ? and ? 
        and a1_0.course_id in (?, ?, ?) 
        and exists(select
            cs1_0.id from course_selection cs1_0 
        where
            cs1_0.student_id=a1_0.student_id 
            and cs1_0.course_id=a1_0.course_id 
            and cs1_0.status=1) 
        and (
            ? is null 
            or ?='' 
            or exists(select
                s1_0.student_id from student s1_0 
            where
                s1_0.student_id=a1_0.student_id 
                and s1_0.class_name=?)
        )
2026-06-10 15:46:42.859 [http-nio-0.0.0.0-8080-exec-7] DEBUG org.hibernate.SQL - 
    select
        count_big(a1_0.id) 
    from
        attendance a1_0 
    where
        a1_0.student_status=? 
        and a1_0.check_in_time between ? and ? 
        and a1_0.course_id in (?, ?, ?) 
        and exists(select
            cs1_0.id from course_selection cs1_0 
        where
            cs1_0.student_id=a1_0.student_id 
            and cs1_0.course_id=a1_0.course_id 
            and cs1_0.status=1) 
        and (
            ? is null 
            or ?='' 
            or exists(select
                s1_0.student_id from student s1_0 
            where
                s1_0.student_id=a1_0.student_id 
                and s1_0.class_name=?)
        )
2026-06-10 15:46:42.859 [http-nio-0.0.0.0-8080-exec-7] DEBUG org.hibernate.SQL - 
    select
        count_big(a1_0.id) 
    from
        attendance a1_0 
    where
        a1_0.student_status=? 
        and a1_0.check_in_time between ? and ? 
        and a1_0.course_id in (?, ?, ?) 
        and exists(select
            cs1_0.id from course_selection cs1_0 
        where
            cs1_0.student_id=a1_0.student_id 
            and cs1_0.course_id=a1_0.course_id 
            and cs1_0.status=1) 
        and (
            ? is null 
            or ?='' 
            or exists(select
                s1_0.student_id from student s1_0 
            where
                s1_0.student_id=a1_0.student_id 
                and s1_0.class_name=?)
        )
2026-06-10 15:46:42.859 [http-nio-0.0.0.0-8080-exec-7] DEBUG org.hibernate.SQL - 
    select
        count_big(a1_0.id) 
    from
        attendance a1_0 
    where
        a1_0.student_status=? 
        and a1_0.check_in_time between ? and ? 
        and a1_0.course_id in (?, ?, ?) 
        and exists(select
            cs1_0.id from course_selection cs1_0 
        where
            cs1_0.student_id=a1_0.student_id 
            and cs1_0.course_id=a1_0.course_id 
            and cs1_0.status=1) 
        and (
            ? is null 
            or ?='' 
            or exists(select
                s1_0.student_id from student s1_0 
            where
                s1_0.student_id=a1_0.student_id 
                and s1_0.class_name=?)
        )
2026-06-10 15:46:42.861 [http-nio-0.0.0.0-8080-exec-7] DEBUG org.hibernate.SQL - 
    select
        count_big(a1_0.id) 
    from
        attendance a1_0 
    where
        a1_0.student_status=? 
        and a1_0.check_in_time between ? and ? 
        and a1_0.course_id in (?, ?, ?) 
        and exists(select
            cs1_0.id from course_selection cs1_0 
        where
            cs1_0.student_id=a1_0.student_id 
            and cs1_0.course_id=a1_0.course_id 
            and cs1_0.status=1) 
        and (
            ? is null 
            or ?='' 
            or exists(select
                s1_0.student_id from student s1_0 
            where
                s1_0.student_id=a1_0.student_id 
                and s1_0.class_name=?)
        )
2026-06-10 15:46:42.861 [http-nio-0.0.0.0-8080-exec-7] DEBUG org.hibernate.SQL - 
    select
        count_big(a1_0.id) 
    from
        attendance a1_0 
    where
        a1_0.student_status=? 
        and a1_0.check_in_time between ? and ? 
        and a1_0.course_id in (?, ?, ?) 
        and exists(select
            cs1_0.id from course_selection cs1_0 
        where
            cs1_0.student_id=a1_0.student_id 
            and cs1_0.course_id=a1_0.course_id 
            and cs1_0.status=1) 
        and (
            ? is null 
            or ?='' 
            or exists(select
                s1_0.student_id from student s1_0 
            where
                s1_0.student_id=a1_0.student_id 
                and s1_0.class_name=?)
        )
2026-06-10 15:46:42.862 [http-nio-0.0.0.0-8080-exec-7] DEBUG org.hibernate.SQL - 
    select
        count_big(a1_0.id) 
    from
        attendance a1_0 
    where
        a1_0.student_status=? 
        and a1_0.check_in_time between ? and ? 
        and a1_0.course_id in (?, ?, ?) 
        and exists(select
            cs1_0.id from course_selection cs1_0 
        where
            cs1_0.student_id=a1_0.student_id 
            and cs1_0.course_id=a1_0.course_id 
            and cs1_0.status=1) 
        and (
            ? is null 
            or ?='' 
            or exists(select
                s1_0.student_id from student s1_0 
            where
                s1_0.student_id=a1_0.student_id 
                and s1_0.class_name=?)
        )
2026-06-10 15:46:42.862 [http-nio-0.0.0.0-8080-exec-7] DEBUG org.hibernate.SQL - 
    select
        count_big(a1_0.id) 
    from
        attendance a1_0 
    where
        a1_0.student_status=? 
        and a1_0.check_in_time between ? and ? 
        and a1_0.course_id in (?, ?, ?) 
        and exists(select
            cs1_0.id from course_selection cs1_0 
        where
            cs1_0.student_id=a1_0.student_id 
            and cs1_0.course_id=a1_0.course_id 
            and cs1_0.status=1) 
        and (
            ? is null 
            or ?='' 
            or exists(select
                s1_0.student_id from student s1_0 
            where
                s1_0.student_id=a1_0.student_id 
                and s1_0.class_name=?)
        )
2026-06-10 15:46:42.862 [http-nio-0.0.0.0-8080-exec-7] DEBUG org.hibernate.SQL - 
    select
        count_big(a1_0.id) 
    from
        attendance a1_0 
    where
        a1_0.student_status=? 
        and a1_0.check_in_time between ? and ? 
        and a1_0.course_id in (?, ?, ?) 
        and exists(select
            cs1_0.id from course_selection cs1_0 
        where
            cs1_0.student_id=a1_0.student_id 
            and cs1_0.course_id=a1_0.course_id 
            and cs1_0.status=1) 
        and (
            ? is null 
            or ?='' 
            or exists(select
                s1_0.student_id from student s1_0 
            where
                s1_0.student_id=a1_0.student_id 
                and s1_0.class_name=?)
        )
2026-06-10 15:46:42.863 [http-nio-0.0.0.0-8080-exec-7] DEBUG org.hibernate.SQL - 
    select
        count_big(a1_0.id) 
    from
        attendance a1_0 
    where
        a1_0.student_status=? 
        and a1_0.check_in_time between ? and ? 
        and a1_0.course_id in (?, ?, ?) 
        and exists(select
            cs1_0.id from course_selection cs1_0 
        where
            cs1_0.student_id=a1_0.student_id 
            and cs1_0.course_id=a1_0.course_id 
            and cs1_0.status=1) 
        and (
            ? is null 
            or ?='' 
            or exists(select
                s1_0.student_id from student s1_0 
            where
                s1_0.student_id=a1_0.student_id 
                and s1_0.class_name=?)
        )
2026-06-10 15:46:42.863 [http-nio-0.0.0.0-8080-exec-7] DEBUG org.hibernate.SQL - 
    select
        count_big(a1_0.id) 
    from
        attendance a1_0 
    where
        a1_0.student_status=? 
        and a1_0.check_in_time between ? and ? 
        and a1_0.course_id in (?, ?, ?) 
        and exists(select
            cs1_0.id from course_selection cs1_0 
        where
            cs1_0.student_id=a1_0.student_id 
            and cs1_0.course_id=a1_0.course_id 
            and cs1_0.status=1) 
        and (
            ? is null 
            or ?='' 
            or exists(select
                s1_0.student_id from student s1_0 
            where
                s1_0.student_id=a1_0.student_id 
                and s1_0.class_name=?)
        )
2026-06-10 15:46:42.863 [http-nio-0.0.0.0-8080-exec-7] DEBUG org.hibernate.SQL - 
    select
        count_big(a1_0.id) 
    from
        attendance a1_0 
    where
        a1_0.student_status=? 
        and a1_0.check_in_time between ? and ? 
        and a1_0.course_id in (?, ?, ?) 
        and exists(select
            cs1_0.id from course_selection cs1_0 
        where
            cs1_0.student_id=a1_0.student_id 
            and cs1_0.course_id=a1_0.course_id 
            and cs1_0.status=1) 
        and (
            ? is null 
            or ?='' 
            or exists(select
                s1_0.student_id from student s1_0 
            where
                s1_0.student_id=a1_0.student_id 
                and s1_0.class_name=?)
        )
2026-06-10 15:46:42.865 [http-nio-0.0.0.0-8080-exec-7] DEBUG org.hibernate.SQL - 
    select
        count_big(a1_0.id) 
    from
        attendance a1_0 
    where
        a1_0.student_status=? 
        and a1_0.check_in_time between ? and ? 
        and a1_0.course_id in (?, ?, ?) 
        and exists(select
            cs1_0.id from course_selection cs1_0 
        where
            cs1_0.student_id=a1_0.student_id 
            and cs1_0.course_id=a1_0.course_id 
            and cs1_0.status=1) 
        and (
            ? is null 
            or ?='' 
            or exists(select
                s1_0.student_id from student s1_0 
            where
                s1_0.student_id=a1_0.student_id 
                and s1_0.class_name=?)
        )
2026-06-10 15:46:42.865 [http-nio-0.0.0.0-8080-exec-7] DEBUG org.hibernate.SQL - 
    select
        count_big(a1_0.id) 
    from
        attendance a1_0 
    where
        a1_0.student_status=? 
        and a1_0.check_in_time between ? and ? 
        and a1_0.course_id in (?, ?, ?) 
        and exists(select
            cs1_0.id from course_selection cs1_0 
        where
            cs1_0.student_id=a1_0.student_id 
            and cs1_0.course_id=a1_0.course_id 
            and cs1_0.status=1) 
        and (
            ? is null 
            or ?='' 
            or exists(select
                s1_0.student_id from student s1_0 
            where
                s1_0.student_id=a1_0.student_id 
                and s1_0.class_name=?)
        )
2026-06-10 15:46:42.865 [http-nio-0.0.0.0-8080-exec-7] DEBUG org.hibernate.SQL - 
    select
        count_big(a1_0.id) 
    from
        attendance a1_0 
    where
        a1_0.student_status=? 
        and a1_0.check_in_time between ? and ? 
        and a1_0.course_id in (?, ?, ?) 
        and exists(select
            cs1_0.id from course_selection cs1_0 
        where
            cs1_0.student_id=a1_0.student_id 
            and cs1_0.course_id=a1_0.course_id 
            and cs1_0.status=1) 
        and (
            ? is null 
            or ?='' 
            or exists(select
                s1_0.student_id from student s1_0 
            where
                s1_0.student_id=a1_0.student_id 
                and s1_0.class_name=?)
        )
2026-06-10 15:46:42.867 [http-nio-0.0.0.0-8080-exec-7] DEBUG org.hibernate.SQL - 
    select
        count_big(a1_0.id) 
    from
        attendance a1_0 
    where
        a1_0.student_status=? 
        and a1_0.check_in_time between ? and ? 
        and a1_0.course_id in (?, ?, ?) 
        and exists(select
            cs1_0.id from course_selection cs1_0 
        where
            cs1_0.student_id=a1_0.student_id 
            and cs1_0.course_id=a1_0.course_id 
            and cs1_0.status=1) 
        and (
            ? is null 
            or ?='' 
            or exists(select
                s1_0.student_id from student s1_0 
            where
                s1_0.student_id=a1_0.student_id 
                and s1_0.class_name=?)
        )
2026-06-10 15:46:42.867 [http-nio-0.0.0.0-8080-exec-7] DEBUG org.hibernate.SQL - 
    select
        count_big(a1_0.id) 
    from
        attendance a1_0 
    where
        a1_0.student_status=? 
        and a1_0.check_in_time between ? and ? 
        and a1_0.course_id in (?, ?, ?) 
        and exists(select
            cs1_0.id from course_selection cs1_0 
        where
            cs1_0.student_id=a1_0.student_id 
            and cs1_0.course_id=a1_0.course_id 
            and cs1_0.status=1) 
        and (
            ? is null 
            or ?='' 
            or exists(select
                s1_0.student_id from student s1_0 
            where
                s1_0.student_id=a1_0.student_id 
                and s1_0.class_name=?)
        )
2026-06-10 15:46:42.868 [http-nio-0.0.0.0-8080-exec-7] DEBUG org.hibernate.SQL - 
    select
        count_big(a1_0.id) 
    from
        attendance a1_0 
    where
        a1_0.student_status=? 
        and a1_0.check_in_time between ? and ? 
        and a1_0.course_id in (?, ?, ?) 
        and exists(select
            cs1_0.id from course_selection cs1_0 
        where
            cs1_0.student_id=a1_0.student_id 
            and cs1_0.course_id=a1_0.course_id 
            and cs1_0.status=1) 
        and (
            ? is null 
            or ?='' 
            or exists(select
                s1_0.student_id from student s1_0 
            where
                s1_0.student_id=a1_0.student_id 
                and s1_0.class_name=?)
        )
2026-06-10 15:46:42.869 [http-nio-0.0.0.0-8080-exec-7] DEBUG org.hibernate.SQL - 
    select
        count_big(a1_0.id) 
    from
        attendance a1_0 
    where
        a1_0.student_status=? 
        and a1_0.check_in_time between ? and ? 
        and a1_0.course_id in (?, ?, ?) 
        and exists(select
            cs1_0.id from course_selection cs1_0 
        where
            cs1_0.student_id=a1_0.student_id 
            and cs1_0.course_id=a1_0.course_id 
            and cs1_0.status=1) 
        and (
            ? is null 
            or ?='' 
            or exists(select
                s1_0.student_id from student s1_0 
            where
                s1_0.student_id=a1_0.student_id 
                and s1_0.class_name=?)
        )
2026-06-10 15:46:42.870 [http-nio-0.0.0.0-8080-exec-7] DEBUG org.hibernate.SQL - 
    select
        count_big(a1_0.id) 
    from
        attendance a1_0 
    where
        a1_0.student_status=? 
        and a1_0.check_in_time between ? and ? 
        and a1_0.course_id in (?, ?, ?) 
        and exists(select
            cs1_0.id from course_selection cs1_0 
        where
            cs1_0.student_id=a1_0.student_id 
            and cs1_0.course_id=a1_0.course_id 
            and cs1_0.status=1) 
        and (
            ? is null 
            or ?='' 
            or exists(select
                s1_0.student_id from student s1_0 
            where
                s1_0.student_id=a1_0.student_id 
                and s1_0.class_name=?)
        )
2026-06-10 15:46:42.872 [http-nio-0.0.0.0-8080-exec-7] DEBUG org.hibernate.SQL - 
    select
        count_big(a1_0.id) 
    from
        attendance a1_0 
    where
        a1_0.student_status=? 
        and a1_0.check_in_time between ? and ? 
        and a1_0.course_id in (?, ?, ?) 
        and exists(select
            cs1_0.id from course_selection cs1_0 
        where
            cs1_0.student_id=a1_0.student_id 
            and cs1_0.course_id=a1_0.course_id 
            and cs1_0.status=1) 
        and (
            ? is null 
            or ?='' 
            or exists(select
                s1_0.student_id from student s1_0 
            where
                s1_0.student_id=a1_0.student_id 
                and s1_0.class_name=?)
        )
2026-06-10 15:46:42.872 [http-nio-0.0.0.0-8080-exec-7] DEBUG org.hibernate.SQL - 
    select
        count_big(a1_0.id) 
    from
        attendance a1_0 
    where
        a1_0.student_status=? 
        and a1_0.check_in_time between ? and ? 
        and a1_0.course_id in (?, ?, ?) 
        and exists(select
            cs1_0.id from course_selection cs1_0 
        where
            cs1_0.student_id=a1_0.student_id 
            and cs1_0.course_id=a1_0.course_id 
            and cs1_0.status=1) 
        and (
            ? is null 
            or ?='' 
            or exists(select
                s1_0.student_id from student s1_0 
            where
                s1_0.student_id=a1_0.student_id 
                and s1_0.class_name=?)
        )
2026-06-10 15:46:42.873 [http-nio-0.0.0.0-8080-exec-7] DEBUG org.hibernate.SQL - 
    select
        count_big(a1_0.id) 
    from
        attendance a1_0 
    where
        a1_0.student_status=? 
        and a1_0.check_in_time between ? and ? 
        and a1_0.course_id in (?, ?, ?) 
        and exists(select
            cs1_0.id from course_selection cs1_0 
        where
            cs1_0.student_id=a1_0.student_id 
            and cs1_0.course_id=a1_0.course_id 
            and cs1_0.status=1) 
        and (
            ? is null 
            or ?='' 
            or exists(select
                s1_0.student_id from student s1_0 
            where
                s1_0.student_id=a1_0.student_id 
                and s1_0.class_name=?)
        )
2026-06-10 15:46:42.873 [http-nio-0.0.0.0-8080-exec-7] DEBUG org.hibernate.SQL - 
    select
        count_big(a1_0.id) 
    from
        attendance a1_0 
    where
        a1_0.student_status=? 
        and a1_0.check_in_time between ? and ? 
        and a1_0.course_id in (?, ?, ?) 
        and exists(select
            cs1_0.id from course_selection cs1_0 
        where
            cs1_0.student_id=a1_0.student_id 
            and cs1_0.course_id=a1_0.course_id 
            and cs1_0.status=1) 
        and (
            ? is null 
            or ?='' 
            or exists(select
                s1_0.student_id from student s1_0 
            where
                s1_0.student_id=a1_0.student_id 
                and s1_0.class_name=?)
        )
2026-06-10 15:46:42.874 [http-nio-0.0.0.0-8080-exec-7] DEBUG org.hibernate.SQL - 
    select
        count_big(a1_0.id) 
    from
        attendance a1_0 
    where
        a1_0.student_status=? 
        and a1_0.check_in_time between ? and ? 
        and a1_0.course_id in (?, ?, ?) 
        and exists(select
            cs1_0.id from course_selection cs1_0 
        where
            cs1_0.student_id=a1_0.student_id 
            and cs1_0.course_id=a1_0.course_id 
            and cs1_0.status=1) 
        and (
            ? is null 
            or ?='' 
            or exists(select
                s1_0.student_id from student s1_0 
            where
                s1_0.student_id=a1_0.student_id 
                and s1_0.class_name=?)
        )
2026-06-10 15:46:42.874 [http-nio-0.0.0.0-8080-exec-7] DEBUG org.hibernate.SQL - 
    select
        count_big(a1_0.id) 
    from
        attendance a1_0 
    where
        a1_0.student_status=? 
        and a1_0.check_in_time between ? and ? 
        and a1_0.course_id in (?, ?, ?) 
        and exists(select
            cs1_0.id from course_selection cs1_0 
        where
            cs1_0.student_id=a1_0.student_id 
            and cs1_0.course_id=a1_0.course_id 
            and cs1_0.status=1) 
        and (
            ? is null 
            or ?='' 
            or exists(select
                s1_0.student_id from student s1_0 
            where
                s1_0.student_id=a1_0.student_id 
                and s1_0.class_name=?)
        )
2026-06-10 15:46:42.875 [http-nio-0.0.0.0-8080-exec-7] DEBUG org.hibernate.SQL - 
    select
        count_big(a1_0.id) 
    from
        attendance a1_0 
    where
        a1_0.student_status=? 
        and a1_0.check_in_time between ? and ? 
        and a1_0.course_id in (?, ?, ?) 
        and exists(select
            cs1_0.id from course_selection cs1_0 
        where
            cs1_0.student_id=a1_0.student_id 
            and cs1_0.course_id=a1_0.course_id 
            and cs1_0.status=1) 
        and (
            ? is null 
            or ?='' 
            or exists(select
                s1_0.student_id from student s1_0 
            where
                s1_0.student_id=a1_0.student_id 
                and s1_0.class_name=?)
        )
2026-06-10 15:46:42.875 [http-nio-0.0.0.0-8080-exec-7] DEBUG org.hibernate.SQL - 
    select
        count_big(a1_0.id) 
    from
        attendance a1_0 
    where
        a1_0.student_status=? 
        and a1_0.check_in_time between ? and ? 
        and a1_0.course_id in (?, ?, ?) 
        and exists(select
            cs1_0.id from course_selection cs1_0 
        where
            cs1_0.student_id=a1_0.student_id 
            and cs1_0.course_id=a1_0.course_id 
            and cs1_0.status=1) 
        and (
            ? is null 
            or ?='' 
            or exists(select
                s1_0.student_id from student s1_0 
            where
                s1_0.student_id=a1_0.student_id 
                and s1_0.class_name=?)
        )
2026-06-10 15:46:42.876 [http-nio-0.0.0.0-8080-exec-7] DEBUG org.hibernate.SQL - 
    select
        count_big(a1_0.id) 
    from
        attendance a1_0 
    where
        a1_0.student_status=? 
        and a1_0.check_in_time between ? and ? 
        and a1_0.course_id in (?, ?, ?) 
        and exists(select
            cs1_0.id from course_selection cs1_0 
        where
            cs1_0.student_id=a1_0.student_id 
            and cs1_0.course_id=a1_0.course_id 
            and cs1_0.status=1) 
        and (
            ? is null 
            or ?='' 
            or exists(select
                s1_0.student_id from student s1_0 
            where
                s1_0.student_id=a1_0.student_id 
                and s1_0.class_name=?)
        )
2026-06-10 15:46:42.876 [http-nio-0.0.0.0-8080-exec-7] DEBUG org.hibernate.SQL - 
    select
        count_big(a1_0.id) 
    from
        attendance a1_0 
    where
        a1_0.student_status=? 
        and a1_0.check_in_time between ? and ? 
        and a1_0.course_id in (?, ?, ?) 
        and exists(select
            cs1_0.id from course_selection cs1_0 
        where
            cs1_0.student_id=a1_0.student_id 
            and cs1_0.course_id=a1_0.course_id 
            and cs1_0.status=1) 
        and (
            ? is null 
            or ?='' 
            or exists(select
                s1_0.student_id from student s1_0 
            where
                s1_0.student_id=a1_0.student_id 
                and s1_0.class_name=?)
        )
2026-06-10 15:46:42.877 [http-nio-0.0.0.0-8080-exec-7] DEBUG org.hibernate.SQL - 
    select
        count_big(a1_0.id) 
    from
        attendance a1_0 
    where
        a1_0.student_status=? 
        and a1_0.check_in_time between ? and ? 
        and a1_0.course_id in (?, ?, ?) 
        and exists(select
            cs1_0.id from course_selection cs1_0 
        where
            cs1_0.student_id=a1_0.student_id 
            and cs1_0.course_id=a1_0.course_id 
            and cs1_0.status=1) 
        and (
            ? is null 
            or ?='' 
            or exists(select
                s1_0.student_id from student s1_0 
            where
                s1_0.student_id=a1_0.student_id 
                and s1_0.class_name=?)
        )
2026-06-10 15:46:42.877 [http-nio-0.0.0.0-8080-exec-7] DEBUG org.hibernate.SQL - 
    select
        count_big(a1_0.id) 
    from
        attendance a1_0 
    where
        a1_0.student_status=? 
        and a1_0.check_in_time between ? and ? 
        and a1_0.course_id in (?, ?, ?) 
        and exists(select
            cs1_0.id from course_selection cs1_0 
        where
            cs1_0.student_id=a1_0.student_id 
            and cs1_0.course_id=a1_0.course_id 
            and cs1_0.status=1) 
        and (
            ? is null 
            or ?='' 
            or exists(select
                s1_0.student_id from student s1_0 
            where
                s1_0.student_id=a1_0.student_id 
                and s1_0.class_name=?)
        )
2026-06-10 15:46:42.877 [http-nio-0.0.0.0-8080-exec-7] DEBUG org.hibernate.SQL - 
    select
        count_big(a1_0.id) 
    from
        attendance a1_0 
    where
        a1_0.student_status=? 
        and a1_0.check_in_time between ? and ? 
        and a1_0.course_id in (?, ?, ?) 
        and exists(select
            cs1_0.id from course_selection cs1_0 
        where
            cs1_0.student_id=a1_0.student_id 
            and cs1_0.course_id=a1_0.course_id 
            and cs1_0.status=1) 
        and (
            ? is null 
            or ?='' 
            or exists(select
                s1_0.student_id from student s1_0 
            where
                s1_0.student_id=a1_0.student_id 
                and s1_0.class_name=?)
        )
2026-06-10 15:46:42.878 [http-nio-0.0.0.0-8080-exec-7] DEBUG org.hibernate.SQL - 
    select
        count_big(a1_0.id) 
    from
        attendance a1_0 
    where
        a1_0.student_status=? 
        and a1_0.check_in_time between ? and ? 
        and a1_0.course_id in (?, ?, ?) 
        and exists(select
            cs1_0.id from course_selection cs1_0 
        where
            cs1_0.student_id=a1_0.student_id 
            and cs1_0.course_id=a1_0.course_id 
            and cs1_0.status=1) 
        and (
            ? is null 
            or ?='' 
            or exists(select
                s1_0.student_id from student s1_0 
            where
                s1_0.student_id=a1_0.student_id 
                and s1_0.class_name=?)
        )
2026-06-10 15:46:42.879 [http-nio-0.0.0.0-8080-exec-7] DEBUG org.hibernate.SQL - 
    select
        count_big(a1_0.id) 
    from
        attendance a1_0 
    where
        a1_0.student_status=? 
        and a1_0.check_in_time between ? and ? 
        and a1_0.course_id in (?, ?, ?) 
        and exists(select
            cs1_0.id from course_selection cs1_0 
        where
            cs1_0.student_id=a1_0.student_id 
            and cs1_0.course_id=a1_0.course_id 
            and cs1_0.status=1) 
        and (
            ? is null 
            or ?='' 
            or exists(select
                s1_0.student_id from student s1_0 
            where
                s1_0.student_id=a1_0.student_id 
                and s1_0.class_name=?)
        )
2026-06-10 15:46:42.879 [http-nio-0.0.0.0-8080-exec-7] DEBUG org.hibernate.SQL - 
    select
        count_big(a1_0.id) 
    from
        attendance a1_0 
    where
        a1_0.student_status=? 
        and a1_0.check_in_time between ? and ? 
        and a1_0.course_id in (?, ?, ?) 
        and exists(select
            cs1_0.id from course_selection cs1_0 
        where
            cs1_0.student_id=a1_0.student_id 
            and cs1_0.course_id=a1_0.course_id 
            and cs1_0.status=1) 
        and (
            ? is null 
            or ?='' 
            or exists(select
                s1_0.student_id from student s1_0 
            where
                s1_0.student_id=a1_0.student_id 
                and s1_0.class_name=?)
        )
2026-06-10 15:46:42.880 [http-nio-0.0.0.0-8080-exec-7] DEBUG org.hibernate.SQL - 
    select
        distinct s1_0.class_name 
    from
        course_selection cs1_0 
    join
        student s1_0 
            on cs1_0.student_id=s1_0.student_id 
    where
        cs1_0.course_id in (?, ?, ?)
2026-06-10 15:46:42.889 [http-nio-0.0.0.0-8080-exec-7] DEBUG org.hibernate.SQL - 
    select
        count_big(a1_0.id) 
    from
        attendance a1_0 
    where
        a1_0.check_in_time between ? and ? 
        and a1_0.course_id in (?, ?, ?) 
        and exists(select
            cs1_0.id from course_selection cs1_0 
        where
            cs1_0.student_id=a1_0.student_id 
            and cs1_0.course_id=a1_0.course_id 
            and cs1_0.status=1) 
        and (
            ? is null 
            or ?='' 
            or exists(select
                s1_0.student_id from student s1_0 
            where
                s1_0.student_id=a1_0.student_id 
                and s1_0.class_name=?)
        )
2026-06-10 15:46:42.890 [http-nio-0.0.0.0-8080-exec-7] DEBUG org.hibernate.SQL - 
    select
        count_big(a1_0.id) 
    from
        attendance a1_0 
    where
        a1_0.student_status=? 
        and a1_0.check_in_time between ? and ? 
        and a1_0.course_id in (?, ?, ?) 
        and exists(select
            cs1_0.id from course_selection cs1_0 
        where
            cs1_0.student_id=a1_0.student_id 
            and cs1_0.course_id=a1_0.course_id 
            and cs1_0.status=1) 
        and (
            ? is null 
            or ?='' 
            or exists(select
                s1_0.student_id from student s1_0 
            where
                s1_0.student_id=a1_0.student_id 
                and s1_0.class_name=?)
        )
2026-06-10 15:46:42.891 [http-nio-0.0.0.0-8080-exec-7] DEBUG org.hibernate.SQL - 
    select
        count_big(a1_0.id) 
    from
        attendance a1_0 
    where
        a1_0.check_in_time between ? and ? 
        and a1_0.course_id in (?, ?, ?) 
        and exists(select
            cs1_0.id from course_selection cs1_0 
        where
            cs1_0.student_id=a1_0.student_id 
            and cs1_0.course_id=a1_0.course_id 
            and cs1_0.status=1) 
        and (
            ? is null 
            or ?='' 
            or exists(select
                s1_0.student_id from student s1_0 
            where
                s1_0.student_id=a1_0.student_id 
                and s1_0.class_name=?)
        )
2026-06-10 15:46:42.892 [http-nio-0.0.0.0-8080-exec-7] DEBUG org.hibernate.SQL - 
    select
        count_big(a1_0.id) 
    from
        attendance a1_0 
    where
        a1_0.student_status=? 
        and a1_0.check_in_time between ? and ? 
        and a1_0.course_id in (?, ?, ?) 
        and exists(select
            cs1_0.id from course_selection cs1_0 
        where
            cs1_0.student_id=a1_0.student_id 
            and cs1_0.course_id=a1_0.course_id 
            and cs1_0.status=1) 
        and (
            ? is null 
            or ?='' 
            or exists(select
                s1_0.student_id from student s1_0 
            where
                s1_0.student_id=a1_0.student_id 
                and s1_0.class_name=?)
        )
2026-06-10 15:46:42.892 [http-nio-0.0.0.0-8080-exec-7] DEBUG org.hibernate.SQL - 
    select
        count_big(a1_0.id) 
    from
        attendance a1_0 
    where
        a1_0.check_in_time between ? and ? 
        and a1_0.course_id in (?, ?, ?) 
        and exists(select
            cs1_0.id from course_selection cs1_0 
        where
            cs1_0.student_id=a1_0.student_id 
            and cs1_0.course_id=a1_0.course_id 
            and cs1_0.status=1) 
        and (
            ? is null 
            or ?='' 
            or exists(select
                s1_0.student_id from student s1_0 
            where
                s1_0.student_id=a1_0.student_id 
                and s1_0.class_name=?)
        )
2026-06-10 15:46:42.893 [http-nio-0.0.0.0-8080-exec-7] DEBUG org.hibernate.SQL - 
    select
        count_big(a1_0.id) 
    from
        attendance a1_0 
    where
        a1_0.student_status=? 
        and a1_0.check_in_time between ? and ? 
        and a1_0.course_id in (?, ?, ?) 
        and exists(select
            cs1_0.id from course_selection cs1_0 
        where
            cs1_0.student_id=a1_0.student_id 
            and cs1_0.course_id=a1_0.course_id 
            and cs1_0.status=1) 
        and (
            ? is null 
            or ?='' 
            or exists(select
                s1_0.student_id from student s1_0 
            where
                s1_0.student_id=a1_0.student_id 
                and s1_0.class_name=?)
        )
2026-06-10 15:46:42.893 [http-nio-0.0.0.0-8080-exec-7] DEBUG org.hibernate.SQL - 
    select
        count_big(a1_0.id) 
    from
        attendance a1_0 
    where
        a1_0.check_in_time between ? and ? 
        and a1_0.course_id in (?, ?, ?) 
        and exists(select
            cs1_0.id from course_selection cs1_0 
        where
            cs1_0.student_id=a1_0.student_id 
            and cs1_0.course_id=a1_0.course_id 
            and cs1_0.status=1) 
        and (
            ? is null 
            or ?='' 
            or exists(select
                s1_0.student_id from student s1_0 
            where
                s1_0.student_id=a1_0.student_id 
                and s1_0.class_name=?)
        )
2026-06-10 15:46:42.895 [http-nio-0.0.0.0-8080-exec-7] DEBUG org.hibernate.SQL - 
    select
        count_big(a1_0.id) 
    from
        attendance a1_0 
    where
        a1_0.student_status=? 
        and a1_0.check_in_time between ? and ? 
        and a1_0.course_id in (?, ?, ?) 
        and exists(select
            cs1_0.id from course_selection cs1_0 
        where
            cs1_0.student_id=a1_0.student_id 
            and cs1_0.course_id=a1_0.course_id 
            and cs1_0.status=1) 
        and (
            ? is null 
            or ?='' 
            or exists(select
                s1_0.student_id from student s1_0 
            where
                s1_0.student_id=a1_0.student_id 
                and s1_0.class_name=?)
        )
2026-06-10 15:46:42.895 [http-nio-0.0.0.0-8080-exec-7] DEBUG org.hibernate.SQL - 
    select
        count_big(a1_0.id) 
    from
        attendance a1_0 
    where
        a1_0.check_in_time between ? and ? 
        and a1_0.course_id in (?, ?, ?) 
        and exists(select
            cs1_0.id from course_selection cs1_0 
        where
            cs1_0.student_id=a1_0.student_id 
            and cs1_0.course_id=a1_0.course_id 
            and cs1_0.status=1) 
        and (
            ? is null 
            or ?='' 
            or exists(select
                s1_0.student_id from student s1_0 
            where
                s1_0.student_id=a1_0.student_id 
                and s1_0.class_name=?)
        )
2026-06-10 15:46:42.896 [http-nio-0.0.0.0-8080-exec-7] DEBUG org.hibernate.SQL - 
    select
        count_big(a1_0.id) 
    from
        attendance a1_0 
    where
        a1_0.student_status=? 
        and a1_0.check_in_time between ? and ? 
        and a1_0.course_id in (?, ?, ?) 
        and exists(select
            cs1_0.id from course_selection cs1_0 
        where
            cs1_0.student_id=a1_0.student_id 
            and cs1_0.course_id=a1_0.course_id 
            and cs1_0.status=1) 
        and (
            ? is null 
            or ?='' 
            or exists(select
                s1_0.student_id from student s1_0 
            where
                s1_0.student_id=a1_0.student_id 
                and s1_0.class_name=?)
        )
2026-06-10 15:46:42.896 [http-nio-0.0.0.0-8080-exec-7] DEBUG org.hibernate.SQL - 
    select
        count_big(a1_0.id) 
    from
        attendance a1_0 
    where
        a1_0.check_in_time between ? and ? 
        and a1_0.course_id in (?) 
        and exists(select
            cs1_0.id from course_selection cs1_0 
        where
            cs1_0.student_id=a1_0.student_id 
            and cs1_0.course_id=a1_0.course_id 
            and cs1_0.status=1) 
        and (
            ? is null 
            or ?='' 
            or exists(select
                s1_0.student_id from student s1_0 
            where
                s1_0.student_id=a1_0.student_id 
                and s1_0.class_name=?)
        )
2026-06-10 15:46:42.920 [http-nio-0.0.0.0-8080-exec-7] DEBUG org.hibernate.SQL - 
    select
        c1_0.id,
        c1_0.class_name,
        c1_0.course_id,
        c1_0.course_name,
        c1_0.create_time,
        c1_0.location,
        c1_0.teacher_id,
        c1_0.teacher_name,
        c1_0.time_slot,
        c1_0.week_day 
    from
        course c1_0 
    where
        c1_0.course_id=?
2026-06-10 15:46:42.928 [http-nio-0.0.0.0-8080-exec-7] DEBUG org.hibernate.SQL - 
    select
        count_big(a1_0.id) 
    from
        attendance a1_0 
    where
        a1_0.check_in_time between ? and ? 
        and a1_0.course_id in (?) 
        and exists(select
            cs1_0.id from course_selection cs1_0 
        where
            cs1_0.student_id=a1_0.student_id 
            and cs1_0.course_id=a1_0.course_id 
            and cs1_0.status=1) 
        and (
            ? is null 
            or ?='' 
            or exists(select
                s1_0.student_id from student s1_0 
            where
                s1_0.student_id=a1_0.student_id 
                and s1_0.class_name=?)
        )
2026-06-10 15:46:42.937 [http-nio-0.0.0.0-8080-exec-7] DEBUG org.hibernate.SQL - 
    select
        c1_0.id,
        c1_0.class_name,
        c1_0.course_id,
        c1_0.course_name,
        c1_0.create_time,
        c1_0.location,
        c1_0.teacher_id,
        c1_0.teacher_name,
        c1_0.time_slot,
        c1_0.week_day 
    from
        course c1_0 
    where
        c1_0.course_id=?
2026-06-10 15:46:42.939 [http-nio-0.0.0.0-8080-exec-7] DEBUG org.hibernate.SQL - 
    select
        count_big(a1_0.id) 
    from
        attendance a1_0 
    where
        a1_0.check_in_time between ? and ? 
        and a1_0.course_id in (?) 
        and exists(select
            cs1_0.id from course_selection cs1_0 
        where
            cs1_0.student_id=a1_0.student_id 
            and cs1_0.course_id=a1_0.course_id 
            and cs1_0.status=1) 
        and (
            ? is null 
            or ?='' 
            or exists(select
                s1_0.student_id from student s1_0 
            where
                s1_0.student_id=a1_0.student_id 
                and s1_0.class_name=?)
        )
2026-06-10 15:46:42.952 [http-nio-0.0.0.0-8080-exec-7] DEBUG org.hibernate.SQL - 
    select
        c1_0.id,
        c1_0.class_name,
        c1_0.course_id,
        c1_0.course_name,
        c1_0.create_time,
        c1_0.location,
        c1_0.teacher_id,
        c1_0.teacher_name,
        c1_0.time_slot,
        c1_0.week_day 
    from
        course c1_0 
    where
        c1_0.course_id=?
2026-06-10 15:47:44.995 [http-nio-0.0.0.0-8080-exec-10] DEBUG org.hibernate.SQL - 
    select
        u1_0.id,
        u1_0.class_name,
        u1_0.create_time,
        u1_0.gender,
        u1_0.real_name,
        u1_0.username,
        u1_0.userpassword,
        u1_0.userrole 
    from
        my_user u1_0 
    where
        u1_0.username=?
2026-06-10 15:47:45.058 [http-nio-0.0.0.0-8080-exec-10] DEBUG org.hibernate.SQL - 
    select
        c1_0.id,
        c1_0.class_name,
        c1_0.course_id,
        c1_0.course_name,
        c1_0.create_time,
        c1_0.location,
        c1_0.teacher_id,
        c1_0.teacher_name,
        c1_0.time_slot,
        c1_0.week_day 
    from
        course c1_0 
    where
        c1_0.teacher_id=?
2026-06-10 15:47:45.058 [http-nio-0.0.0.0-8080-exec-10] DEBUG org.hibernate.SQL - 
    select
        count_big(distinct cs1_0.student_id) 
    from
        course_selection cs1_0 
    where
        cs1_0.course_id in (?, ?, ?) 
        and cs1_0.status=1
2026-06-10 15:47:45.076 [http-nio-0.0.0.0-8080-exec-10] DEBUG org.hibernate.SQL - 
    select
        a1_0.id,
        a1_0.check_in_time,
        a1_0.course_id,
        a1_0.create_time,
        a1_0.ip_address,
        a1_0.reason,
        a1_0.sign_in_id,
        a1_0.student_id,
        a1_0.student_name,
        a1_0.student_status,
        a1_0.update_time 
    from
        attendance a1_0 
    where
        a1_0.course_id=?
2026-06-10 15:47:45.082 [http-nio-0.0.0.0-8080-exec-10] DEBUG org.hibernate.SQL - 
    select
        a1_0.id,
        a1_0.check_in_time,
        a1_0.course_id,
        a1_0.create_time,
        a1_0.ip_address,
        a1_0.reason,
        a1_0.sign_in_id,
        a1_0.student_id,
        a1_0.student_name,
        a1_0.student_status,
        a1_0.update_time 
    from
        attendance a1_0 
    where
        a1_0.course_id=?
2026-06-10 15:47:45.082 [http-nio-0.0.0.0-8080-exec-10] DEBUG org.hibernate.SQL - 
    select
        a1_0.id,
        a1_0.check_in_time,
        a1_0.course_id,
        a1_0.create_time,
        a1_0.ip_address,
        a1_0.reason,
        a1_0.sign_in_id,
        a1_0.student_id,
        a1_0.student_name,
        a1_0.student_status,
        a1_0.update_time 
    from
        attendance a1_0 
    where
        a1_0.course_id=?
2026-06-10 15:47:52.235 [http-nio-0.0.0.0-8080-exec-2] DEBUG org.hibernate.SQL - 
    select
        u1_0.id,
        u1_0.class_name,
        u1_0.create_time,
        u1_0.gender,
        u1_0.real_name,
        u1_0.username,
        u1_0.userpassword,
        u1_0.userrole 
    from
        my_user u1_0 
    where
        u1_0.username=?
2026-06-10 15:47:53.904 [http-nio-0.0.0.0-8080-exec-5] DEBUG org.hibernate.SQL - 
    select
        u1_0.id,
        u1_0.class_name,
        u1_0.create_time,
        u1_0.gender,
        u1_0.real_name,
        u1_0.username,
        u1_0.userpassword,
        u1_0.userrole 
    from
        my_user u1_0 
    where
        u1_0.username=?
2026-06-10 15:47:53.917 [http-nio-0.0.0.0-8080-exec-5] DEBUG org.hibernate.SQL - 
    select
        c1_0.id,
        c1_0.class_name,
        c1_0.course_id,
        c1_0.course_name,
        c1_0.create_time,
        c1_0.location,
        c1_0.teacher_id,
        c1_0.teacher_name,
        c1_0.time_slot,
        c1_0.week_day 
    from
        course c1_0
2026-06-10 15:47:53.929 [http-nio-0.0.0.0-8080-exec-5] DEBUG org.hibernate.SQL - 
    select
        count_big(*) 
    from
        student s1_0
2026-06-10 15:47:53.943 [http-nio-0.0.0.0-8080-exec-5] DEBUG org.hibernate.SQL - 
    select
        count_big(u1_0.id) 
    from
        my_user u1_0 
    where
        upper(u1_0.userrole)=upper(?)
2026-06-10 15:47:53.952 [http-nio-0.0.0.0-8080-exec-5] DEBUG org.hibernate.SQL - 
    select
        count_big(*) 
    from
        course c1_0
2026-06-10 15:47:53.952 [http-nio-0.0.0.0-8080-exec-5] DEBUG org.hibernate.SQL - 
    select
        a1_0.id,
        a1_0.check_in_time,
        a1_0.course_id,
        a1_0.create_time,
        a1_0.ip_address,
        a1_0.reason,
        a1_0.sign_in_id,
        a1_0.student_id,
        a1_0.student_name,
        a1_0.student_status,
        a1_0.update_time 
    from
        attendance a1_0 
    where
        a1_0.course_id=?
2026-06-10 15:47:53.960 [http-nio-0.0.0.0-8080-exec-5] DEBUG org.hibernate.SQL - 
    select
        a1_0.id,
        a1_0.check_in_time,
        a1_0.course_id,
        a1_0.create_time,
        a1_0.ip_address,
        a1_0.reason,
        a1_0.sign_in_id,
        a1_0.student_id,
        a1_0.student_name,
        a1_0.student_status,
        a1_0.update_time 
    from
        attendance a1_0 
    where
        a1_0.course_id=?
2026-06-10 15:47:53.960 [http-nio-0.0.0.0-8080-exec-5] DEBUG org.hibernate.SQL - 
    select
        a1_0.id,
        a1_0.check_in_time,
        a1_0.course_id,
        a1_0.create_time,
        a1_0.ip_address,
        a1_0.reason,
        a1_0.sign_in_id,
        a1_0.student_id,
        a1_0.student_name,
        a1_0.student_status,
        a1_0.update_time 
    from
        attendance a1_0 
    where
        a1_0.course_id=?
2026-06-10 15:47:53.960 [http-nio-0.0.0.0-8080-exec-5] DEBUG org.hibernate.SQL - 
    select
        a1_0.id,
        a1_0.check_in_time,
        a1_0.course_id,
        a1_0.create_time,
        a1_0.ip_address,
        a1_0.reason,
        a1_0.sign_in_id,
        a1_0.student_id,
        a1_0.student_name,
        a1_0.student_status,
        a1_0.update_time 
    from
        attendance a1_0 
    where
        a1_0.course_id=?
2026-06-10 15:49:07.195 [http-nio-0.0.0.0-8080-exec-3] DEBUG org.hibernate.SQL - 
    select
        c1_0.id,
        c1_0.class_name,
        c1_0.course_id,
        c1_0.course_name,
        c1_0.create_time,
        c1_0.location,
        c1_0.teacher_id,
        c1_0.teacher_name,
        c1_0.time_slot,
        c1_0.week_day 
    from
        course c1_0
2026-06-10 15:49:07.206 [http-nio-0.0.0.0-8080-exec-10] DEBUG org.hibernate.SQL - 
    select
        distinct s1_0.class_name 
    from
        student s1_0 
    where
        s1_0.class_name is not null 
    order by
        s1_0.class_name
2026-06-10 15:49:07.222 [http-nio-0.0.0.0-8080-exec-1] DEBUG org.hibernate.SQL - 
    select
        u1_0.id,
        u1_0.class_name,
        u1_0.create_time,
        u1_0.gender,
        u1_0.real_name,
        u1_0.username,
        u1_0.userpassword,
        u1_0.userrole 
    from
        my_user u1_0 
    where
        u1_0.username=?
2026-06-10 15:49:07.226 [http-nio-0.0.0.0-8080-exec-1] DEBUG org.hibernate.SQL - 
    select
        count_big(*) 
    from
        student s1_0
2026-06-10 15:49:07.233 [http-nio-0.0.0.0-8080-exec-1] DEBUG org.hibernate.SQL - 
    select
        count_big(a1_0.id) 
    from
        attendance a1_0 
    where
        a1_0.check_in_time between ? and ? 
        and (
            ? is null 
            or a1_0.course_id=?
        ) 
        and (
            ? is null 
            or ?='' 
            or exists(select
                s1_0.student_id from student s1_0 
            where
                s1_0.student_id=a1_0.student_id 
                and s1_0.class_name=?)
        )
2026-06-10 15:49:07.250 [http-nio-0.0.0.0-8080-exec-1] DEBUG org.hibernate.SQL - 
    select
        count_big(a1_0.id) 
    from
        attendance a1_0 
    where
        a1_0.student_status=? 
        and a1_0.check_in_time between ? and ? 
        and (
            ? is null 
            or a1_0.course_id=?
        ) 
        and (
            ? is null 
            or ?='' 
            or exists(select
                s1_0.student_id from student s1_0 
            where
                s1_0.student_id=a1_0.student_id 
                and s1_0.class_name=?)
        )
2026-06-10 15:49:07.263 [http-nio-0.0.0.0-8080-exec-1] DEBUG org.hibernate.SQL - 
    select
        count_big(a1_0.id) 
    from
        attendance a1_0 
    where
        a1_0.student_status=? 
        and a1_0.check_in_time between ? and ? 
        and (
            ? is null 
            or a1_0.course_id=?
        ) 
        and (
            ? is null 
            or ?='' 
            or exists(select
                s1_0.student_id from student s1_0 
            where
                s1_0.student_id=a1_0.student_id 
                and s1_0.class_name=?)
        )
2026-06-10 15:49:07.265 [http-nio-0.0.0.0-8080-exec-1] DEBUG org.hibernate.SQL - 
    select
        count_big(a1_0.id) 
    from
        attendance a1_0 
    where
        a1_0.student_status=? 
        and a1_0.check_in_time between ? and ? 
        and (
            ? is null 
            or a1_0.course_id=?
        ) 
        and (
            ? is null 
            or ?='' 
            or exists(select
                s1_0.student_id from student s1_0 
            where
                s1_0.student_id=a1_0.student_id 
                and s1_0.class_name=?)
        )
2026-06-10 15:49:07.265 [http-nio-0.0.0.0-8080-exec-1] DEBUG org.hibernate.SQL - 
    select
        count_big(a1_0.id) 
    from
        attendance a1_0 
    where
        a1_0.student_status=? 
        and a1_0.check_in_time between ? and ? 
        and (
            ? is null 
            or a1_0.course_id=?
        ) 
        and (
            ? is null 
            or ?='' 
            or exists(select
                s1_0.student_id from student s1_0 
            where
                s1_0.student_id=a1_0.student_id 
                and s1_0.class_name=?)
        )
2026-06-10 15:49:07.265 [http-nio-0.0.0.0-8080-exec-1] DEBUG org.hibernate.SQL - 
    select
        count_big(a1_0.id) 
    from
        attendance a1_0 
    where
        a1_0.student_status=? 
        and a1_0.check_in_time between ? and ? 
        and (
            ? is null 
            or a1_0.course_id=?
        ) 
        and (
            ? is null 
            or ?='' 
            or exists(select
                s1_0.student_id from student s1_0 
            where
                s1_0.student_id=a1_0.student_id 
                and s1_0.class_name=?)
        )
2026-06-10 15:49:07.265 [http-nio-0.0.0.0-8080-exec-1] DEBUG org.hibernate.SQL - 
    select
        count_big(a1_0.id) 
    from
        attendance a1_0 
    where
        a1_0.student_status=? 
        and a1_0.check_in_time between ? and ? 
        and (
            ? is null 
            or a1_0.course_id=?
        ) 
        and (
            ? is null 
            or ?='' 
            or exists(select
                s1_0.student_id from student s1_0 
            where
                s1_0.student_id=a1_0.student_id 
                and s1_0.class_name=?)
        )
2026-06-10 15:49:07.265 [http-nio-0.0.0.0-8080-exec-1] DEBUG org.hibernate.SQL - 
    select
        count_big(a1_0.id) 
    from
        attendance a1_0 
    where
        a1_0.student_status=? 
        and a1_0.check_in_time between ? and ? 
        and (
            ? is null 
            or a1_0.course_id=?
        ) 
        and (
            ? is null 
            or ?='' 
            or exists(select
                s1_0.student_id from student s1_0 
            where
                s1_0.student_id=a1_0.student_id 
                and s1_0.class_name=?)
        )
2026-06-10 15:49:07.265 [http-nio-0.0.0.0-8080-exec-1] DEBUG org.hibernate.SQL - 
    select
        count_big(a1_0.id) 
    from
        attendance a1_0 
    where
        a1_0.student_status=? 
        and a1_0.check_in_time between ? and ? 
        and (
            ? is null 
            or a1_0.course_id=?
        ) 
        and (
            ? is null 
            or ?='' 
            or exists(select
                s1_0.student_id from student s1_0 
            where
                s1_0.student_id=a1_0.student_id 
                and s1_0.class_name=?)
        )
2026-06-10 15:49:07.265 [http-nio-0.0.0.0-8080-exec-1] DEBUG org.hibernate.SQL - 
    select
        count_big(a1_0.id) 
    from
        attendance a1_0 
    where
        a1_0.student_status=? 
        and a1_0.check_in_time between ? and ? 
        and (
            ? is null 
            or a1_0.course_id=?
        ) 
        and (
            ? is null 
            or ?='' 
            or exists(select
                s1_0.student_id from student s1_0 
            where
                s1_0.student_id=a1_0.student_id 
                and s1_0.class_name=?)
        )
2026-06-10 15:49:07.272 [http-nio-0.0.0.0-8080-exec-1] DEBUG org.hibernate.SQL - 
    select
        count_big(a1_0.id) 
    from
        attendance a1_0 
    where
        a1_0.student_status=? 
        and a1_0.check_in_time between ? and ? 
        and (
            ? is null 
            or a1_0.course_id=?
        ) 
        and (
            ? is null 
            or ?='' 
            or exists(select
                s1_0.student_id from student s1_0 
            where
                s1_0.student_id=a1_0.student_id 
                and s1_0.class_name=?)
        )
2026-06-10 15:49:07.272 [http-nio-0.0.0.0-8080-exec-1] DEBUG org.hibernate.SQL - 
    select
        count_big(a1_0.id) 
    from
        attendance a1_0 
    where
        a1_0.student_status=? 
        and a1_0.check_in_time between ? and ? 
        and (
            ? is null 
            or a1_0.course_id=?
        ) 
        and (
            ? is null 
            or ?='' 
            or exists(select
                s1_0.student_id from student s1_0 
            where
                s1_0.student_id=a1_0.student_id 
                and s1_0.class_name=?)
        )
2026-06-10 15:49:07.272 [http-nio-0.0.0.0-8080-exec-1] DEBUG org.hibernate.SQL - 
    select
        count_big(a1_0.id) 
    from
        attendance a1_0 
    where
        a1_0.student_status=? 
        and a1_0.check_in_time between ? and ? 
        and (
            ? is null 
            or a1_0.course_id=?
        ) 
        and (
            ? is null 
            or ?='' 
            or exists(select
                s1_0.student_id from student s1_0 
            where
                s1_0.student_id=a1_0.student_id 
                and s1_0.class_name=?)
        )
2026-06-10 15:49:07.272 [http-nio-0.0.0.0-8080-exec-1] DEBUG org.hibernate.SQL - 
    select
        count_big(a1_0.id) 
    from
        attendance a1_0 
    where
        a1_0.student_status=? 
        and a1_0.check_in_time between ? and ? 
        and (
            ? is null 
            or a1_0.course_id=?
        ) 
        and (
            ? is null 
            or ?='' 
            or exists(select
                s1_0.student_id from student s1_0 
            where
                s1_0.student_id=a1_0.student_id 
                and s1_0.class_name=?)
        )
2026-06-10 15:49:07.272 [http-nio-0.0.0.0-8080-exec-1] DEBUG org.hibernate.SQL - 
    select
        count_big(a1_0.id) 
    from
        attendance a1_0 
    where
        a1_0.student_status=? 
        and a1_0.check_in_time between ? and ? 
        and (
            ? is null 
            or a1_0.course_id=?
        ) 
        and (
            ? is null 
            or ?='' 
            or exists(select
                s1_0.student_id from student s1_0 
            where
                s1_0.student_id=a1_0.student_id 
                and s1_0.class_name=?)
        )
2026-06-10 15:49:07.272 [http-nio-0.0.0.0-8080-exec-1] DEBUG org.hibernate.SQL - 
    select
        count_big(a1_0.id) 
    from
        attendance a1_0 
    where
        a1_0.student_status=? 
        and a1_0.check_in_time between ? and ? 
        and (
            ? is null 
            or a1_0.course_id=?
        ) 
        and (
            ? is null 
            or ?='' 
            or exists(select
                s1_0.student_id from student s1_0 
            where
                s1_0.student_id=a1_0.student_id 
                and s1_0.class_name=?)
        )
2026-06-10 15:49:07.272 [http-nio-0.0.0.0-8080-exec-1] DEBUG org.hibernate.SQL - 
    select
        count_big(a1_0.id) 
    from
        attendance a1_0 
    where
        a1_0.student_status=? 
        and a1_0.check_in_time between ? and ? 
        and (
            ? is null 
            or a1_0.course_id=?
        ) 
        and (
            ? is null 
            or ?='' 
            or exists(select
                s1_0.student_id from student s1_0 
            where
                s1_0.student_id=a1_0.student_id 
                and s1_0.class_name=?)
        )
2026-06-10 15:49:07.272 [http-nio-0.0.0.0-8080-exec-1] DEBUG org.hibernate.SQL - 
    select
        count_big(a1_0.id) 
    from
        attendance a1_0 
    where
        a1_0.student_status=? 
        and a1_0.check_in_time between ? and ? 
        and (
            ? is null 
            or a1_0.course_id=?
        ) 
        and (
            ? is null 
            or ?='' 
            or exists(select
                s1_0.student_id from student s1_0 
            where
                s1_0.student_id=a1_0.student_id 
                and s1_0.class_name=?)
        )
2026-06-10 15:49:07.272 [http-nio-0.0.0.0-8080-exec-1] DEBUG org.hibernate.SQL - 
    select
        count_big(a1_0.id) 
    from
        attendance a1_0 
    where
        a1_0.student_status=? 
        and a1_0.check_in_time between ? and ? 
        and (
            ? is null 
            or a1_0.course_id=?
        ) 
        and (
            ? is null 
            or ?='' 
            or exists(select
                s1_0.student_id from student s1_0 
            where
                s1_0.student_id=a1_0.student_id 
                and s1_0.class_name=?)
        )
2026-06-10 15:49:07.272 [http-nio-0.0.0.0-8080-exec-1] DEBUG org.hibernate.SQL - 
    select
        count_big(a1_0.id) 
    from
        attendance a1_0 
    where
        a1_0.student_status=? 
        and a1_0.check_in_time between ? and ? 
        and (
            ? is null 
            or a1_0.course_id=?
        ) 
        and (
            ? is null 
            or ?='' 
            or exists(select
                s1_0.student_id from student s1_0 
            where
                s1_0.student_id=a1_0.student_id 
                and s1_0.class_name=?)
        )
2026-06-10 15:49:07.272 [http-nio-0.0.0.0-8080-exec-1] DEBUG org.hibernate.SQL - 
    select
        count_big(a1_0.id) 
    from
        attendance a1_0 
    where
        a1_0.student_status=? 
        and a1_0.check_in_time between ? and ? 
        and (
            ? is null 
            or a1_0.course_id=?
        ) 
        and (
            ? is null 
            or ?='' 
            or exists(select
                s1_0.student_id from student s1_0 
            where
                s1_0.student_id=a1_0.student_id 
                and s1_0.class_name=?)
        )
2026-06-10 15:49:07.280 [http-nio-0.0.0.0-8080-exec-1] DEBUG org.hibernate.SQL - 
    select
        count_big(a1_0.id) 
    from
        attendance a1_0 
    where
        a1_0.student_status=? 
        and a1_0.check_in_time between ? and ? 
        and (
            ? is null 
            or a1_0.course_id=?
        ) 
        and (
            ? is null 
            or ?='' 
            or exists(select
                s1_0.student_id from student s1_0 
            where
                s1_0.student_id=a1_0.student_id 
                and s1_0.class_name=?)
        )
2026-06-10 15:49:07.281 [http-nio-0.0.0.0-8080-exec-1] DEBUG org.hibernate.SQL - 
    select
        count_big(a1_0.id) 
    from
        attendance a1_0 
    where
        a1_0.student_status=? 
        and a1_0.check_in_time between ? and ? 
        and (
            ? is null 
            or a1_0.course_id=?
        ) 
        and (
            ? is null 
            or ?='' 
            or exists(select
                s1_0.student_id from student s1_0 
            where
                s1_0.student_id=a1_0.student_id 
                and s1_0.class_name=?)
        )
2026-06-10 15:49:07.282 [http-nio-0.0.0.0-8080-exec-1] DEBUG org.hibernate.SQL - 
    select
        count_big(a1_0.id) 
    from
        attendance a1_0 
    where
        a1_0.student_status=? 
        and a1_0.check_in_time between ? and ? 
        and (
            ? is null 
            or a1_0.course_id=?
        ) 
        and (
            ? is null 
            or ?='' 
            or exists(select
                s1_0.student_id from student s1_0 
            where
                s1_0.student_id=a1_0.student_id 
                and s1_0.class_name=?)
        )
2026-06-10 15:49:07.282 [http-nio-0.0.0.0-8080-exec-1] DEBUG org.hibernate.SQL - 
    select
        count_big(a1_0.id) 
    from
        attendance a1_0 
    where
        a1_0.student_status=? 
        and a1_0.check_in_time between ? and ? 
        and (
            ? is null 
            or a1_0.course_id=?
        ) 
        and (
            ? is null 
            or ?='' 
            or exists(select
                s1_0.student_id from student s1_0 
            where
                s1_0.student_id=a1_0.student_id 
                and s1_0.class_name=?)
        )
2026-06-10 15:49:07.282 [http-nio-0.0.0.0-8080-exec-1] DEBUG org.hibernate.SQL - 
    select
        count_big(a1_0.id) 
    from
        attendance a1_0 
    where
        a1_0.student_status=? 
        and a1_0.check_in_time between ? and ? 
        and (
            ? is null 
            or a1_0.course_id=?
        ) 
        and (
            ? is null 
            or ?='' 
            or exists(select
                s1_0.student_id from student s1_0 
            where
                s1_0.student_id=a1_0.student_id 
                and s1_0.class_name=?)
        )
2026-06-10 15:49:07.282 [http-nio-0.0.0.0-8080-exec-1] DEBUG org.hibernate.SQL - 
    select
        count_big(a1_0.id) 
    from
        attendance a1_0 
    where
        a1_0.student_status=? 
        and a1_0.check_in_time between ? and ? 
        and (
            ? is null 
            or a1_0.course_id=?
        ) 
        and (
            ? is null 
            or ?='' 
            or exists(select
                s1_0.student_id from student s1_0 
            where
                s1_0.student_id=a1_0.student_id 
                and s1_0.class_name=?)
        )
2026-06-10 15:49:07.282 [http-nio-0.0.0.0-8080-exec-1] DEBUG org.hibernate.SQL - 
    select
        count_big(a1_0.id) 
    from
        attendance a1_0 
    where
        a1_0.student_status=? 
        and a1_0.check_in_time between ? and ? 
        and (
            ? is null 
            or a1_0.course_id=?
        ) 
        and (
            ? is null 
            or ?='' 
            or exists(select
                s1_0.student_id from student s1_0 
            where
                s1_0.student_id=a1_0.student_id 
                and s1_0.class_name=?)
        )
2026-06-10 15:49:07.282 [http-nio-0.0.0.0-8080-exec-1] DEBUG org.hibernate.SQL - 
    select
        count_big(a1_0.id) 
    from
        attendance a1_0 
    where
        a1_0.student_status=? 
        and a1_0.check_in_time between ? and ? 
        and (
            ? is null 
            or a1_0.course_id=?
        ) 
        and (
            ? is null 
            or ?='' 
            or exists(select
                s1_0.student_id from student s1_0 
            where
                s1_0.student_id=a1_0.student_id 
                and s1_0.class_name=?)
        )
2026-06-10 15:49:07.282 [http-nio-0.0.0.0-8080-exec-1] DEBUG org.hibernate.SQL - 
    select
        count_big(a1_0.id) 
    from
        attendance a1_0 
    where
        a1_0.student_status=? 
        and a1_0.check_in_time between ? and ? 
        and (
            ? is null 
            or a1_0.course_id=?
        ) 
        and (
            ? is null 
            or ?='' 
            or exists(select
                s1_0.student_id from student s1_0 
            where
                s1_0.student_id=a1_0.student_id 
                and s1_0.class_name=?)
        )
2026-06-10 15:49:07.282 [http-nio-0.0.0.0-8080-exec-1] DEBUG org.hibernate.SQL - 
    select
        count_big(a1_0.id) 
    from
        attendance a1_0 
    where
        a1_0.student_status=? 
        and a1_0.check_in_time between ? and ? 
        and (
            ? is null 
            or a1_0.course_id=?
        ) 
        and (
            ? is null 
            or ?='' 
            or exists(select
                s1_0.student_id from student s1_0 
            where
                s1_0.student_id=a1_0.student_id 
                and s1_0.class_name=?)
        )
2026-06-10 15:49:07.288 [http-nio-0.0.0.0-8080-exec-1] DEBUG org.hibernate.SQL - 
    select
        count_big(a1_0.id) 
    from
        attendance a1_0 
    where
        a1_0.student_status=? 
        and a1_0.check_in_time between ? and ? 
        and (
            ? is null 
            or a1_0.course_id=?
        ) 
        and (
            ? is null 
            or ?='' 
            or exists(select
                s1_0.student_id from student s1_0 
            where
                s1_0.student_id=a1_0.student_id 
                and s1_0.class_name=?)
        )
2026-06-10 15:49:07.288 [http-nio-0.0.0.0-8080-exec-1] DEBUG org.hibernate.SQL - 
    select
        count_big(a1_0.id) 
    from
        attendance a1_0 
    where
        a1_0.student_status=? 
        and a1_0.check_in_time between ? and ? 
        and (
            ? is null 
            or a1_0.course_id=?
        ) 
        and (
            ? is null 
            or ?='' 
            or exists(select
                s1_0.student_id from student s1_0 
            where
                s1_0.student_id=a1_0.student_id 
                and s1_0.class_name=?)
        )
2026-06-10 15:49:07.288 [http-nio-0.0.0.0-8080-exec-1] DEBUG org.hibernate.SQL - 
    select
        count_big(a1_0.id) 
    from
        attendance a1_0 
    where
        a1_0.student_status=? 
        and a1_0.check_in_time between ? and ? 
        and (
            ? is null 
            or a1_0.course_id=?
        ) 
        and (
            ? is null 
            or ?='' 
            or exists(select
                s1_0.student_id from student s1_0 
            where
                s1_0.student_id=a1_0.student_id 
                and s1_0.class_name=?)
        )
2026-06-10 15:49:07.288 [http-nio-0.0.0.0-8080-exec-1] DEBUG org.hibernate.SQL - 
    select
        count_big(a1_0.id) 
    from
        attendance a1_0 
    where
        a1_0.student_status=? 
        and a1_0.check_in_time between ? and ? 
        and (
            ? is null 
            or a1_0.course_id=?
        ) 
        and (
            ? is null 
            or ?='' 
            or exists(select
                s1_0.student_id from student s1_0 
            where
                s1_0.student_id=a1_0.student_id 
                and s1_0.class_name=?)
        )
2026-06-10 15:49:07.288 [http-nio-0.0.0.0-8080-exec-1] DEBUG org.hibernate.SQL - 
    select
        count_big(a1_0.id) 
    from
        attendance a1_0 
    where
        a1_0.student_status=? 
        and a1_0.check_in_time between ? and ? 
        and (
            ? is null 
            or a1_0.course_id=?
        ) 
        and (
            ? is null 
            or ?='' 
            or exists(select
                s1_0.student_id from student s1_0 
            where
                s1_0.student_id=a1_0.student_id 
                and s1_0.class_name=?)
        )
2026-06-10 15:49:07.288 [http-nio-0.0.0.0-8080-exec-1] DEBUG org.hibernate.SQL - 
    select
        count_big(a1_0.id) 
    from
        attendance a1_0 
    where
        a1_0.student_status=? 
        and a1_0.check_in_time between ? and ? 
        and (
            ? is null 
            or a1_0.course_id=?
        ) 
        and (
            ? is null 
            or ?='' 
            or exists(select
                s1_0.student_id from student s1_0 
            where
                s1_0.student_id=a1_0.student_id 
                and s1_0.class_name=?)
        )
2026-06-10 15:49:07.288 [http-nio-0.0.0.0-8080-exec-1] DEBUG org.hibernate.SQL - 
    select
        distinct s1_0.class_name 
    from
        student s1_0 
    where
        s1_0.class_name is not null 
    order by
        s1_0.class_name
2026-06-10 15:49:07.288 [http-nio-0.0.0.0-8080-exec-1] DEBUG org.hibernate.SQL - 
    select
        count_big(a1_0.id) 
    from
        attendance a1_0 
    where
        a1_0.check_in_time between ? and ? 
        and (
            ? is null 
            or a1_0.course_id=?
        ) 
        and (
            ? is null 
            or ?='' 
            or exists(select
                s1_0.student_id from student s1_0 
            where
                s1_0.student_id=a1_0.student_id 
                and s1_0.class_name=?)
        )
2026-06-10 15:49:07.288 [http-nio-0.0.0.0-8080-exec-1] DEBUG org.hibernate.SQL - 
    select
        count_big(a1_0.id) 
    from
        attendance a1_0 
    where
        a1_0.student_status=? 
        and a1_0.check_in_time between ? and ? 
        and (
            ? is null 
            or a1_0.course_id=?
        ) 
        and (
            ? is null 
            or ?='' 
            or exists(select
                s1_0.student_id from student s1_0 
            where
                s1_0.student_id=a1_0.student_id 
                and s1_0.class_name=?)
        )
2026-06-10 15:49:07.288 [http-nio-0.0.0.0-8080-exec-1] DEBUG org.hibernate.SQL - 
    select
        count_big(a1_0.id) 
    from
        attendance a1_0 
    where
        a1_0.check_in_time between ? and ? 
        and (
            ? is null 
            or a1_0.course_id=?
        ) 
        and (
            ? is null 
            or ?='' 
            or exists(select
                s1_0.student_id from student s1_0 
            where
                s1_0.student_id=a1_0.student_id 
                and s1_0.class_name=?)
        )
2026-06-10 15:49:07.288 [http-nio-0.0.0.0-8080-exec-1] DEBUG org.hibernate.SQL - 
    select
        count_big(a1_0.id) 
    from
        attendance a1_0 
    where
        a1_0.student_status=? 
        and a1_0.check_in_time between ? and ? 
        and (
            ? is null 
            or a1_0.course_id=?
        ) 
        and (
            ? is null 
            or ?='' 
            or exists(select
                s1_0.student_id from student s1_0 
            where
                s1_0.student_id=a1_0.student_id 
                and s1_0.class_name=?)
        )
2026-06-10 15:49:07.288 [http-nio-0.0.0.0-8080-exec-1] DEBUG org.hibernate.SQL - 
    select
        count_big(a1_0.id) 
    from
        attendance a1_0 
    where
        a1_0.check_in_time between ? and ? 
        and (
            ? is null 
            or a1_0.course_id=?
        ) 
        and (
            ? is null 
            or ?='' 
            or exists(select
                s1_0.student_id from student s1_0 
            where
                s1_0.student_id=a1_0.student_id 
                and s1_0.class_name=?)
        )
2026-06-10 15:49:07.288 [http-nio-0.0.0.0-8080-exec-1] DEBUG org.hibernate.SQL - 
    select
        count_big(a1_0.id) 
    from
        attendance a1_0 
    where
        a1_0.student_status=? 
        and a1_0.check_in_time between ? and ? 
        and (
            ? is null 
            or a1_0.course_id=?
        ) 
        and (
            ? is null 
            or ?='' 
            or exists(select
                s1_0.student_id from student s1_0 
            where
                s1_0.student_id=a1_0.student_id 
                and s1_0.class_name=?)
        )
2026-06-10 15:49:07.296 [http-nio-0.0.0.0-8080-exec-1] DEBUG org.hibernate.SQL - 
    select
        count_big(a1_0.id) 
    from
        attendance a1_0 
    where
        a1_0.check_in_time between ? and ? 
        and (
            ? is null 
            or a1_0.course_id=?
        ) 
        and (
            ? is null 
            or ?='' 
            or exists(select
                s1_0.student_id from student s1_0 
            where
                s1_0.student_id=a1_0.student_id 
                and s1_0.class_name=?)
        )
2026-06-10 15:49:07.296 [http-nio-0.0.0.0-8080-exec-1] DEBUG org.hibernate.SQL - 
    select
        count_big(a1_0.id) 
    from
        attendance a1_0 
    where
        a1_0.student_status=? 
        and a1_0.check_in_time between ? and ? 
        and (
            ? is null 
            or a1_0.course_id=?
        ) 
        and (
            ? is null 
            or ?='' 
            or exists(select
                s1_0.student_id from student s1_0 
            where
                s1_0.student_id=a1_0.student_id 
                and s1_0.class_name=?)
        )
2026-06-10 15:49:07.298 [http-nio-0.0.0.0-8080-exec-1] DEBUG org.hibernate.SQL - 
    select
        count_big(a1_0.id) 
    from
        attendance a1_0 
    where
        a1_0.check_in_time between ? and ? 
        and (
            ? is null 
            or a1_0.course_id=?
        ) 
        and (
            ? is null 
            or ?='' 
            or exists(select
                s1_0.student_id from student s1_0 
            where
                s1_0.student_id=a1_0.student_id 
                and s1_0.class_name=?)
        )
2026-06-10 15:49:07.298 [http-nio-0.0.0.0-8080-exec-1] DEBUG org.hibernate.SQL - 
    select
        count_big(a1_0.id) 
    from
        attendance a1_0 
    where
        a1_0.student_status=? 
        and a1_0.check_in_time between ? and ? 
        and (
            ? is null 
            or a1_0.course_id=?
        ) 
        and (
            ? is null 
            or ?='' 
            or exists(select
                s1_0.student_id from student s1_0 
            where
                s1_0.student_id=a1_0.student_id 
                and s1_0.class_name=?)
        )
2026-06-10 15:49:07.298 [http-nio-0.0.0.0-8080-exec-1] DEBUG org.hibernate.SQL - 
    select
        count_big(a1_0.id) 
    from
        attendance a1_0 
    where
        a1_0.check_in_time between ? and ? 
        and (
            ? is null 
            or a1_0.course_id=?
        ) 
        and (
            ? is null 
            or ?='' 
            or exists(select
                s1_0.student_id from student s1_0 
            where
                s1_0.student_id=a1_0.student_id 
                and s1_0.class_name=?)
        )
2026-06-10 15:49:07.298 [http-nio-0.0.0.0-8080-exec-1] DEBUG org.hibernate.SQL - 
    select
        count_big(a1_0.id) 
    from
        attendance a1_0 
    where
        a1_0.student_status=? 
        and a1_0.check_in_time between ? and ? 
        and (
            ? is null 
            or a1_0.course_id=?
        ) 
        and (
            ? is null 
            or ?='' 
            or exists(select
                s1_0.student_id from student s1_0 
            where
                s1_0.student_id=a1_0.student_id 
                and s1_0.class_name=?)
        )
2026-06-10 15:49:07.298 [http-nio-0.0.0.0-8080-exec-1] DEBUG org.hibernate.SQL - 
    select
        count_big(a1_0.id) 
    from
        attendance a1_0 
    where
        a1_0.check_in_time between ? and ? 
        and (
            ? is null 
            or a1_0.course_id=?
        ) 
        and (
            ? is null 
            or ?='' 
            or exists(select
                s1_0.student_id from student s1_0 
            where
                s1_0.student_id=a1_0.student_id 
                and s1_0.class_name=?)
        )
2026-06-10 15:49:07.298 [http-nio-0.0.0.0-8080-exec-1] DEBUG org.hibernate.SQL - 
    select
        count_big(a1_0.id) 
    from
        attendance a1_0 
    where
        a1_0.student_status=? 
        and a1_0.check_in_time between ? and ? 
        and (
            ? is null 
            or a1_0.course_id=?
        ) 
        and (
            ? is null 
            or ?='' 
            or exists(select
                s1_0.student_id from student s1_0 
            where
                s1_0.student_id=a1_0.student_id 
                and s1_0.class_name=?)
        )
2026-06-10 15:49:07.298 [http-nio-0.0.0.0-8080-exec-1] DEBUG org.hibernate.SQL - 
    select
        count_big(a1_0.id) 
    from
        attendance a1_0 
    where
        a1_0.check_in_time between ? and ? 
        and (
            ? is null 
            or a1_0.course_id=?
        ) 
        and (
            ? is null 
            or ?='' 
            or exists(select
                s1_0.student_id from student s1_0 
            where
                s1_0.student_id=a1_0.student_id 
                and s1_0.class_name=?)
        )
2026-06-10 15:49:07.298 [http-nio-0.0.0.0-8080-exec-1] DEBUG org.hibernate.SQL - 
    select
        count_big(a1_0.id) 
    from
        attendance a1_0 
    where
        a1_0.student_status=? 
        and a1_0.check_in_time between ? and ? 
        and (
            ? is null 
            or a1_0.course_id=?
        ) 
        and (
            ? is null 
            or ?='' 
            or exists(select
                s1_0.student_id from student s1_0 
            where
                s1_0.student_id=a1_0.student_id 
                and s1_0.class_name=?)
        )
2026-06-10 15:49:07.298 [http-nio-0.0.0.0-8080-exec-1] DEBUG org.hibernate.SQL - 
    select
        count_big(a1_0.id) 
    from
        attendance a1_0 
    where
        a1_0.check_in_time between ? and ? 
        and (
            ? is null 
            or a1_0.course_id=?
        ) 
        and (
            ? is null 
            or ?='' 
            or exists(select
                s1_0.student_id from student s1_0 
            where
                s1_0.student_id=a1_0.student_id 
                and s1_0.class_name=?)
        )
2026-06-10 15:49:07.298 [http-nio-0.0.0.0-8080-exec-1] DEBUG org.hibernate.SQL - 
    select
        count_big(a1_0.id) 
    from
        attendance a1_0 
    where
        a1_0.student_status=? 
        and a1_0.check_in_time between ? and ? 
        and (
            ? is null 
            or a1_0.course_id=?
        ) 
        and (
            ? is null 
            or ?='' 
            or exists(select
                s1_0.student_id from student s1_0 
            where
                s1_0.student_id=a1_0.student_id 
                and s1_0.class_name=?)
        )
2026-06-10 15:49:07.298 [http-nio-0.0.0.0-8080-exec-1] DEBUG org.hibernate.SQL - 
    select
        count_big(a1_0.id) 
    from
        attendance a1_0 
    where
        a1_0.check_in_time between ? and ? 
        and (
            ? is null 
            or a1_0.course_id=?
        ) 
        and (
            ? is null 
            or ?='' 
            or exists(select
                s1_0.student_id from student s1_0 
            where
                s1_0.student_id=a1_0.student_id 
                and s1_0.class_name=?)
        )
2026-06-10 15:49:07.298 [http-nio-0.0.0.0-8080-exec-1] DEBUG org.hibernate.SQL - 
    select
        count_big(a1_0.id) 
    from
        attendance a1_0 
    where
        a1_0.student_status=? 
        and a1_0.check_in_time between ? and ? 
        and (
            ? is null 
            or a1_0.course_id=?
        ) 
        and (
            ? is null 
            or ?='' 
            or exists(select
                s1_0.student_id from student s1_0 
            where
                s1_0.student_id=a1_0.student_id 
                and s1_0.class_name=?)
        )
2026-06-10 15:49:07.298 [http-nio-0.0.0.0-8080-exec-1] DEBUG org.hibernate.SQL - 
    select
        count_big(a1_0.id) 
    from
        attendance a1_0 
    where
        a1_0.check_in_time between ? and ? 
        and (
            ? is null 
            or a1_0.course_id=?
        ) 
        and (
            ? is null 
            or ?='' 
            or exists(select
                s1_0.student_id from student s1_0 
            where
                s1_0.student_id=a1_0.student_id 
                and s1_0.class_name=?)
        )
2026-06-10 15:49:07.298 [http-nio-0.0.0.0-8080-exec-1] DEBUG org.hibernate.SQL - 
    select
        count_big(a1_0.id) 
    from
        attendance a1_0 
    where
        a1_0.student_status=? 
        and a1_0.check_in_time between ? and ? 
        and (
            ? is null 
            or a1_0.course_id=?
        ) 
        and (
            ? is null 
            or ?='' 
            or exists(select
                s1_0.student_id from student s1_0 
            where
                s1_0.student_id=a1_0.student_id 
                and s1_0.class_name=?)
        )
2026-06-10 15:49:07.298 [http-nio-0.0.0.0-8080-exec-1] DEBUG org.hibernate.SQL - 
    select
        count_big(a1_0.id) 
    from
        attendance a1_0 
    where
        a1_0.check_in_time between ? and ? 
        and (
            ? is null 
            or a1_0.course_id=?
        ) 
        and (
            ? is null 
            or ?='' 
            or exists(select
                s1_0.student_id from student s1_0 
            where
                s1_0.student_id=a1_0.student_id 
                and s1_0.class_name=?)
        )
2026-06-10 15:49:07.298 [http-nio-0.0.0.0-8080-exec-1] DEBUG org.hibernate.SQL - 
    select
        count_big(a1_0.id) 
    from
        attendance a1_0 
    where
        a1_0.student_status=? 
        and a1_0.check_in_time between ? and ? 
        and (
            ? is null 
            or a1_0.course_id=?
        ) 
        and (
            ? is null 
            or ?='' 
            or exists(select
                s1_0.student_id from student s1_0 
            where
                s1_0.student_id=a1_0.student_id 
                and s1_0.class_name=?)
        )
2026-06-10 15:49:07.298 [http-nio-0.0.0.0-8080-exec-1] DEBUG org.hibernate.SQL - 
    select
        count_big(a1_0.id) 
    from
        attendance a1_0 
    where
        a1_0.check_in_time between ? and ? 
        and (
            ? is null 
            or a1_0.course_id=?
        ) 
        and (
            ? is null 
            or ?='' 
            or exists(select
                s1_0.student_id from student s1_0 
            where
                s1_0.student_id=a1_0.student_id 
                and s1_0.class_name=?)
        )
2026-06-10 15:49:07.312 [http-nio-0.0.0.0-8080-exec-1] DEBUG org.hibernate.SQL - 
    select
        count_big(a1_0.id) 
    from
        attendance a1_0 
    where
        a1_0.student_status=? 
        and a1_0.check_in_time between ? and ? 
        and (
            ? is null 
            or a1_0.course_id=?
        ) 
        and (
            ? is null 
            or ?='' 
            or exists(select
                s1_0.student_id from student s1_0 
            where
                s1_0.student_id=a1_0.student_id 
                and s1_0.class_name=?)
        )
2026-06-10 15:49:07.312 [http-nio-0.0.0.0-8080-exec-1] DEBUG org.hibernate.SQL - 
    select
        count_big(a1_0.id) 
    from
        attendance a1_0 
    where
        a1_0.check_in_time between ? and ? 
        and (
            ? is null 
            or a1_0.course_id=?
        ) 
        and (
            ? is null 
            or ?='' 
            or exists(select
                s1_0.student_id from student s1_0 
            where
                s1_0.student_id=a1_0.student_id 
                and s1_0.class_name=?)
        )
2026-06-10 15:49:07.312 [http-nio-0.0.0.0-8080-exec-1] DEBUG org.hibernate.SQL - 
    select
        count_big(a1_0.id) 
    from
        attendance a1_0 
    where
        a1_0.student_status=? 
        and a1_0.check_in_time between ? and ? 
        and (
            ? is null 
            or a1_0.course_id=?
        ) 
        and (
            ? is null 
            or ?='' 
            or exists(select
                s1_0.student_id from student s1_0 
            where
                s1_0.student_id=a1_0.student_id 
                and s1_0.class_name=?)
        )
2026-06-10 15:49:07.315 [http-nio-0.0.0.0-8080-exec-1] DEBUG org.hibernate.SQL - 
    select
        a1_0.course_id,
        c1_0.course_name,
        count_big(a1_0.id) 
    from
        attendance a1_0 
    left join
        course c1_0 
            on a1_0.course_id=c1_0.course_id 
    where
        a1_0.check_in_time between ? and ? 
        and (
            ? is null 
            or ?='' 
            or exists(select
                s1_0.student_id from student s1_0 
            where
                s1_0.student_id=a1_0.student_id 
                and s1_0.class_name=?)
        ) 
    group by
        a1_0.course_id,
        c1_0.course_name 
    order by
        count_big(a1_0.id) desc
2026-06-10 15:49:14.277 [http-nio-0.0.0.0-8080-exec-6] DEBUG org.hibernate.SQL - 
    select
        u1_0.id,
        u1_0.class_name,
        u1_0.create_time,
        u1_0.gender,
        u1_0.real_name,
        u1_0.username,
        u1_0.userpassword,
        u1_0.userrole 
    from
        my_user u1_0 
    where
        u1_0.username=?
2026-06-10 15:49:14.282 [http-nio-0.0.0.0-8080-exec-6] DEBUG org.hibernate.SQL - 
    select
        count_big(*) 
    from
        student s1_0
2026-06-10 15:49:14.282 [http-nio-0.0.0.0-8080-exec-6] DEBUG org.hibernate.SQL - 
    select
        count_big(a1_0.id) 
    from
        attendance a1_0 
    where
        a1_0.check_in_time between ? and ? 
        and (
            ? is null 
            or a1_0.course_id=?
        ) 
        and (
            ? is null 
            or ?='' 
            or exists(select
                s1_0.student_id from student s1_0 
            where
                s1_0.student_id=a1_0.student_id 
                and s1_0.class_name=?)
        )
2026-06-10 15:49:14.282 [http-nio-0.0.0.0-8080-exec-6] DEBUG org.hibernate.SQL - 
    select
        count_big(a1_0.id) 
    from
        attendance a1_0 
    where
        a1_0.student_status=? 
        and a1_0.check_in_time between ? and ? 
        and (
            ? is null 
            or a1_0.course_id=?
        ) 
        and (
            ? is null 
            or ?='' 
            or exists(select
                s1_0.student_id from student s1_0 
            where
                s1_0.student_id=a1_0.student_id 
                and s1_0.class_name=?)
        )
2026-06-10 15:49:14.282 [http-nio-0.0.0.0-8080-exec-6] DEBUG org.hibernate.SQL - 
    select
        count_big(a1_0.id) 
    from
        attendance a1_0 
    where
        a1_0.student_status=? 
        and a1_0.check_in_time between ? and ? 
        and (
            ? is null 
            or a1_0.course_id=?
        ) 
        and (
            ? is null 
            or ?='' 
            or exists(select
                s1_0.student_id from student s1_0 
            where
                s1_0.student_id=a1_0.student_id 
                and s1_0.class_name=?)
        )
2026-06-10 15:49:14.282 [http-nio-0.0.0.0-8080-exec-6] DEBUG org.hibernate.SQL - 
    select
        count_big(a1_0.id) 
    from
        attendance a1_0 
    where
        a1_0.student_status=? 
        and a1_0.check_in_time between ? and ? 
        and (
            ? is null 
            or a1_0.course_id=?
        ) 
        and (
            ? is null 
            or ?='' 
            or exists(select
                s1_0.student_id from student s1_0 
            where
                s1_0.student_id=a1_0.student_id 
                and s1_0.class_name=?)
        )
2026-06-10 15:49:14.282 [http-nio-0.0.0.0-8080-exec-6] DEBUG org.hibernate.SQL - 
    select
        count_big(a1_0.id) 
    from
        attendance a1_0 
    where
        a1_0.student_status=? 
        and a1_0.check_in_time between ? and ? 
        and (
            ? is null 
            or a1_0.course_id=?
        ) 
        and (
            ? is null 
            or ?='' 
            or exists(select
                s1_0.student_id from student s1_0 
            where
                s1_0.student_id=a1_0.student_id 
                and s1_0.class_name=?)
        )
2026-06-10 15:49:14.282 [http-nio-0.0.0.0-8080-exec-6] DEBUG org.hibernate.SQL - 
    select
        count_big(a1_0.id) 
    from
        attendance a1_0 
    where
        a1_0.student_status=? 
        and a1_0.check_in_time between ? and ? 
        and (
            ? is null 
            or a1_0.course_id=?
        ) 
        and (
            ? is null 
            or ?='' 
            or exists(select
                s1_0.student_id from student s1_0 
            where
                s1_0.student_id=a1_0.student_id 
                and s1_0.class_name=?)
        )
2026-06-10 15:49:14.282 [http-nio-0.0.0.0-8080-exec-6] DEBUG org.hibernate.SQL - 
    select
        count_big(a1_0.id) 
    from
        attendance a1_0 
    where
        a1_0.student_status=? 
        and a1_0.check_in_time between ? and ? 
        and (
            ? is null 
            or a1_0.course_id=?
        ) 
        and (
            ? is null 
            or ?='' 
            or exists(select
                s1_0.student_id from student s1_0 
            where
                s1_0.student_id=a1_0.student_id 
                and s1_0.class_name=?)
        )
2026-06-10 15:49:14.282 [http-nio-0.0.0.0-8080-exec-6] DEBUG org.hibernate.SQL - 
    select
        count_big(a1_0.id) 
    from
        attendance a1_0 
    where
        a1_0.student_status=? 
        and a1_0.check_in_time between ? and ? 
        and (
            ? is null 
            or a1_0.course_id=?
        ) 
        and (
            ? is null 
            or ?='' 
            or exists(select
                s1_0.student_id from student s1_0 
            where
                s1_0.student_id=a1_0.student_id 
                and s1_0.class_name=?)
        )
2026-06-10 15:49:14.290 [http-nio-0.0.0.0-8080-exec-6] DEBUG org.hibernate.SQL - 
    select
        count_big(a1_0.id) 
    from
        attendance a1_0 
    where
        a1_0.student_status=? 
        and a1_0.check_in_time between ? and ? 
        and (
            ? is null 
            or a1_0.course_id=?
        ) 
        and (
            ? is null 
            or ?='' 
            or exists(select
                s1_0.student_id from student s1_0 
            where
                s1_0.student_id=a1_0.student_id 
                and s1_0.class_name=?)
        )
2026-06-10 15:49:14.290 [http-nio-0.0.0.0-8080-exec-6] DEBUG org.hibernate.SQL - 
    select
        count_big(a1_0.id) 
    from
        attendance a1_0 
    where
        a1_0.student_status=? 
        and a1_0.check_in_time between ? and ? 
        and (
            ? is null 
            or a1_0.course_id=?
        ) 
        and (
            ? is null 
            or ?='' 
            or exists(select
                s1_0.student_id from student s1_0 
            where
                s1_0.student_id=a1_0.student_id 
                and s1_0.class_name=?)
        )
2026-06-10 15:49:14.290 [http-nio-0.0.0.0-8080-exec-6] DEBUG org.hibernate.SQL - 
    select
        count_big(a1_0.id) 
    from
        attendance a1_0 
    where
        a1_0.student_status=? 
        and a1_0.check_in_time between ? and ? 
        and (
            ? is null 
            or a1_0.course_id=?
        ) 
        and (
            ? is null 
            or ?='' 
            or exists(select
                s1_0.student_id from student s1_0 
            where
                s1_0.student_id=a1_0.student_id 
                and s1_0.class_name=?)
        )
2026-06-10 15:49:14.290 [http-nio-0.0.0.0-8080-exec-6] DEBUG org.hibernate.SQL - 
    select
        count_big(a1_0.id) 
    from
        attendance a1_0 
    where
        a1_0.student_status=? 
        and a1_0.check_in_time between ? and ? 
        and (
            ? is null 
            or a1_0.course_id=?
        ) 
        and (
            ? is null 
            or ?='' 
            or exists(select
                s1_0.student_id from student s1_0 
            where
                s1_0.student_id=a1_0.student_id 
                and s1_0.class_name=?)
        )
2026-06-10 15:49:14.290 [http-nio-0.0.0.0-8080-exec-6] DEBUG org.hibernate.SQL - 
    select
        count_big(a1_0.id) 
    from
        attendance a1_0 
    where
        a1_0.student_status=? 
        and a1_0.check_in_time between ? and ? 
        and (
            ? is null 
            or a1_0.course_id=?
        ) 
        and (
            ? is null 
            or ?='' 
            or exists(select
                s1_0.student_id from student s1_0 
            where
                s1_0.student_id=a1_0.student_id 
                and s1_0.class_name=?)
        )
2026-06-10 15:49:14.290 [http-nio-0.0.0.0-8080-exec-6] DEBUG org.hibernate.SQL - 
    select
        count_big(a1_0.id) 
    from
        attendance a1_0 
    where
        a1_0.student_status=? 
        and a1_0.check_in_time between ? and ? 
        and (
            ? is null 
            or a1_0.course_id=?
        ) 
        and (
            ? is null 
            or ?='' 
            or exists(select
                s1_0.student_id from student s1_0 
            where
                s1_0.student_id=a1_0.student_id 
                and s1_0.class_name=?)
        )
2026-06-10 15:49:14.290 [http-nio-0.0.0.0-8080-exec-6] DEBUG org.hibernate.SQL - 
    select
        count_big(a1_0.id) 
    from
        attendance a1_0 
    where
        a1_0.student_status=? 
        and a1_0.check_in_time between ? and ? 
        and (
            ? is null 
            or a1_0.course_id=?
        ) 
        and (
            ? is null 
            or ?='' 
            or exists(select
                s1_0.student_id from student s1_0 
            where
                s1_0.student_id=a1_0.student_id 
                and s1_0.class_name=?)
        )
2026-06-10 15:49:14.290 [http-nio-0.0.0.0-8080-exec-6] DEBUG org.hibernate.SQL - 
    select
        count_big(a1_0.id) 
    from
        attendance a1_0 
    where
        a1_0.student_status=? 
        and a1_0.check_in_time between ? and ? 
        and (
            ? is null 
            or a1_0.course_id=?
        ) 
        and (
            ? is null 
            or ?='' 
            or exists(select
                s1_0.student_id from student s1_0 
            where
                s1_0.student_id=a1_0.student_id 
                and s1_0.class_name=?)
        )
2026-06-10 15:49:14.290 [http-nio-0.0.0.0-8080-exec-6] DEBUG org.hibernate.SQL - 
    select
        count_big(a1_0.id) 
    from
        attendance a1_0 
    where
        a1_0.student_status=? 
        and a1_0.check_in_time between ? and ? 
        and (
            ? is null 
            or a1_0.course_id=?
        ) 
        and (
            ? is null 
            or ?='' 
            or exists(select
                s1_0.student_id from student s1_0 
            where
                s1_0.student_id=a1_0.student_id 
                and s1_0.class_name=?)
        )
2026-06-10 15:49:14.290 [http-nio-0.0.0.0-8080-exec-6] DEBUG org.hibernate.SQL - 
    select
        count_big(a1_0.id) 
    from
        attendance a1_0 
    where
        a1_0.student_status=? 
        and a1_0.check_in_time between ? and ? 
        and (
            ? is null 
            or a1_0.course_id=?
        ) 
        and (
            ? is null 
            or ?='' 
            or exists(select
                s1_0.student_id from student s1_0 
            where
                s1_0.student_id=a1_0.student_id 
                and s1_0.class_name=?)
        )
2026-06-10 15:49:14.290 [http-nio-0.0.0.0-8080-exec-6] DEBUG org.hibernate.SQL - 
    select
        count_big(a1_0.id) 
    from
        attendance a1_0 
    where
        a1_0.student_status=? 
        and a1_0.check_in_time between ? and ? 
        and (
            ? is null 
            or a1_0.course_id=?
        ) 
        and (
            ? is null 
            or ?='' 
            or exists(select
                s1_0.student_id from student s1_0 
            where
                s1_0.student_id=a1_0.student_id 
                and s1_0.class_name=?)
        )
2026-06-10 15:49:14.290 [http-nio-0.0.0.0-8080-exec-6] DEBUG org.hibernate.SQL - 
    select
        count_big(a1_0.id) 
    from
        attendance a1_0 
    where
        a1_0.student_status=? 
        and a1_0.check_in_time between ? and ? 
        and (
            ? is null 
            or a1_0.course_id=?
        ) 
        and (
            ? is null 
            or ?='' 
            or exists(select
                s1_0.student_id from student s1_0 
            where
                s1_0.student_id=a1_0.student_id 
                and s1_0.class_name=?)
        )
2026-06-10 15:49:14.290 [http-nio-0.0.0.0-8080-exec-6] DEBUG org.hibernate.SQL - 
    select
        count_big(a1_0.id) 
    from
        attendance a1_0 
    where
        a1_0.student_status=? 
        and a1_0.check_in_time between ? and ? 
        and (
            ? is null 
            or a1_0.course_id=?
        ) 
        and (
            ? is null 
            or ?='' 
            or exists(select
                s1_0.student_id from student s1_0 
            where
                s1_0.student_id=a1_0.student_id 
                and s1_0.class_name=?)
        )
2026-06-10 15:49:14.290 [http-nio-0.0.0.0-8080-exec-6] DEBUG org.hibernate.SQL - 
    select
        count_big(a1_0.id) 
    from
        attendance a1_0 
    where
        a1_0.student_status=? 
        and a1_0.check_in_time between ? and ? 
        and (
            ? is null 
            or a1_0.course_id=?
        ) 
        and (
            ? is null 
            or ?='' 
            or exists(select
                s1_0.student_id from student s1_0 
            where
                s1_0.student_id=a1_0.student_id 
                and s1_0.class_name=?)
        )
2026-06-10 15:49:14.298 [http-nio-0.0.0.0-8080-exec-6] DEBUG org.hibernate.SQL - 
    select
        count_big(a1_0.id) 
    from
        attendance a1_0 
    where
        a1_0.student_status=? 
        and a1_0.check_in_time between ? and ? 
        and (
            ? is null 
            or a1_0.course_id=?
        ) 
        and (
            ? is null 
            or ?='' 
            or exists(select
                s1_0.student_id from student s1_0 
            where
                s1_0.student_id=a1_0.student_id 
                and s1_0.class_name=?)
        )
2026-06-10 15:49:14.298 [http-nio-0.0.0.0-8080-exec-6] DEBUG org.hibernate.SQL - 
    select
        count_big(a1_0.id) 
    from
        attendance a1_0 
    where
        a1_0.student_status=? 
        and a1_0.check_in_time between ? and ? 
        and (
            ? is null 
            or a1_0.course_id=?
        ) 
        and (
            ? is null 
            or ?='' 
            or exists(select
                s1_0.student_id from student s1_0 
            where
                s1_0.student_id=a1_0.student_id 
                and s1_0.class_name=?)
        )
2026-06-10 15:49:14.298 [http-nio-0.0.0.0-8080-exec-6] DEBUG org.hibernate.SQL - 
    select
        count_big(a1_0.id) 
    from
        attendance a1_0 
    where
        a1_0.student_status=? 
        and a1_0.check_in_time between ? and ? 
        and (
            ? is null 
            or a1_0.course_id=?
        ) 
        and (
            ? is null 
            or ?='' 
            or exists(select
                s1_0.student_id from student s1_0 
            where
                s1_0.student_id=a1_0.student_id 
                and s1_0.class_name=?)
        )
2026-06-10 15:49:14.298 [http-nio-0.0.0.0-8080-exec-6] DEBUG org.hibernate.SQL - 
    select
        count_big(a1_0.id) 
    from
        attendance a1_0 
    where
        a1_0.student_status=? 
        and a1_0.check_in_time between ? and ? 
        and (
            ? is null 
            or a1_0.course_id=?
        ) 
        and (
            ? is null 
            or ?='' 
            or exists(select
                s1_0.student_id from student s1_0 
            where
                s1_0.student_id=a1_0.student_id 
                and s1_0.class_name=?)
        )
2026-06-10 15:49:14.298 [http-nio-0.0.0.0-8080-exec-6] DEBUG org.hibernate.SQL - 
    select
        count_big(a1_0.id) 
    from
        attendance a1_0 
    where
        a1_0.student_status=? 
        and a1_0.check_in_time between ? and ? 
        and (
            ? is null 
            or a1_0.course_id=?
        ) 
        and (
            ? is null 
            or ?='' 
            or exists(select
                s1_0.student_id from student s1_0 
            where
                s1_0.student_id=a1_0.student_id 
                and s1_0.class_name=?)
        )
2026-06-10 15:49:14.298 [http-nio-0.0.0.0-8080-exec-6] DEBUG org.hibernate.SQL - 
    select
        count_big(a1_0.id) 
    from
        attendance a1_0 
    where
        a1_0.student_status=? 
        and a1_0.check_in_time between ? and ? 
        and (
            ? is null 
            or a1_0.course_id=?
        ) 
        and (
            ? is null 
            or ?='' 
            or exists(select
                s1_0.student_id from student s1_0 
            where
                s1_0.student_id=a1_0.student_id 
                and s1_0.class_name=?)
        )
2026-06-10 15:49:14.298 [http-nio-0.0.0.0-8080-exec-6] DEBUG org.hibernate.SQL - 
    select
        count_big(a1_0.id) 
    from
        attendance a1_0 
    where
        a1_0.student_status=? 
        and a1_0.check_in_time between ? and ? 
        and (
            ? is null 
            or a1_0.course_id=?
        ) 
        and (
            ? is null 
            or ?='' 
            or exists(select
                s1_0.student_id from student s1_0 
            where
                s1_0.student_id=a1_0.student_id 
                and s1_0.class_name=?)
        )
2026-06-10 15:49:14.298 [http-nio-0.0.0.0-8080-exec-6] DEBUG org.hibernate.SQL - 
    select
        count_big(a1_0.id) 
    from
        attendance a1_0 
    where
        a1_0.student_status=? 
        and a1_0.check_in_time between ? and ? 
        and (
            ? is null 
            or a1_0.course_id=?
        ) 
        and (
            ? is null 
            or ?='' 
            or exists(select
                s1_0.student_id from student s1_0 
            where
                s1_0.student_id=a1_0.student_id 
                and s1_0.class_name=?)
        )
2026-06-10 15:49:14.298 [http-nio-0.0.0.0-8080-exec-6] DEBUG org.hibernate.SQL - 
    select
        count_big(a1_0.id) 
    from
        attendance a1_0 
    where
        a1_0.student_status=? 
        and a1_0.check_in_time between ? and ? 
        and (
            ? is null 
            or a1_0.course_id=?
        ) 
        and (
            ? is null 
            or ?='' 
            or exists(select
                s1_0.student_id from student s1_0 
            where
                s1_0.student_id=a1_0.student_id 
                and s1_0.class_name=?)
        )
2026-06-10 15:49:14.298 [http-nio-0.0.0.0-8080-exec-6] DEBUG org.hibernate.SQL - 
    select
        count_big(a1_0.id) 
    from
        attendance a1_0 
    where
        a1_0.student_status=? 
        and a1_0.check_in_time between ? and ? 
        and (
            ? is null 
            or a1_0.course_id=?
        ) 
        and (
            ? is null 
            or ?='' 
            or exists(select
                s1_0.student_id from student s1_0 
            where
                s1_0.student_id=a1_0.student_id 
                and s1_0.class_name=?)
        )
2026-06-10 15:49:14.306 [http-nio-0.0.0.0-8080-exec-6] DEBUG org.hibernate.SQL - 
    select
        count_big(a1_0.id) 
    from
        attendance a1_0 
    where
        a1_0.student_status=? 
        and a1_0.check_in_time between ? and ? 
        and (
            ? is null 
            or a1_0.course_id=?
        ) 
        and (
            ? is null 
            or ?='' 
            or exists(select
                s1_0.student_id from student s1_0 
            where
                s1_0.student_id=a1_0.student_id 
                and s1_0.class_name=?)
        )
2026-06-10 15:49:14.306 [http-nio-0.0.0.0-8080-exec-6] DEBUG org.hibernate.SQL - 
    select
        count_big(a1_0.id) 
    from
        attendance a1_0 
    where
        a1_0.student_status=? 
        and a1_0.check_in_time between ? and ? 
        and (
            ? is null 
            or a1_0.course_id=?
        ) 
        and (
            ? is null 
            or ?='' 
            or exists(select
                s1_0.student_id from student s1_0 
            where
                s1_0.student_id=a1_0.student_id 
                and s1_0.class_name=?)
        )
2026-06-10 15:49:14.306 [http-nio-0.0.0.0-8080-exec-6] DEBUG org.hibernate.SQL - 
    select
        count_big(a1_0.id) 
    from
        attendance a1_0 
    where
        a1_0.student_status=? 
        and a1_0.check_in_time between ? and ? 
        and (
            ? is null 
            or a1_0.course_id=?
        ) 
        and (
            ? is null 
            or ?='' 
            or exists(select
                s1_0.student_id from student s1_0 
            where
                s1_0.student_id=a1_0.student_id 
                and s1_0.class_name=?)
        )
2026-06-10 15:49:14.306 [http-nio-0.0.0.0-8080-exec-6] DEBUG org.hibernate.SQL - 
    select
        count_big(a1_0.id) 
    from
        attendance a1_0 
    where
        a1_0.student_status=? 
        and a1_0.check_in_time between ? and ? 
        and (
            ? is null 
            or a1_0.course_id=?
        ) 
        and (
            ? is null 
            or ?='' 
            or exists(select
                s1_0.student_id from student s1_0 
            where
                s1_0.student_id=a1_0.student_id 
                and s1_0.class_name=?)
        )
2026-06-10 15:49:14.306 [http-nio-0.0.0.0-8080-exec-6] DEBUG org.hibernate.SQL - 
    select
        count_big(a1_0.id) 
    from
        attendance a1_0 
    where
        a1_0.student_status=? 
        and a1_0.check_in_time between ? and ? 
        and (
            ? is null 
            or a1_0.course_id=?
        ) 
        and (
            ? is null 
            or ?='' 
            or exists(select
                s1_0.student_id from student s1_0 
            where
                s1_0.student_id=a1_0.student_id 
                and s1_0.class_name=?)
        )
2026-06-10 15:49:14.306 [http-nio-0.0.0.0-8080-exec-6] DEBUG org.hibernate.SQL - 
    select
        count_big(a1_0.id) 
    from
        attendance a1_0 
    where
        a1_0.student_status=? 
        and a1_0.check_in_time between ? and ? 
        and (
            ? is null 
            or a1_0.course_id=?
        ) 
        and (
            ? is null 
            or ?='' 
            or exists(select
                s1_0.student_id from student s1_0 
            where
                s1_0.student_id=a1_0.student_id 
                and s1_0.class_name=?)
        )
2026-06-10 15:49:14.306 [http-nio-0.0.0.0-8080-exec-6] DEBUG org.hibernate.SQL - 
    select
        count_big(a1_0.id) 
    from
        attendance a1_0 
    where
        a1_0.student_status=? 
        and a1_0.check_in_time between ? and ? 
        and (
            ? is null 
            or a1_0.course_id=?
        ) 
        and (
            ? is null 
            or ?='' 
            or exists(select
                s1_0.student_id from student s1_0 
            where
                s1_0.student_id=a1_0.student_id 
                and s1_0.class_name=?)
        )
2026-06-10 15:49:14.306 [http-nio-0.0.0.0-8080-exec-6] DEBUG org.hibernate.SQL - 
    select
        count_big(a1_0.id) 
    from
        attendance a1_0 
    where
        a1_0.student_status=? 
        and a1_0.check_in_time between ? and ? 
        and (
            ? is null 
            or a1_0.course_id=?
        ) 
        and (
            ? is null 
            or ?='' 
            or exists(select
                s1_0.student_id from student s1_0 
            where
                s1_0.student_id=a1_0.student_id 
                and s1_0.class_name=?)
        )
2026-06-10 15:49:14.306 [http-nio-0.0.0.0-8080-exec-6] DEBUG org.hibernate.SQL - 
    select
        count_big(a1_0.id) 
    from
        attendance a1_0 
    where
        a1_0.student_status=? 
        and a1_0.check_in_time between ? and ? 
        and (
            ? is null 
            or a1_0.course_id=?
        ) 
        and (
            ? is null 
            or ?='' 
            or exists(select
                s1_0.student_id from student s1_0 
            where
                s1_0.student_id=a1_0.student_id 
                and s1_0.class_name=?)
        )
2026-06-10 15:49:14.306 [http-nio-0.0.0.0-8080-exec-6] DEBUG org.hibernate.SQL - 
    select
        count_big(a1_0.id) 
    from
        attendance a1_0 
    where
        a1_0.student_status=? 
        and a1_0.check_in_time between ? and ? 
        and (
            ? is null 
            or a1_0.course_id=?
        ) 
        and (
            ? is null 
            or ?='' 
            or exists(select
                s1_0.student_id from student s1_0 
            where
                s1_0.student_id=a1_0.student_id 
                and s1_0.class_name=?)
        )
2026-06-10 15:49:14.306 [http-nio-0.0.0.0-8080-exec-6] DEBUG org.hibernate.SQL - 
    select
        count_big(a1_0.id) 
    from
        attendance a1_0 
    where
        a1_0.student_status=? 
        and a1_0.check_in_time between ? and ? 
        and (
            ? is null 
            or a1_0.course_id=?
        ) 
        and (
            ? is null 
            or ?='' 
            or exists(select
                s1_0.student_id from student s1_0 
            where
                s1_0.student_id=a1_0.student_id 
                and s1_0.class_name=?)
        )
2026-06-10 15:49:14.306 [http-nio-0.0.0.0-8080-exec-6] DEBUG org.hibernate.SQL - 
    select
        count_big(a1_0.id) 
    from
        attendance a1_0 
    where
        a1_0.student_status=? 
        and a1_0.check_in_time between ? and ? 
        and (
            ? is null 
            or a1_0.course_id=?
        ) 
        and (
            ? is null 
            or ?='' 
            or exists(select
                s1_0.student_id from student s1_0 
            where
                s1_0.student_id=a1_0.student_id 
                and s1_0.class_name=?)
        )
2026-06-10 15:49:14.306 [http-nio-0.0.0.0-8080-exec-6] DEBUG org.hibernate.SQL - 
    select
        count_big(a1_0.id) 
    from
        attendance a1_0 
    where
        a1_0.student_status=? 
        and a1_0.check_in_time between ? and ? 
        and (
            ? is null 
            or a1_0.course_id=?
        ) 
        and (
            ? is null 
            or ?='' 
            or exists(select
                s1_0.student_id from student s1_0 
            where
                s1_0.student_id=a1_0.student_id 
                and s1_0.class_name=?)
        )
2026-06-10 15:49:14.314 [http-nio-0.0.0.0-8080-exec-6] DEBUG org.hibernate.SQL - 
    select
        count_big(a1_0.id) 
    from
        attendance a1_0 
    where
        a1_0.student_status=? 
        and a1_0.check_in_time between ? and ? 
        and (
            ? is null 
            or a1_0.course_id=?
        ) 
        and (
            ? is null 
            or ?='' 
            or exists(select
                s1_0.student_id from student s1_0 
            where
                s1_0.student_id=a1_0.student_id 
                and s1_0.class_name=?)
        )
2026-06-10 15:49:14.314 [http-nio-0.0.0.0-8080-exec-6] DEBUG org.hibernate.SQL - 
    select
        count_big(a1_0.id) 
    from
        attendance a1_0 
    where
        a1_0.student_status=? 
        and a1_0.check_in_time between ? and ? 
        and (
            ? is null 
            or a1_0.course_id=?
        ) 
        and (
            ? is null 
            or ?='' 
            or exists(select
                s1_0.student_id from student s1_0 
            where
                s1_0.student_id=a1_0.student_id 
                and s1_0.class_name=?)
        )
2026-06-10 15:49:14.314 [http-nio-0.0.0.0-8080-exec-6] DEBUG org.hibernate.SQL - 
    select
        count_big(a1_0.id) 
    from
        attendance a1_0 
    where
        a1_0.student_status=? 
        and a1_0.check_in_time between ? and ? 
        and (
            ? is null 
            or a1_0.course_id=?
        ) 
        and (
            ? is null 
            or ?='' 
            or exists(select
                s1_0.student_id from student s1_0 
            where
                s1_0.student_id=a1_0.student_id 
                and s1_0.class_name=?)
        )
2026-06-10 15:49:14.314 [http-nio-0.0.0.0-8080-exec-6] DEBUG org.hibernate.SQL - 
    select
        count_big(a1_0.id) 
    from
        attendance a1_0 
    where
        a1_0.student_status=? 
        and a1_0.check_in_time between ? and ? 
        and (
            ? is null 
            or a1_0.course_id=?
        ) 
        and (
            ? is null 
            or ?='' 
            or exists(select
                s1_0.student_id from student s1_0 
            where
                s1_0.student_id=a1_0.student_id 
                and s1_0.class_name=?)
        )
2026-06-10 15:49:14.314 [http-nio-0.0.0.0-8080-exec-6] DEBUG org.hibernate.SQL - 
    select
        count_big(a1_0.id) 
    from
        attendance a1_0 
    where
        a1_0.student_status=? 
        and a1_0.check_in_time between ? and ? 
        and (
            ? is null 
            or a1_0.course_id=?
        ) 
        and (
            ? is null 
            or ?='' 
            or exists(select
                s1_0.student_id from student s1_0 
            where
                s1_0.student_id=a1_0.student_id 
                and s1_0.class_name=?)
        )
2026-06-10 15:49:14.314 [http-nio-0.0.0.0-8080-exec-6] DEBUG org.hibernate.SQL - 
    select
        count_big(a1_0.id) 
    from
        attendance a1_0 
    where
        a1_0.student_status=? 
        and a1_0.check_in_time between ? and ? 
        and (
            ? is null 
            or a1_0.course_id=?
        ) 
        and (
            ? is null 
            or ?='' 
            or exists(select
                s1_0.student_id from student s1_0 
            where
                s1_0.student_id=a1_0.student_id 
                and s1_0.class_name=?)
        )
2026-06-10 15:49:14.314 [http-nio-0.0.0.0-8080-exec-6] DEBUG org.hibernate.SQL - 
    select
        count_big(a1_0.id) 
    from
        attendance a1_0 
    where
        a1_0.student_status=? 
        and a1_0.check_in_time between ? and ? 
        and (
            ? is null 
            or a1_0.course_id=?
        ) 
        and (
            ? is null 
            or ?='' 
            or exists(select
                s1_0.student_id from student s1_0 
            where
                s1_0.student_id=a1_0.student_id 
                and s1_0.class_name=?)
        )
2026-06-10 15:49:14.314 [http-nio-0.0.0.0-8080-exec-6] DEBUG org.hibernate.SQL - 
    select
        count_big(a1_0.id) 
    from
        attendance a1_0 
    where
        a1_0.student_status=? 
        and a1_0.check_in_time between ? and ? 
        and (
            ? is null 
            or a1_0.course_id=?
        ) 
        and (
            ? is null 
            or ?='' 
            or exists(select
                s1_0.student_id from student s1_0 
            where
                s1_0.student_id=a1_0.student_id 
                and s1_0.class_name=?)
        )
2026-06-10 15:49:14.314 [http-nio-0.0.0.0-8080-exec-6] DEBUG org.hibernate.SQL - 
    select
        count_big(a1_0.id) 
    from
        attendance a1_0 
    where
        a1_0.student_status=? 
        and a1_0.check_in_time between ? and ? 
        and (
            ? is null 
            or a1_0.course_id=?
        ) 
        and (
            ? is null 
            or ?='' 
            or exists(select
                s1_0.student_id from student s1_0 
            where
                s1_0.student_id=a1_0.student_id 
                and s1_0.class_name=?)
        )
2026-06-10 15:49:14.314 [http-nio-0.0.0.0-8080-exec-6] DEBUG org.hibernate.SQL - 
    select
        count_big(a1_0.id) 
    from
        attendance a1_0 
    where
        a1_0.student_status=? 
        and a1_0.check_in_time between ? and ? 
        and (
            ? is null 
            or a1_0.course_id=?
        ) 
        and (
            ? is null 
            or ?='' 
            or exists(select
                s1_0.student_id from student s1_0 
            where
                s1_0.student_id=a1_0.student_id 
                and s1_0.class_name=?)
        )
2026-06-10 15:49:14.314 [http-nio-0.0.0.0-8080-exec-6] DEBUG org.hibernate.SQL - 
    select
        count_big(a1_0.id) 
    from
        attendance a1_0 
    where
        a1_0.student_status=? 
        and a1_0.check_in_time between ? and ? 
        and (
            ? is null 
            or a1_0.course_id=?
        ) 
        and (
            ? is null 
            or ?='' 
            or exists(select
                s1_0.student_id from student s1_0 
            where
                s1_0.student_id=a1_0.student_id 
                and s1_0.class_name=?)
        )
2026-06-10 15:49:14.314 [http-nio-0.0.0.0-8080-exec-6] DEBUG org.hibernate.SQL - 
    select
        count_big(a1_0.id) 
    from
        attendance a1_0 
    where
        a1_0.student_status=? 
        and a1_0.check_in_time between ? and ? 
        and (
            ? is null 
            or a1_0.course_id=?
        ) 
        and (
            ? is null 
            or ?='' 
            or exists(select
                s1_0.student_id from student s1_0 
            where
                s1_0.student_id=a1_0.student_id 
                and s1_0.class_name=?)
        )
2026-06-10 15:49:14.314 [http-nio-0.0.0.0-8080-exec-6] DEBUG org.hibernate.SQL - 
    select
        count_big(a1_0.id) 
    from
        attendance a1_0 
    where
        a1_0.student_status=? 
        and a1_0.check_in_time between ? and ? 
        and (
            ? is null 
            or a1_0.course_id=?
        ) 
        and (
            ? is null 
            or ?='' 
            or exists(select
                s1_0.student_id from student s1_0 
            where
                s1_0.student_id=a1_0.student_id 
                and s1_0.class_name=?)
        )
2026-06-10 15:49:14.314 [http-nio-0.0.0.0-8080-exec-6] DEBUG org.hibernate.SQL - 
    select
        count_big(a1_0.id) 
    from
        attendance a1_0 
    where
        a1_0.student_status=? 
        and a1_0.check_in_time between ? and ? 
        and (
            ? is null 
            or a1_0.course_id=?
        ) 
        and (
            ? is null 
            or ?='' 
            or exists(select
                s1_0.student_id from student s1_0 
            where
                s1_0.student_id=a1_0.student_id 
                and s1_0.class_name=?)
        )
2026-06-10 15:49:14.314 [http-nio-0.0.0.0-8080-exec-6] DEBUG org.hibernate.SQL - 
    select
        count_big(a1_0.id) 
    from
        attendance a1_0 
    where
        a1_0.student_status=? 
        and a1_0.check_in_time between ? and ? 
        and (
            ? is null 
            or a1_0.course_id=?
        ) 
        and (
            ? is null 
            or ?='' 
            or exists(select
                s1_0.student_id from student s1_0 
            where
                s1_0.student_id=a1_0.student_id 
                and s1_0.class_name=?)
        )
2026-06-10 15:49:14.314 [http-nio-0.0.0.0-8080-exec-6] DEBUG org.hibernate.SQL - 
    select
        count_big(a1_0.id) 
    from
        attendance a1_0 
    where
        a1_0.student_status=? 
        and a1_0.check_in_time between ? and ? 
        and (
            ? is null 
            or a1_0.course_id=?
        ) 
        and (
            ? is null 
            or ?='' 
            or exists(select
                s1_0.student_id from student s1_0 
            where
                s1_0.student_id=a1_0.student_id 
                and s1_0.class_name=?)
        )
2026-06-10 15:49:14.314 [http-nio-0.0.0.0-8080-exec-6] DEBUG org.hibernate.SQL - 
    select
        count_big(a1_0.id) 
    from
        attendance a1_0 
    where
        a1_0.student_status=? 
        and a1_0.check_in_time between ? and ? 
        and (
            ? is null 
            or a1_0.course_id=?
        ) 
        and (
            ? is null 
            or ?='' 
            or exists(select
                s1_0.student_id from student s1_0 
            where
                s1_0.student_id=a1_0.student_id 
                and s1_0.class_name=?)
        )
2026-06-10 15:49:14.314 [http-nio-0.0.0.0-8080-exec-6] DEBUG org.hibernate.SQL - 
    select
        count_big(a1_0.id) 
    from
        attendance a1_0 
    where
        a1_0.student_status=? 
        and a1_0.check_in_time between ? and ? 
        and (
            ? is null 
            or a1_0.course_id=?
        ) 
        and (
            ? is null 
            or ?='' 
            or exists(select
                s1_0.student_id from student s1_0 
            where
                s1_0.student_id=a1_0.student_id 
                and s1_0.class_name=?)
        )
2026-06-10 15:49:14.314 [http-nio-0.0.0.0-8080-exec-6] DEBUG org.hibernate.SQL - 
    select
        count_big(a1_0.id) 
    from
        attendance a1_0 
    where
        a1_0.student_status=? 
        and a1_0.check_in_time between ? and ? 
        and (
            ? is null 
            or a1_0.course_id=?
        ) 
        and (
            ? is null 
            or ?='' 
            or exists(select
                s1_0.student_id from student s1_0 
            where
                s1_0.student_id=a1_0.student_id 
                and s1_0.class_name=?)
        )
2026-06-10 15:49:14.314 [http-nio-0.0.0.0-8080-exec-6] DEBUG org.hibernate.SQL - 
    select
        count_big(a1_0.id) 
    from
        attendance a1_0 
    where
        a1_0.student_status=? 
        and a1_0.check_in_time between ? and ? 
        and (
            ? is null 
            or a1_0.course_id=?
        ) 
        and (
            ? is null 
            or ?='' 
            or exists(select
                s1_0.student_id from student s1_0 
            where
                s1_0.student_id=a1_0.student_id 
                and s1_0.class_name=?)
        )
2026-06-10 15:49:14.314 [http-nio-0.0.0.0-8080-exec-6] DEBUG org.hibernate.SQL - 
    select
        count_big(a1_0.id) 
    from
        attendance a1_0 
    where
        a1_0.student_status=? 
        and a1_0.check_in_time between ? and ? 
        and (
            ? is null 
            or a1_0.course_id=?
        ) 
        and (
            ? is null 
            or ?='' 
            or exists(select
                s1_0.student_id from student s1_0 
            where
                s1_0.student_id=a1_0.student_id 
                and s1_0.class_name=?)
        )
2026-06-10 15:49:14.314 [http-nio-0.0.0.0-8080-exec-6] DEBUG org.hibernate.SQL - 
    select
        count_big(a1_0.id) 
    from
        attendance a1_0 
    where
        a1_0.student_status=? 
        and a1_0.check_in_time between ? and ? 
        and (
            ? is null 
            or a1_0.course_id=?
        ) 
        and (
            ? is null 
            or ?='' 
            or exists(select
                s1_0.student_id from student s1_0 
            where
                s1_0.student_id=a1_0.student_id 
                and s1_0.class_name=?)
        )
2026-06-10 15:49:14.314 [http-nio-0.0.0.0-8080-exec-6] DEBUG org.hibernate.SQL - 
    select
        count_big(a1_0.id) 
    from
        attendance a1_0 
    where
        a1_0.student_status=? 
        and a1_0.check_in_time between ? and ? 
        and (
            ? is null 
            or a1_0.course_id=?
        ) 
        and (
            ? is null 
            or ?='' 
            or exists(select
                s1_0.student_id from student s1_0 
            where
                s1_0.student_id=a1_0.student_id 
                and s1_0.class_name=?)
        )
2026-06-10 15:49:14.329 [http-nio-0.0.0.0-8080-exec-6] DEBUG org.hibernate.SQL - 
    select
        count_big(a1_0.id) 
    from
        attendance a1_0 
    where
        a1_0.student_status=? 
        and a1_0.check_in_time between ? and ? 
        and (
            ? is null 
            or a1_0.course_id=?
        ) 
        and (
            ? is null 
            or ?='' 
            or exists(select
                s1_0.student_id from student s1_0 
            where
                s1_0.student_id=a1_0.student_id 
                and s1_0.class_name=?)
        )
2026-06-10 15:49:14.329 [http-nio-0.0.0.0-8080-exec-6] DEBUG org.hibernate.SQL - 
    select
        count_big(a1_0.id) 
    from
        attendance a1_0 
    where
        a1_0.student_status=? 
        and a1_0.check_in_time between ? and ? 
        and (
            ? is null 
            or a1_0.course_id=?
        ) 
        and (
            ? is null 
            or ?='' 
            or exists(select
                s1_0.student_id from student s1_0 
            where
                s1_0.student_id=a1_0.student_id 
                and s1_0.class_name=?)
        )
2026-06-10 15:49:14.329 [http-nio-0.0.0.0-8080-exec-6] DEBUG org.hibernate.SQL - 
    select
        count_big(a1_0.id) 
    from
        attendance a1_0 
    where
        a1_0.student_status=? 
        and a1_0.check_in_time between ? and ? 
        and (
            ? is null 
            or a1_0.course_id=?
        ) 
        and (
            ? is null 
            or ?='' 
            or exists(select
                s1_0.student_id from student s1_0 
            where
                s1_0.student_id=a1_0.student_id 
                and s1_0.class_name=?)
        )
2026-06-10 15:49:14.329 [http-nio-0.0.0.0-8080-exec-6] DEBUG org.hibernate.SQL - 
    select
        count_big(a1_0.id) 
    from
        attendance a1_0 
    where
        a1_0.student_status=? 
        and a1_0.check_in_time between ? and ? 
        and (
            ? is null 
            or a1_0.course_id=?
        ) 
        and (
            ? is null 
            or ?='' 
            or exists(select
                s1_0.student_id from student s1_0 
            where
                s1_0.student_id=a1_0.student_id 
                and s1_0.class_name=?)
        )
2026-06-10 15:49:14.329 [http-nio-0.0.0.0-8080-exec-6] DEBUG org.hibernate.SQL - 
    select
        count_big(a1_0.id) 
    from
        attendance a1_0 
    where
        a1_0.student_status=? 
        and a1_0.check_in_time between ? and ? 
        and (
            ? is null 
            or a1_0.course_id=?
        ) 
        and (
            ? is null 
            or ?='' 
            or exists(select
                s1_0.student_id from student s1_0 
            where
                s1_0.student_id=a1_0.student_id 
                and s1_0.class_name=?)
        )
2026-06-10 15:49:14.329 [http-nio-0.0.0.0-8080-exec-6] DEBUG org.hibernate.SQL - 
    select
        count_big(a1_0.id) 
    from
        attendance a1_0 
    where
        a1_0.student_status=? 
        and a1_0.check_in_time between ? and ? 
        and (
            ? is null 
            or a1_0.course_id=?
        ) 
        and (
            ? is null 
            or ?='' 
            or exists(select
                s1_0.student_id from student s1_0 
            where
                s1_0.student_id=a1_0.student_id 
                and s1_0.class_name=?)
        )
2026-06-10 15:49:14.329 [http-nio-0.0.0.0-8080-exec-6] DEBUG org.hibernate.SQL - 
    select
        count_big(a1_0.id) 
    from
        attendance a1_0 
    where
        a1_0.student_status=? 
        and a1_0.check_in_time between ? and ? 
        and (
            ? is null 
            or a1_0.course_id=?
        ) 
        and (
            ? is null 
            or ?='' 
            or exists(select
                s1_0.student_id from student s1_0 
            where
                s1_0.student_id=a1_0.student_id 
                and s1_0.class_name=?)
        )
2026-06-10 15:49:14.329 [http-nio-0.0.0.0-8080-exec-6] DEBUG org.hibernate.SQL - 
    select
        count_big(a1_0.id) 
    from
        attendance a1_0 
    where
        a1_0.student_status=? 
        and a1_0.check_in_time between ? and ? 
        and (
            ? is null 
            or a1_0.course_id=?
        ) 
        and (
            ? is null 
            or ?='' 
            or exists(select
                s1_0.student_id from student s1_0 
            where
                s1_0.student_id=a1_0.student_id 
                and s1_0.class_name=?)
        )
2026-06-10 15:49:14.329 [http-nio-0.0.0.0-8080-exec-6] DEBUG org.hibernate.SQL - 
    select
        count_big(a1_0.id) 
    from
        attendance a1_0 
    where
        a1_0.student_status=? 
        and a1_0.check_in_time between ? and ? 
        and (
            ? is null 
            or a1_0.course_id=?
        ) 
        and (
            ? is null 
            or ?='' 
            or exists(select
                s1_0.student_id from student s1_0 
            where
                s1_0.student_id=a1_0.student_id 
                and s1_0.class_name=?)
        )
2026-06-10 15:49:14.329 [http-nio-0.0.0.0-8080-exec-6] DEBUG org.hibernate.SQL - 
    select
        count_big(a1_0.id) 
    from
        attendance a1_0 
    where
        a1_0.student_status=? 
        and a1_0.check_in_time between ? and ? 
        and (
            ? is null 
            or a1_0.course_id=?
        ) 
        and (
            ? is null 
            or ?='' 
            or exists(select
                s1_0.student_id from student s1_0 
            where
                s1_0.student_id=a1_0.student_id 
                and s1_0.class_name=?)
        )
2026-06-10 15:49:14.329 [http-nio-0.0.0.0-8080-exec-6] DEBUG org.hibernate.SQL - 
    select
        count_big(a1_0.id) 
    from
        attendance a1_0 
    where
        a1_0.student_status=? 
        and a1_0.check_in_time between ? and ? 
        and (
            ? is null 
            or a1_0.course_id=?
        ) 
        and (
            ? is null 
            or ?='' 
            or exists(select
                s1_0.student_id from student s1_0 
            where
                s1_0.student_id=a1_0.student_id 
                and s1_0.class_name=?)
        )
2026-06-10 15:49:14.329 [http-nio-0.0.0.0-8080-exec-6] DEBUG org.hibernate.SQL - 
    select
        count_big(a1_0.id) 
    from
        attendance a1_0 
    where
        a1_0.student_status=? 
        and a1_0.check_in_time between ? and ? 
        and (
            ? is null 
            or a1_0.course_id=?
        ) 
        and (
            ? is null 
            or ?='' 
            or exists(select
                s1_0.student_id from student s1_0 
            where
                s1_0.student_id=a1_0.student_id 
                and s1_0.class_name=?)
        )
2026-06-10 15:49:14.329 [http-nio-0.0.0.0-8080-exec-6] DEBUG org.hibernate.SQL - 
    select
        count_big(a1_0.id) 
    from
        attendance a1_0 
    where
        a1_0.student_status=? 
        and a1_0.check_in_time between ? and ? 
        and (
            ? is null 
            or a1_0.course_id=?
        ) 
        and (
            ? is null 
            or ?='' 
            or exists(select
                s1_0.student_id from student s1_0 
            where
                s1_0.student_id=a1_0.student_id 
                and s1_0.class_name=?)
        )
2026-06-10 15:49:14.329 [http-nio-0.0.0.0-8080-exec-6] DEBUG org.hibernate.SQL - 
    select
        count_big(a1_0.id) 
    from
        attendance a1_0 
    where
        a1_0.student_status=? 
        and a1_0.check_in_time between ? and ? 
        and (
            ? is null 
            or a1_0.course_id=?
        ) 
        and (
            ? is null 
            or ?='' 
            or exists(select
                s1_0.student_id from student s1_0 
            where
                s1_0.student_id=a1_0.student_id 
                and s1_0.class_name=?)
        )
2026-06-10 15:49:14.329 [http-nio-0.0.0.0-8080-exec-6] DEBUG org.hibernate.SQL - 
    select
        count_big(a1_0.id) 
    from
        attendance a1_0 
    where
        a1_0.student_status=? 
        and a1_0.check_in_time between ? and ? 
        and (
            ? is null 
            or a1_0.course_id=?
        ) 
        and (
            ? is null 
            or ?='' 
            or exists(select
                s1_0.student_id from student s1_0 
            where
                s1_0.student_id=a1_0.student_id 
                and s1_0.class_name=?)
        )
2026-06-10 15:49:14.329 [http-nio-0.0.0.0-8080-exec-6] DEBUG org.hibernate.SQL - 
    select
        count_big(a1_0.id) 
    from
        attendance a1_0 
    where
        a1_0.student_status=? 
        and a1_0.check_in_time between ? and ? 
        and (
            ? is null 
            or a1_0.course_id=?
        ) 
        and (
            ? is null 
            or ?='' 
            or exists(select
                s1_0.student_id from student s1_0 
            where
                s1_0.student_id=a1_0.student_id 
                and s1_0.class_name=?)
        )
2026-06-10 15:49:14.329 [http-nio-0.0.0.0-8080-exec-6] DEBUG org.hibernate.SQL - 
    select
        count_big(a1_0.id) 
    from
        attendance a1_0 
    where
        a1_0.student_status=? 
        and a1_0.check_in_time between ? and ? 
        and (
            ? is null 
            or a1_0.course_id=?
        ) 
        and (
            ? is null 
            or ?='' 
            or exists(select
                s1_0.student_id from student s1_0 
            where
                s1_0.student_id=a1_0.student_id 
                and s1_0.class_name=?)
        )
2026-06-10 15:49:14.329 [http-nio-0.0.0.0-8080-exec-6] DEBUG org.hibernate.SQL - 
    select
        count_big(a1_0.id) 
    from
        attendance a1_0 
    where
        a1_0.student_status=? 
        and a1_0.check_in_time between ? and ? 
        and (
            ? is null 
            or a1_0.course_id=?
        ) 
        and (
            ? is null 
            or ?='' 
            or exists(select
                s1_0.student_id from student s1_0 
            where
                s1_0.student_id=a1_0.student_id 
                and s1_0.class_name=?)
        )
2026-06-10 15:49:14.329 [http-nio-0.0.0.0-8080-exec-6] DEBUG org.hibernate.SQL - 
    select
        count_big(a1_0.id) 
    from
        attendance a1_0 
    where
        a1_0.student_status=? 
        and a1_0.check_in_time between ? and ? 
        and (
            ? is null 
            or a1_0.course_id=?
        ) 
        and (
            ? is null 
            or ?='' 
            or exists(select
                s1_0.student_id from student s1_0 
            where
                s1_0.student_id=a1_0.student_id 
                and s1_0.class_name=?)
        )
2026-06-10 15:49:14.329 [http-nio-0.0.0.0-8080-exec-6] DEBUG org.hibernate.SQL - 
    select
        count_big(a1_0.id) 
    from
        attendance a1_0 
    where
        a1_0.student_status=? 
        and a1_0.check_in_time between ? and ? 
        and (
            ? is null 
            or a1_0.course_id=?
        ) 
        and (
            ? is null 
            or ?='' 
            or exists(select
                s1_0.student_id from student s1_0 
            where
                s1_0.student_id=a1_0.student_id 
                and s1_0.class_name=?)
        )
2026-06-10 15:49:14.329 [http-nio-0.0.0.0-8080-exec-6] DEBUG org.hibernate.SQL - 
    select
        count_big(a1_0.id) 
    from
        attendance a1_0 
    where
        a1_0.student_status=? 
        and a1_0.check_in_time between ? and ? 
        and (
            ? is null 
            or a1_0.course_id=?
        ) 
        and (
            ? is null 
            or ?='' 
            or exists(select
                s1_0.student_id from student s1_0 
            where
                s1_0.student_id=a1_0.student_id 
                and s1_0.class_name=?)
        )
2026-06-10 15:49:14.345 [http-nio-0.0.0.0-8080-exec-6] DEBUG org.hibernate.SQL - 
    select
        count_big(a1_0.id) 
    from
        attendance a1_0 
    where
        a1_0.student_status=? 
        and a1_0.check_in_time between ? and ? 
        and (
            ? is null 
            or a1_0.course_id=?
        ) 
        and (
            ? is null 
            or ?='' 
            or exists(select
                s1_0.student_id from student s1_0 
            where
                s1_0.student_id=a1_0.student_id 
                and s1_0.class_name=?)
        )
2026-06-10 15:49:14.345 [http-nio-0.0.0.0-8080-exec-6] DEBUG org.hibernate.SQL - 
    select
        count_big(a1_0.id) 
    from
        attendance a1_0 
    where
        a1_0.student_status=? 
        and a1_0.check_in_time between ? and ? 
        and (
            ? is null 
            or a1_0.course_id=?
        ) 
        and (
            ? is null 
            or ?='' 
            or exists(select
                s1_0.student_id from student s1_0 
            where
                s1_0.student_id=a1_0.student_id 
                and s1_0.class_name=?)
        )
2026-06-10 15:49:14.345 [http-nio-0.0.0.0-8080-exec-6] DEBUG org.hibernate.SQL - 
    select
        count_big(a1_0.id) 
    from
        attendance a1_0 
    where
        a1_0.student_status=? 
        and a1_0.check_in_time between ? and ? 
        and (
            ? is null 
            or a1_0.course_id=?
        ) 
        and (
            ? is null 
            or ?='' 
            or exists(select
                s1_0.student_id from student s1_0 
            where
                s1_0.student_id=a1_0.student_id 
                and s1_0.class_name=?)
        )
2026-06-10 15:49:14.345 [http-nio-0.0.0.0-8080-exec-6] DEBUG org.hibernate.SQL - 
    select
        count_big(a1_0.id) 
    from
        attendance a1_0 
    where
        a1_0.student_status=? 
        and a1_0.check_in_time between ? and ? 
        and (
            ? is null 
            or a1_0.course_id=?
        ) 
        and (
            ? is null 
            or ?='' 
            or exists(select
                s1_0.student_id from student s1_0 
            where
                s1_0.student_id=a1_0.student_id 
                and s1_0.class_name=?)
        )
2026-06-10 15:49:14.345 [http-nio-0.0.0.0-8080-exec-6] DEBUG org.hibernate.SQL - 
    select
        count_big(a1_0.id) 
    from
        attendance a1_0 
    where
        a1_0.student_status=? 
        and a1_0.check_in_time between ? and ? 
        and (
            ? is null 
            or a1_0.course_id=?
        ) 
        and (
            ? is null 
            or ?='' 
            or exists(select
                s1_0.student_id from student s1_0 
            where
                s1_0.student_id=a1_0.student_id 
                and s1_0.class_name=?)
        )
2026-06-10 15:49:14.345 [http-nio-0.0.0.0-8080-exec-6] DEBUG org.hibernate.SQL - 
    select
        count_big(a1_0.id) 
    from
        attendance a1_0 
    where
        a1_0.student_status=? 
        and a1_0.check_in_time between ? and ? 
        and (
            ? is null 
            or a1_0.course_id=?
        ) 
        and (
            ? is null 
            or ?='' 
            or exists(select
                s1_0.student_id from student s1_0 
            where
                s1_0.student_id=a1_0.student_id 
                and s1_0.class_name=?)
        )
2026-06-10 15:49:14.345 [http-nio-0.0.0.0-8080-exec-6] DEBUG org.hibernate.SQL - 
    select
        count_big(a1_0.id) 
    from
        attendance a1_0 
    where
        a1_0.student_status=? 
        and a1_0.check_in_time between ? and ? 
        and (
            ? is null 
            or a1_0.course_id=?
        ) 
        and (
            ? is null 
            or ?='' 
            or exists(select
                s1_0.student_id from student s1_0 
            where
                s1_0.student_id=a1_0.student_id 
                and s1_0.class_name=?)
        )
2026-06-10 15:49:14.345 [http-nio-0.0.0.0-8080-exec-6] DEBUG org.hibernate.SQL - 
    select
        count_big(a1_0.id) 
    from
        attendance a1_0 
    where
        a1_0.student_status=? 
        and a1_0.check_in_time between ? and ? 
        and (
            ? is null 
            or a1_0.course_id=?
        ) 
        and (
            ? is null 
            or ?='' 
            or exists(select
                s1_0.student_id from student s1_0 
            where
                s1_0.student_id=a1_0.student_id 
                and s1_0.class_name=?)
        )
2026-06-10 15:49:14.345 [http-nio-0.0.0.0-8080-exec-6] DEBUG org.hibernate.SQL - 
    select
        count_big(a1_0.id) 
    from
        attendance a1_0 
    where
        a1_0.student_status=? 
        and a1_0.check_in_time between ? and ? 
        and (
            ? is null 
            or a1_0.course_id=?
        ) 
        and (
            ? is null 
            or ?='' 
            or exists(select
                s1_0.student_id from student s1_0 
            where
                s1_0.student_id=a1_0.student_id 
                and s1_0.class_name=?)
        )
2026-06-10 15:49:14.345 [http-nio-0.0.0.0-8080-exec-6] DEBUG org.hibernate.SQL - 
    select
        count_big(a1_0.id) 
    from
        attendance a1_0 
    where
        a1_0.student_status=? 
        and a1_0.check_in_time between ? and ? 
        and (
            ? is null 
            or a1_0.course_id=?
        ) 
        and (
            ? is null 
            or ?='' 
            or exists(select
                s1_0.student_id from student s1_0 
            where
                s1_0.student_id=a1_0.student_id 
                and s1_0.class_name=?)
        )
2026-06-10 15:49:14.345 [http-nio-0.0.0.0-8080-exec-6] DEBUG org.hibernate.SQL - 
    select
        count_big(a1_0.id) 
    from
        attendance a1_0 
    where
        a1_0.student_status=? 
        and a1_0.check_in_time between ? and ? 
        and (
            ? is null 
            or a1_0.course_id=?
        ) 
        and (
            ? is null 
            or ?='' 
            or exists(select
                s1_0.student_id from student s1_0 
            where
                s1_0.student_id=a1_0.student_id 
                and s1_0.class_name=?)
        )
2026-06-10 15:49:14.345 [http-nio-0.0.0.0-8080-exec-6] DEBUG org.hibernate.SQL - 
    select
        count_big(a1_0.id) 
    from
        attendance a1_0 
    where
        a1_0.student_status=? 
        and a1_0.check_in_time between ? and ? 
        and (
            ? is null 
            or a1_0.course_id=?
        ) 
        and (
            ? is null 
            or ?='' 
            or exists(select
                s1_0.student_id from student s1_0 
            where
                s1_0.student_id=a1_0.student_id 
                and s1_0.class_name=?)
        )
2026-06-10 15:49:14.345 [http-nio-0.0.0.0-8080-exec-6] DEBUG org.hibernate.SQL - 
    select
        distinct s1_0.class_name 
    from
        student s1_0 
    where
        s1_0.class_name is not null 
    order by
        s1_0.class_name
2026-06-10 15:49:14.345 [http-nio-0.0.0.0-8080-exec-6] DEBUG org.hibernate.SQL - 
    select
        count_big(a1_0.id) 
    from
        attendance a1_0 
    where
        a1_0.check_in_time between ? and ? 
        and (
            ? is null 
            or a1_0.course_id=?
        ) 
        and (
            ? is null 
            or ?='' 
            or exists(select
                s1_0.student_id from student s1_0 
            where
                s1_0.student_id=a1_0.student_id 
                and s1_0.class_name=?)
        )
2026-06-10 15:49:14.345 [http-nio-0.0.0.0-8080-exec-6] DEBUG org.hibernate.SQL - 
    select
        count_big(a1_0.id) 
    from
        attendance a1_0 
    where
        a1_0.student_status=? 
        and a1_0.check_in_time between ? and ? 
        and (
            ? is null 
            or a1_0.course_id=?
        ) 
        and (
            ? is null 
            or ?='' 
            or exists(select
                s1_0.student_id from student s1_0 
            where
                s1_0.student_id=a1_0.student_id 
                and s1_0.class_name=?)
        )
2026-06-10 15:49:14.345 [http-nio-0.0.0.0-8080-exec-6] DEBUG org.hibernate.SQL - 
    select
        count_big(a1_0.id) 
    from
        attendance a1_0 
    where
        a1_0.check_in_time between ? and ? 
        and (
            ? is null 
            or a1_0.course_id=?
        ) 
        and (
            ? is null 
            or ?='' 
            or exists(select
                s1_0.student_id from student s1_0 
            where
                s1_0.student_id=a1_0.student_id 
                and s1_0.class_name=?)
        )
2026-06-10 15:49:14.345 [http-nio-0.0.0.0-8080-exec-6] DEBUG org.hibernate.SQL - 
    select
        count_big(a1_0.id) 
    from
        attendance a1_0 
    where
        a1_0.student_status=? 
        and a1_0.check_in_time between ? and ? 
        and (
            ? is null 
            or a1_0.course_id=?
        ) 
        and (
            ? is null 
            or ?='' 
            or exists(select
                s1_0.student_id from student s1_0 
            where
                s1_0.student_id=a1_0.student_id 
                and s1_0.class_name=?)
        )
2026-06-10 15:49:14.345 [http-nio-0.0.0.0-8080-exec-6] DEBUG org.hibernate.SQL - 
    select
        count_big(a1_0.id) 
    from
        attendance a1_0 
    where
        a1_0.check_in_time between ? and ? 
        and (
            ? is null 
            or a1_0.course_id=?
        ) 
        and (
            ? is null 
            or ?='' 
            or exists(select
                s1_0.student_id from student s1_0 
            where
                s1_0.student_id=a1_0.student_id 
                and s1_0.class_name=?)
        )
2026-06-10 15:49:14.345 [http-nio-0.0.0.0-8080-exec-6] DEBUG org.hibernate.SQL - 
    select
        count_big(a1_0.id) 
    from
        attendance a1_0 
    where
        a1_0.student_status=? 
        and a1_0.check_in_time between ? and ? 
        and (
            ? is null 
            or a1_0.course_id=?
        ) 
        and (
            ? is null 
            or ?='' 
            or exists(select
                s1_0.student_id from student s1_0 
            where
                s1_0.student_id=a1_0.student_id 
                and s1_0.class_name=?)
        )
2026-06-10 15:49:14.345 [http-nio-0.0.0.0-8080-exec-6] DEBUG org.hibernate.SQL - 
    select
        count_big(a1_0.id) 
    from
        attendance a1_0 
    where
        a1_0.check_in_time between ? and ? 
        and (
            ? is null 
            or a1_0.course_id=?
        ) 
        and (
            ? is null 
            or ?='' 
            or exists(select
                s1_0.student_id from student s1_0 
            where
                s1_0.student_id=a1_0.student_id 
                and s1_0.class_name=?)
        )
2026-06-10 15:49:14.345 [http-nio-0.0.0.0-8080-exec-6] DEBUG org.hibernate.SQL - 
    select
        count_big(a1_0.id) 
    from
        attendance a1_0 
    where
        a1_0.student_status=? 
        and a1_0.check_in_time between ? and ? 
        and (
            ? is null 
            or a1_0.course_id=?
        ) 
        and (
            ? is null 
            or ?='' 
            or exists(select
                s1_0.student_id from student s1_0 
            where
                s1_0.student_id=a1_0.student_id 
                and s1_0.class_name=?)
        )
2026-06-10 15:49:14.361 [http-nio-0.0.0.0-8080-exec-6] DEBUG org.hibernate.SQL - 
    select
        count_big(a1_0.id) 
    from
        attendance a1_0 
    where
        a1_0.check_in_time between ? and ? 
        and (
            ? is null 
            or a1_0.course_id=?
        ) 
        and (
            ? is null 
            or ?='' 
            or exists(select
                s1_0.student_id from student s1_0 
            where
                s1_0.student_id=a1_0.student_id 
                and s1_0.class_name=?)
        )
2026-06-10 15:49:14.361 [http-nio-0.0.0.0-8080-exec-6] DEBUG org.hibernate.SQL - 
    select
        count_big(a1_0.id) 
    from
        attendance a1_0 
    where
        a1_0.student_status=? 
        and a1_0.check_in_time between ? and ? 
        and (
            ? is null 
            or a1_0.course_id=?
        ) 
        and (
            ? is null 
            or ?='' 
            or exists(select
                s1_0.student_id from student s1_0 
            where
                s1_0.student_id=a1_0.student_id 
                and s1_0.class_name=?)
        )
2026-06-10 15:49:14.361 [http-nio-0.0.0.0-8080-exec-6] DEBUG org.hibernate.SQL - 
    select
        count_big(a1_0.id) 
    from
        attendance a1_0 
    where
        a1_0.check_in_time between ? and ? 
        and (
            ? is null 
            or a1_0.course_id=?
        ) 
        and (
            ? is null 
            or ?='' 
            or exists(select
                s1_0.student_id from student s1_0 
            where
                s1_0.student_id=a1_0.student_id 
                and s1_0.class_name=?)
        )
2026-06-10 15:49:14.361 [http-nio-0.0.0.0-8080-exec-6] DEBUG org.hibernate.SQL - 
    select
        count_big(a1_0.id) 
    from
        attendance a1_0 
    where
        a1_0.student_status=? 
        and a1_0.check_in_time between ? and ? 
        and (
            ? is null 
            or a1_0.course_id=?
        ) 
        and (
            ? is null 
            or ?='' 
            or exists(select
                s1_0.student_id from student s1_0 
            where
                s1_0.student_id=a1_0.student_id 
                and s1_0.class_name=?)
        )
2026-06-10 15:49:14.361 [http-nio-0.0.0.0-8080-exec-6] DEBUG org.hibernate.SQL - 
    select
        count_big(a1_0.id) 
    from
        attendance a1_0 
    where
        a1_0.check_in_time between ? and ? 
        and (
            ? is null 
            or a1_0.course_id=?
        ) 
        and (
            ? is null 
            or ?='' 
            or exists(select
                s1_0.student_id from student s1_0 
            where
                s1_0.student_id=a1_0.student_id 
                and s1_0.class_name=?)
        )
2026-06-10 15:49:14.361 [http-nio-0.0.0.0-8080-exec-6] DEBUG org.hibernate.SQL - 
    select
        count_big(a1_0.id) 
    from
        attendance a1_0 
    where
        a1_0.student_status=? 
        and a1_0.check_in_time between ? and ? 
        and (
            ? is null 
            or a1_0.course_id=?
        ) 
        and (
            ? is null 
            or ?='' 
            or exists(select
                s1_0.student_id from student s1_0 
            where
                s1_0.student_id=a1_0.student_id 
                and s1_0.class_name=?)
        )
2026-06-10 15:49:14.361 [http-nio-0.0.0.0-8080-exec-6] DEBUG org.hibernate.SQL - 
    select
        count_big(a1_0.id) 
    from
        attendance a1_0 
    where
        a1_0.check_in_time between ? and ? 
        and (
            ? is null 
            or a1_0.course_id=?
        ) 
        and (
            ? is null 
            or ?='' 
            or exists(select
                s1_0.student_id from student s1_0 
            where
                s1_0.student_id=a1_0.student_id 
                and s1_0.class_name=?)
        )
2026-06-10 15:49:14.361 [http-nio-0.0.0.0-8080-exec-6] DEBUG org.hibernate.SQL - 
    select
        count_big(a1_0.id) 
    from
        attendance a1_0 
    where
        a1_0.student_status=? 
        and a1_0.check_in_time between ? and ? 
        and (
            ? is null 
            or a1_0.course_id=?
        ) 
        and (
            ? is null 
            or ?='' 
            or exists(select
                s1_0.student_id from student s1_0 
            where
                s1_0.student_id=a1_0.student_id 
                and s1_0.class_name=?)
        )
2026-06-10 15:49:14.361 [http-nio-0.0.0.0-8080-exec-6] DEBUG org.hibernate.SQL - 
    select
        count_big(a1_0.id) 
    from
        attendance a1_0 
    where
        a1_0.check_in_time between ? and ? 
        and (
            ? is null 
            or a1_0.course_id=?
        ) 
        and (
            ? is null 
            or ?='' 
            or exists(select
                s1_0.student_id from student s1_0 
            where
                s1_0.student_id=a1_0.student_id 
                and s1_0.class_name=?)
        )
2026-06-10 15:49:14.361 [http-nio-0.0.0.0-8080-exec-6] DEBUG org.hibernate.SQL - 
    select
        count_big(a1_0.id) 
    from
        attendance a1_0 
    where
        a1_0.student_status=? 
        and a1_0.check_in_time between ? and ? 
        and (
            ? is null 
            or a1_0.course_id=?
        ) 
        and (
            ? is null 
            or ?='' 
            or exists(select
                s1_0.student_id from student s1_0 
            where
                s1_0.student_id=a1_0.student_id 
                and s1_0.class_name=?)
        )
2026-06-10 15:49:14.361 [http-nio-0.0.0.0-8080-exec-6] DEBUG org.hibernate.SQL - 
    select
        count_big(a1_0.id) 
    from
        attendance a1_0 
    where
        a1_0.check_in_time between ? and ? 
        and (
            ? is null 
            or a1_0.course_id=?
        ) 
        and (
            ? is null 
            or ?='' 
            or exists(select
                s1_0.student_id from student s1_0 
            where
                s1_0.student_id=a1_0.student_id 
                and s1_0.class_name=?)
        )
2026-06-10 15:49:14.361 [http-nio-0.0.0.0-8080-exec-6] DEBUG org.hibernate.SQL - 
    select
        count_big(a1_0.id) 
    from
        attendance a1_0 
    where
        a1_0.student_status=? 
        and a1_0.check_in_time between ? and ? 
        and (
            ? is null 
            or a1_0.course_id=?
        ) 
        and (
            ? is null 
            or ?='' 
            or exists(select
                s1_0.student_id from student s1_0 
            where
                s1_0.student_id=a1_0.student_id 
                and s1_0.class_name=?)
        )
2026-06-10 15:49:14.361 [http-nio-0.0.0.0-8080-exec-6] DEBUG org.hibernate.SQL - 
    select
        count_big(a1_0.id) 
    from
        attendance a1_0 
    where
        a1_0.check_in_time between ? and ? 
        and (
            ? is null 
            or a1_0.course_id=?
        ) 
        and (
            ? is null 
            or ?='' 
            or exists(select
                s1_0.student_id from student s1_0 
            where
                s1_0.student_id=a1_0.student_id 
                and s1_0.class_name=?)
        )
2026-06-10 15:49:14.361 [http-nio-0.0.0.0-8080-exec-6] DEBUG org.hibernate.SQL - 
    select
        count_big(a1_0.id) 
    from
        attendance a1_0 
    where
        a1_0.student_status=? 
        and a1_0.check_in_time between ? and ? 
        and (
            ? is null 
            or a1_0.course_id=?
        ) 
        and (
            ? is null 
            or ?='' 
            or exists(select
                s1_0.student_id from student s1_0 
            where
                s1_0.student_id=a1_0.student_id 
                and s1_0.class_name=?)
        )
2026-06-10 15:49:14.361 [http-nio-0.0.0.0-8080-exec-6] DEBUG org.hibernate.SQL - 
    select
        count_big(a1_0.id) 
    from
        attendance a1_0 
    where
        a1_0.check_in_time between ? and ? 
        and (
            ? is null 
            or a1_0.course_id=?
        ) 
        and (
            ? is null 
            or ?='' 
            or exists(select
                s1_0.student_id from student s1_0 
            where
                s1_0.student_id=a1_0.student_id 
                and s1_0.class_name=?)
        )
2026-06-10 15:49:14.361 [http-nio-0.0.0.0-8080-exec-6] DEBUG org.hibernate.SQL - 
    select
        count_big(a1_0.id) 
    from
        attendance a1_0 
    where
        a1_0.student_status=? 
        and a1_0.check_in_time between ? and ? 
        and (
            ? is null 
            or a1_0.course_id=?
        ) 
        and (
            ? is null 
            or ?='' 
            or exists(select
                s1_0.student_id from student s1_0 
            where
                s1_0.student_id=a1_0.student_id 
                and s1_0.class_name=?)
        )
2026-06-10 15:49:14.361 [http-nio-0.0.0.0-8080-exec-6] DEBUG org.hibernate.SQL - 
    select
        count_big(a1_0.id) 
    from
        attendance a1_0 
    where
        a1_0.check_in_time between ? and ? 
        and (
            ? is null 
            or a1_0.course_id=?
        ) 
        and (
            ? is null 
            or ?='' 
            or exists(select
                s1_0.student_id from student s1_0 
            where
                s1_0.student_id=a1_0.student_id 
                and s1_0.class_name=?)
        )
2026-06-10 15:49:14.361 [http-nio-0.0.0.0-8080-exec-6] DEBUG org.hibernate.SQL - 
    select
        count_big(a1_0.id) 
    from
        attendance a1_0 
    where
        a1_0.student_status=? 
        and a1_0.check_in_time between ? and ? 
        and (
            ? is null 
            or a1_0.course_id=?
        ) 
        and (
            ? is null 
            or ?='' 
            or exists(select
                s1_0.student_id from student s1_0 
            where
                s1_0.student_id=a1_0.student_id 
                and s1_0.class_name=?)
        )
2026-06-10 15:49:14.376 [http-nio-0.0.0.0-8080-exec-6] DEBUG org.hibernate.SQL - 
    select
        count_big(a1_0.id) 
    from
        attendance a1_0 
    where
        a1_0.check_in_time between ? and ? 
        and (
            ? is null 
            or a1_0.course_id=?
        ) 
        and (
            ? is null 
            or ?='' 
            or exists(select
                s1_0.student_id from student s1_0 
            where
                s1_0.student_id=a1_0.student_id 
                and s1_0.class_name=?)
        )
2026-06-10 15:49:14.376 [http-nio-0.0.0.0-8080-exec-6] DEBUG org.hibernate.SQL - 
    select
        count_big(a1_0.id) 
    from
        attendance a1_0 
    where
        a1_0.student_status=? 
        and a1_0.check_in_time between ? and ? 
        and (
            ? is null 
            or a1_0.course_id=?
        ) 
        and (
            ? is null 
            or ?='' 
            or exists(select
                s1_0.student_id from student s1_0 
            where
                s1_0.student_id=a1_0.student_id 
                and s1_0.class_name=?)
        )
2026-06-10 15:49:14.376 [http-nio-0.0.0.0-8080-exec-6] DEBUG org.hibernate.SQL - 
    select
        a1_0.course_id,
        c1_0.course_name,
        count_big(a1_0.id) 
    from
        attendance a1_0 
    left join
        course c1_0 
            on a1_0.course_id=c1_0.course_id 
    where
        a1_0.check_in_time between ? and ? 
        and (
            ? is null 
            or ?='' 
            or exists(select
                s1_0.student_id from student s1_0 
            where
                s1_0.student_id=a1_0.student_id 
                and s1_0.class_name=?)
        ) 
    group by
        a1_0.course_id,
        c1_0.course_name 
    order by
        count_big(a1_0.id) desc
2026-06-10 15:49:56.545 [http-nio-0.0.0.0-8080-exec-4] DEBUG org.hibernate.SQL - 
    select
        u1_0.id,
        u1_0.class_name,
        u1_0.create_time,
        u1_0.gender,
        u1_0.real_name,
        u1_0.username,
        u1_0.userpassword,
        u1_0.userrole 
    from
        my_user u1_0 
    where
        u1_0.username=?
2026-06-10 15:49:56.568 [http-nio-0.0.0.0-8080-exec-4] DEBUG org.hibernate.SQL - 
    select
        c1_0.id,
        c1_0.class_name,
        c1_0.course_id,
        c1_0.course_name,
        c1_0.create_time,
        c1_0.location,
        c1_0.teacher_id,
        c1_0.teacher_name,
        c1_0.time_slot,
        c1_0.week_day 
    from
        course c1_0
2026-06-10 15:49:56.584 [http-nio-0.0.0.0-8080-exec-4] DEBUG org.hibernate.SQL - 
    select
        count_big(*) 
    from
        student s1_0
2026-06-10 15:49:56.584 [http-nio-0.0.0.0-8080-exec-4] DEBUG org.hibernate.SQL - 
    select
        count_big(u1_0.id) 
    from
        my_user u1_0 
    where
        upper(u1_0.userrole)=upper(?)
2026-06-10 15:49:56.592 [http-nio-0.0.0.0-8080-exec-4] DEBUG org.hibernate.SQL - 
    select
        count_big(*) 
    from
        course c1_0
2026-06-10 15:49:56.592 [http-nio-0.0.0.0-8080-exec-4] DEBUG org.hibernate.SQL - 
    select
        a1_0.id,
        a1_0.check_in_time,
        a1_0.course_id,
        a1_0.create_time,
        a1_0.ip_address,
        a1_0.reason,
        a1_0.sign_in_id,
        a1_0.student_id,
        a1_0.student_name,
        a1_0.student_status,
        a1_0.update_time 
    from
        attendance a1_0 
    where
        a1_0.course_id=?
2026-06-10 15:49:56.600 [http-nio-0.0.0.0-8080-exec-4] DEBUG org.hibernate.SQL - 
    select
        a1_0.id,
        a1_0.check_in_time,
        a1_0.course_id,
        a1_0.create_time,
        a1_0.ip_address,
        a1_0.reason,
        a1_0.sign_in_id,
        a1_0.student_id,
        a1_0.student_name,
        a1_0.student_status,
        a1_0.update_time 
    from
        attendance a1_0 
    where
        a1_0.course_id=?
2026-06-10 15:49:56.600 [http-nio-0.0.0.0-8080-exec-4] DEBUG org.hibernate.SQL - 
    select
        a1_0.id,
        a1_0.check_in_time,
        a1_0.course_id,
        a1_0.create_time,
        a1_0.ip_address,
        a1_0.reason,
        a1_0.sign_in_id,
        a1_0.student_id,
        a1_0.student_name,
        a1_0.student_status,
        a1_0.update_time 
    from
        attendance a1_0 
    where
        a1_0.course_id=?
2026-06-10 15:49:56.600 [http-nio-0.0.0.0-8080-exec-4] DEBUG org.hibernate.SQL - 
    select
        a1_0.id,
        a1_0.check_in_time,
        a1_0.course_id,
        a1_0.create_time,
        a1_0.ip_address,
        a1_0.reason,
        a1_0.sign_in_id,
        a1_0.student_id,
        a1_0.student_name,
        a1_0.student_status,
        a1_0.update_time 
    from
        attendance a1_0 
    where
        a1_0.course_id=?
2026-06-10 15:49:58.547 [http-nio-0.0.0.0-8080-exec-5] DEBUG c.e.a.service.impl.UserServiceImpl - 查询所有用户列表
2026-06-10 15:49:58.547 [http-nio-0.0.0.0-8080-exec-5] DEBUG org.hibernate.SQL - 
    select
        u1_0.id,
        u1_0.class_name,
        u1_0.create_time,
        u1_0.gender,
        u1_0.real_name,
        u1_0.username,
        u1_0.userpassword,
        u1_0.userrole 
    from
        my_user u1_0
2026-06-10 15:49:58.587 [http-nio-0.0.0.0-8080-exec-5] INFO  c.e.a.service.impl.UserServiceImpl - 查询到 93 个用户
2026-06-10 15:52:04.459 [http-nio-0.0.0.0-8080-exec-3] DEBUG org.hibernate.SQL - 
    select
        u1_0.id,
        u1_0.class_name,
        u1_0.create_time,
        u1_0.gender,
        u1_0.real_name,
        u1_0.username,
        u1_0.userpassword,
        u1_0.userrole 
    from
        my_user u1_0 
    where
        u1_0.username=?
2026-06-10 15:52:04.481 [http-nio-0.0.0.0-8080-exec-3] DEBUG org.hibernate.SQL - 
    select
        c1_0.id,
        c1_0.class_name,
        c1_0.course_id,
        c1_0.course_name,
        c1_0.create_time,
        c1_0.location,
        c1_0.teacher_id,
        c1_0.teacher_name,
        c1_0.time_slot,
        c1_0.week_day 
    from
        course c1_0
2026-06-10 15:52:04.491 [http-nio-0.0.0.0-8080-exec-3] DEBUG org.hibernate.SQL - 
    select
        count_big(*) 
    from
        student s1_0
2026-06-10 15:52:04.491 [http-nio-0.0.0.0-8080-exec-3] DEBUG org.hibernate.SQL - 
    select
        count_big(u1_0.id) 
    from
        my_user u1_0 
    where
        upper(u1_0.userrole)=upper(?)
2026-06-10 15:52:04.498 [http-nio-0.0.0.0-8080-exec-3] DEBUG org.hibernate.SQL - 
    select
        count_big(*) 
    from
        course c1_0
2026-06-10 15:52:04.498 [http-nio-0.0.0.0-8080-exec-3] DEBUG org.hibernate.SQL - 
    select
        a1_0.id,
        a1_0.check_in_time,
        a1_0.course_id,
        a1_0.create_time,
        a1_0.ip_address,
        a1_0.reason,
        a1_0.sign_in_id,
        a1_0.student_id,
        a1_0.student_name,
        a1_0.student_status,
        a1_0.update_time 
    from
        attendance a1_0 
    where
        a1_0.course_id=?
2026-06-10 15:52:04.506 [http-nio-0.0.0.0-8080-exec-3] DEBUG org.hibernate.SQL - 
    select
        a1_0.id,
        a1_0.check_in_time,
        a1_0.course_id,
        a1_0.create_time,
        a1_0.ip_address,
        a1_0.reason,
        a1_0.sign_in_id,
        a1_0.student_id,
        a1_0.student_name,
        a1_0.student_status,
        a1_0.update_time 
    from
        attendance a1_0 
    where
        a1_0.course_id=?
2026-06-10 15:52:04.507 [http-nio-0.0.0.0-8080-exec-3] DEBUG org.hibernate.SQL - 
    select
        a1_0.id,
        a1_0.check_in_time,
        a1_0.course_id,
        a1_0.create_time,
        a1_0.ip_address,
        a1_0.reason,
        a1_0.sign_in_id,
        a1_0.student_id,
        a1_0.student_name,
        a1_0.student_status,
        a1_0.update_time 
    from
        attendance a1_0 
    where
        a1_0.course_id=?
2026-06-10 15:52:04.507 [http-nio-0.0.0.0-8080-exec-3] DEBUG org.hibernate.SQL - 
    select
        a1_0.id,
        a1_0.check_in_time,
        a1_0.course_id,
        a1_0.create_time,
        a1_0.ip_address,
        a1_0.reason,
        a1_0.sign_in_id,
        a1_0.student_id,
        a1_0.student_name,
        a1_0.student_status,
        a1_0.update_time 
    from
        attendance a1_0 
    where
        a1_0.course_id=?
2026-06-10 15:52:06.079 [http-nio-0.0.0.0-8080-exec-10] DEBUG org.hibernate.SQL - 
    select
        c1_0.id,
        c1_0.class_name,
        c1_0.course_id,
        c1_0.course_name,
        c1_0.create_time,
        c1_0.location,
        c1_0.teacher_id,
        c1_0.teacher_name,
        c1_0.time_slot,
        c1_0.week_day 
    from
        course c1_0
2026-06-10 15:53:19.581 [http-nio-0.0.0.0-8080-exec-5] DEBUG org.hibernate.SQL - 
    select
        u1_0.id,
        u1_0.class_name,
        u1_0.create_time,
        u1_0.gender,
        u1_0.real_name,
        u1_0.username,
        u1_0.userpassword,
        u1_0.userrole 
    from
        my_user u1_0 
    where
        u1_0.username=?
2026-06-10 15:53:21.285 [http-nio-0.0.0.0-8080-exec-7] DEBUG org.hibernate.SQL - 
    select
        u1_0.id,
        u1_0.class_name,
        u1_0.create_time,
        u1_0.gender,
        u1_0.real_name,
        u1_0.username,
        u1_0.userpassword,
        u1_0.userrole 
    from
        my_user u1_0 
    where
        u1_0.username=?
2026-06-10 15:53:21.295 [http-nio-0.0.0.0-8080-exec-7] DEBUG org.hibernate.SQL - 
    select
        cs1_0.id,
        cs1_0.class_name,
        cs1_0.course_id,
        cs1_0.course_name,
        cs1_0.create_time,
        cs1_0.status,
        cs1_0.student_id,
        cs1_0.student_name 
    from
        course_selection cs1_0 
    where
        cs1_0.student_id=? 
        and cs1_0.status=?
2026-06-10 15:53:21.303 [http-nio-0.0.0.0-8080-exec-7] DEBUG org.hibernate.SQL - 
    select
        c1_0.id,
        c1_0.class_name,
        c1_0.course_id,
        c1_0.course_name,
        c1_0.create_time,
        c1_0.location,
        c1_0.teacher_id,
        c1_0.teacher_name,
        c1_0.time_slot,
        c1_0.week_day 
    from
        course c1_0 
    where
        c1_0.course_id=?
2026-06-10 15:53:21.320 [http-nio-0.0.0.0-8080-exec-7] DEBUG org.hibernate.SQL - 
    select
        c1_0.id,
        c1_0.class_name,
        c1_0.course_id,
        c1_0.course_name,
        c1_0.create_time,
        c1_0.location,
        c1_0.teacher_id,
        c1_0.teacher_name,
        c1_0.time_slot,
        c1_0.week_day 
    from
        course c1_0 
    where
        c1_0.course_id=?
2026-06-10 15:53:21.320 [http-nio-0.0.0.0-8080-exec-7] DEBUG org.hibernate.SQL - 
    select
        c1_0.id,
        c1_0.class_name,
        c1_0.course_id,
        c1_0.course_name,
        c1_0.create_time,
        c1_0.location,
        c1_0.teacher_id,
        c1_0.teacher_name,
        c1_0.time_slot,
        c1_0.week_day 
    from
        course c1_0 
    where
        c1_0.course_id=?
2026-06-10 15:53:21.320 [http-nio-0.0.0.0-8080-exec-7] DEBUG org.hibernate.SQL - 
    select
        cs1_0.id,
        cs1_0.class_name,
        cs1_0.course_id,
        cs1_0.course_name,
        cs1_0.create_time,
        cs1_0.status,
        cs1_0.student_id,
        cs1_0.student_name 
    from
        course_selection cs1_0 
    where
        cs1_0.student_id=? 
        and cs1_0.status=?
2026-06-10 15:53:21.320 [http-nio-0.0.0.0-8080-exec-7] DEBUG org.hibernate.SQL - 
    select
        a1_0.id,
        a1_0.check_in_time,
        a1_0.course_id,
        a1_0.create_time,
        a1_0.ip_address,
        a1_0.reason,
        a1_0.sign_in_id,
        a1_0.student_id,
        a1_0.student_name,
        a1_0.student_status,
        a1_0.update_time 
    from
        attendance a1_0 
    where
        a1_0.student_id=?
2026-06-10 15:55:42.246 [http-nio-0.0.0.0-8080-exec-10] DEBUG org.hibernate.SQL - 
    select
        s1_0.student_id,
        s1_0.age,
        s1_0.birth_date,
        s1_0.class_name,
        s1_0.email,
        s1_0.gender,
        s1_0.student_name,
        s1_0.phone 
    from
        student s1_0 
    where
        s1_0.student_id=?
2026-06-10 15:56:12.312 [http-nio-0.0.0.0-8080-exec-1] DEBUG org.hibernate.SQL - 
    select
        s1_0.student_id,
        s1_0.age,
        s1_0.birth_date,
        s1_0.class_name,
        s1_0.email,
        s1_0.gender,
        s1_0.student_name,
        s1_0.phone 
    from
        student s1_0 
    where
        s1_0.student_id=?
2026-06-10 16:00:01.479 [SpringApplicationShutdownHook] INFO  o.s.boot.tomcat.GracefulShutdown - Commencing graceful shutdown. Waiting for active requests to complete
2026-06-10 16:00:01.519 [tomcat-shutdown] INFO  o.s.boot.tomcat.GracefulShutdown - Graceful shutdown complete
2026-06-10 16:00:01.519 [SpringApplicationShutdownHook] INFO  o.s.o.j.LocalContainerEntityManagerFactoryBean - Closing JPA EntityManagerFactory for persistence unit 'default'
2026-06-10 16:00:01.527 [SpringApplicationShutdownHook] INFO  com.zaxxer.hikari.HikariDataSource - HikariPool-1 - Shutdown initiated...
2026-06-10 16:00:01.527 [SpringApplicationShutdownHook] INFO  com.zaxxer.hikari.HikariDataSource - HikariPool-1 - Shutdown completed.
