2026-06-09 09:02:32.323 [main] INFO  c.e.a.AttendanceSystemApplication - Starting AttendanceSystemApplication using Java 21.0.2 with PID 20564 (D:\Java\springboot_pj\attendance-system\target\classes started by l in D:\Java\springboot_pj\attendance-system)
2026-06-09 09:02:32.325 [main] DEBUG c.e.a.AttendanceSystemApplication - Running with Spring Boot v4.0.3, Spring v7.0.5
2026-06-09 09:02:32.325 [main] INFO  c.e.a.AttendanceSystemApplication - No active profile set, falling back to 1 default profile: "default"
2026-06-09 09:02:32.787 [main] INFO  o.s.d.r.c.RepositoryConfigurationDelegate - Bootstrapping Spring Data JPA repositories in DEFAULT mode.
2026-06-09 09:02:32.838 [main] INFO  o.s.d.r.c.RepositoryConfigurationDelegate - Finished Spring Data repository scanning in 44 ms. Found 5 JPA repository interfaces.
2026-06-09 09:02:32.952 [main] INFO  o.s.cloud.context.scope.GenericScope - BeanFactory id=d6250731-036a-36ea-b8f9-8d612c972637
2026-06-09 09:02:33.162 [main] INFO  o.s.boot.tomcat.TomcatWebServer - Tomcat initialized with port 8080 (http)
2026-06-09 09:02:33.171 [main] INFO  o.a.coyote.http11.Http11NioProtocol - Initializing ProtocolHandler ["http-nio-8080"]
2026-06-09 09:02:33.172 [main] INFO  o.a.catalina.core.StandardService - Starting service [Tomcat]
2026-06-09 09:02:33.172 [main] INFO  o.a.catalina.core.StandardEngine - Starting Servlet engine: [Apache Tomcat/11.0.18]
2026-06-09 09:02:33.206 [main] INFO  o.s.b.w.c.s.WebApplicationContextInitializer - Root WebApplicationContext: initialization completed in 854 ms
2026-06-09 09:02:33.331 [main] INFO  org.hibernate.orm.jpa - HHH008540: Processing PersistenceUnitInfo [name: default]
2026-06-09 09:02:33.368 [main] INFO  org.hibernate.orm.core - HHH000001: Hibernate ORM core version 7.2.4.Final
2026-06-09 09:02:33.649 [main] INFO  o.s.o.j.p.SpringPersistenceUnitInfo - No LoadTimeWeaver setup: ignoring JPA class transformer
2026-06-09 09:02:33.670 [main] INFO  com.zaxxer.hikari.HikariDataSource - HikariPool-1 - Starting...
2026-06-09 09:02:34.309 [main] INFO  com.zaxxer.hikari.pool.HikariPool - HikariPool-1 - Added connection ConnectionID:1 ClientConnectionId: be7e4fec-3a16-4633-8f50-8b793e7e82a9
2026-06-09 09:02:34.310 [main] INFO  com.zaxxer.hikari.HikariDataSource - HikariPool-1 - Start completed.
2026-06-09 09:02:34.679 [main] WARN  org.hibernate.orm.deprecation - HHH90000025: SQLServerDialect does not need to be specified explicitly using 'hibernate.dialect' (remove the property setting and it will be selected by default)
2026-06-09 09:02:34.703 [main] INFO  o.hibernate.orm.connections.pooling - HHH10001005: Database info:
	Database JDBC URL [jdbc:sqlserver://localhost:1433;concatNullYieldsNull=ON;quotedIdentifier=ON;connectRetryInterval=10;connectRetryCount=1;maxResultBuffer=-1;sendTemporalDataTypesAsStringForBulkCopy=true;delayLoadingLobs=true;useFmtOnly=false;vectorTypeSupport=v1;cacheBulkCopyMetadata=false;bulkCopyForBatchInsertAllowEncryptedValueModifications=false;bulkCopyForBatchInsertTableLock=false;bulkCopyForBatchInsertKeepNulls=false;bulkCopyForBatchInsertKeepIdentity=false;bulkCopyForBatchInsertFireTriggers=false;bulkCopyForBatchInsertCheckConstraints=false;bulkCopyForBatchInsertBatchSize=0;useBulkCopyForBatchInsert=false;cancelQueryTimeout=-1;sslProtocol=TLS;calcBigDecimalPrecision=false;useDefaultJaasConfig=false;jaasConfigurationName=SQLJDBCDriver;statementPoolingCacheSize=0;serverPreparedStatementDiscardThreshold=10;enablePrepareOnFirstPreparedStatementCall=false;fips=false;socketTimeout=0;authentication=NotSpecified;authenticationScheme=nativeAuthentication;xopenStates=false;datetimeParameterType=datetime2;sendTimeAsDatetime=true;replication=false;trustStoreType=JKS;trustServerCertificate=true;TransparentNetworkIPResolution=true;iPAddressPreference=IPv4First;serverNameAsACE=false;sendStringParametersAsUnicode=true;selectMethod=direct;responseBuffering=adaptive;queryTimeout=-1;packetSize=8000;multiSubnetFailover=false;loginTimeout=30;lockTimeout=-1;lastUpdateCount=true;useDefaultGSSCredential=false;prepareMethod=prepexec;encrypt=false;disableStatementPooling=true;databaseName=attendance_system;columnEncryptionSetting=Disabled;applicationName=Microsoft JDBC Driver for SQL Server;applicationIntent=readwrite;]
	Database driver: Microsoft JDBC Driver 13.2 for SQL Server
	Database dialect: SQLServerDialect
	Database version: 17.0
	Default catalog/schema: attendance_system/dbo
	Autocommit mode: undefined/unknown
	Isolation level: READ_COMMITTED [default READ_COMMITTED]
	JDBC fetch size: 128
	Pool: DataSourceConnectionProvider
	Minimum pool size: undefined/unknown
	Maximum pool size: undefined/unknown
2026-06-09 09:02:35.212 [main] INFO  org.hibernate.orm.core - HHH000489: No JTA platform available (set 'hibernate.transaction.jta.platform' to enable JTA platform integration)
2026-06-09 09:02:37.833 [main] DEBUG org.hibernate.SQL - 
    alter table attendance 
       alter column id bigint
2026-06-09 09:02:37.852 [main] WARN  o.h.t.s.i.ExceptionHandlerLoggedImpl - GenerationTarget encountered exception accepting command : Error executing DDL "
    alter table attendance 
       alter column id bigint" via JDBC [对象'PK__attendan__3213E83F505AAD30' 依赖于 列'id'。]
org.hibernate.tool.schema.spi.CommandAcceptanceException: Error executing DDL "
    alter table attendance 
       alter column id bigint" via JDBC [对象'PK__attendan__3213E83F505AAD30' 依赖于 列'id'。]
	at org.hibernate.tool.schema.internal.exec.GenerationTargetToDatabase.accept(GenerationTargetToDatabase.java:81)
	at org.hibernate.tool.schema.internal.AbstractSchemaMigrator.applySqlString(AbstractSchemaMigrator.java:566)
	at org.hibernate.tool.schema.internal.AbstractSchemaMigrator.applySqlStrings(AbstractSchemaMigrator.java:506)
	at org.hibernate.tool.schema.internal.AbstractSchemaMigrator.migrateTable(AbstractSchemaMigrator.java:324)
	at org.hibernate.tool.schema.internal.GroupedSchemaMigratorImpl.performTablesMigration(GroupedSchemaMigratorImpl.java:84)
	at org.hibernate.tool.schema.internal.AbstractSchemaMigrator.performMigration(AbstractSchemaMigrator.java:220)
	at org.hibernate.tool.schema.internal.AbstractSchemaMigrator.doMigration(AbstractSchemaMigrator.java:96)
	at org.hibernate.tool.schema.spi.SchemaManagementToolCoordinator.performDatabaseAction(SchemaManagementToolCoordinator.java:269)
	at org.hibernate.tool.schema.spi.SchemaManagementToolCoordinator.lambda$process$1(SchemaManagementToolCoordinator.java:101)
	at java.base/java.util.HashMap.forEach(HashMap.java:1429)
	at org.hibernate.tool.schema.spi.SchemaManagementToolCoordinator.process(SchemaManagementToolCoordinator.java:100)
	at org.hibernate.boot.internal.SessionFactoryObserverForSchemaExport.sessionFactoryCreated(SessionFactoryObserverForSchemaExport.java:35)
	at org.hibernate.internal.SessionFactoryObserverChain.sessionFactoryCreated(SessionFactoryObserverChain.java:33)
	at org.hibernate.internal.SessionFactoryImpl.<init>(SessionFactoryImpl.java:323)
	at org.hibernate.internal.SessionFactoryRegistry.instantiateSessionFactory(SessionFactoryRegistry.java:64)
	at org.hibernate.boot.internal.SessionFactoryBuilderImpl.build(SessionFactoryBuilderImpl.java:437)
	at org.hibernate.jpa.boot.internal.EntityManagerFactoryBuilderImpl.build(EntityManagerFactoryBuilderImpl.java:1456)
	at org.springframework.orm.jpa.vendor.SpringHibernateJpaPersistenceProvider.createContainerEntityManagerFactory(SpringHibernateJpaPersistenceProvider.java:93)
	at org.springframework.orm.jpa.LocalContainerEntityManagerFactoryBean.createNativeEntityManagerFactory(LocalContainerEntityManagerFactoryBean.java:443)
	at org.springframework.orm.jpa.AbstractEntityManagerFactoryBean.buildNativeEntityManagerFactory(AbstractEntityManagerFactoryBean.java:436)
	at org.springframework.orm.jpa.AbstractEntityManagerFactoryBean.afterPropertiesSet(AbstractEntityManagerFactoryBean.java:411)
	at org.springframework.orm.jpa.LocalContainerEntityManagerFactoryBean.afterPropertiesSet(LocalContainerEntityManagerFactoryBean.java:419)
	at org.springframework.beans.factory.support.AbstractAutowireCapableBeanFactory.invokeInitMethods(AbstractAutowireCapableBeanFactory.java:1864)
	at org.springframework.beans.factory.support.AbstractAutowireCapableBeanFactory.initializeBean(AbstractAutowireCapableBeanFactory.java:1813)
	at org.springframework.beans.factory.support.AbstractAutowireCapableBeanFactory.doCreateBean(AbstractAutowireCapableBeanFactory.java:603)
	at org.springframework.beans.factory.support.AbstractAutowireCapableBeanFactory.createBean(AbstractAutowireCapableBeanFactory.java:525)
	at org.springframework.beans.factory.support.AbstractBeanFactory.lambda$doGetBean$0(AbstractBeanFactory.java:333)
	at org.springframework.beans.factory.support.DefaultSingletonBeanRegistry.getSingleton(DefaultSingletonBeanRegistry.java:371)
	at org.springframework.beans.factory.support.AbstractBeanFactory.doGetBean(AbstractBeanFactory.java:331)
	at org.springframework.beans.factory.support.AbstractBeanFactory.getBean(AbstractBeanFactory.java:201)
	at org.springframework.context.support.AbstractApplicationContext.finishBeanFactoryInitialization(AbstractApplicationContext.java:977)
	at org.springframework.context.support.AbstractApplicationContext.refresh(AbstractApplicationContext.java:621)
	at org.springframework.boot.web.server.servlet.context.ServletWebServerApplicationContext.refresh(ServletWebServerApplicationContext.java:143)
	at org.springframework.boot.SpringApplication.refresh(SpringApplication.java:756)
	at org.springframework.boot.SpringApplication.refreshContext(SpringApplication.java:445)
	at org.springframework.boot.SpringApplication.run(SpringApplication.java:321)
	at org.springframework.boot.SpringApplication.run(SpringApplication.java:1365)
	at org.springframework.boot.SpringApplication.run(SpringApplication.java:1354)
	at com.example.attendance.AttendanceSystemApplication.main(AttendanceSystemApplication.java:12)
Caused by: com.microsoft.sqlserver.jdbc.SQLServerException: 对象'PK__attendan__3213E83F505AAD30' 依赖于 列'id'。
	at com.microsoft.sqlserver.jdbc.SQLServerException.makeFromDatabaseError(SQLServerException.java:278)
	at com.microsoft.sqlserver.jdbc.SQLServerStatement.getNextResult(SQLServerStatement.java:1788)
	at com.microsoft.sqlserver.jdbc.SQLServerStatement.doExecuteStatement(SQLServerStatement.java:975)
	at com.microsoft.sqlserver.jdbc.SQLServerStatement$StmtExecCmd.doExecute(SQLServerStatement.java:869)
	at com.microsoft.sqlserver.jdbc.TDSCommand.execute(IOBuffer.java:7825)
	at com.microsoft.sqlserver.jdbc.SQLServerConnection.executeCommand(SQLServerConnection.java:4828)
	at com.microsoft.sqlserver.jdbc.SQLServerStatement.executeCommand(SQLServerStatement.java:321)
	at com.microsoft.sqlserver.jdbc.SQLServerStatement.executeStatement(SQLServerStatement.java:253)
	at com.microsoft.sqlserver.jdbc.SQLServerStatement.execute(SQLServerStatement.java:842)
	at com.zaxxer.hikari.pool.ProxyStatement.execute(ProxyStatement.java:95)
	at com.zaxxer.hikari.pool.HikariProxyStatement.execute(HikariProxyStatement.java)
	at org.hibernate.tool.schema.internal.exec.GenerationTargetToDatabase.accept(GenerationTargetToDatabase.java:76)
	... 38 common frames omitted
2026-06-09 09:02:37.854 [main] DEBUG org.hibernate.SQL - 
    alter table attendance 
       alter column student_status tinyint default 1
2026-06-09 09:02:37.864 [main] WARN  o.h.t.s.i.ExceptionHandlerLoggedImpl - GenerationTarget encountered exception accepting command : Error executing DDL "
    alter table attendance 
       alter column student_status tinyint default 1" via JDBC [关键字 'default' 附近有语法错误。]
org.hibernate.tool.schema.spi.CommandAcceptanceException: Error executing DDL "
    alter table attendance 
       alter column student_status tinyint default 1" via JDBC [关键字 'default' 附近有语法错误。]
	at org.hibernate.tool.schema.internal.exec.GenerationTargetToDatabase.accept(GenerationTargetToDatabase.java:81)
	at org.hibernate.tool.schema.internal.AbstractSchemaMigrator.applySqlString(AbstractSchemaMigrator.java:566)
	at org.hibernate.tool.schema.internal.AbstractSchemaMigrator.applySqlStrings(AbstractSchemaMigrator.java:506)
	at org.hibernate.tool.schema.internal.AbstractSchemaMigrator.migrateTable(AbstractSchemaMigrator.java:324)
	at org.hibernate.tool.schema.internal.GroupedSchemaMigratorImpl.performTablesMigration(GroupedSchemaMigratorImpl.java:84)
	at org.hibernate.tool.schema.internal.AbstractSchemaMigrator.performMigration(AbstractSchemaMigrator.java:220)
	at org.hibernate.tool.schema.internal.AbstractSchemaMigrator.doMigration(AbstractSchemaMigrator.java:96)
	at org.hibernate.tool.schema.spi.SchemaManagementToolCoordinator.performDatabaseAction(SchemaManagementToolCoordinator.java:269)
	at org.hibernate.tool.schema.spi.SchemaManagementToolCoordinator.lambda$process$1(SchemaManagementToolCoordinator.java:101)
	at java.base/java.util.HashMap.forEach(HashMap.java:1429)
	at org.hibernate.tool.schema.spi.SchemaManagementToolCoordinator.process(SchemaManagementToolCoordinator.java:100)
	at org.hibernate.boot.internal.SessionFactoryObserverForSchemaExport.sessionFactoryCreated(SessionFactoryObserverForSchemaExport.java:35)
	at org.hibernate.internal.SessionFactoryObserverChain.sessionFactoryCreated(SessionFactoryObserverChain.java:33)
	at org.hibernate.internal.SessionFactoryImpl.<init>(SessionFactoryImpl.java:323)
	at org.hibernate.internal.SessionFactoryRegistry.instantiateSessionFactory(SessionFactoryRegistry.java:64)
	at org.hibernate.boot.internal.SessionFactoryBuilderImpl.build(SessionFactoryBuilderImpl.java:437)
	at org.hibernate.jpa.boot.internal.EntityManagerFactoryBuilderImpl.build(EntityManagerFactoryBuilderImpl.java:1456)
	at org.springframework.orm.jpa.vendor.SpringHibernateJpaPersistenceProvider.createContainerEntityManagerFactory(SpringHibernateJpaPersistenceProvider.java:93)
	at org.springframework.orm.jpa.LocalContainerEntityManagerFactoryBean.createNativeEntityManagerFactory(LocalContainerEntityManagerFactoryBean.java:443)
	at org.springframework.orm.jpa.AbstractEntityManagerFactoryBean.buildNativeEntityManagerFactory(AbstractEntityManagerFactoryBean.java:436)
	at org.springframework.orm.jpa.AbstractEntityManagerFactoryBean.afterPropertiesSet(AbstractEntityManagerFactoryBean.java:411)
	at org.springframework.orm.jpa.LocalContainerEntityManagerFactoryBean.afterPropertiesSet(LocalContainerEntityManagerFactoryBean.java:419)
	at org.springframework.beans.factory.support.AbstractAutowireCapableBeanFactory.invokeInitMethods(AbstractAutowireCapableBeanFactory.java:1864)
	at org.springframework.beans.factory.support.AbstractAutowireCapableBeanFactory.initializeBean(AbstractAutowireCapableBeanFactory.java:1813)
	at org.springframework.beans.factory.support.AbstractAutowireCapableBeanFactory.doCreateBean(AbstractAutowireCapableBeanFactory.java:603)
	at org.springframework.beans.factory.support.AbstractAutowireCapableBeanFactory.createBean(AbstractAutowireCapableBeanFactory.java:525)
	at org.springframework.beans.factory.support.AbstractBeanFactory.lambda$doGetBean$0(AbstractBeanFactory.java:333)
	at org.springframework.beans.factory.support.DefaultSingletonBeanRegistry.getSingleton(DefaultSingletonBeanRegistry.java:371)
	at org.springframework.beans.factory.support.AbstractBeanFactory.doGetBean(AbstractBeanFactory.java:331)
	at org.springframework.beans.factory.support.AbstractBeanFactory.getBean(AbstractBeanFactory.java:201)
	at org.springframework.context.support.AbstractApplicationContext.finishBeanFactoryInitialization(AbstractApplicationContext.java:977)
	at org.springframework.context.support.AbstractApplicationContext.refresh(AbstractApplicationContext.java:621)
	at org.springframework.boot.web.server.servlet.context.ServletWebServerApplicationContext.refresh(ServletWebServerApplicationContext.java:143)
	at org.springframework.boot.SpringApplication.refresh(SpringApplication.java:756)
	at org.springframework.boot.SpringApplication.refreshContext(SpringApplication.java:445)
	at org.springframework.boot.SpringApplication.run(SpringApplication.java:321)
	at org.springframework.boot.SpringApplication.run(SpringApplication.java:1365)
	at org.springframework.boot.SpringApplication.run(SpringApplication.java:1354)
	at com.example.attendance.AttendanceSystemApplication.main(AttendanceSystemApplication.java:12)
Caused by: com.microsoft.sqlserver.jdbc.SQLServerException: 关键字 'default' 附近有语法错误。
	at com.microsoft.sqlserver.jdbc.SQLServerException.makeFromDatabaseError(SQLServerException.java:278)
	at com.microsoft.sqlserver.jdbc.SQLServerStatement.getNextResult(SQLServerStatement.java:1788)
	at com.microsoft.sqlserver.jdbc.SQLServerStatement.doExecuteStatement(SQLServerStatement.java:975)
	at com.microsoft.sqlserver.jdbc.SQLServerStatement$StmtExecCmd.doExecute(SQLServerStatement.java:869)
	at com.microsoft.sqlserver.jdbc.TDSCommand.execute(IOBuffer.java:7825)
	at com.microsoft.sqlserver.jdbc.SQLServerConnection.executeCommand(SQLServerConnection.java:4828)
	at com.microsoft.sqlserver.jdbc.SQLServerStatement.executeCommand(SQLServerStatement.java:321)
	at com.microsoft.sqlserver.jdbc.SQLServerStatement.executeStatement(SQLServerStatement.java:253)
	at com.microsoft.sqlserver.jdbc.SQLServerStatement.execute(SQLServerStatement.java:842)
	at com.zaxxer.hikari.pool.ProxyStatement.execute(ProxyStatement.java:95)
	at com.zaxxer.hikari.pool.HikariProxyStatement.execute(HikariProxyStatement.java)
	at org.hibernate.tool.schema.internal.exec.GenerationTargetToDatabase.accept(GenerationTargetToDatabase.java:76)
	... 38 common frames omitted
2026-06-09 09:02:37.865 [main] DEBUG org.hibernate.SQL - 
    alter table course_selection 
       alter column id bigint
2026-06-09 09:02:37.867 [main] WARN  o.h.t.s.i.ExceptionHandlerLoggedImpl - GenerationTarget encountered exception accepting command : Error executing DDL "
    alter table course_selection 
       alter column id bigint" via JDBC [对象'PK__course_s__3213E83FDFE3484D' 依赖于 列'id'。]
org.hibernate.tool.schema.spi.CommandAcceptanceException: Error executing DDL "
    alter table course_selection 
       alter column id bigint" via JDBC [对象'PK__course_s__3213E83FDFE3484D' 依赖于 列'id'。]
	at org.hibernate.tool.schema.internal.exec.GenerationTargetToDatabase.accept(GenerationTargetToDatabase.java:81)
	at org.hibernate.tool.schema.internal.AbstractSchemaMigrator.applySqlString(AbstractSchemaMigrator.java:566)
	at org.hibernate.tool.schema.internal.AbstractSchemaMigrator.applySqlStrings(AbstractSchemaMigrator.java:506)
	at org.hibernate.tool.schema.internal.AbstractSchemaMigrator.migrateTable(AbstractSchemaMigrator.java:324)
	at org.hibernate.tool.schema.internal.GroupedSchemaMigratorImpl.performTablesMigration(GroupedSchemaMigratorImpl.java:84)
	at org.hibernate.tool.schema.internal.AbstractSchemaMigrator.performMigration(AbstractSchemaMigrator.java:220)
	at org.hibernate.tool.schema.internal.AbstractSchemaMigrator.doMigration(AbstractSchemaMigrator.java:96)
	at org.hibernate.tool.schema.spi.SchemaManagementToolCoordinator.performDatabaseAction(SchemaManagementToolCoordinator.java:269)
	at org.hibernate.tool.schema.spi.SchemaManagementToolCoordinator.lambda$process$1(SchemaManagementToolCoordinator.java:101)
	at java.base/java.util.HashMap.forEach(HashMap.java:1429)
	at org.hibernate.tool.schema.spi.SchemaManagementToolCoordinator.process(SchemaManagementToolCoordinator.java:100)
	at org.hibernate.boot.internal.SessionFactoryObserverForSchemaExport.sessionFactoryCreated(SessionFactoryObserverForSchemaExport.java:35)
	at org.hibernate.internal.SessionFactoryObserverChain.sessionFactoryCreated(SessionFactoryObserverChain.java:33)
	at org.hibernate.internal.SessionFactoryImpl.<init>(SessionFactoryImpl.java:323)
	at org.hibernate.internal.SessionFactoryRegistry.instantiateSessionFactory(SessionFactoryRegistry.java:64)
	at org.hibernate.boot.internal.SessionFactoryBuilderImpl.build(SessionFactoryBuilderImpl.java:437)
	at org.hibernate.jpa.boot.internal.EntityManagerFactoryBuilderImpl.build(EntityManagerFactoryBuilderImpl.java:1456)
	at org.springframework.orm.jpa.vendor.SpringHibernateJpaPersistenceProvider.createContainerEntityManagerFactory(SpringHibernateJpaPersistenceProvider.java:93)
	at org.springframework.orm.jpa.LocalContainerEntityManagerFactoryBean.createNativeEntityManagerFactory(LocalContainerEntityManagerFactoryBean.java:443)
	at org.springframework.orm.jpa.AbstractEntityManagerFactoryBean.buildNativeEntityManagerFactory(AbstractEntityManagerFactoryBean.java:436)
	at org.springframework.orm.jpa.AbstractEntityManagerFactoryBean.afterPropertiesSet(AbstractEntityManagerFactoryBean.java:411)
	at org.springframework.orm.jpa.LocalContainerEntityManagerFactoryBean.afterPropertiesSet(LocalContainerEntityManagerFactoryBean.java:419)
	at org.springframework.beans.factory.support.AbstractAutowireCapableBeanFactory.invokeInitMethods(AbstractAutowireCapableBeanFactory.java:1864)
	at org.springframework.beans.factory.support.AbstractAutowireCapableBeanFactory.initializeBean(AbstractAutowireCapableBeanFactory.java:1813)
	at org.springframework.beans.factory.support.AbstractAutowireCapableBeanFactory.doCreateBean(AbstractAutowireCapableBeanFactory.java:603)
	at org.springframework.beans.factory.support.AbstractAutowireCapableBeanFactory.createBean(AbstractAutowireCapableBeanFactory.java:525)
	at org.springframework.beans.factory.support.AbstractBeanFactory.lambda$doGetBean$0(AbstractBeanFactory.java:333)
	at org.springframework.beans.factory.support.DefaultSingletonBeanRegistry.getSingleton(DefaultSingletonBeanRegistry.java:371)
	at org.springframework.beans.factory.support.AbstractBeanFactory.doGetBean(AbstractBeanFactory.java:331)
	at org.springframework.beans.factory.support.AbstractBeanFactory.getBean(AbstractBeanFactory.java:201)
	at org.springframework.context.support.AbstractApplicationContext.finishBeanFactoryInitialization(AbstractApplicationContext.java:977)
	at org.springframework.context.support.AbstractApplicationContext.refresh(AbstractApplicationContext.java:621)
	at org.springframework.boot.web.server.servlet.context.ServletWebServerApplicationContext.refresh(ServletWebServerApplicationContext.java:143)
	at org.springframework.boot.SpringApplication.refresh(SpringApplication.java:756)
	at org.springframework.boot.SpringApplication.refreshContext(SpringApplication.java:445)
	at org.springframework.boot.SpringApplication.run(SpringApplication.java:321)
	at org.springframework.boot.SpringApplication.run(SpringApplication.java:1365)
	at org.springframework.boot.SpringApplication.run(SpringApplication.java:1354)
	at com.example.attendance.AttendanceSystemApplication.main(AttendanceSystemApplication.java:12)
Caused by: com.microsoft.sqlserver.jdbc.SQLServerException: 对象'PK__course_s__3213E83FDFE3484D' 依赖于 列'id'。
	at com.microsoft.sqlserver.jdbc.SQLServerException.makeFromDatabaseError(SQLServerException.java:278)
	at com.microsoft.sqlserver.jdbc.SQLServerStatement.getNextResult(SQLServerStatement.java:1788)
	at com.microsoft.sqlserver.jdbc.SQLServerStatement.doExecuteStatement(SQLServerStatement.java:975)
	at com.microsoft.sqlserver.jdbc.SQLServerStatement$StmtExecCmd.doExecute(SQLServerStatement.java:869)
	at com.microsoft.sqlserver.jdbc.TDSCommand.execute(IOBuffer.java:7825)
	at com.microsoft.sqlserver.jdbc.SQLServerConnection.executeCommand(SQLServerConnection.java:4828)
	at com.microsoft.sqlserver.jdbc.SQLServerStatement.executeCommand(SQLServerStatement.java:321)
	at com.microsoft.sqlserver.jdbc.SQLServerStatement.executeStatement(SQLServerStatement.java:253)
	at com.microsoft.sqlserver.jdbc.SQLServerStatement.execute(SQLServerStatement.java:842)
	at com.zaxxer.hikari.pool.ProxyStatement.execute(ProxyStatement.java:95)
	at com.zaxxer.hikari.pool.HikariProxyStatement.execute(HikariProxyStatement.java)
	at org.hibernate.tool.schema.internal.exec.GenerationTargetToDatabase.accept(GenerationTargetToDatabase.java:76)
	... 38 common frames omitted
2026-06-09 09:02:37.867 [main] DEBUG org.hibernate.SQL - 
    alter table course_selection 
       alter column status tinyint default 1
2026-06-09 09:02:37.869 [main] WARN  o.h.t.s.i.ExceptionHandlerLoggedImpl - GenerationTarget encountered exception accepting command : Error executing DDL "
    alter table course_selection 
       alter column status tinyint default 1" via JDBC [关键字 'default' 附近有语法错误。]
org.hibernate.tool.schema.spi.CommandAcceptanceException: Error executing DDL "
    alter table course_selection 
       alter column status tinyint default 1" via JDBC [关键字 'default' 附近有语法错误。]
	at org.hibernate.tool.schema.internal.exec.GenerationTargetToDatabase.accept(GenerationTargetToDatabase.java:81)
	at org.hibernate.tool.schema.internal.AbstractSchemaMigrator.applySqlString(AbstractSchemaMigrator.java:566)
	at org.hibernate.tool.schema.internal.AbstractSchemaMigrator.applySqlStrings(AbstractSchemaMigrator.java:506)
	at org.hibernate.tool.schema.internal.AbstractSchemaMigrator.migrateTable(AbstractSchemaMigrator.java:324)
	at org.hibernate.tool.schema.internal.GroupedSchemaMigratorImpl.performTablesMigration(GroupedSchemaMigratorImpl.java:84)
	at org.hibernate.tool.schema.internal.AbstractSchemaMigrator.performMigration(AbstractSchemaMigrator.java:220)
	at org.hibernate.tool.schema.internal.AbstractSchemaMigrator.doMigration(AbstractSchemaMigrator.java:96)
	at org.hibernate.tool.schema.spi.SchemaManagementToolCoordinator.performDatabaseAction(SchemaManagementToolCoordinator.java:269)
	at org.hibernate.tool.schema.spi.SchemaManagementToolCoordinator.lambda$process$1(SchemaManagementToolCoordinator.java:101)
	at java.base/java.util.HashMap.forEach(HashMap.java:1429)
	at org.hibernate.tool.schema.spi.SchemaManagementToolCoordinator.process(SchemaManagementToolCoordinator.java:100)
	at org.hibernate.boot.internal.SessionFactoryObserverForSchemaExport.sessionFactoryCreated(SessionFactoryObserverForSchemaExport.java:35)
	at org.hibernate.internal.SessionFactoryObserverChain.sessionFactoryCreated(SessionFactoryObserverChain.java:33)
	at org.hibernate.internal.SessionFactoryImpl.<init>(SessionFactoryImpl.java:323)
	at org.hibernate.internal.SessionFactoryRegistry.instantiateSessionFactory(SessionFactoryRegistry.java:64)
	at org.hibernate.boot.internal.SessionFactoryBuilderImpl.build(SessionFactoryBuilderImpl.java:437)
	at org.hibernate.jpa.boot.internal.EntityManagerFactoryBuilderImpl.build(EntityManagerFactoryBuilderImpl.java:1456)
	at org.springframework.orm.jpa.vendor.SpringHibernateJpaPersistenceProvider.createContainerEntityManagerFactory(SpringHibernateJpaPersistenceProvider.java:93)
	at org.springframework.orm.jpa.LocalContainerEntityManagerFactoryBean.createNativeEntityManagerFactory(LocalContainerEntityManagerFactoryBean.java:443)
	at org.springframework.orm.jpa.AbstractEntityManagerFactoryBean.buildNativeEntityManagerFactory(AbstractEntityManagerFactoryBean.java:436)
	at org.springframework.orm.jpa.AbstractEntityManagerFactoryBean.afterPropertiesSet(AbstractEntityManagerFactoryBean.java:411)
	at org.springframework.orm.jpa.LocalContainerEntityManagerFactoryBean.afterPropertiesSet(LocalContainerEntityManagerFactoryBean.java:419)
	at org.springframework.beans.factory.support.AbstractAutowireCapableBeanFactory.invokeInitMethods(AbstractAutowireCapableBeanFactory.java:1864)
	at org.springframework.beans.factory.support.AbstractAutowireCapableBeanFactory.initializeBean(AbstractAutowireCapableBeanFactory.java:1813)
	at org.springframework.beans.factory.support.AbstractAutowireCapableBeanFactory.doCreateBean(AbstractAutowireCapableBeanFactory.java:603)
	at org.springframework.beans.factory.support.AbstractAutowireCapableBeanFactory.createBean(AbstractAutowireCapableBeanFactory.java:525)
	at org.springframework.beans.factory.support.AbstractBeanFactory.lambda$doGetBean$0(AbstractBeanFactory.java:333)
	at org.springframework.beans.factory.support.DefaultSingletonBeanRegistry.getSingleton(DefaultSingletonBeanRegistry.java:371)
	at org.springframework.beans.factory.support.AbstractBeanFactory.doGetBean(AbstractBeanFactory.java:331)
	at org.springframework.beans.factory.support.AbstractBeanFactory.getBean(AbstractBeanFactory.java:201)
	at org.springframework.context.support.AbstractApplicationContext.finishBeanFactoryInitialization(AbstractApplicationContext.java:977)
	at org.springframework.context.support.AbstractApplicationContext.refresh(AbstractApplicationContext.java:621)
	at org.springframework.boot.web.server.servlet.context.ServletWebServerApplicationContext.refresh(ServletWebServerApplicationContext.java:143)
	at org.springframework.boot.SpringApplication.refresh(SpringApplication.java:756)
	at org.springframework.boot.SpringApplication.refreshContext(SpringApplication.java:445)
	at org.springframework.boot.SpringApplication.run(SpringApplication.java:321)
	at org.springframework.boot.SpringApplication.run(SpringApplication.java:1365)
	at org.springframework.boot.SpringApplication.run(SpringApplication.java:1354)
	at com.example.attendance.AttendanceSystemApplication.main(AttendanceSystemApplication.java:12)
Caused by: com.microsoft.sqlserver.jdbc.SQLServerException: 关键字 'default' 附近有语法错误。
	at com.microsoft.sqlserver.jdbc.SQLServerException.makeFromDatabaseError(SQLServerException.java:278)
	at com.microsoft.sqlserver.jdbc.SQLServerStatement.getNextResult(SQLServerStatement.java:1788)
	at com.microsoft.sqlserver.jdbc.SQLServerStatement.doExecuteStatement(SQLServerStatement.java:975)
	at com.microsoft.sqlserver.jdbc.SQLServerStatement$StmtExecCmd.doExecute(SQLServerStatement.java:869)
	at com.microsoft.sqlserver.jdbc.TDSCommand.execute(IOBuffer.java:7825)
	at com.microsoft.sqlserver.jdbc.SQLServerConnection.executeCommand(SQLServerConnection.java:4828)
	at com.microsoft.sqlserver.jdbc.SQLServerStatement.executeCommand(SQLServerStatement.java:321)
	at com.microsoft.sqlserver.jdbc.SQLServerStatement.executeStatement(SQLServerStatement.java:253)
	at com.microsoft.sqlserver.jdbc.SQLServerStatement.execute(SQLServerStatement.java:842)
	at com.zaxxer.hikari.pool.ProxyStatement.execute(ProxyStatement.java:95)
	at com.zaxxer.hikari.pool.HikariProxyStatement.execute(HikariProxyStatement.java)
	at org.hibernate.tool.schema.internal.exec.GenerationTargetToDatabase.accept(GenerationTargetToDatabase.java:76)
	... 38 common frames omitted
2026-06-09 09:02:37.870 [main] INFO  o.s.o.j.LocalContainerEntityManagerFactoryBean - Initialized JPA EntityManagerFactory for persistence unit 'default'
2026-06-09 09:02:37.921 [main] INFO  o.s.d.j.r.q.QueryEnhancerFactories - Hibernate is in classpath; If applicable, HQL parser will be used.
2026-06-09 09:02:38.857 [main] WARN  o.s.b.j.a.JpaBaseConfiguration$JpaWebConfiguration - spring.jpa.open-in-view is enabled by default. Therefore, database queries may be performed during view rendering. Explicitly configure spring.jpa.open-in-view to disable this warning
2026-06-09 09:02:38.896 [main] INFO  o.s.s.c.a.a.c.InitializeUserDetailsBeanManagerConfigurer$InitializeUserDetailsManagerConfigurer - Global AuthenticationManager configured with UserDetailsService bean with name myUserDetailsServiceImpl
2026-06-09 09:02:39.000 [main] INFO  o.s.b.w.a.WelcomePageHandlerMapping - Adding welcome page template: index
2026-06-09 09:02:39.229 [main] INFO  o.a.coyote.http11.Http11NioProtocol - Starting ProtocolHandler ["http-nio-8080"]
2026-06-09 09:02:39.240 [main] INFO  o.s.boot.tomcat.TomcatWebServer - Tomcat started on port 8080 (http) with context path '/'
2026-06-09 09:02:39.251 [main] INFO  c.e.a.AttendanceSystemApplication - Started AttendanceSystemApplication in 7.287 seconds (process running for 7.897)
2026-06-09 09:02:52.401 [http-nio-8080-exec-3] INFO  o.a.c.c.C.[Tomcat].[localhost].[/] - Initializing Spring DispatcherServlet 'dispatcherServlet'
2026-06-09 09:02:52.401 [http-nio-8080-exec-3] INFO  o.s.web.servlet.DispatcherServlet - Initializing Servlet 'dispatcherServlet'
2026-06-09 09:02:52.402 [http-nio-8080-exec-3] INFO  o.s.web.servlet.DispatcherServlet - Completed initialization in 1 ms
2026-06-09 09:03:03.133 [http-nio-8080-exec-1] DEBUG org.hibernate.SQL - 
    select
        u1_0.id,
        u1_0.class_name,
        u1_0.create_time,
        u1_0.gender,
        u1_0.real_name,
        u1_0.username,
        u1_0.userpassword,
        u1_0.userrole 
    from
        my_user u1_0 
    where
        u1_0.username=?
2026-06-09 09:03:05.086 [http-nio-8080-exec-8] DEBUG org.hibernate.SQL - 
    select
        u1_0.id,
        u1_0.class_name,
        u1_0.create_time,
        u1_0.gender,
        u1_0.real_name,
        u1_0.username,
        u1_0.userpassword,
        u1_0.userrole 
    from
        my_user u1_0 
    where
        u1_0.username=?
2026-06-09 09:03:05.140 [http-nio-8080-exec-8] DEBUG org.hibernate.SQL - 
    select
        c1_0.id,
        c1_0.class_name,
        c1_0.course_id,
        c1_0.course_name,
        c1_0.create_time,
        c1_0.location,
        c1_0.teacher_id,
        c1_0.teacher_name,
        c1_0.time_slot,
        c1_0.week_day 
    from
        course c1_0
2026-06-09 09:03:05.172 [http-nio-8080-exec-8] DEBUG org.hibernate.SQL - 
    select
        count_big(*) 
    from
        student s1_0
2026-06-09 09:03:05.209 [http-nio-8080-exec-8] DEBUG org.hibernate.SQL - 
    select
        count_big(u1_0.id) 
    from
        my_user u1_0 
    where
        upper(u1_0.userrole)=upper(?)
2026-06-09 09:03:05.224 [http-nio-8080-exec-8] DEBUG org.hibernate.SQL - 
    select
        count_big(*) 
    from
        course c1_0
2026-06-09 09:03:05.224 [http-nio-8080-exec-8] DEBUG org.hibernate.SQL - 
    select
        a1_0.id,
        a1_0.check_in_time,
        a1_0.course_id,
        a1_0.create_time,
        a1_0.ip_address,
        a1_0.reason,
        a1_0.sign_in_id,
        a1_0.student_id,
        a1_0.student_name,
        a1_0.student_status,
        a1_0.update_time 
    from
        attendance a1_0 
    where
        a1_0.course_id=?
2026-06-09 09:03:05.243 [http-nio-8080-exec-8] DEBUG org.hibernate.SQL - 
    select
        a1_0.id,
        a1_0.check_in_time,
        a1_0.course_id,
        a1_0.create_time,
        a1_0.ip_address,
        a1_0.reason,
        a1_0.sign_in_id,
        a1_0.student_id,
        a1_0.student_name,
        a1_0.student_status,
        a1_0.update_time 
    from
        attendance a1_0 
    where
        a1_0.course_id=?
2026-06-09 09:03:05.243 [http-nio-8080-exec-8] DEBUG org.hibernate.SQL - 
    select
        a1_0.id,
        a1_0.check_in_time,
        a1_0.course_id,
        a1_0.create_time,
        a1_0.ip_address,
        a1_0.reason,
        a1_0.sign_in_id,
        a1_0.student_id,
        a1_0.student_name,
        a1_0.student_status,
        a1_0.update_time 
    from
        attendance a1_0 
    where
        a1_0.course_id=?
2026-06-09 09:03:10.494 [http-nio-8080-exec-9] DEBUG org.hibernate.SQL - 
    select
        c1_0.id,
        c1_0.class_name,
        c1_0.course_id,
        c1_0.course_name,
        c1_0.create_time,
        c1_0.location,
        c1_0.teacher_id,
        c1_0.teacher_name,
        c1_0.time_slot,
        c1_0.week_day 
    from
        course c1_0
2026-06-09 09:03:10.525 [http-nio-8080-exec-6] DEBUG org.hibernate.SQL - 
    select
        distinct s1_0.class_name 
    from
        student s1_0 
    where
        s1_0.class_name is not null 
    order by
        s1_0.class_name
2026-06-09 09:03:10.562 [http-nio-8080-exec-10] DEBUG org.hibernate.SQL - 
    select
        u1_0.id,
        u1_0.class_name,
        u1_0.create_time,
        u1_0.gender,
        u1_0.real_name,
        u1_0.username,
        u1_0.userpassword,
        u1_0.userrole 
    from
        my_user u1_0 
    where
        u1_0.username=?
2026-06-09 09:03:10.562 [http-nio-8080-exec-10] DEBUG org.hibernate.SQL - 
    select
        count_big(*) 
    from
        student s1_0
2026-06-09 09:03:10.597 [http-nio-8080-exec-10] DEBUG org.hibernate.SQL - 
    select
        count_big(a1_0.id) 
    from
        attendance a1_0 
    where
        a1_0.check_in_time between ? and ? 
        and (
            ? is null 
            or a1_0.course_id=?
        ) 
        and (
            ? is null 
            or ?='' 
            or exists(select
                s1_0.student_id from student s1_0 
            where
                s1_0.student_id=a1_0.student_id 
                and s1_0.class_name=?)
        )
2026-06-09 09:03:10.633 [http-nio-8080-exec-10] DEBUG org.hibernate.SQL - 
    select
        count_big(a1_0.id) 
    from
        attendance a1_0 
    where
        a1_0.student_status=? 
        and a1_0.check_in_time between ? and ? 
        and (
            ? is null 
            or a1_0.course_id=?
        ) 
        and (
            ? is null 
            or ?='' 
            or exists(select
                s1_0.student_id from student s1_0 
            where
                s1_0.student_id=a1_0.student_id 
                and s1_0.class_name=?)
        )
2026-06-09 09:03:10.651 [http-nio-8080-exec-10] DEBUG org.hibernate.SQL - 
    select
        count_big(a1_0.id) 
    from
        attendance a1_0 
    where
        a1_0.student_status=? 
        and a1_0.check_in_time between ? and ? 
        and (
            ? is null 
            or a1_0.course_id=?
        ) 
        and (
            ? is null 
            or ?='' 
            or exists(select
                s1_0.student_id from student s1_0 
            where
                s1_0.student_id=a1_0.student_id 
                and s1_0.class_name=?)
        )
2026-06-09 09:03:10.654 [http-nio-8080-exec-10] DEBUG org.hibernate.SQL - 
    select
        count_big(a1_0.id) 
    from
        attendance a1_0 
    where
        a1_0.student_status=? 
        and a1_0.check_in_time between ? and ? 
        and (
            ? is null 
            or a1_0.course_id=?
        ) 
        and (
            ? is null 
            or ?='' 
            or exists(select
                s1_0.student_id from student s1_0 
            where
                s1_0.student_id=a1_0.student_id 
                and s1_0.class_name=?)
        )
2026-06-09 09:03:10.659 [http-nio-8080-exec-10] DEBUG org.hibernate.SQL - 
    select
        count_big(a1_0.id) 
    from
        attendance a1_0 
    where
        a1_0.student_status=? 
        and a1_0.check_in_time between ? and ? 
        and (
            ? is null 
            or a1_0.course_id=?
        ) 
        and (
            ? is null 
            or ?='' 
            or exists(select
                s1_0.student_id from student s1_0 
            where
                s1_0.student_id=a1_0.student_id 
                and s1_0.class_name=?)
        )
2026-06-09 09:03:10.663 [http-nio-8080-exec-10] DEBUG org.hibernate.SQL - 
    select
        count_big(a1_0.id) 
    from
        attendance a1_0 
    where
        a1_0.student_status=? 
        and a1_0.check_in_time between ? and ? 
        and (
            ? is null 
            or a1_0.course_id=?
        ) 
        and (
            ? is null 
            or ?='' 
            or exists(select
                s1_0.student_id from student s1_0 
            where
                s1_0.student_id=a1_0.student_id 
                and s1_0.class_name=?)
        )
2026-06-09 09:03:10.668 [http-nio-8080-exec-10] DEBUG org.hibernate.SQL - 
    select
        count_big(a1_0.id) 
    from
        attendance a1_0 
    where
        a1_0.student_status=? 
        and a1_0.check_in_time between ? and ? 
        and (
            ? is null 
            or a1_0.course_id=?
        ) 
        and (
            ? is null 
            or ?='' 
            or exists(select
                s1_0.student_id from student s1_0 
            where
                s1_0.student_id=a1_0.student_id 
                and s1_0.class_name=?)
        )
2026-06-09 09:03:10.670 [http-nio-8080-exec-10] DEBUG org.hibernate.SQL - 
    select
        count_big(a1_0.id) 
    from
        attendance a1_0 
    where
        a1_0.student_status=? 
        and a1_0.check_in_time between ? and ? 
        and (
            ? is null 
            or a1_0.course_id=?
        ) 
        and (
            ? is null 
            or ?='' 
            or exists(select
                s1_0.student_id from student s1_0 
            where
                s1_0.student_id=a1_0.student_id 
                and s1_0.class_name=?)
        )
2026-06-09 09:03:10.674 [http-nio-8080-exec-10] DEBUG org.hibernate.SQL - 
    select
        count_big(a1_0.id) 
    from
        attendance a1_0 
    where
        a1_0.student_status=? 
        and a1_0.check_in_time between ? and ? 
        and (
            ? is null 
            or a1_0.course_id=?
        ) 
        and (
            ? is null 
            or ?='' 
            or exists(select
                s1_0.student_id from student s1_0 
            where
                s1_0.student_id=a1_0.student_id 
                and s1_0.class_name=?)
        )
2026-06-09 09:03:10.704 [http-nio-8080-exec-10] DEBUG org.hibernate.SQL - 
    select
        count_big(a1_0.id) 
    from
        attendance a1_0 
    where
        a1_0.student_status=? 
        and a1_0.check_in_time between ? and ? 
        and (
            ? is null 
            or a1_0.course_id=?
        ) 
        and (
            ? is null 
            or ?='' 
            or exists(select
                s1_0.student_id from student s1_0 
            where
                s1_0.student_id=a1_0.student_id 
                and s1_0.class_name=?)
        )
2026-06-09 09:03:10.708 [http-nio-8080-exec-10] DEBUG org.hibernate.SQL - 
    select
        count_big(a1_0.id) 
    from
        attendance a1_0 
    where
        a1_0.student_status=? 
        and a1_0.check_in_time between ? and ? 
        and (
            ? is null 
            or a1_0.course_id=?
        ) 
        and (
            ? is null 
            or ?='' 
            or exists(select
                s1_0.student_id from student s1_0 
            where
                s1_0.student_id=a1_0.student_id 
                and s1_0.class_name=?)
        )
2026-06-09 09:03:10.708 [http-nio-8080-exec-10] DEBUG org.hibernate.SQL - 
    select
        count_big(a1_0.id) 
    from
        attendance a1_0 
    where
        a1_0.student_status=? 
        and a1_0.check_in_time between ? and ? 
        and (
            ? is null 
            or a1_0.course_id=?
        ) 
        and (
            ? is null 
            or ?='' 
            or exists(select
                s1_0.student_id from student s1_0 
            where
                s1_0.student_id=a1_0.student_id 
                and s1_0.class_name=?)
        )
2026-06-09 09:03:10.708 [http-nio-8080-exec-10] DEBUG org.hibernate.SQL - 
    select
        count_big(a1_0.id) 
    from
        attendance a1_0 
    where
        a1_0.student_status=? 
        and a1_0.check_in_time between ? and ? 
        and (
            ? is null 
            or a1_0.course_id=?
        ) 
        and (
            ? is null 
            or ?='' 
            or exists(select
                s1_0.student_id from student s1_0 
            where
                s1_0.student_id=a1_0.student_id 
                and s1_0.class_name=?)
        )
2026-06-09 09:03:10.708 [http-nio-8080-exec-10] DEBUG org.hibernate.SQL - 
    select
        count_big(a1_0.id) 
    from
        attendance a1_0 
    where
        a1_0.student_status=? 
        and a1_0.check_in_time between ? and ? 
        and (
            ? is null 
            or a1_0.course_id=?
        ) 
        and (
            ? is null 
            or ?='' 
            or exists(select
                s1_0.student_id from student s1_0 
            where
                s1_0.student_id=a1_0.student_id 
                and s1_0.class_name=?)
        )
2026-06-09 09:03:10.723 [http-nio-8080-exec-10] DEBUG org.hibernate.SQL - 
    select
        count_big(a1_0.id) 
    from
        attendance a1_0 
    where
        a1_0.student_status=? 
        and a1_0.check_in_time between ? and ? 
        and (
            ? is null 
            or a1_0.course_id=?
        ) 
        and (
            ? is null 
            or ?='' 
            or exists(select
                s1_0.student_id from student s1_0 
            where
                s1_0.student_id=a1_0.student_id 
                and s1_0.class_name=?)
        )
2026-06-09 09:03:10.739 [http-nio-8080-exec-10] DEBUG org.hibernate.SQL - 
    select
        count_big(a1_0.id) 
    from
        attendance a1_0 
    where
        a1_0.student_status=? 
        and a1_0.check_in_time between ? and ? 
        and (
            ? is null 
            or a1_0.course_id=?
        ) 
        and (
            ? is null 
            or ?='' 
            or exists(select
                s1_0.student_id from student s1_0 
            where
                s1_0.student_id=a1_0.student_id 
                and s1_0.class_name=?)
        )
2026-06-09 09:03:10.739 [http-nio-8080-exec-10] DEBUG org.hibernate.SQL - 
    select
        count_big(a1_0.id) 
    from
        attendance a1_0 
    where
        a1_0.student_status=? 
        and a1_0.check_in_time between ? and ? 
        and (
            ? is null 
            or a1_0.course_id=?
        ) 
        and (
            ? is null 
            or ?='' 
            or exists(select
                s1_0.student_id from student s1_0 
            where
                s1_0.student_id=a1_0.student_id 
                and s1_0.class_name=?)
        )
2026-06-09 09:03:10.739 [http-nio-8080-exec-10] DEBUG org.hibernate.SQL - 
    select
        count_big(a1_0.id) 
    from
        attendance a1_0 
    where
        a1_0.student_status=? 
        and a1_0.check_in_time between ? and ? 
        and (
            ? is null 
            or a1_0.course_id=?
        ) 
        and (
            ? is null 
            or ?='' 
            or exists(select
                s1_0.student_id from student s1_0 
            where
                s1_0.student_id=a1_0.student_id 
                and s1_0.class_name=?)
        )
2026-06-09 09:03:10.755 [http-nio-8080-exec-10] DEBUG org.hibernate.SQL - 
    select
        count_big(a1_0.id) 
    from
        attendance a1_0 
    where
        a1_0.student_status=? 
        and a1_0.check_in_time between ? and ? 
        and (
            ? is null 
            or a1_0.course_id=?
        ) 
        and (
            ? is null 
            or ?='' 
            or exists(select
                s1_0.student_id from student s1_0 
            where
                s1_0.student_id=a1_0.student_id 
                and s1_0.class_name=?)
        )
2026-06-09 09:03:10.755 [http-nio-8080-exec-10] DEBUG org.hibernate.SQL - 
    select
        count_big(a1_0.id) 
    from
        attendance a1_0 
    where
        a1_0.student_status=? 
        and a1_0.check_in_time between ? and ? 
        and (
            ? is null 
            or a1_0.course_id=?
        ) 
        and (
            ? is null 
            or ?='' 
            or exists(select
                s1_0.student_id from student s1_0 
            where
                s1_0.student_id=a1_0.student_id 
                and s1_0.class_name=?)
        )
2026-06-09 09:03:10.755 [http-nio-8080-exec-10] DEBUG org.hibernate.SQL - 
    select
        count_big(a1_0.id) 
    from
        attendance a1_0 
    where
        a1_0.student_status=? 
        and a1_0.check_in_time between ? and ? 
        and (
            ? is null 
            or a1_0.course_id=?
        ) 
        and (
            ? is null 
            or ?='' 
            or exists(select
                s1_0.student_id from student s1_0 
            where
                s1_0.student_id=a1_0.student_id 
                and s1_0.class_name=?)
        )
2026-06-09 09:03:10.755 [http-nio-8080-exec-10] DEBUG org.hibernate.SQL - 
    select
        count_big(a1_0.id) 
    from
        attendance a1_0 
    where
        a1_0.student_status=? 
        and a1_0.check_in_time between ? and ? 
        and (
            ? is null 
            or a1_0.course_id=?
        ) 
        and (
            ? is null 
            or ?='' 
            or exists(select
                s1_0.student_id from student s1_0 
            where
                s1_0.student_id=a1_0.student_id 
                and s1_0.class_name=?)
        )
2026-06-09 09:03:10.770 [http-nio-8080-exec-10] DEBUG org.hibernate.SQL - 
    select
        count_big(a1_0.id) 
    from
        attendance a1_0 
    where
        a1_0.student_status=? 
        and a1_0.check_in_time between ? and ? 
        and (
            ? is null 
            or a1_0.course_id=?
        ) 
        and (
            ? is null 
            or ?='' 
            or exists(select
                s1_0.student_id from student s1_0 
            where
                s1_0.student_id=a1_0.student_id 
                and s1_0.class_name=?)
        )
2026-06-09 09:03:10.770 [http-nio-8080-exec-10] DEBUG org.hibernate.SQL - 
    select
        count_big(a1_0.id) 
    from
        attendance a1_0 
    where
        a1_0.student_status=? 
        and a1_0.check_in_time between ? and ? 
        and (
            ? is null 
            or a1_0.course_id=?
        ) 
        and (
            ? is null 
            or ?='' 
            or exists(select
                s1_0.student_id from student s1_0 
            where
                s1_0.student_id=a1_0.student_id 
                and s1_0.class_name=?)
        )
2026-06-09 09:03:10.786 [http-nio-8080-exec-10] DEBUG org.hibernate.SQL - 
    select
        count_big(a1_0.id) 
    from
        attendance a1_0 
    where
        a1_0.student_status=? 
        and a1_0.check_in_time between ? and ? 
        and (
            ? is null 
            or a1_0.course_id=?
        ) 
        and (
            ? is null 
            or ?='' 
            or exists(select
                s1_0.student_id from student s1_0 
            where
                s1_0.student_id=a1_0.student_id 
                and s1_0.class_name=?)
        )
2026-06-09 09:03:10.786 [http-nio-8080-exec-10] DEBUG org.hibernate.SQL - 
    select
        count_big(a1_0.id) 
    from
        attendance a1_0 
    where
        a1_0.student_status=? 
        and a1_0.check_in_time between ? and ? 
        and (
            ? is null 
            or a1_0.course_id=?
        ) 
        and (
            ? is null 
            or ?='' 
            or exists(select
                s1_0.student_id from student s1_0 
            where
                s1_0.student_id=a1_0.student_id 
                and s1_0.class_name=?)
        )
2026-06-09 09:03:10.786 [http-nio-8080-exec-10] DEBUG org.hibernate.SQL - 
    select
        count_big(a1_0.id) 
    from
        attendance a1_0 
    where
        a1_0.student_status=? 
        and a1_0.check_in_time between ? and ? 
        and (
            ? is null 
            or a1_0.course_id=?
        ) 
        and (
            ? is null 
            or ?='' 
            or exists(select
                s1_0.student_id from student s1_0 
            where
                s1_0.student_id=a1_0.student_id 
                and s1_0.class_name=?)
        )
2026-06-09 09:03:10.786 [http-nio-8080-exec-10] DEBUG org.hibernate.SQL - 
    select
        count_big(a1_0.id) 
    from
        attendance a1_0 
    where
        a1_0.student_status=? 
        and a1_0.check_in_time between ? and ? 
        and (
            ? is null 
            or a1_0.course_id=?
        ) 
        and (
            ? is null 
            or ?='' 
            or exists(select
                s1_0.student_id from student s1_0 
            where
                s1_0.student_id=a1_0.student_id 
                and s1_0.class_name=?)
        )
2026-06-09 09:03:10.805 [http-nio-8080-exec-10] DEBUG org.hibernate.SQL - 
    select
        count_big(a1_0.id) 
    from
        attendance a1_0 
    where
        a1_0.student_status=? 
        and a1_0.check_in_time between ? and ? 
        and (
            ? is null 
            or a1_0.course_id=?
        ) 
        and (
            ? is null 
            or ?='' 
            or exists(select
                s1_0.student_id from student s1_0 
            where
                s1_0.student_id=a1_0.student_id 
                and s1_0.class_name=?)
        )
2026-06-09 09:03:10.809 [http-nio-8080-exec-10] DEBUG org.hibernate.SQL - 
    select
        count_big(a1_0.id) 
    from
        attendance a1_0 
    where
        a1_0.student_status=? 
        and a1_0.check_in_time between ? and ? 
        and (
            ? is null 
            or a1_0.course_id=?
        ) 
        and (
            ? is null 
            or ?='' 
            or exists(select
                s1_0.student_id from student s1_0 
            where
                s1_0.student_id=a1_0.student_id 
                and s1_0.class_name=?)
        )
2026-06-09 09:03:10.814 [http-nio-8080-exec-10] DEBUG org.hibernate.SQL - 
    select
        count_big(a1_0.id) 
    from
        attendance a1_0 
    where
        a1_0.student_status=? 
        and a1_0.check_in_time between ? and ? 
        and (
            ? is null 
            or a1_0.course_id=?
        ) 
        and (
            ? is null 
            or ?='' 
            or exists(select
                s1_0.student_id from student s1_0 
            where
                s1_0.student_id=a1_0.student_id 
                and s1_0.class_name=?)
        )
2026-06-09 09:03:10.820 [http-nio-8080-exec-10] DEBUG org.hibernate.SQL - 
    select
        count_big(a1_0.id) 
    from
        attendance a1_0 
    where
        a1_0.student_status=? 
        and a1_0.check_in_time between ? and ? 
        and (
            ? is null 
            or a1_0.course_id=?
        ) 
        and (
            ? is null 
            or ?='' 
            or exists(select
                s1_0.student_id from student s1_0 
            where
                s1_0.student_id=a1_0.student_id 
                and s1_0.class_name=?)
        )
2026-06-09 09:03:10.825 [http-nio-8080-exec-10] DEBUG org.hibernate.SQL - 
    select
        count_big(a1_0.id) 
    from
        attendance a1_0 
    where
        a1_0.student_status=? 
        and a1_0.check_in_time between ? and ? 
        and (
            ? is null 
            or a1_0.course_id=?
        ) 
        and (
            ? is null 
            or ?='' 
            or exists(select
                s1_0.student_id from student s1_0 
            where
                s1_0.student_id=a1_0.student_id 
                and s1_0.class_name=?)
        )
2026-06-09 09:03:10.828 [http-nio-8080-exec-10] DEBUG org.hibernate.SQL - 
    select
        count_big(a1_0.id) 
    from
        attendance a1_0 
    where
        a1_0.student_status=? 
        and a1_0.check_in_time between ? and ? 
        and (
            ? is null 
            or a1_0.course_id=?
        ) 
        and (
            ? is null 
            or ?='' 
            or exists(select
                s1_0.student_id from student s1_0 
            where
                s1_0.student_id=a1_0.student_id 
                and s1_0.class_name=?)
        )
2026-06-09 09:03:10.832 [http-nio-8080-exec-10] DEBUG org.hibernate.SQL - 
    select
        count_big(a1_0.id) 
    from
        attendance a1_0 
    where
        a1_0.student_status=? 
        and a1_0.check_in_time between ? and ? 
        and (
            ? is null 
            or a1_0.course_id=?
        ) 
        and (
            ? is null 
            or ?='' 
            or exists(select
                s1_0.student_id from student s1_0 
            where
                s1_0.student_id=a1_0.student_id 
                and s1_0.class_name=?)
        )
2026-06-09 09:03:10.835 [http-nio-8080-exec-10] DEBUG org.hibernate.SQL - 
    select
        count_big(a1_0.id) 
    from
        attendance a1_0 
    where
        a1_0.student_status=? 
        and a1_0.check_in_time between ? and ? 
        and (
            ? is null 
            or a1_0.course_id=?
        ) 
        and (
            ? is null 
            or ?='' 
            or exists(select
                s1_0.student_id from student s1_0 
            where
                s1_0.student_id=a1_0.student_id 
                and s1_0.class_name=?)
        )
2026-06-09 09:03:10.837 [http-nio-8080-exec-10] DEBUG org.hibernate.SQL - 
    select
        count_big(a1_0.id) 
    from
        attendance a1_0 
    where
        a1_0.student_status=? 
        and a1_0.check_in_time between ? and ? 
        and (
            ? is null 
            or a1_0.course_id=?
        ) 
        and (
            ? is null 
            or ?='' 
            or exists(select
                s1_0.student_id from student s1_0 
            where
                s1_0.student_id=a1_0.student_id 
                and s1_0.class_name=?)
        )
2026-06-09 09:03:10.841 [http-nio-8080-exec-10] DEBUG org.hibernate.SQL - 
    select
        distinct s1_0.class_name 
    from
        student s1_0 
    where
        s1_0.class_name is not null 
    order by
        s1_0.class_name
2026-06-09 09:03:10.842 [http-nio-8080-exec-10] DEBUG org.hibernate.SQL - 
    select
        count_big(a1_0.id) 
    from
        attendance a1_0 
    where
        a1_0.check_in_time between ? and ? 
        and (
            ? is null 
            or a1_0.course_id=?
        ) 
        and (
            ? is null 
            or ?='' 
            or exists(select
                s1_0.student_id from student s1_0 
            where
                s1_0.student_id=a1_0.student_id 
                and s1_0.class_name=?)
        )
2026-06-09 09:03:10.842 [http-nio-8080-exec-10] DEBUG org.hibernate.SQL - 
    select
        count_big(a1_0.id) 
    from
        attendance a1_0 
    where
        a1_0.student_status=? 
        and a1_0.check_in_time between ? and ? 
        and (
            ? is null 
            or a1_0.course_id=?
        ) 
        and (
            ? is null 
            or ?='' 
            or exists(select
                s1_0.student_id from student s1_0 
            where
                s1_0.student_id=a1_0.student_id 
                and s1_0.class_name=?)
        )
2026-06-09 09:03:10.875 [http-nio-8080-exec-10] DEBUG org.hibernate.SQL - 
    select
        count_big(a1_0.id) 
    from
        attendance a1_0 
    where
        a1_0.check_in_time between ? and ? 
        and (
            ? is null 
            or a1_0.course_id=?
        ) 
        and (
            ? is null 
            or ?='' 
            or exists(select
                s1_0.student_id from student s1_0 
            where
                s1_0.student_id=a1_0.student_id 
                and s1_0.class_name=?)
        )
2026-06-09 09:03:10.878 [http-nio-8080-exec-10] DEBUG org.hibernate.SQL - 
    select
        count_big(a1_0.id) 
    from
        attendance a1_0 
    where
        a1_0.student_status=? 
        and a1_0.check_in_time between ? and ? 
        and (
            ? is null 
            or a1_0.course_id=?
        ) 
        and (
            ? is null 
            or ?='' 
            or exists(select
                s1_0.student_id from student s1_0 
            where
                s1_0.student_id=a1_0.student_id 
                and s1_0.class_name=?)
        )
2026-06-09 09:03:10.881 [http-nio-8080-exec-10] DEBUG org.hibernate.SQL - 
    select
        count_big(a1_0.id) 
    from
        attendance a1_0 
    where
        a1_0.check_in_time between ? and ? 
        and (
            ? is null 
            or a1_0.course_id=?
        ) 
        and (
            ? is null 
            or ?='' 
            or exists(select
                s1_0.student_id from student s1_0 
            where
                s1_0.student_id=a1_0.student_id 
                and s1_0.class_name=?)
        )
2026-06-09 09:03:10.882 [http-nio-8080-exec-10] DEBUG org.hibernate.SQL - 
    select
        count_big(a1_0.id) 
    from
        attendance a1_0 
    where
        a1_0.student_status=? 
        and a1_0.check_in_time between ? and ? 
        and (
            ? is null 
            or a1_0.course_id=?
        ) 
        and (
            ? is null 
            or ?='' 
            or exists(select
                s1_0.student_id from student s1_0 
            where
                s1_0.student_id=a1_0.student_id 
                and s1_0.class_name=?)
        )
2026-06-09 09:03:10.882 [http-nio-8080-exec-10] DEBUG org.hibernate.SQL - 
    select
        count_big(a1_0.id) 
    from
        attendance a1_0 
    where
        a1_0.check_in_time between ? and ? 
        and (
            ? is null 
            or a1_0.course_id=?
        ) 
        and (
            ? is null 
            or ?='' 
            or exists(select
                s1_0.student_id from student s1_0 
            where
                s1_0.student_id=a1_0.student_id 
                and s1_0.class_name=?)
        )
2026-06-09 09:03:10.882 [http-nio-8080-exec-10] DEBUG org.hibernate.SQL - 
    select
        count_big(a1_0.id) 
    from
        attendance a1_0 
    where
        a1_0.student_status=? 
        and a1_0.check_in_time between ? and ? 
        and (
            ? is null 
            or a1_0.course_id=?
        ) 
        and (
            ? is null 
            or ?='' 
            or exists(select
                s1_0.student_id from student s1_0 
            where
                s1_0.student_id=a1_0.student_id 
                and s1_0.class_name=?)
        )
2026-06-09 09:03:10.898 [http-nio-8080-exec-10] DEBUG org.hibernate.SQL - 
    select
        count_big(a1_0.id) 
    from
        attendance a1_0 
    where
        a1_0.check_in_time between ? and ? 
        and (
            ? is null 
            or a1_0.course_id=?
        ) 
        and (
            ? is null 
            or ?='' 
            or exists(select
                s1_0.student_id from student s1_0 
            where
                s1_0.student_id=a1_0.student_id 
                and s1_0.class_name=?)
        )
2026-06-09 09:03:10.898 [http-nio-8080-exec-10] DEBUG org.hibernate.SQL - 
    select
        count_big(a1_0.id) 
    from
        attendance a1_0 
    where
        a1_0.student_status=? 
        and a1_0.check_in_time between ? and ? 
        and (
            ? is null 
            or a1_0.course_id=?
        ) 
        and (
            ? is null 
            or ?='' 
            or exists(select
                s1_0.student_id from student s1_0 
            where
                s1_0.student_id=a1_0.student_id 
                and s1_0.class_name=?)
        )
2026-06-09 09:03:10.930 [http-nio-8080-exec-10] DEBUG org.hibernate.SQL - 
    select
        a1_0.course_id,
        c1_0.course_name,
        count_big(a1_0.id) 
    from
        attendance a1_0 
    left join
        course c1_0 
            on a1_0.course_id=c1_0.course_id 
    where
        a1_0.check_in_time between ? and ? 
        and (
            ? is null 
            or ?='' 
            or exists(select
                s1_0.student_id from student s1_0 
            where
                s1_0.student_id=a1_0.student_id 
                and s1_0.class_name=?)
        ) 
    group by
        a1_0.course_id,
        c1_0.course_name 
    order by
        count_big(a1_0.id) desc
2026-06-09 09:03:15.133 [http-nio-8080-exec-2] DEBUG org.hibernate.SQL - 
    select
        u1_0.id,
        u1_0.class_name,
        u1_0.create_time,
        u1_0.gender,
        u1_0.real_name,
        u1_0.username,
        u1_0.userpassword,
        u1_0.userrole 
    from
        my_user u1_0 
    where
        u1_0.username=?
2026-06-09 09:03:15.144 [http-nio-8080-exec-2] DEBUG org.hibernate.SQL - 
    select
        c1_0.id,
        c1_0.class_name,
        c1_0.course_id,
        c1_0.course_name,
        c1_0.create_time,
        c1_0.location,
        c1_0.teacher_id,
        c1_0.teacher_name,
        c1_0.time_slot,
        c1_0.week_day 
    from
        course c1_0
2026-06-09 09:03:15.144 [http-nio-8080-exec-2] DEBUG org.hibernate.SQL - 
    select
        count_big(*) 
    from
        student s1_0
2026-06-09 09:03:15.161 [http-nio-8080-exec-2] DEBUG org.hibernate.SQL - 
    select
        count_big(u1_0.id) 
    from
        my_user u1_0 
    where
        upper(u1_0.userrole)=upper(?)
2026-06-09 09:03:15.164 [http-nio-8080-exec-2] DEBUG org.hibernate.SQL - 
    select
        count_big(*) 
    from
        course c1_0
2026-06-09 09:03:15.168 [http-nio-8080-exec-2] DEBUG org.hibernate.SQL - 
    select
        a1_0.id,
        a1_0.check_in_time,
        a1_0.course_id,
        a1_0.create_time,
        a1_0.ip_address,
        a1_0.reason,
        a1_0.sign_in_id,
        a1_0.student_id,
        a1_0.student_name,
        a1_0.student_status,
        a1_0.update_time 
    from
        attendance a1_0 
    where
        a1_0.course_id=?
2026-06-09 09:03:15.173 [http-nio-8080-exec-2] DEBUG org.hibernate.SQL - 
    select
        a1_0.id,
        a1_0.check_in_time,
        a1_0.course_id,
        a1_0.create_time,
        a1_0.ip_address,
        a1_0.reason,
        a1_0.sign_in_id,
        a1_0.student_id,
        a1_0.student_name,
        a1_0.student_status,
        a1_0.update_time 
    from
        attendance a1_0 
    where
        a1_0.course_id=?
2026-06-09 09:03:15.177 [http-nio-8080-exec-2] DEBUG org.hibernate.SQL - 
    select
        a1_0.id,
        a1_0.check_in_time,
        a1_0.course_id,
        a1_0.create_time,
        a1_0.ip_address,
        a1_0.reason,
        a1_0.sign_in_id,
        a1_0.student_id,
        a1_0.student_name,
        a1_0.student_status,
        a1_0.update_time 
    from
        attendance a1_0 
    where
        a1_0.course_id=?
2026-06-09 09:04:07.286 [http-nio-8080-exec-9] DEBUG org.hibernate.SQL - 
    select
        u1_0.id,
        u1_0.class_name,
        u1_0.create_time,
        u1_0.gender,
        u1_0.real_name,
        u1_0.username,
        u1_0.userpassword,
        u1_0.userrole 
    from
        my_user u1_0 
    where
        u1_0.username=?
2026-06-09 09:04:09.102 [http-nio-8080-exec-10] DEBUG org.hibernate.SQL - 
    select
        u1_0.id,
        u1_0.class_name,
        u1_0.create_time,
        u1_0.gender,
        u1_0.real_name,
        u1_0.username,
        u1_0.userpassword,
        u1_0.userrole 
    from
        my_user u1_0 
    where
        u1_0.username=?
2026-06-09 09:04:09.104 [http-nio-8080-exec-10] DEBUG org.hibernate.SQL - 
    select
        cs1_0.id,
        cs1_0.class_name,
        cs1_0.course_id,
        cs1_0.course_name,
        cs1_0.create_time,
        cs1_0.status,
        cs1_0.student_id,
        cs1_0.student_name 
    from
        course_selection cs1_0 
    where
        cs1_0.student_id=? 
        and cs1_0.status=?
2026-06-09 09:04:09.136 [http-nio-8080-exec-10] DEBUG org.hibernate.SQL - 
    select
        c1_0.id,
        c1_0.class_name,
        c1_0.course_id,
        c1_0.course_name,
        c1_0.create_time,
        c1_0.location,
        c1_0.teacher_id,
        c1_0.teacher_name,
        c1_0.time_slot,
        c1_0.week_day 
    from
        course c1_0 
    where
        c1_0.course_id=?
2026-06-09 09:04:09.147 [http-nio-8080-exec-10] DEBUG org.hibernate.SQL - 
    select
        cs1_0.id,
        cs1_0.class_name,
        cs1_0.course_id,
        cs1_0.course_name,
        cs1_0.create_time,
        cs1_0.status,
        cs1_0.student_id,
        cs1_0.student_name 
    from
        course_selection cs1_0 
    where
        cs1_0.student_id=? 
        and cs1_0.status=?
2026-06-09 09:04:09.154 [http-nio-8080-exec-10] DEBUG org.hibernate.SQL - 
    select
        a1_0.id,
        a1_0.check_in_time,
        a1_0.course_id,
        a1_0.create_time,
        a1_0.ip_address,
        a1_0.reason,
        a1_0.sign_in_id,
        a1_0.student_id,
        a1_0.student_name,
        a1_0.student_status,
        a1_0.update_time 
    from
        attendance a1_0 
    where
        a1_0.student_id=?
2026-06-09 09:04:14.566 [http-nio-8080-exec-2] DEBUG org.hibernate.SQL - 
    select
        u1_0.id,
        u1_0.class_name,
        u1_0.create_time,
        u1_0.gender,
        u1_0.real_name,
        u1_0.username,
        u1_0.userpassword,
        u1_0.userrole 
    from
        my_user u1_0 
    where
        u1_0.username=?
2026-06-09 09:04:14.571 [http-nio-8080-exec-2] DEBUG org.hibernate.SQL - 
    select
        cs1_0.id,
        cs1_0.class_name,
        cs1_0.course_id,
        cs1_0.course_name,
        cs1_0.create_time,
        cs1_0.status,
        cs1_0.student_id,
        cs1_0.student_name 
    from
        course_selection cs1_0 
    where
        cs1_0.student_id=? 
        and cs1_0.status=?
2026-06-09 09:04:14.573 [http-nio-8080-exec-2] DEBUG org.hibernate.SQL - 
    select
        c1_0.id,
        c1_0.class_name,
        c1_0.course_id,
        c1_0.course_name,
        c1_0.create_time,
        c1_0.location,
        c1_0.teacher_id,
        c1_0.teacher_name,
        c1_0.time_slot,
        c1_0.week_day 
    from
        course c1_0 
    where
        c1_0.course_id=?
2026-06-09 09:04:14.573 [http-nio-8080-exec-4] DEBUG c.e.a.s.impl.AttendanceServiceImpl - 按条件查询考勤记录，学生ID: 42411114, 课程ID: null, 状态: null
2026-06-09 09:04:14.573 [http-nio-8080-exec-2] DEBUG org.hibernate.SQL - 
    select
        cs1_0.id,
        cs1_0.class_name,
        cs1_0.course_id,
        cs1_0.course_name,
        cs1_0.create_time,
        cs1_0.status,
        cs1_0.student_id,
        cs1_0.student_name 
    from
        course_selection cs1_0 
    where
        cs1_0.student_id=? 
        and cs1_0.status=?
2026-06-09 09:04:14.573 [http-nio-8080-exec-2] DEBUG org.hibernate.SQL - 
    select
        a1_0.id,
        a1_0.check_in_time,
        a1_0.course_id,
        a1_0.create_time,
        a1_0.ip_address,
        a1_0.reason,
        a1_0.sign_in_id,
        a1_0.student_id,
        a1_0.student_name,
        a1_0.student_status,
        a1_0.update_time 
    from
        attendance a1_0 
    where
        a1_0.student_id=?
2026-06-09 09:04:14.600 [http-nio-8080-exec-4] DEBUG org.hibernate.SQL - 
    select
        a1_0.id,
        a1_0.check_in_time,
        a1_0.course_id,
        a1_0.create_time,
        a1_0.ip_address,
        a1_0.reason,
        a1_0.sign_in_id,
        a1_0.student_id,
        a1_0.student_name,
        a1_0.student_status,
        a1_0.update_time 
    from
        attendance a1_0 
    where
        a1_0.student_id=? 
    order by
        a1_0.check_in_time desc 
    offset
        ? rows 
    fetch
        first ? rows only
2026-06-09 09:04:14.620 [http-nio-8080-exec-4] INFO  c.e.a.s.impl.AttendanceServiceImpl - 条件查询考勤记录完成，总数: 1
2026-06-09 09:04:14.631 [http-nio-8080-exec-4] WARN  o.s.d.w.c.SpringDataJackson3Configuration$PageModule$WarningLoggingModifier - Serializing PageImpl instances as-is is not supported, meaning that there is no guarantee about the stability of the resulting JSON structure!
	For a stable JSON structure, please use Spring Data's PagedModel (globally via @EnableSpringDataWebSupport(pageSerializationMode = VIA_DTO))
	or Spring HATEOAS and Spring Data's PagedResourcesAssembler as documented in https://docs.spring.io/spring-data/commons/reference/repositories/core-extensions.html#core.web.pageables.

2026-06-09 09:04:38.640 [http-nio-8080-exec-1] DEBUG c.e.a.s.impl.AttendanceServiceImpl - 按条件查询考勤记录，学生ID: 42411114, 课程ID: null, 状态: null
2026-06-09 09:04:38.651 [http-nio-8080-exec-1] DEBUG org.hibernate.SQL - 
    select
        a1_0.id,
        a1_0.check_in_time,
        a1_0.course_id,
        a1_0.create_time,
        a1_0.ip_address,
        a1_0.reason,
        a1_0.sign_in_id,
        a1_0.student_id,
        a1_0.student_name,
        a1_0.student_status,
        a1_0.update_time 
    from
        attendance a1_0 
    where
        a1_0.student_id=? 
    order by
        a1_0.check_in_time desc 
    offset
        ? rows 
    fetch
        first ? rows only
2026-06-09 09:04:38.654 [http-nio-8080-exec-1] INFO  c.e.a.s.impl.AttendanceServiceImpl - 条件查询考勤记录完成，总数: 1
2026-06-09 09:04:42.395 [http-nio-8080-exec-8] DEBUG c.e.a.s.impl.AttendanceServiceImpl - 按条件查询考勤记录，学生ID: 42411114, 课程ID: null, 状态: null
2026-06-09 09:04:42.402 [http-nio-8080-exec-8] DEBUG org.hibernate.SQL - 
    select
        a1_0.id,
        a1_0.check_in_time,
        a1_0.course_id,
        a1_0.create_time,
        a1_0.ip_address,
        a1_0.reason,
        a1_0.sign_in_id,
        a1_0.student_id,
        a1_0.student_name,
        a1_0.student_status,
        a1_0.update_time 
    from
        attendance a1_0 
    where
        a1_0.student_id=? 
    order by
        a1_0.check_in_time desc 
    offset
        ? rows 
    fetch
        first ? rows only
2026-06-09 09:04:42.407 [http-nio-8080-exec-8] INFO  c.e.a.s.impl.AttendanceServiceImpl - 条件查询考勤记录完成，总数: 1
2026-06-09 09:04:44.822 [http-nio-8080-exec-7] DEBUG c.e.a.s.impl.AttendanceServiceImpl - 按条件查询考勤记录，学生ID: 42411114, 课程ID: null, 状态: null
2026-06-09 09:04:44.832 [http-nio-8080-exec-7] DEBUG org.hibernate.SQL - 
    select
        a1_0.id,
        a1_0.check_in_time,
        a1_0.course_id,
        a1_0.create_time,
        a1_0.ip_address,
        a1_0.reason,
        a1_0.sign_in_id,
        a1_0.student_id,
        a1_0.student_name,
        a1_0.student_status,
        a1_0.update_time 
    from
        attendance a1_0 
    where
        a1_0.student_id=? 
    order by
        a1_0.check_in_time desc 
    offset
        ? rows 
    fetch
        first ? rows only
2026-06-09 09:04:48.268 [http-nio-8080-exec-7] INFO  c.e.a.s.impl.AttendanceServiceImpl - 条件查询考勤记录完成，总数: 1
2026-06-09 09:04:56.613 [http-nio-8080-exec-6] DEBUG org.hibernate.SQL - 
    select
        u1_0.id,
        u1_0.class_name,
        u1_0.create_time,
        u1_0.gender,
        u1_0.real_name,
        u1_0.username,
        u1_0.userpassword,
        u1_0.userrole 
    from
        my_user u1_0 
    where
        u1_0.username=?
2026-06-09 09:04:56.619 [http-nio-8080-exec-6] DEBUG org.hibernate.SQL - 
    select
        cs1_0.id,
        cs1_0.class_name,
        cs1_0.course_id,
        cs1_0.course_name,
        cs1_0.create_time,
        cs1_0.status,
        cs1_0.student_id,
        cs1_0.student_name 
    from
        course_selection cs1_0 
    where
        cs1_0.student_id=? 
        and cs1_0.status=?
2026-06-09 09:04:56.628 [http-nio-8080-exec-6] DEBUG org.hibernate.SQL - 
    select
        c1_0.id,
        c1_0.class_name,
        c1_0.course_id,
        c1_0.course_name,
        c1_0.create_time,
        c1_0.location,
        c1_0.teacher_id,
        c1_0.teacher_name,
        c1_0.time_slot,
        c1_0.week_day 
    from
        course c1_0 
    where
        c1_0.course_id=?
2026-06-09 09:04:56.628 [http-nio-8080-exec-6] DEBUG org.hibernate.SQL - 
    select
        cs1_0.id,
        cs1_0.class_name,
        cs1_0.course_id,
        cs1_0.course_name,
        cs1_0.create_time,
        cs1_0.status,
        cs1_0.student_id,
        cs1_0.student_name 
    from
        course_selection cs1_0 
    where
        cs1_0.student_id=? 
        and cs1_0.status=?
2026-06-09 09:04:56.628 [http-nio-8080-exec-6] DEBUG org.hibernate.SQL - 
    select
        a1_0.id,
        a1_0.check_in_time,
        a1_0.course_id,
        a1_0.create_time,
        a1_0.ip_address,
        a1_0.reason,
        a1_0.sign_in_id,
        a1_0.student_id,
        a1_0.student_name,
        a1_0.student_status,
        a1_0.update_time 
    from
        attendance a1_0 
    where
        a1_0.student_id=?
2026-06-09 09:51:42.343 [main] INFO  c.e.a.AttendanceSystemApplicationTests - Starting AttendanceSystemApplicationTests using Java 21.0.2 with PID 26840 (started by l in D:\Java\springboot_pj\attendance-system)
2026-06-09 09:51:42.344 [main] DEBUG c.e.a.AttendanceSystemApplicationTests - Running with Spring Boot v4.0.3, Spring v7.0.5
2026-06-09 09:51:42.345 [main] INFO  c.e.a.AttendanceSystemApplicationTests - No active profile set, falling back to 1 default profile: "default"
2026-06-09 09:51:42.832 [main] INFO  o.s.d.r.c.RepositoryConfigurationDelegate - Bootstrapping Spring Data JPA repositories in DEFAULT mode.
2026-06-09 09:51:42.876 [main] INFO  o.s.d.r.c.RepositoryConfigurationDelegate - Finished Spring Data repository scanning in 38 ms. Found 5 JPA repository interfaces.
2026-06-09 09:51:43.033 [main] INFO  o.s.cloud.context.scope.GenericScope - BeanFactory id=10315540-f7f9-37d1-8114-3e22a2cbfdc5
2026-06-09 09:51:43.294 [main] INFO  org.hibernate.orm.jpa - HHH008540: Processing PersistenceUnitInfo [name: default]
2026-06-09 09:51:43.340 [main] INFO  org.hibernate.orm.core - HHH000001: Hibernate ORM core version 7.2.4.Final
2026-06-09 09:51:43.689 [main] INFO  o.s.o.j.p.SpringPersistenceUnitInfo - No LoadTimeWeaver setup: ignoring JPA class transformer
2026-06-09 09:51:43.706 [main] INFO  com.zaxxer.hikari.HikariDataSource - HikariPool-1 - Starting...
2026-06-09 09:51:44.291 [main] INFO  com.zaxxer.hikari.pool.HikariPool - HikariPool-1 - Added connection ConnectionID:1 ClientConnectionId: 61298a23-0bd2-4e3d-992c-116c94312097
2026-06-09 09:51:44.292 [main] INFO  com.zaxxer.hikari.HikariDataSource - HikariPool-1 - Start completed.
2026-06-09 09:51:44.421 [main] WARN  org.hibernate.orm.deprecation - HHH90000025: SQLServerDialect does not need to be specified explicitly using 'hibernate.dialect' (remove the property setting and it will be selected by default)
2026-06-09 09:51:44.448 [main] INFO  o.hibernate.orm.connections.pooling - HHH10001005: Database info:
	Database JDBC URL [jdbc:sqlserver://localhost:1433;concatNullYieldsNull=ON;quotedIdentifier=ON;connectRetryInterval=10;connectRetryCount=1;maxResultBuffer=-1;sendTemporalDataTypesAsStringForBulkCopy=true;delayLoadingLobs=true;useFmtOnly=false;vectorTypeSupport=v1;cacheBulkCopyMetadata=false;bulkCopyForBatchInsertAllowEncryptedValueModifications=false;bulkCopyForBatchInsertTableLock=false;bulkCopyForBatchInsertKeepNulls=false;bulkCopyForBatchInsertKeepIdentity=false;bulkCopyForBatchInsertFireTriggers=false;bulkCopyForBatchInsertCheckConstraints=false;bulkCopyForBatchInsertBatchSize=0;useBulkCopyForBatchInsert=false;cancelQueryTimeout=-1;sslProtocol=TLS;calcBigDecimalPrecision=false;useDefaultJaasConfig=false;jaasConfigurationName=SQLJDBCDriver;statementPoolingCacheSize=0;serverPreparedStatementDiscardThreshold=10;enablePrepareOnFirstPreparedStatementCall=false;fips=false;socketTimeout=0;authentication=NotSpecified;authenticationScheme=nativeAuthentication;xopenStates=false;datetimeParameterType=datetime2;sendTimeAsDatetime=true;replication=false;trustStoreType=JKS;trustServerCertificate=true;TransparentNetworkIPResolution=true;iPAddressPreference=IPv4First;serverNameAsACE=false;sendStringParametersAsUnicode=true;selectMethod=direct;responseBuffering=adaptive;queryTimeout=-1;packetSize=8000;multiSubnetFailover=false;loginTimeout=30;lockTimeout=-1;lastUpdateCount=true;useDefaultGSSCredential=false;prepareMethod=prepexec;encrypt=false;disableStatementPooling=true;databaseName=attendance_system;columnEncryptionSetting=Disabled;applicationName=Microsoft JDBC Driver for SQL Server;applicationIntent=readwrite;]
	Database driver: Microsoft JDBC Driver 13.2 for SQL Server
	Database dialect: SQLServerDialect
	Database version: 17.0
	Default catalog/schema: attendance_system/dbo
	Autocommit mode: undefined/unknown
	Isolation level: READ_COMMITTED [default READ_COMMITTED]
	JDBC fetch size: 128
	Pool: DataSourceConnectionProvider
	Minimum pool size: undefined/unknown
	Maximum pool size: undefined/unknown
2026-06-09 09:51:44.970 [main] INFO  org.hibernate.orm.core - HHH000489: No JTA platform available (set 'hibernate.transaction.jta.platform' to enable JTA platform integration)
2026-06-09 09:51:45.957 [main] DEBUG org.hibernate.SQL - 
    alter table attendance 
       alter column id bigint
2026-06-09 09:51:45.963 [main] WARN  o.h.t.s.i.ExceptionHandlerLoggedImpl - GenerationTarget encountered exception accepting command : Error executing DDL "
    alter table attendance 
       alter column id bigint" via JDBC [对象'PK__attendan__3213E83F505AAD30' 依赖于 列'id'。]
org.hibernate.tool.schema.spi.CommandAcceptanceException: Error executing DDL "
    alter table attendance 
       alter column id bigint" via JDBC [对象'PK__attendan__3213E83F505AAD30' 依赖于 列'id'。]
	at org.hibernate.tool.schema.internal.exec.GenerationTargetToDatabase.accept(GenerationTargetToDatabase.java:81)
	at org.hibernate.tool.schema.internal.AbstractSchemaMigrator.applySqlString(AbstractSchemaMigrator.java:566)
	at org.hibernate.tool.schema.internal.AbstractSchemaMigrator.applySqlStrings(AbstractSchemaMigrator.java:506)
	at org.hibernate.tool.schema.internal.AbstractSchemaMigrator.migrateTable(AbstractSchemaMigrator.java:324)
	at org.hibernate.tool.schema.internal.GroupedSchemaMigratorImpl.performTablesMigration(GroupedSchemaMigratorImpl.java:84)
	at org.hibernate.tool.schema.internal.AbstractSchemaMigrator.performMigration(AbstractSchemaMigrator.java:220)
	at org.hibernate.tool.schema.internal.AbstractSchemaMigrator.doMigration(AbstractSchemaMigrator.java:96)
	at org.hibernate.tool.schema.spi.SchemaManagementToolCoordinator.performDatabaseAction(SchemaManagementToolCoordinator.java:269)
	at org.hibernate.tool.schema.spi.SchemaManagementToolCoordinator.lambda$process$1(SchemaManagementToolCoordinator.java:101)
	at java.base/java.util.HashMap.forEach(HashMap.java:1429)
	at org.hibernate.tool.schema.spi.SchemaManagementToolCoordinator.process(SchemaManagementToolCoordinator.java:100)
	at org.hibernate.boot.internal.SessionFactoryObserverForSchemaExport.sessionFactoryCreated(SessionFactoryObserverForSchemaExport.java:35)
	at org.hibernate.internal.SessionFactoryObserverChain.sessionFactoryCreated(SessionFactoryObserverChain.java:33)
	at org.hibernate.internal.SessionFactoryImpl.<init>(SessionFactoryImpl.java:323)
	at org.hibernate.internal.SessionFactoryRegistry.instantiateSessionFactory(SessionFactoryRegistry.java:64)
	at org.hibernate.boot.internal.SessionFactoryBuilderImpl.build(SessionFactoryBuilderImpl.java:437)
	at org.hibernate.jpa.boot.internal.EntityManagerFactoryBuilderImpl.build(EntityManagerFactoryBuilderImpl.java:1456)
	at org.springframework.orm.jpa.vendor.SpringHibernateJpaPersistenceProvider.createContainerEntityManagerFactory(SpringHibernateJpaPersistenceProvider.java:93)
	at org.springframework.orm.jpa.LocalContainerEntityManagerFactoryBean.createNativeEntityManagerFactory(LocalContainerEntityManagerFactoryBean.java:443)
	at org.springframework.orm.jpa.AbstractEntityManagerFactoryBean.buildNativeEntityManagerFactory(AbstractEntityManagerFactoryBean.java:436)
	at org.springframework.orm.jpa.AbstractEntityManagerFactoryBean.afterPropertiesSet(AbstractEntityManagerFactoryBean.java:411)
	at org.springframework.orm.jpa.LocalContainerEntityManagerFactoryBean.afterPropertiesSet(LocalContainerEntityManagerFactoryBean.java:419)
	at org.springframework.beans.factory.support.AbstractAutowireCapableBeanFactory.invokeInitMethods(AbstractAutowireCapableBeanFactory.java:1864)
	at org.springframework.beans.factory.support.AbstractAutowireCapableBeanFactory.initializeBean(AbstractAutowireCapableBeanFactory.java:1813)
	at org.springframework.beans.factory.support.AbstractAutowireCapableBeanFactory.doCreateBean(AbstractAutowireCapableBeanFactory.java:603)
	at org.springframework.beans.factory.support.AbstractAutowireCapableBeanFactory.createBean(AbstractAutowireCapableBeanFactory.java:525)
	at org.springframework.beans.factory.support.AbstractBeanFactory.lambda$doGetBean$0(AbstractBeanFactory.java:333)
	at org.springframework.beans.factory.support.DefaultSingletonBeanRegistry.getSingleton(DefaultSingletonBeanRegistry.java:371)
	at org.springframework.beans.factory.support.AbstractBeanFactory.doGetBean(AbstractBeanFactory.java:331)
	at org.springframework.beans.factory.support.AbstractBeanFactory.getBean(AbstractBeanFactory.java:201)
	at org.springframework.context.support.AbstractApplicationContext.finishBeanFactoryInitialization(AbstractApplicationContext.java:977)
	at org.springframework.context.support.AbstractApplicationContext.refresh(AbstractApplicationContext.java:621)
	at org.springframework.boot.SpringApplication.refresh(SpringApplication.java:756)
	at org.springframework.boot.SpringApplication.refreshContext(SpringApplication.java:445)
	at org.springframework.boot.SpringApplication.run(SpringApplication.java:321)
	at org.springframework.boot.test.context.SpringBootContextLoader.lambda$loadContext$2(SpringBootContextLoader.java:156)
	at org.springframework.util.function.ThrowingSupplier.get(ThrowingSupplier.java:58)
	at org.springframework.util.function.ThrowingSupplier.get(ThrowingSupplier.java:46)
	at org.springframework.boot.SpringApplication.withHook(SpringApplication.java:1465)
	at org.springframework.boot.test.context.SpringBootContextLoader$ContextLoaderHook.run(SpringBootContextLoader.java:605)
	at org.springframework.boot.test.context.SpringBootContextLoader.loadContext(SpringBootContextLoader.java:156)
	at org.springframework.boot.test.context.SpringBootContextLoader.loadContext(SpringBootContextLoader.java:115)
	at org.springframework.test.context.cache.DefaultCacheAwareContextLoaderDelegate.loadContextInternal(DefaultCacheAwareContextLoaderDelegate.java:247)
	at org.springframework.test.context.cache.DefaultCacheAwareContextLoaderDelegate.lambda$loadContext$0(DefaultCacheAwareContextLoaderDelegate.java:167)
	at org.springframework.test.context.cache.DefaultContextCache.put(DefaultContextCache.java:214)
	at org.springframework.test.context.cache.DefaultCacheAwareContextLoaderDelegate.loadContext(DefaultCacheAwareContextLoaderDelegate.java:160)
	at org.springframework.test.context.support.DefaultTestContext.getApplicationContext(DefaultTestContext.java:128)
	at org.springframework.test.context.web.ServletTestExecutionListener.setUpRequestContextIfNecessary(ServletTestExecutionListener.java:200)
	at org.springframework.test.context.web.ServletTestExecutionListener.prepareTestInstance(ServletTestExecutionListener.java:139)
	at org.springframework.test.context.TestContextManager.prepareTestInstance(TestContextManager.java:260)
	at org.springframework.test.context.junit.jupiter.SpringExtension.postProcessTestInstance(SpringExtension.java:210)
	at org.junit.jupiter.engine.descriptor.ClassBasedTestDescriptor.lambda$invokeTestInstancePostProcessors$1(ClassBasedTestDescriptor.java:423)
	at org.junit.jupiter.engine.descriptor.ClassBasedTestDescriptor.executeAndMaskThrowable(ClassBasedTestDescriptor.java:428)
	at org.junit.jupiter.engine.descriptor.ClassBasedTestDescriptor.lambda$invokeTestInstancePostProcessors$0(ClassBasedTestDescriptor.java:422)
	at java.base/java.util.stream.ForEachOps$ForEachOp$OfRef.accept(ForEachOps.java:184)
	at java.base/java.util.stream.ReferencePipeline$3$1.accept(ReferencePipeline.java:197)
	at java.base/java.util.stream.ReferencePipeline$2$1.accept(ReferencePipeline.java:179)
	at java.base/java.util.stream.ReferencePipeline$3$1.accept(ReferencePipeline.java:197)
	at java.base/java.util.ArrayList$ArrayListSpliterator.forEachRemaining(ArrayList.java:1708)
	at java.base/java.util.stream.AbstractPipeline.copyInto(AbstractPipeline.java:509)
	at java.base/java.util.stream.AbstractPipeline.wrapAndCopyInto(AbstractPipeline.java:499)
	at java.base/java.util.stream.ForEachOps$ForEachOp.evaluateSequential(ForEachOps.java:151)
	at java.base/java.util.stream.ForEachOps$ForEachOp$OfRef.evaluateSequential(ForEachOps.java:174)
	at java.base/java.util.stream.AbstractPipeline.evaluate(AbstractPipeline.java:234)
	at java.base/java.util.stream.ReferencePipeline.forEach(ReferencePipeline.java:596)
	at org.junit.jupiter.engine.descriptor.ClassBasedTestDescriptor.invokeTestInstancePostProcessors(ClassBasedTestDescriptor.java:422)
	at org.junit.jupiter.engine.descriptor.ClassBasedTestDescriptor.lambda$instantiateAndPostProcessTestInstance$0(ClassBasedTestDescriptor.java:334)
	at org.junit.platform.engine.support.hierarchical.ThrowableCollector.execute(ThrowableCollector.java:74)
	at org.junit.jupiter.engine.descriptor.ClassBasedTestDescriptor.instantiateAndPostProcessTestInstance(ClassBasedTestDescriptor.java:333)
	at org.junit.jupiter.engine.descriptor.ClassBasedTestDescriptor.lambda$testInstancesProvider$1(ClassBasedTestDescriptor.java:322)
	at java.base/java.util.Optional.orElseGet(Optional.java:364)
	at org.junit.jupiter.engine.descriptor.ClassBasedTestDescriptor.lambda$testInstancesProvider$0(ClassBasedTestDescriptor.java:321)
	at org.junit.jupiter.engine.execution.TestInstancesProvider.getTestInstances(TestInstancesProvider.java:27)
	at org.junit.jupiter.engine.descriptor.TestMethodTestDescriptor.lambda$prepare$0(TestMethodTestDescriptor.java:127)
	at org.junit.platform.engine.support.hierarchical.ThrowableCollector.execute(ThrowableCollector.java:74)
	at org.junit.jupiter.engine.descriptor.TestMethodTestDescriptor.prepare(TestMethodTestDescriptor.java:126)
	at org.junit.jupiter.engine.descriptor.TestMethodTestDescriptor.prepare(TestMethodTestDescriptor.java:70)
	at org.junit.platform.engine.support.hierarchical.NodeTestTask.lambda$prepare$0(NodeTestTask.java:144)
	at org.junit.platform.engine.support.hierarchical.ThrowableCollector.execute(ThrowableCollector.java:74)
	at org.junit.platform.engine.support.hierarchical.NodeTestTask.prepare(NodeTestTask.java:144)
	at org.junit.platform.engine.support.hierarchical.NodeTestTask.execute(NodeTestTask.java:110)
	at java.base/java.util.ArrayList.forEach(ArrayList.java:1596)
	at org.junit.platform.engine.support.hierarchical.SameThreadHierarchicalTestExecutorService.invokeAll(SameThreadHierarchicalTestExecutorService.java:42)
	at org.junit.platform.engine.support.hierarchical.NodeTestTask.lambda$executeRecursively$2(NodeTestTask.java:180)
	at org.junit.platform.engine.support.hierarchical.ThrowableCollector.execute(ThrowableCollector.java:74)
	at org.junit.platform.engine.support.hierarchical.NodeTestTask.lambda$executeRecursively$1(NodeTestTask.java:166)
	at org.junit.platform.engine.support.hierarchical.Node.around(Node.java:138)
	at org.junit.platform.engine.support.hierarchical.NodeTestTask.lambda$executeRecursively$0(NodeTestTask.java:164)
	at org.junit.platform.engine.support.hierarchical.ThrowableCollector.execute(ThrowableCollector.java:74)
	at org.junit.platform.engine.support.hierarchical.NodeTestTask.executeRecursively(NodeTestTask.java:163)
	at org.junit.platform.engine.support.hierarchical.NodeTestTask.execute(NodeTestTask.java:116)
	at java.base/java.util.ArrayList.forEach(ArrayList.java:1596)
	at org.junit.platform.engine.support.hierarchical.SameThreadHierarchicalTestExecutorService.invokeAll(SameThreadHierarchicalTestExecutorService.java:42)
	at org.junit.platform.engine.support.hierarchical.NodeTestTask.lambda$executeRecursively$2(NodeTestTask.java:180)
	at org.junit.platform.engine.support.hierarchical.ThrowableCollector.execute(ThrowableCollector.java:74)
	at org.junit.platform.engine.support.hierarchical.NodeTestTask.lambda$executeRecursively$1(NodeTestTask.java:166)
	at org.junit.platform.engine.support.hierarchical.Node.around(Node.java:138)
	at org.junit.platform.engine.support.hierarchical.NodeTestTask.lambda$executeRecursively$0(NodeTestTask.java:164)
	at org.junit.platform.engine.support.hierarchical.ThrowableCollector.execute(ThrowableCollector.java:74)
	at org.junit.platform.engine.support.hierarchical.NodeTestTask.executeRecursively(NodeTestTask.java:163)
	at org.junit.platform.engine.support.hierarchical.NodeTestTask.execute(NodeTestTask.java:116)
	at org.junit.platform.engine.support.hierarchical.SameThreadHierarchicalTestExecutorService.submit(SameThreadHierarchicalTestExecutorService.java:36)
	at org.junit.platform.engine.support.hierarchical.HierarchicalTestExecutor.execute(HierarchicalTestExecutor.java:52)
	at org.junit.platform.engine.support.hierarchical.HierarchicalTestEngine.execute(HierarchicalTestEngine.java:58)
	at org.junit.platform.launcher.core.EngineExecutionOrchestrator.executeEngine(EngineExecutionOrchestrator.java:246)
	at org.junit.platform.launcher.core.EngineExecutionOrchestrator.failOrExecuteEngine(EngineExecutionOrchestrator.java:218)
	at org.junit.platform.launcher.core.EngineExecutionOrchestrator.execute(EngineExecutionOrchestrator.java:179)
	at org.junit.platform.launcher.core.EngineExecutionOrchestrator.execute(EngineExecutionOrchestrator.java:108)
	at org.junit.platform.launcher.core.EngineExecutionOrchestrator.lambda$execute$0(EngineExecutionOrchestrator.java:66)
	at org.junit.platform.launcher.core.EngineExecutionOrchestrator.withInterceptedStreams(EngineExecutionOrchestrator.java:157)
	at org.junit.platform.launcher.core.EngineExecutionOrchestrator.execute(EngineExecutionOrchestrator.java:65)
	at org.junit.platform.launcher.core.DefaultLauncher.execute(DefaultLauncher.java:125)
	at org.junit.platform.launcher.core.DefaultLauncher.execute(DefaultLauncher.java:114)
	at org.junit.platform.launcher.core.DelegatingLauncher.execute(DelegatingLauncher.java:58)
	at org.junit.platform.launcher.core.InterceptingLauncher.lambda$execute$2(InterceptingLauncher.java:57)
	at org.junit.platform.launcher.core.ClasspathAlignmentCheckingLauncherInterceptor.intercept(ClasspathAlignmentCheckingLauncherInterceptor.java:25)
	at org.junit.platform.launcher.core.InterceptingLauncher.execute(InterceptingLauncher.java:56)
	at org.junit.platform.launcher.core.DelegatingLauncher.execute(DelegatingLauncher.java:58)
	at java.base/jdk.internal.reflect.DirectMethodHandleAccessor.invoke(DirectMethodHandleAccessor.java:103)
	at java.base/java.lang.reflect.Method.invoke(Method.java:580)
	at org.apache.maven.surefire.api.util.ReflectionUtils.invokeMethodWithArray(ReflectionUtils.java:125)
	at org.apache.maven.surefire.junitplatform.LauncherAdapter.executeWithCancellationToken(LauncherAdapter.java:68)
	at org.apache.maven.surefire.junitplatform.LauncherAdapter.execute(LauncherAdapter.java:54)
	at org.apache.maven.surefire.junitplatform.JUnitPlatformProvider.execute(JUnitPlatformProvider.java:203)
	at org.apache.maven.surefire.junitplatform.JUnitPlatformProvider.invokeAllTests(JUnitPlatformProvider.java:168)
	at org.apache.maven.surefire.junitplatform.JUnitPlatformProvider.invoke(JUnitPlatformProvider.java:136)
	at org.apache.maven.surefire.booter.ForkedBooter.runSuitesInProcess(ForkedBooter.java:385)
	at org.apache.maven.surefire.booter.ForkedBooter.execute(ForkedBooter.java:162)
	at org.apache.maven.surefire.booter.ForkedBooter.run(ForkedBooter.java:507)
	at org.apache.maven.surefire.booter.ForkedBooter.main(ForkedBooter.java:495)
Caused by: com.microsoft.sqlserver.jdbc.SQLServerException: 对象'PK__attendan__3213E83F505AAD30' 依赖于 列'id'。
	at com.microsoft.sqlserver.jdbc.SQLServerException.makeFromDatabaseError(SQLServerException.java:278)
	at com.microsoft.sqlserver.jdbc.SQLServerStatement.getNextResult(SQLServerStatement.java:1788)
	at com.microsoft.sqlserver.jdbc.SQLServerStatement.doExecuteStatement(SQLServerStatement.java:975)
	at com.microsoft.sqlserver.jdbc.SQLServerStatement$StmtExecCmd.doExecute(SQLServerStatement.java:869)
	at com.microsoft.sqlserver.jdbc.TDSCommand.execute(IOBuffer.java:7825)
	at com.microsoft.sqlserver.jdbc.SQLServerConnection.executeCommand(SQLServerConnection.java:4828)
	at com.microsoft.sqlserver.jdbc.SQLServerStatement.executeCommand(SQLServerStatement.java:321)
	at com.microsoft.sqlserver.jdbc.SQLServerStatement.executeStatement(SQLServerStatement.java:253)
	at com.microsoft.sqlserver.jdbc.SQLServerStatement.execute(SQLServerStatement.java:842)
	at com.zaxxer.hikari.pool.ProxyStatement.execute(ProxyStatement.java:95)
	at com.zaxxer.hikari.pool.HikariProxyStatement.execute(HikariProxyStatement.java)
	at org.hibernate.tool.schema.internal.exec.GenerationTargetToDatabase.accept(GenerationTargetToDatabase.java:76)
	... 129 common frames omitted
2026-06-09 09:51:45.968 [main] DEBUG org.hibernate.SQL - 
    alter table attendance 
       alter column student_status tinyint default 1
2026-06-09 09:51:45.969 [main] WARN  o.h.t.s.i.ExceptionHandlerLoggedImpl - GenerationTarget encountered exception accepting command : Error executing DDL "
    alter table attendance 
       alter column student_status tinyint default 1" via JDBC [关键字 'default' 附近有语法错误。]
org.hibernate.tool.schema.spi.CommandAcceptanceException: Error executing DDL "
    alter table attendance 
       alter column student_status tinyint default 1" via JDBC [关键字 'default' 附近有语法错误。]
	at org.hibernate.tool.schema.internal.exec.GenerationTargetToDatabase.accept(GenerationTargetToDatabase.java:81)
	at org.hibernate.tool.schema.internal.AbstractSchemaMigrator.applySqlString(AbstractSchemaMigrator.java:566)
	at org.hibernate.tool.schema.internal.AbstractSchemaMigrator.applySqlStrings(AbstractSchemaMigrator.java:506)
	at org.hibernate.tool.schema.internal.AbstractSchemaMigrator.migrateTable(AbstractSchemaMigrator.java:324)
	at org.hibernate.tool.schema.internal.GroupedSchemaMigratorImpl.performTablesMigration(GroupedSchemaMigratorImpl.java:84)
	at org.hibernate.tool.schema.internal.AbstractSchemaMigrator.performMigration(AbstractSchemaMigrator.java:220)
	at org.hibernate.tool.schema.internal.AbstractSchemaMigrator.doMigration(AbstractSchemaMigrator.java:96)
	at org.hibernate.tool.schema.spi.SchemaManagementToolCoordinator.performDatabaseAction(SchemaManagementToolCoordinator.java:269)
	at org.hibernate.tool.schema.spi.SchemaManagementToolCoordinator.lambda$process$1(SchemaManagementToolCoordinator.java:101)
	at java.base/java.util.HashMap.forEach(HashMap.java:1429)
	at org.hibernate.tool.schema.spi.SchemaManagementToolCoordinator.process(SchemaManagementToolCoordinator.java:100)
	at org.hibernate.boot.internal.SessionFactoryObserverForSchemaExport.sessionFactoryCreated(SessionFactoryObserverForSchemaExport.java:35)
	at org.hibernate.internal.SessionFactoryObserverChain.sessionFactoryCreated(SessionFactoryObserverChain.java:33)
	at org.hibernate.internal.SessionFactoryImpl.<init>(SessionFactoryImpl.java:323)
	at org.hibernate.internal.SessionFactoryRegistry.instantiateSessionFactory(SessionFactoryRegistry.java:64)
	at org.hibernate.boot.internal.SessionFactoryBuilderImpl.build(SessionFactoryBuilderImpl.java:437)
	at org.hibernate.jpa.boot.internal.EntityManagerFactoryBuilderImpl.build(EntityManagerFactoryBuilderImpl.java:1456)
	at org.springframework.orm.jpa.vendor.SpringHibernateJpaPersistenceProvider.createContainerEntityManagerFactory(SpringHibernateJpaPersistenceProvider.java:93)
	at org.springframework.orm.jpa.LocalContainerEntityManagerFactoryBean.createNativeEntityManagerFactory(LocalContainerEntityManagerFactoryBean.java:443)
	at org.springframework.orm.jpa.AbstractEntityManagerFactoryBean.buildNativeEntityManagerFactory(AbstractEntityManagerFactoryBean.java:436)
	at org.springframework.orm.jpa.AbstractEntityManagerFactoryBean.afterPropertiesSet(AbstractEntityManagerFactoryBean.java:411)
	at org.springframework.orm.jpa.LocalContainerEntityManagerFactoryBean.afterPropertiesSet(LocalContainerEntityManagerFactoryBean.java:419)
	at org.springframework.beans.factory.support.AbstractAutowireCapableBeanFactory.invokeInitMethods(AbstractAutowireCapableBeanFactory.java:1864)
	at org.springframework.beans.factory.support.AbstractAutowireCapableBeanFactory.initializeBean(AbstractAutowireCapableBeanFactory.java:1813)
	at org.springframework.beans.factory.support.AbstractAutowireCapableBeanFactory.doCreateBean(AbstractAutowireCapableBeanFactory.java:603)
	at org.springframework.beans.factory.support.AbstractAutowireCapableBeanFactory.createBean(AbstractAutowireCapableBeanFactory.java:525)
	at org.springframework.beans.factory.support.AbstractBeanFactory.lambda$doGetBean$0(AbstractBeanFactory.java:333)
	at org.springframework.beans.factory.support.DefaultSingletonBeanRegistry.getSingleton(DefaultSingletonBeanRegistry.java:371)
	at org.springframework.beans.factory.support.AbstractBeanFactory.doGetBean(AbstractBeanFactory.java:331)
	at org.springframework.beans.factory.support.AbstractBeanFactory.getBean(AbstractBeanFactory.java:201)
	at org.springframework.context.support.AbstractApplicationContext.finishBeanFactoryInitialization(AbstractApplicationContext.java:977)
	at org.springframework.context.support.AbstractApplicationContext.refresh(AbstractApplicationContext.java:621)
	at org.springframework.boot.SpringApplication.refresh(SpringApplication.java:756)
	at org.springframework.boot.SpringApplication.refreshContext(SpringApplication.java:445)
	at org.springframework.boot.SpringApplication.run(SpringApplication.java:321)
	at org.springframework.boot.test.context.SpringBootContextLoader.lambda$loadContext$2(SpringBootContextLoader.java:156)
	at org.springframework.util.function.ThrowingSupplier.get(ThrowingSupplier.java:58)
	at org.springframework.util.function.ThrowingSupplier.get(ThrowingSupplier.java:46)
	at org.springframework.boot.SpringApplication.withHook(SpringApplication.java:1465)
	at org.springframework.boot.test.context.SpringBootContextLoader$ContextLoaderHook.run(SpringBootContextLoader.java:605)
	at org.springframework.boot.test.context.SpringBootContextLoader.loadContext(SpringBootContextLoader.java:156)
	at org.springframework.boot.test.context.SpringBootContextLoader.loadContext(SpringBootContextLoader.java:115)
	at org.springframework.test.context.cache.DefaultCacheAwareContextLoaderDelegate.loadContextInternal(DefaultCacheAwareContextLoaderDelegate.java:247)
	at org.springframework.test.context.cache.DefaultCacheAwareContextLoaderDelegate.lambda$loadContext$0(DefaultCacheAwareContextLoaderDelegate.java:167)
	at org.springframework.test.context.cache.DefaultContextCache.put(DefaultContextCache.java:214)
	at org.springframework.test.context.cache.DefaultCacheAwareContextLoaderDelegate.loadContext(DefaultCacheAwareContextLoaderDelegate.java:160)
	at org.springframework.test.context.support.DefaultTestContext.getApplicationContext(DefaultTestContext.java:128)
	at org.springframework.test.context.web.ServletTestExecutionListener.setUpRequestContextIfNecessary(ServletTestExecutionListener.java:200)
	at org.springframework.test.context.web.ServletTestExecutionListener.prepareTestInstance(ServletTestExecutionListener.java:139)
	at org.springframework.test.context.TestContextManager.prepareTestInstance(TestContextManager.java:260)
	at org.springframework.test.context.junit.jupiter.SpringExtension.postProcessTestInstance(SpringExtension.java:210)
	at org.junit.jupiter.engine.descriptor.ClassBasedTestDescriptor.lambda$invokeTestInstancePostProcessors$1(ClassBasedTestDescriptor.java:423)
	at org.junit.jupiter.engine.descriptor.ClassBasedTestDescriptor.executeAndMaskThrowable(ClassBasedTestDescriptor.java:428)
	at org.junit.jupiter.engine.descriptor.ClassBasedTestDescriptor.lambda$invokeTestInstancePostProcessors$0(ClassBasedTestDescriptor.java:422)
	at java.base/java.util.stream.ForEachOps$ForEachOp$OfRef.accept(ForEachOps.java:184)
	at java.base/java.util.stream.ReferencePipeline$3$1.accept(ReferencePipeline.java:197)
	at java.base/java.util.stream.ReferencePipeline$2$1.accept(ReferencePipeline.java:179)
	at java.base/java.util.stream.ReferencePipeline$3$1.accept(ReferencePipeline.java:197)
	at java.base/java.util.ArrayList$ArrayListSpliterator.forEachRemaining(ArrayList.java:1708)
	at java.base/java.util.stream.AbstractPipeline.copyInto(AbstractPipeline.java:509)
	at java.base/java.util.stream.AbstractPipeline.wrapAndCopyInto(AbstractPipeline.java:499)
	at java.base/java.util.stream.ForEachOps$ForEachOp.evaluateSequential(ForEachOps.java:151)
	at java.base/java.util.stream.ForEachOps$ForEachOp$OfRef.evaluateSequential(ForEachOps.java:174)
	at java.base/java.util.stream.AbstractPipeline.evaluate(AbstractPipeline.java:234)
	at java.base/java.util.stream.ReferencePipeline.forEach(ReferencePipeline.java:596)
	at org.junit.jupiter.engine.descriptor.ClassBasedTestDescriptor.invokeTestInstancePostProcessors(ClassBasedTestDescriptor.java:422)
	at org.junit.jupiter.engine.descriptor.ClassBasedTestDescriptor.lambda$instantiateAndPostProcessTestInstance$0(ClassBasedTestDescriptor.java:334)
	at org.junit.platform.engine.support.hierarchical.ThrowableCollector.execute(ThrowableCollector.java:74)
	at org.junit.jupiter.engine.descriptor.ClassBasedTestDescriptor.instantiateAndPostProcessTestInstance(ClassBasedTestDescriptor.java:333)
	at org.junit.jupiter.engine.descriptor.ClassBasedTestDescriptor.lambda$testInstancesProvider$1(ClassBasedTestDescriptor.java:322)
	at java.base/java.util.Optional.orElseGet(Optional.java:364)
	at org.junit.jupiter.engine.descriptor.ClassBasedTestDescriptor.lambda$testInstancesProvider$0(ClassBasedTestDescriptor.java:321)
	at org.junit.jupiter.engine.execution.TestInstancesProvider.getTestInstances(TestInstancesProvider.java:27)
	at org.junit.jupiter.engine.descriptor.TestMethodTestDescriptor.lambda$prepare$0(TestMethodTestDescriptor.java:127)
	at org.junit.platform.engine.support.hierarchical.ThrowableCollector.execute(ThrowableCollector.java:74)
	at org.junit.jupiter.engine.descriptor.TestMethodTestDescriptor.prepare(TestMethodTestDescriptor.java:126)
	at org.junit.jupiter.engine.descriptor.TestMethodTestDescriptor.prepare(TestMethodTestDescriptor.java:70)
	at org.junit.platform.engine.support.hierarchical.NodeTestTask.lambda$prepare$0(NodeTestTask.java:144)
	at org.junit.platform.engine.support.hierarchical.ThrowableCollector.execute(ThrowableCollector.java:74)
	at org.junit.platform.engine.support.hierarchical.NodeTestTask.prepare(NodeTestTask.java:144)
	at org.junit.platform.engine.support.hierarchical.NodeTestTask.execute(NodeTestTask.java:110)
	at java.base/java.util.ArrayList.forEach(ArrayList.java:1596)
	at org.junit.platform.engine.support.hierarchical.SameThreadHierarchicalTestExecutorService.invokeAll(SameThreadHierarchicalTestExecutorService.java:42)
	at org.junit.platform.engine.support.hierarchical.NodeTestTask.lambda$executeRecursively$2(NodeTestTask.java:180)
	at org.junit.platform.engine.support.hierarchical.ThrowableCollector.execute(ThrowableCollector.java:74)
	at org.junit.platform.engine.support.hierarchical.NodeTestTask.lambda$executeRecursively$1(NodeTestTask.java:166)
	at org.junit.platform.engine.support.hierarchical.Node.around(Node.java:138)
	at org.junit.platform.engine.support.hierarchical.NodeTestTask.lambda$executeRecursively$0(NodeTestTask.java:164)
	at org.junit.platform.engine.support.hierarchical.ThrowableCollector.execute(ThrowableCollector.java:74)
	at org.junit.platform.engine.support.hierarchical.NodeTestTask.executeRecursively(NodeTestTask.java:163)
	at org.junit.platform.engine.support.hierarchical.NodeTestTask.execute(NodeTestTask.java:116)
	at java.base/java.util.ArrayList.forEach(ArrayList.java:1596)
	at org.junit.platform.engine.support.hierarchical.SameThreadHierarchicalTestExecutorService.invokeAll(SameThreadHierarchicalTestExecutorService.java:42)
	at org.junit.platform.engine.support.hierarchical.NodeTestTask.lambda$executeRecursively$2(NodeTestTask.java:180)
	at org.junit.platform.engine.support.hierarchical.ThrowableCollector.execute(ThrowableCollector.java:74)
	at org.junit.platform.engine.support.hierarchical.NodeTestTask.lambda$executeRecursively$1(NodeTestTask.java:166)
	at org.junit.platform.engine.support.hierarchical.Node.around(Node.java:138)
	at org.junit.platform.engine.support.hierarchical.NodeTestTask.lambda$executeRecursively$0(NodeTestTask.java:164)
	at org.junit.platform.engine.support.hierarchical.ThrowableCollector.execute(ThrowableCollector.java:74)
	at org.junit.platform.engine.support.hierarchical.NodeTestTask.executeRecursively(NodeTestTask.java:163)
	at org.junit.platform.engine.support.hierarchical.NodeTestTask.execute(NodeTestTask.java:116)
	at org.junit.platform.engine.support.hierarchical.SameThreadHierarchicalTestExecutorService.submit(SameThreadHierarchicalTestExecutorService.java:36)
	at org.junit.platform.engine.support.hierarchical.HierarchicalTestExecutor.execute(HierarchicalTestExecutor.java:52)
	at org.junit.platform.engine.support.hierarchical.HierarchicalTestEngine.execute(HierarchicalTestEngine.java:58)
	at org.junit.platform.launcher.core.EngineExecutionOrchestrator.executeEngine(EngineExecutionOrchestrator.java:246)
	at org.junit.platform.launcher.core.EngineExecutionOrchestrator.failOrExecuteEngine(EngineExecutionOrchestrator.java:218)
	at org.junit.platform.launcher.core.EngineExecutionOrchestrator.execute(EngineExecutionOrchestrator.java:179)
	at org.junit.platform.launcher.core.EngineExecutionOrchestrator.execute(EngineExecutionOrchestrator.java:108)
	at org.junit.platform.launcher.core.EngineExecutionOrchestrator.lambda$execute$0(EngineExecutionOrchestrator.java:66)
	at org.junit.platform.launcher.core.EngineExecutionOrchestrator.withInterceptedStreams(EngineExecutionOrchestrator.java:157)
	at org.junit.platform.launcher.core.EngineExecutionOrchestrator.execute(EngineExecutionOrchestrator.java:65)
	at org.junit.platform.launcher.core.DefaultLauncher.execute(DefaultLauncher.java:125)
	at org.junit.platform.launcher.core.DefaultLauncher.execute(DefaultLauncher.java:114)
	at org.junit.platform.launcher.core.DelegatingLauncher.execute(DelegatingLauncher.java:58)
	at org.junit.platform.launcher.core.InterceptingLauncher.lambda$execute$2(InterceptingLauncher.java:57)
	at org.junit.platform.launcher.core.ClasspathAlignmentCheckingLauncherInterceptor.intercept(ClasspathAlignmentCheckingLauncherInterceptor.java:25)
	at org.junit.platform.launcher.core.InterceptingLauncher.execute(InterceptingLauncher.java:56)
	at org.junit.platform.launcher.core.DelegatingLauncher.execute(DelegatingLauncher.java:58)
	at java.base/jdk.internal.reflect.DirectMethodHandleAccessor.invoke(DirectMethodHandleAccessor.java:103)
	at java.base/java.lang.reflect.Method.invoke(Method.java:580)
	at org.apache.maven.surefire.api.util.ReflectionUtils.invokeMethodWithArray(ReflectionUtils.java:125)
	at org.apache.maven.surefire.junitplatform.LauncherAdapter.executeWithCancellationToken(LauncherAdapter.java:68)
	at org.apache.maven.surefire.junitplatform.LauncherAdapter.execute(LauncherAdapter.java:54)
	at org.apache.maven.surefire.junitplatform.JUnitPlatformProvider.execute(JUnitPlatformProvider.java:203)
	at org.apache.maven.surefire.junitplatform.JUnitPlatformProvider.invokeAllTests(JUnitPlatformProvider.java:168)
	at org.apache.maven.surefire.junitplatform.JUnitPlatformProvider.invoke(JUnitPlatformProvider.java:136)
	at org.apache.maven.surefire.booter.ForkedBooter.runSuitesInProcess(ForkedBooter.java:385)
	at org.apache.maven.surefire.booter.ForkedBooter.execute(ForkedBooter.java:162)
	at org.apache.maven.surefire.booter.ForkedBooter.run(ForkedBooter.java:507)
	at org.apache.maven.surefire.booter.ForkedBooter.main(ForkedBooter.java:495)
Caused by: com.microsoft.sqlserver.jdbc.SQLServerException: 关键字 'default' 附近有语法错误。
	at com.microsoft.sqlserver.jdbc.SQLServerException.makeFromDatabaseError(SQLServerException.java:278)
	at com.microsoft.sqlserver.jdbc.SQLServerStatement.getNextResult(SQLServerStatement.java:1788)
	at com.microsoft.sqlserver.jdbc.SQLServerStatement.doExecuteStatement(SQLServerStatement.java:975)
	at com.microsoft.sqlserver.jdbc.SQLServerStatement$StmtExecCmd.doExecute(SQLServerStatement.java:869)
	at com.microsoft.sqlserver.jdbc.TDSCommand.execute(IOBuffer.java:7825)
	at com.microsoft.sqlserver.jdbc.SQLServerConnection.executeCommand(SQLServerConnection.java:4828)
	at com.microsoft.sqlserver.jdbc.SQLServerStatement.executeCommand(SQLServerStatement.java:321)
	at com.microsoft.sqlserver.jdbc.SQLServerStatement.executeStatement(SQLServerStatement.java:253)
	at com.microsoft.sqlserver.jdbc.SQLServerStatement.execute(SQLServerStatement.java:842)
	at com.zaxxer.hikari.pool.ProxyStatement.execute(ProxyStatement.java:95)
	at com.zaxxer.hikari.pool.HikariProxyStatement.execute(HikariProxyStatement.java)
	at org.hibernate.tool.schema.internal.exec.GenerationTargetToDatabase.accept(GenerationTargetToDatabase.java:76)
	... 129 common frames omitted
2026-06-09 09:51:45.972 [main] DEBUG org.hibernate.SQL - 
    alter table course_selection 
       alter column id bigint
2026-06-09 09:51:45.977 [main] WARN  o.h.t.s.i.ExceptionHandlerLoggedImpl - GenerationTarget encountered exception accepting command : Error executing DDL "
    alter table course_selection 
       alter column id bigint" via JDBC [对象'PK__course_s__3213E83FDFE3484D' 依赖于 列'id'。]
org.hibernate.tool.schema.spi.CommandAcceptanceException: Error executing DDL "
    alter table course_selection 
       alter column id bigint" via JDBC [对象'PK__course_s__3213E83FDFE3484D' 依赖于 列'id'。]
	at org.hibernate.tool.schema.internal.exec.GenerationTargetToDatabase.accept(GenerationTargetToDatabase.java:81)
	at org.hibernate.tool.schema.internal.AbstractSchemaMigrator.applySqlString(AbstractSchemaMigrator.java:566)
	at org.hibernate.tool.schema.internal.AbstractSchemaMigrator.applySqlStrings(AbstractSchemaMigrator.java:506)
	at org.hibernate.tool.schema.internal.AbstractSchemaMigrator.migrateTable(AbstractSchemaMigrator.java:324)
	at org.hibernate.tool.schema.internal.GroupedSchemaMigratorImpl.performTablesMigration(GroupedSchemaMigratorImpl.java:84)
	at org.hibernate.tool.schema.internal.AbstractSchemaMigrator.performMigration(AbstractSchemaMigrator.java:220)
	at org.hibernate.tool.schema.internal.AbstractSchemaMigrator.doMigration(AbstractSchemaMigrator.java:96)
	at org.hibernate.tool.schema.spi.SchemaManagementToolCoordinator.performDatabaseAction(SchemaManagementToolCoordinator.java:269)
	at org.hibernate.tool.schema.spi.SchemaManagementToolCoordinator.lambda$process$1(SchemaManagementToolCoordinator.java:101)
	at java.base/java.util.HashMap.forEach(HashMap.java:1429)
	at org.hibernate.tool.schema.spi.SchemaManagementToolCoordinator.process(SchemaManagementToolCoordinator.java:100)
	at org.hibernate.boot.internal.SessionFactoryObserverForSchemaExport.sessionFactoryCreated(SessionFactoryObserverForSchemaExport.java:35)
	at org.hibernate.internal.SessionFactoryObserverChain.sessionFactoryCreated(SessionFactoryObserverChain.java:33)
	at org.hibernate.internal.SessionFactoryImpl.<init>(SessionFactoryImpl.java:323)
	at org.hibernate.internal.SessionFactoryRegistry.instantiateSessionFactory(SessionFactoryRegistry.java:64)
	at org.hibernate.boot.internal.SessionFactoryBuilderImpl.build(SessionFactoryBuilderImpl.java:437)
	at org.hibernate.jpa.boot.internal.EntityManagerFactoryBuilderImpl.build(EntityManagerFactoryBuilderImpl.java:1456)
	at org.springframework.orm.jpa.vendor.SpringHibernateJpaPersistenceProvider.createContainerEntityManagerFactory(SpringHibernateJpaPersistenceProvider.java:93)
	at org.springframework.orm.jpa.LocalContainerEntityManagerFactoryBean.createNativeEntityManagerFactory(LocalContainerEntityManagerFactoryBean.java:443)
	at org.springframework.orm.jpa.AbstractEntityManagerFactoryBean.buildNativeEntityManagerFactory(AbstractEntityManagerFactoryBean.java:436)
	at org.springframework.orm.jpa.AbstractEntityManagerFactoryBean.afterPropertiesSet(AbstractEntityManagerFactoryBean.java:411)
	at org.springframework.orm.jpa.LocalContainerEntityManagerFactoryBean.afterPropertiesSet(LocalContainerEntityManagerFactoryBean.java:419)
	at org.springframework.beans.factory.support.AbstractAutowireCapableBeanFactory.invokeInitMethods(AbstractAutowireCapableBeanFactory.java:1864)
	at org.springframework.beans.factory.support.AbstractAutowireCapableBeanFactory.initializeBean(AbstractAutowireCapableBeanFactory.java:1813)
	at org.springframework.beans.factory.support.AbstractAutowireCapableBeanFactory.doCreateBean(AbstractAutowireCapableBeanFactory.java:603)
	at org.springframework.beans.factory.support.AbstractAutowireCapableBeanFactory.createBean(AbstractAutowireCapableBeanFactory.java:525)
	at org.springframework.beans.factory.support.AbstractBeanFactory.lambda$doGetBean$0(AbstractBeanFactory.java:333)
	at org.springframework.beans.factory.support.DefaultSingletonBeanRegistry.getSingleton(DefaultSingletonBeanRegistry.java:371)
	at org.springframework.beans.factory.support.AbstractBeanFactory.doGetBean(AbstractBeanFactory.java:331)
	at org.springframework.beans.factory.support.AbstractBeanFactory.getBean(AbstractBeanFactory.java:201)
	at org.springframework.context.support.AbstractApplicationContext.finishBeanFactoryInitialization(AbstractApplicationContext.java:977)
	at org.springframework.context.support.AbstractApplicationContext.refresh(AbstractApplicationContext.java:621)
	at org.springframework.boot.SpringApplication.refresh(SpringApplication.java:756)
	at org.springframework.boot.SpringApplication.refreshContext(SpringApplication.java:445)
	at org.springframework.boot.SpringApplication.run(SpringApplication.java:321)
	at org.springframework.boot.test.context.SpringBootContextLoader.lambda$loadContext$2(SpringBootContextLoader.java:156)
	at org.springframework.util.function.ThrowingSupplier.get(ThrowingSupplier.java:58)
	at org.springframework.util.function.ThrowingSupplier.get(ThrowingSupplier.java:46)
	at org.springframework.boot.SpringApplication.withHook(SpringApplication.java:1465)
	at org.springframework.boot.test.context.SpringBootContextLoader$ContextLoaderHook.run(SpringBootContextLoader.java:605)
	at org.springframework.boot.test.context.SpringBootContextLoader.loadContext(SpringBootContextLoader.java:156)
	at org.springframework.boot.test.context.SpringBootContextLoader.loadContext(SpringBootContextLoader.java:115)
	at org.springframework.test.context.cache.DefaultCacheAwareContextLoaderDelegate.loadContextInternal(DefaultCacheAwareContextLoaderDelegate.java:247)
	at org.springframework.test.context.cache.DefaultCacheAwareContextLoaderDelegate.lambda$loadContext$0(DefaultCacheAwareContextLoaderDelegate.java:167)
	at org.springframework.test.context.cache.DefaultContextCache.put(DefaultContextCache.java:214)
	at org.springframework.test.context.cache.DefaultCacheAwareContextLoaderDelegate.loadContext(DefaultCacheAwareContextLoaderDelegate.java:160)
	at org.springframework.test.context.support.DefaultTestContext.getApplicationContext(DefaultTestContext.java:128)
	at org.springframework.test.context.web.ServletTestExecutionListener.setUpRequestContextIfNecessary(ServletTestExecutionListener.java:200)
	at org.springframework.test.context.web.ServletTestExecutionListener.prepareTestInstance(ServletTestExecutionListener.java:139)
	at org.springframework.test.context.TestContextManager.prepareTestInstance(TestContextManager.java:260)
	at org.springframework.test.context.junit.jupiter.SpringExtension.postProcessTestInstance(SpringExtension.java:210)
	at org.junit.jupiter.engine.descriptor.ClassBasedTestDescriptor.lambda$invokeTestInstancePostProcessors$1(ClassBasedTestDescriptor.java:423)
	at org.junit.jupiter.engine.descriptor.ClassBasedTestDescriptor.executeAndMaskThrowable(ClassBasedTestDescriptor.java:428)
	at org.junit.jupiter.engine.descriptor.ClassBasedTestDescriptor.lambda$invokeTestInstancePostProcessors$0(ClassBasedTestDescriptor.java:422)
	at java.base/java.util.stream.ForEachOps$ForEachOp$OfRef.accept(ForEachOps.java:184)
	at java.base/java.util.stream.ReferencePipeline$3$1.accept(ReferencePipeline.java:197)
	at java.base/java.util.stream.ReferencePipeline$2$1.accept(ReferencePipeline.java:179)
	at java.base/java.util.stream.ReferencePipeline$3$1.accept(ReferencePipeline.java:197)
	at java.base/java.util.ArrayList$ArrayListSpliterator.forEachRemaining(ArrayList.java:1708)
	at java.base/java.util.stream.AbstractPipeline.copyInto(AbstractPipeline.java:509)
	at java.base/java.util.stream.AbstractPipeline.wrapAndCopyInto(AbstractPipeline.java:499)
	at java.base/java.util.stream.ForEachOps$ForEachOp.evaluateSequential(ForEachOps.java:151)
	at java.base/java.util.stream.ForEachOps$ForEachOp$OfRef.evaluateSequential(ForEachOps.java:174)
	at java.base/java.util.stream.AbstractPipeline.evaluate(AbstractPipeline.java:234)
	at java.base/java.util.stream.ReferencePipeline.forEach(ReferencePipeline.java:596)
	at org.junit.jupiter.engine.descriptor.ClassBasedTestDescriptor.invokeTestInstancePostProcessors(ClassBasedTestDescriptor.java:422)
	at org.junit.jupiter.engine.descriptor.ClassBasedTestDescriptor.lambda$instantiateAndPostProcessTestInstance$0(ClassBasedTestDescriptor.java:334)
	at org.junit.platform.engine.support.hierarchical.ThrowableCollector.execute(ThrowableCollector.java:74)
	at org.junit.jupiter.engine.descriptor.ClassBasedTestDescriptor.instantiateAndPostProcessTestInstance(ClassBasedTestDescriptor.java:333)
	at org.junit.jupiter.engine.descriptor.ClassBasedTestDescriptor.lambda$testInstancesProvider$1(ClassBasedTestDescriptor.java:322)
	at java.base/java.util.Optional.orElseGet(Optional.java:364)
	at org.junit.jupiter.engine.descriptor.ClassBasedTestDescriptor.lambda$testInstancesProvider$0(ClassBasedTestDescriptor.java:321)
	at org.junit.jupiter.engine.execution.TestInstancesProvider.getTestInstances(TestInstancesProvider.java:27)
	at org.junit.jupiter.engine.descriptor.TestMethodTestDescriptor.lambda$prepare$0(TestMethodTestDescriptor.java:127)
	at org.junit.platform.engine.support.hierarchical.ThrowableCollector.execute(ThrowableCollector.java:74)
	at org.junit.jupiter.engine.descriptor.TestMethodTestDescriptor.prepare(TestMethodTestDescriptor.java:126)
	at org.junit.jupiter.engine.descriptor.TestMethodTestDescriptor.prepare(TestMethodTestDescriptor.java:70)
	at org.junit.platform.engine.support.hierarchical.NodeTestTask.lambda$prepare$0(NodeTestTask.java:144)
	at org.junit.platform.engine.support.hierarchical.ThrowableCollector.execute(ThrowableCollector.java:74)
	at org.junit.platform.engine.support.hierarchical.NodeTestTask.prepare(NodeTestTask.java:144)
	at org.junit.platform.engine.support.hierarchical.NodeTestTask.execute(NodeTestTask.java:110)
	at java.base/java.util.ArrayList.forEach(ArrayList.java:1596)
	at org.junit.platform.engine.support.hierarchical.SameThreadHierarchicalTestExecutorService.invokeAll(SameThreadHierarchicalTestExecutorService.java:42)
	at org.junit.platform.engine.support.hierarchical.NodeTestTask.lambda$executeRecursively$2(NodeTestTask.java:180)
	at org.junit.platform.engine.support.hierarchical.ThrowableCollector.execute(ThrowableCollector.java:74)
	at org.junit.platform.engine.support.hierarchical.NodeTestTask.lambda$executeRecursively$1(NodeTestTask.java:166)
	at org.junit.platform.engine.support.hierarchical.Node.around(Node.java:138)
	at org.junit.platform.engine.support.hierarchical.NodeTestTask.lambda$executeRecursively$0(NodeTestTask.java:164)
	at org.junit.platform.engine.support.hierarchical.ThrowableCollector.execute(ThrowableCollector.java:74)
	at org.junit.platform.engine.support.hierarchical.NodeTestTask.executeRecursively(NodeTestTask.java:163)
	at org.junit.platform.engine.support.hierarchical.NodeTestTask.execute(NodeTestTask.java:116)
	at java.base/java.util.ArrayList.forEach(ArrayList.java:1596)
	at org.junit.platform.engine.support.hierarchical.SameThreadHierarchicalTestExecutorService.invokeAll(SameThreadHierarchicalTestExecutorService.java:42)
	at org.junit.platform.engine.support.hierarchical.NodeTestTask.lambda$executeRecursively$2(NodeTestTask.java:180)
	at org.junit.platform.engine.support.hierarchical.ThrowableCollector.execute(ThrowableCollector.java:74)
	at org.junit.platform.engine.support.hierarchical.NodeTestTask.lambda$executeRecursively$1(NodeTestTask.java:166)
	at org.junit.platform.engine.support.hierarchical.Node.around(Node.java:138)
	at org.junit.platform.engine.support.hierarchical.NodeTestTask.lambda$executeRecursively$0(NodeTestTask.java:164)
	at org.junit.platform.engine.support.hierarchical.ThrowableCollector.execute(ThrowableCollector.java:74)
	at org.junit.platform.engine.support.hierarchical.NodeTestTask.executeRecursively(NodeTestTask.java:163)
	at org.junit.platform.engine.support.hierarchical.NodeTestTask.execute(NodeTestTask.java:116)
	at org.junit.platform.engine.support.hierarchical.SameThreadHierarchicalTestExecutorService.submit(SameThreadHierarchicalTestExecutorService.java:36)
	at org.junit.platform.engine.support.hierarchical.HierarchicalTestExecutor.execute(HierarchicalTestExecutor.java:52)
	at org.junit.platform.engine.support.hierarchical.HierarchicalTestEngine.execute(HierarchicalTestEngine.java:58)
	at org.junit.platform.launcher.core.EngineExecutionOrchestrator.executeEngine(EngineExecutionOrchestrator.java:246)
	at org.junit.platform.launcher.core.EngineExecutionOrchestrator.failOrExecuteEngine(EngineExecutionOrchestrator.java:218)
	at org.junit.platform.launcher.core.EngineExecutionOrchestrator.execute(EngineExecutionOrchestrator.java:179)
	at org.junit.platform.launcher.core.EngineExecutionOrchestrator.execute(EngineExecutionOrchestrator.java:108)
	at org.junit.platform.launcher.core.EngineExecutionOrchestrator.lambda$execute$0(EngineExecutionOrchestrator.java:66)
	at org.junit.platform.launcher.core.EngineExecutionOrchestrator.withInterceptedStreams(EngineExecutionOrchestrator.java:157)
	at org.junit.platform.launcher.core.EngineExecutionOrchestrator.execute(EngineExecutionOrchestrator.java:65)
	at org.junit.platform.launcher.core.DefaultLauncher.execute(DefaultLauncher.java:125)
	at org.junit.platform.launcher.core.DefaultLauncher.execute(DefaultLauncher.java:114)
	at org.junit.platform.launcher.core.DelegatingLauncher.execute(DelegatingLauncher.java:58)
	at org.junit.platform.launcher.core.InterceptingLauncher.lambda$execute$2(InterceptingLauncher.java:57)
	at org.junit.platform.launcher.core.ClasspathAlignmentCheckingLauncherInterceptor.intercept(ClasspathAlignmentCheckingLauncherInterceptor.java:25)
	at org.junit.platform.launcher.core.InterceptingLauncher.execute(InterceptingLauncher.java:56)
	at org.junit.platform.launcher.core.DelegatingLauncher.execute(DelegatingLauncher.java:58)
	at java.base/jdk.internal.reflect.DirectMethodHandleAccessor.invoke(DirectMethodHandleAccessor.java:103)
	at java.base/java.lang.reflect.Method.invoke(Method.java:580)
	at org.apache.maven.surefire.api.util.ReflectionUtils.invokeMethodWithArray(ReflectionUtils.java:125)
	at org.apache.maven.surefire.junitplatform.LauncherAdapter.executeWithCancellationToken(LauncherAdapter.java:68)
	at org.apache.maven.surefire.junitplatform.LauncherAdapter.execute(LauncherAdapter.java:54)
	at org.apache.maven.surefire.junitplatform.JUnitPlatformProvider.execute(JUnitPlatformProvider.java:203)
	at org.apache.maven.surefire.junitplatform.JUnitPlatformProvider.invokeAllTests(JUnitPlatformProvider.java:168)
	at org.apache.maven.surefire.junitplatform.JUnitPlatformProvider.invoke(JUnitPlatformProvider.java:136)
	at org.apache.maven.surefire.booter.ForkedBooter.runSuitesInProcess(ForkedBooter.java:385)
	at org.apache.maven.surefire.booter.ForkedBooter.execute(ForkedBooter.java:162)
	at org.apache.maven.surefire.booter.ForkedBooter.run(ForkedBooter.java:507)
	at org.apache.maven.surefire.booter.ForkedBooter.main(ForkedBooter.java:495)
Caused by: com.microsoft.sqlserver.jdbc.SQLServerException: 对象'PK__course_s__3213E83FDFE3484D' 依赖于 列'id'。
	at com.microsoft.sqlserver.jdbc.SQLServerException.makeFromDatabaseError(SQLServerException.java:278)
	at com.microsoft.sqlserver.jdbc.SQLServerStatement.getNextResult(SQLServerStatement.java:1788)
	at com.microsoft.sqlserver.jdbc.SQLServerStatement.doExecuteStatement(SQLServerStatement.java:975)
	at com.microsoft.sqlserver.jdbc.SQLServerStatement$StmtExecCmd.doExecute(SQLServerStatement.java:869)
	at com.microsoft.sqlserver.jdbc.TDSCommand.execute(IOBuffer.java:7825)
	at com.microsoft.sqlserver.jdbc.SQLServerConnection.executeCommand(SQLServerConnection.java:4828)
	at com.microsoft.sqlserver.jdbc.SQLServerStatement.executeCommand(SQLServerStatement.java:321)
	at com.microsoft.sqlserver.jdbc.SQLServerStatement.executeStatement(SQLServerStatement.java:253)
	at com.microsoft.sqlserver.jdbc.SQLServerStatement.execute(SQLServerStatement.java:842)
	at com.zaxxer.hikari.pool.ProxyStatement.execute(ProxyStatement.java:95)
	at com.zaxxer.hikari.pool.HikariProxyStatement.execute(HikariProxyStatement.java)
	at org.hibernate.tool.schema.internal.exec.GenerationTargetToDatabase.accept(GenerationTargetToDatabase.java:76)
	... 129 common frames omitted
2026-06-09 09:51:45.978 [main] DEBUG org.hibernate.SQL - 
    alter table course_selection 
       alter column status tinyint default 1
2026-06-09 09:51:45.982 [main] WARN  o.h.t.s.i.ExceptionHandlerLoggedImpl - GenerationTarget encountered exception accepting command : Error executing DDL "
    alter table course_selection 
       alter column status tinyint default 1" via JDBC [关键字 'default' 附近有语法错误。]
org.hibernate.tool.schema.spi.CommandAcceptanceException: Error executing DDL "
    alter table course_selection 
       alter column status tinyint default 1" via JDBC [关键字 'default' 附近有语法错误。]
	at org.hibernate.tool.schema.internal.exec.GenerationTargetToDatabase.accept(GenerationTargetToDatabase.java:81)
	at org.hibernate.tool.schema.internal.AbstractSchemaMigrator.applySqlString(AbstractSchemaMigrator.java:566)
	at org.hibernate.tool.schema.internal.AbstractSchemaMigrator.applySqlStrings(AbstractSchemaMigrator.java:506)
	at org.hibernate.tool.schema.internal.AbstractSchemaMigrator.migrateTable(AbstractSchemaMigrator.java:324)
	at org.hibernate.tool.schema.internal.GroupedSchemaMigratorImpl.performTablesMigration(GroupedSchemaMigratorImpl.java:84)
	at org.hibernate.tool.schema.internal.AbstractSchemaMigrator.performMigration(AbstractSchemaMigrator.java:220)
	at org.hibernate.tool.schema.internal.AbstractSchemaMigrator.doMigration(AbstractSchemaMigrator.java:96)
	at org.hibernate.tool.schema.spi.SchemaManagementToolCoordinator.performDatabaseAction(SchemaManagementToolCoordinator.java:269)
	at org.hibernate.tool.schema.spi.SchemaManagementToolCoordinator.lambda$process$1(SchemaManagementToolCoordinator.java:101)
	at java.base/java.util.HashMap.forEach(HashMap.java:1429)
	at org.hibernate.tool.schema.spi.SchemaManagementToolCoordinator.process(SchemaManagementToolCoordinator.java:100)
	at org.hibernate.boot.internal.SessionFactoryObserverForSchemaExport.sessionFactoryCreated(SessionFactoryObserverForSchemaExport.java:35)
	at org.hibernate.internal.SessionFactoryObserverChain.sessionFactoryCreated(SessionFactoryObserverChain.java:33)
	at org.hibernate.internal.SessionFactoryImpl.<init>(SessionFactoryImpl.java:323)
	at org.hibernate.internal.SessionFactoryRegistry.instantiateSessionFactory(SessionFactoryRegistry.java:64)
	at org.hibernate.boot.internal.SessionFactoryBuilderImpl.build(SessionFactoryBuilderImpl.java:437)
	at org.hibernate.jpa.boot.internal.EntityManagerFactoryBuilderImpl.build(EntityManagerFactoryBuilderImpl.java:1456)
	at org.springframework.orm.jpa.vendor.SpringHibernateJpaPersistenceProvider.createContainerEntityManagerFactory(SpringHibernateJpaPersistenceProvider.java:93)
	at org.springframework.orm.jpa.LocalContainerEntityManagerFactoryBean.createNativeEntityManagerFactory(LocalContainerEntityManagerFactoryBean.java:443)
	at org.springframework.orm.jpa.AbstractEntityManagerFactoryBean.buildNativeEntityManagerFactory(AbstractEntityManagerFactoryBean.java:436)
	at org.springframework.orm.jpa.AbstractEntityManagerFactoryBean.afterPropertiesSet(AbstractEntityManagerFactoryBean.java:411)
	at org.springframework.orm.jpa.LocalContainerEntityManagerFactoryBean.afterPropertiesSet(LocalContainerEntityManagerFactoryBean.java:419)
	at org.springframework.beans.factory.support.AbstractAutowireCapableBeanFactory.invokeInitMethods(AbstractAutowireCapableBeanFactory.java:1864)
	at org.springframework.beans.factory.support.AbstractAutowireCapableBeanFactory.initializeBean(AbstractAutowireCapableBeanFactory.java:1813)
	at org.springframework.beans.factory.support.AbstractAutowireCapableBeanFactory.doCreateBean(AbstractAutowireCapableBeanFactory.java:603)
	at org.springframework.beans.factory.support.AbstractAutowireCapableBeanFactory.createBean(AbstractAutowireCapableBeanFactory.java:525)
	at org.springframework.beans.factory.support.AbstractBeanFactory.lambda$doGetBean$0(AbstractBeanFactory.java:333)
	at org.springframework.beans.factory.support.DefaultSingletonBeanRegistry.getSingleton(DefaultSingletonBeanRegistry.java:371)
	at org.springframework.beans.factory.support.AbstractBeanFactory.doGetBean(AbstractBeanFactory.java:331)
	at org.springframework.beans.factory.support.AbstractBeanFactory.getBean(AbstractBeanFactory.java:201)
	at org.springframework.context.support.AbstractApplicationContext.finishBeanFactoryInitialization(AbstractApplicationContext.java:977)
	at org.springframework.context.support.AbstractApplicationContext.refresh(AbstractApplicationContext.java:621)
	at org.springframework.boot.SpringApplication.refresh(SpringApplication.java:756)
	at org.springframework.boot.SpringApplication.refreshContext(SpringApplication.java:445)
	at org.springframework.boot.SpringApplication.run(SpringApplication.java:321)
	at org.springframework.boot.test.context.SpringBootContextLoader.lambda$loadContext$2(SpringBootContextLoader.java:156)
	at org.springframework.util.function.ThrowingSupplier.get(ThrowingSupplier.java:58)
	at org.springframework.util.function.ThrowingSupplier.get(ThrowingSupplier.java:46)
	at org.springframework.boot.SpringApplication.withHook(SpringApplication.java:1465)
	at org.springframework.boot.test.context.SpringBootContextLoader$ContextLoaderHook.run(SpringBootContextLoader.java:605)
	at org.springframework.boot.test.context.SpringBootContextLoader.loadContext(SpringBootContextLoader.java:156)
	at org.springframework.boot.test.context.SpringBootContextLoader.loadContext(SpringBootContextLoader.java:115)
	at org.springframework.test.context.cache.DefaultCacheAwareContextLoaderDelegate.loadContextInternal(DefaultCacheAwareContextLoaderDelegate.java:247)
	at org.springframework.test.context.cache.DefaultCacheAwareContextLoaderDelegate.lambda$loadContext$0(DefaultCacheAwareContextLoaderDelegate.java:167)
	at org.springframework.test.context.cache.DefaultContextCache.put(DefaultContextCache.java:214)
	at org.springframework.test.context.cache.DefaultCacheAwareContextLoaderDelegate.loadContext(DefaultCacheAwareContextLoaderDelegate.java:160)
	at org.springframework.test.context.support.DefaultTestContext.getApplicationContext(DefaultTestContext.java:128)
	at org.springframework.test.context.web.ServletTestExecutionListener.setUpRequestContextIfNecessary(ServletTestExecutionListener.java:200)
	at org.springframework.test.context.web.ServletTestExecutionListener.prepareTestInstance(ServletTestExecutionListener.java:139)
	at org.springframework.test.context.TestContextManager.prepareTestInstance(TestContextManager.java:260)
	at org.springframework.test.context.junit.jupiter.SpringExtension.postProcessTestInstance(SpringExtension.java:210)
	at org.junit.jupiter.engine.descriptor.ClassBasedTestDescriptor.lambda$invokeTestInstancePostProcessors$1(ClassBasedTestDescriptor.java:423)
	at org.junit.jupiter.engine.descriptor.ClassBasedTestDescriptor.executeAndMaskThrowable(ClassBasedTestDescriptor.java:428)
	at org.junit.jupiter.engine.descriptor.ClassBasedTestDescriptor.lambda$invokeTestInstancePostProcessors$0(ClassBasedTestDescriptor.java:422)
	at java.base/java.util.stream.ForEachOps$ForEachOp$OfRef.accept(ForEachOps.java:184)
	at java.base/java.util.stream.ReferencePipeline$3$1.accept(ReferencePipeline.java:197)
	at java.base/java.util.stream.ReferencePipeline$2$1.accept(ReferencePipeline.java:179)
	at java.base/java.util.stream.ReferencePipeline$3$1.accept(ReferencePipeline.java:197)
	at java.base/java.util.ArrayList$ArrayListSpliterator.forEachRemaining(ArrayList.java:1708)
	at java.base/java.util.stream.AbstractPipeline.copyInto(AbstractPipeline.java:509)
	at java.base/java.util.stream.AbstractPipeline.wrapAndCopyInto(AbstractPipeline.java:499)
	at java.base/java.util.stream.ForEachOps$ForEachOp.evaluateSequential(ForEachOps.java:151)
	at java.base/java.util.stream.ForEachOps$ForEachOp$OfRef.evaluateSequential(ForEachOps.java:174)
	at java.base/java.util.stream.AbstractPipeline.evaluate(AbstractPipeline.java:234)
	at java.base/java.util.stream.ReferencePipeline.forEach(ReferencePipeline.java:596)
	at org.junit.jupiter.engine.descriptor.ClassBasedTestDescriptor.invokeTestInstancePostProcessors(ClassBasedTestDescriptor.java:422)
	at org.junit.jupiter.engine.descriptor.ClassBasedTestDescriptor.lambda$instantiateAndPostProcessTestInstance$0(ClassBasedTestDescriptor.java:334)
	at org.junit.platform.engine.support.hierarchical.ThrowableCollector.execute(ThrowableCollector.java:74)
	at org.junit.jupiter.engine.descriptor.ClassBasedTestDescriptor.instantiateAndPostProcessTestInstance(ClassBasedTestDescriptor.java:333)
	at org.junit.jupiter.engine.descriptor.ClassBasedTestDescriptor.lambda$testInstancesProvider$1(ClassBasedTestDescriptor.java:322)
	at java.base/java.util.Optional.orElseGet(Optional.java:364)
	at org.junit.jupiter.engine.descriptor.ClassBasedTestDescriptor.lambda$testInstancesProvider$0(ClassBasedTestDescriptor.java:321)
	at org.junit.jupiter.engine.execution.TestInstancesProvider.getTestInstances(TestInstancesProvider.java:27)
	at org.junit.jupiter.engine.descriptor.TestMethodTestDescriptor.lambda$prepare$0(TestMethodTestDescriptor.java:127)
	at org.junit.platform.engine.support.hierarchical.ThrowableCollector.execute(ThrowableCollector.java:74)
	at org.junit.jupiter.engine.descriptor.TestMethodTestDescriptor.prepare(TestMethodTestDescriptor.java:126)
	at org.junit.jupiter.engine.descriptor.TestMethodTestDescriptor.prepare(TestMethodTestDescriptor.java:70)
	at org.junit.platform.engine.support.hierarchical.NodeTestTask.lambda$prepare$0(NodeTestTask.java:144)
	at org.junit.platform.engine.support.hierarchical.ThrowableCollector.execute(ThrowableCollector.java:74)
	at org.junit.platform.engine.support.hierarchical.NodeTestTask.prepare(NodeTestTask.java:144)
	at org.junit.platform.engine.support.hierarchical.NodeTestTask.execute(NodeTestTask.java:110)
	at java.base/java.util.ArrayList.forEach(ArrayList.java:1596)
	at org.junit.platform.engine.support.hierarchical.SameThreadHierarchicalTestExecutorService.invokeAll(SameThreadHierarchicalTestExecutorService.java:42)
	at org.junit.platform.engine.support.hierarchical.NodeTestTask.lambda$executeRecursively$2(NodeTestTask.java:180)
	at org.junit.platform.engine.support.hierarchical.ThrowableCollector.execute(ThrowableCollector.java:74)
	at org.junit.platform.engine.support.hierarchical.NodeTestTask.lambda$executeRecursively$1(NodeTestTask.java:166)
	at org.junit.platform.engine.support.hierarchical.Node.around(Node.java:138)
	at org.junit.platform.engine.support.hierarchical.NodeTestTask.lambda$executeRecursively$0(NodeTestTask.java:164)
	at org.junit.platform.engine.support.hierarchical.ThrowableCollector.execute(ThrowableCollector.java:74)
	at org.junit.platform.engine.support.hierarchical.NodeTestTask.executeRecursively(NodeTestTask.java:163)
	at org.junit.platform.engine.support.hierarchical.NodeTestTask.execute(NodeTestTask.java:116)
	at java.base/java.util.ArrayList.forEach(ArrayList.java:1596)
	at org.junit.platform.engine.support.hierarchical.SameThreadHierarchicalTestExecutorService.invokeAll(SameThreadHierarchicalTestExecutorService.java:42)
	at org.junit.platform.engine.support.hierarchical.NodeTestTask.lambda$executeRecursively$2(NodeTestTask.java:180)
	at org.junit.platform.engine.support.hierarchical.ThrowableCollector.execute(ThrowableCollector.java:74)
	at org.junit.platform.engine.support.hierarchical.NodeTestTask.lambda$executeRecursively$1(NodeTestTask.java:166)
	at org.junit.platform.engine.support.hierarchical.Node.around(Node.java:138)
	at org.junit.platform.engine.support.hierarchical.NodeTestTask.lambda$executeRecursively$0(NodeTestTask.java:164)
	at org.junit.platform.engine.support.hierarchical.ThrowableCollector.execute(ThrowableCollector.java:74)
	at org.junit.platform.engine.support.hierarchical.NodeTestTask.executeRecursively(NodeTestTask.java:163)
	at org.junit.platform.engine.support.hierarchical.NodeTestTask.execute(NodeTestTask.java:116)
	at org.junit.platform.engine.support.hierarchical.SameThreadHierarchicalTestExecutorService.submit(SameThreadHierarchicalTestExecutorService.java:36)
	at org.junit.platform.engine.support.hierarchical.HierarchicalTestExecutor.execute(HierarchicalTestExecutor.java:52)
	at org.junit.platform.engine.support.hierarchical.HierarchicalTestEngine.execute(HierarchicalTestEngine.java:58)
	at org.junit.platform.launcher.core.EngineExecutionOrchestrator.executeEngine(EngineExecutionOrchestrator.java:246)
	at org.junit.platform.launcher.core.EngineExecutionOrchestrator.failOrExecuteEngine(EngineExecutionOrchestrator.java:218)
	at org.junit.platform.launcher.core.EngineExecutionOrchestrator.execute(EngineExecutionOrchestrator.java:179)
	at org.junit.platform.launcher.core.EngineExecutionOrchestrator.execute(EngineExecutionOrchestrator.java:108)
	at org.junit.platform.launcher.core.EngineExecutionOrchestrator.lambda$execute$0(EngineExecutionOrchestrator.java:66)
	at org.junit.platform.launcher.core.EngineExecutionOrchestrator.withInterceptedStreams(EngineExecutionOrchestrator.java:157)
	at org.junit.platform.launcher.core.EngineExecutionOrchestrator.execute(EngineExecutionOrchestrator.java:65)
	at org.junit.platform.launcher.core.DefaultLauncher.execute(DefaultLauncher.java:125)
	at org.junit.platform.launcher.core.DefaultLauncher.execute(DefaultLauncher.java:114)
	at org.junit.platform.launcher.core.DelegatingLauncher.execute(DelegatingLauncher.java:58)
	at org.junit.platform.launcher.core.InterceptingLauncher.lambda$execute$2(InterceptingLauncher.java:57)
	at org.junit.platform.launcher.core.ClasspathAlignmentCheckingLauncherInterceptor.intercept(ClasspathAlignmentCheckingLauncherInterceptor.java:25)
	at org.junit.platform.launcher.core.InterceptingLauncher.execute(InterceptingLauncher.java:56)
	at org.junit.platform.launcher.core.DelegatingLauncher.execute(DelegatingLauncher.java:58)
	at java.base/jdk.internal.reflect.DirectMethodHandleAccessor.invoke(DirectMethodHandleAccessor.java:103)
	at java.base/java.lang.reflect.Method.invoke(Method.java:580)
	at org.apache.maven.surefire.api.util.ReflectionUtils.invokeMethodWithArray(ReflectionUtils.java:125)
	at org.apache.maven.surefire.junitplatform.LauncherAdapter.executeWithCancellationToken(LauncherAdapter.java:68)
	at org.apache.maven.surefire.junitplatform.LauncherAdapter.execute(LauncherAdapter.java:54)
	at org.apache.maven.surefire.junitplatform.JUnitPlatformProvider.execute(JUnitPlatformProvider.java:203)
	at org.apache.maven.surefire.junitplatform.JUnitPlatformProvider.invokeAllTests(JUnitPlatformProvider.java:168)
	at org.apache.maven.surefire.junitplatform.JUnitPlatformProvider.invoke(JUnitPlatformProvider.java:136)
	at org.apache.maven.surefire.booter.ForkedBooter.runSuitesInProcess(ForkedBooter.java:385)
	at org.apache.maven.surefire.booter.ForkedBooter.execute(ForkedBooter.java:162)
	at org.apache.maven.surefire.booter.ForkedBooter.run(ForkedBooter.java:507)
	at org.apache.maven.surefire.booter.ForkedBooter.main(ForkedBooter.java:495)
Caused by: com.microsoft.sqlserver.jdbc.SQLServerException: 关键字 'default' 附近有语法错误。
	at com.microsoft.sqlserver.jdbc.SQLServerException.makeFromDatabaseError(SQLServerException.java:278)
	at com.microsoft.sqlserver.jdbc.SQLServerStatement.getNextResult(SQLServerStatement.java:1788)
	at com.microsoft.sqlserver.jdbc.SQLServerStatement.doExecuteStatement(SQLServerStatement.java:975)
	at com.microsoft.sqlserver.jdbc.SQLServerStatement$StmtExecCmd.doExecute(SQLServerStatement.java:869)
	at com.microsoft.sqlserver.jdbc.TDSCommand.execute(IOBuffer.java:7825)
	at com.microsoft.sqlserver.jdbc.SQLServerConnection.executeCommand(SQLServerConnection.java:4828)
	at com.microsoft.sqlserver.jdbc.SQLServerStatement.executeCommand(SQLServerStatement.java:321)
	at com.microsoft.sqlserver.jdbc.SQLServerStatement.executeStatement(SQLServerStatement.java:253)
	at com.microsoft.sqlserver.jdbc.SQLServerStatement.execute(SQLServerStatement.java:842)
	at com.zaxxer.hikari.pool.ProxyStatement.execute(ProxyStatement.java:95)
	at com.zaxxer.hikari.pool.HikariProxyStatement.execute(HikariProxyStatement.java)
	at org.hibernate.tool.schema.internal.exec.GenerationTargetToDatabase.accept(GenerationTargetToDatabase.java:76)
	... 129 common frames omitted
2026-06-09 09:51:45.985 [main] INFO  o.s.o.j.LocalContainerEntityManagerFactoryBean - Initialized JPA EntityManagerFactory for persistence unit 'default'
2026-06-09 09:51:46.052 [main] INFO  o.s.d.j.r.q.QueryEnhancerFactories - Hibernate is in classpath; If applicable, HQL parser will be used.
2026-06-09 09:51:47.097 [main] WARN  o.s.b.j.a.JpaBaseConfiguration$JpaWebConfiguration - spring.jpa.open-in-view is enabled by default. Therefore, database queries may be performed during view rendering. Explicitly configure spring.jpa.open-in-view to disable this warning
2026-06-09 09:51:47.174 [main] INFO  o.s.s.c.a.a.c.InitializeUserDetailsBeanManagerConfigurer$InitializeUserDetailsManagerConfigurer - Global AuthenticationManager configured with UserDetailsService bean with name myUserDetailsServiceImpl
2026-06-09 09:51:47.341 [main] INFO  o.s.b.w.a.WelcomePageHandlerMapping - Adding welcome page template: index
2026-06-09 09:51:47.632 [main] INFO  c.e.a.AttendanceSystemApplicationTests - Started AttendanceSystemApplicationTests in 5.551 seconds (process running for 6.434)
2026-06-09 09:51:47.922 [SpringApplicationShutdownHook] INFO  o.s.o.j.LocalContainerEntityManagerFactoryBean - Closing JPA EntityManagerFactory for persistence unit 'default'
2026-06-09 09:51:47.925 [SpringApplicationShutdownHook] INFO  com.zaxxer.hikari.HikariDataSource - HikariPool-1 - Shutdown initiated...
2026-06-09 09:51:47.928 [SpringApplicationShutdownHook] INFO  com.zaxxer.hikari.HikariDataSource - HikariPool-1 - Shutdown completed.
2026-06-09 12:37:11.966 [HikariPool-1:housekeeper] WARN  com.zaxxer.hikari.pool.HikariPool - HikariPool-1 - Thread starvation or clock leap detected (housekeeper delta=2h27m36s375ms847µs700ns).
2026-06-09 12:39:19.146 [SpringApplicationShutdownHook] INFO  o.s.boot.tomcat.GracefulShutdown - Commencing graceful shutdown. Waiting for active requests to complete
2026-06-09 12:39:19.198 [tomcat-shutdown] INFO  o.s.boot.tomcat.GracefulShutdown - Graceful shutdown complete
2026-06-09 12:39:19.225 [SpringApplicationShutdownHook] INFO  o.s.o.j.LocalContainerEntityManagerFactoryBean - Closing JPA EntityManagerFactory for persistence unit 'default'
2026-06-09 12:39:19.257 [SpringApplicationShutdownHook] INFO  com.zaxxer.hikari.HikariDataSource - HikariPool-1 - Shutdown initiated...
2026-06-09 12:39:19.266 [SpringApplicationShutdownHook] INFO  com.zaxxer.hikari.HikariDataSource - HikariPool-1 - Shutdown completed.
2026-06-09 12:39:23.441 [main] INFO  c.e.a.AttendanceSystemApplication - Starting AttendanceSystemApplication using Java 21.0.2 with PID 18700 (D:\Java\springboot_pj\attendance-system\target\classes started by l in D:\Java\springboot_pj\attendance-system)
2026-06-09 12:39:23.442 [main] DEBUG c.e.a.AttendanceSystemApplication - Running with Spring Boot v4.0.3, Spring v7.0.5
2026-06-09 12:39:23.442 [main] INFO  c.e.a.AttendanceSystemApplication - No active profile set, falling back to 1 default profile: "default"
2026-06-09 12:39:23.869 [main] INFO  o.s.d.r.c.RepositoryConfigurationDelegate - Bootstrapping Spring Data JPA repositories in DEFAULT mode.
2026-06-09 12:39:23.911 [main] INFO  o.s.d.r.c.RepositoryConfigurationDelegate - Finished Spring Data repository scanning in 36 ms. Found 5 JPA repository interfaces.
2026-06-09 12:39:24.039 [main] INFO  o.s.cloud.context.scope.GenericScope - BeanFactory id=d6250731-036a-36ea-b8f9-8d612c972637
2026-06-09 12:39:24.249 [main] INFO  o.s.boot.tomcat.TomcatWebServer - Tomcat initialized with port 8080 (http)
2026-06-09 12:39:24.258 [main] INFO  o.a.coyote.http11.Http11NioProtocol - Initializing ProtocolHandler ["http-nio-8080"]
2026-06-09 12:39:24.258 [main] INFO  o.a.catalina.core.StandardService - Starting service [Tomcat]
2026-06-09 12:39:24.258 [main] INFO  o.a.catalina.core.StandardEngine - Starting Servlet engine: [Apache Tomcat/11.0.18]
2026-06-09 12:39:24.290 [main] INFO  o.s.b.w.c.s.WebApplicationContextInitializer - Root WebApplicationContext: initialization completed in 812 ms
2026-06-09 12:39:24.427 [main] INFO  org.hibernate.orm.jpa - HHH008540: Processing PersistenceUnitInfo [name: default]
2026-06-09 12:39:24.458 [main] INFO  org.hibernate.orm.core - HHH000001: Hibernate ORM core version 7.2.4.Final
2026-06-09 12:39:24.762 [main] INFO  o.s.o.j.p.SpringPersistenceUnitInfo - No LoadTimeWeaver setup: ignoring JPA class transformer
2026-06-09 12:39:24.780 [main] INFO  com.zaxxer.hikari.HikariDataSource - HikariPool-1 - Starting...
2026-06-09 12:39:25.323 [main] INFO  com.zaxxer.hikari.pool.HikariPool - HikariPool-1 - Added connection ConnectionID:1 ClientConnectionId: 414834a4-fc79-4421-942f-ee29ce4fae0d
2026-06-09 12:39:25.325 [main] INFO  com.zaxxer.hikari.HikariDataSource - HikariPool-1 - Start completed.
2026-06-09 12:39:25.470 [main] WARN  org.hibernate.orm.deprecation - HHH90000025: SQLServerDialect does not need to be specified explicitly using 'hibernate.dialect' (remove the property setting and it will be selected by default)
2026-06-09 12:39:25.485 [main] INFO  o.hibernate.orm.connections.pooling - HHH10001005: Database info:
	Database JDBC URL [jdbc:sqlserver://localhost:1433;concatNullYieldsNull=ON;quotedIdentifier=ON;connectRetryInterval=10;connectRetryCount=1;maxResultBuffer=-1;sendTemporalDataTypesAsStringForBulkCopy=true;delayLoadingLobs=true;useFmtOnly=false;vectorTypeSupport=v1;cacheBulkCopyMetadata=false;bulkCopyForBatchInsertAllowEncryptedValueModifications=false;bulkCopyForBatchInsertTableLock=false;bulkCopyForBatchInsertKeepNulls=false;bulkCopyForBatchInsertKeepIdentity=false;bulkCopyForBatchInsertFireTriggers=false;bulkCopyForBatchInsertCheckConstraints=false;bulkCopyForBatchInsertBatchSize=0;useBulkCopyForBatchInsert=false;cancelQueryTimeout=-1;sslProtocol=TLS;calcBigDecimalPrecision=false;useDefaultJaasConfig=false;jaasConfigurationName=SQLJDBCDriver;statementPoolingCacheSize=0;serverPreparedStatementDiscardThreshold=10;enablePrepareOnFirstPreparedStatementCall=false;fips=false;socketTimeout=0;authentication=NotSpecified;authenticationScheme=nativeAuthentication;xopenStates=false;datetimeParameterType=datetime2;sendTimeAsDatetime=true;replication=false;trustStoreType=JKS;trustServerCertificate=true;TransparentNetworkIPResolution=true;iPAddressPreference=IPv4First;serverNameAsACE=false;sendStringParametersAsUnicode=true;selectMethod=direct;responseBuffering=adaptive;queryTimeout=-1;packetSize=8000;multiSubnetFailover=false;loginTimeout=30;lockTimeout=-1;lastUpdateCount=true;useDefaultGSSCredential=false;prepareMethod=prepexec;encrypt=false;disableStatementPooling=true;databaseName=attendance_system;columnEncryptionSetting=Disabled;applicationName=Microsoft JDBC Driver for SQL Server;applicationIntent=readwrite;]
	Database driver: Microsoft JDBC Driver 13.2 for SQL Server
	Database dialect: SQLServerDialect
	Database version: 17.0
	Default catalog/schema: attendance_system/dbo
	Autocommit mode: undefined/unknown
	Isolation level: READ_COMMITTED [default READ_COMMITTED]
	JDBC fetch size: 128
	Pool: DataSourceConnectionProvider
	Minimum pool size: undefined/unknown
	Maximum pool size: undefined/unknown
2026-06-09 12:39:26.194 [main] INFO  org.hibernate.orm.core - HHH000489: No JTA platform available (set 'hibernate.transaction.jta.platform' to enable JTA platform integration)
2026-06-09 12:39:27.164 [main] DEBUG org.hibernate.SQL - 
    alter table attendance 
       alter column id bigint
2026-06-09 12:39:27.169 [main] WARN  o.h.t.s.i.ExceptionHandlerLoggedImpl - GenerationTarget encountered exception accepting command : Error executing DDL "
    alter table attendance 
       alter column id bigint" via JDBC [对象'PK__attendan__3213E83F505AAD30' 依赖于 列'id'。]
org.hibernate.tool.schema.spi.CommandAcceptanceException: Error executing DDL "
    alter table attendance 
       alter column id bigint" via JDBC [对象'PK__attendan__3213E83F505AAD30' 依赖于 列'id'。]
	at org.hibernate.tool.schema.internal.exec.GenerationTargetToDatabase.accept(GenerationTargetToDatabase.java:81)
	at org.hibernate.tool.schema.internal.AbstractSchemaMigrator.applySqlString(AbstractSchemaMigrator.java:566)
	at org.hibernate.tool.schema.internal.AbstractSchemaMigrator.applySqlStrings(AbstractSchemaMigrator.java:506)
	at org.hibernate.tool.schema.internal.AbstractSchemaMigrator.migrateTable(AbstractSchemaMigrator.java:324)
	at org.hibernate.tool.schema.internal.GroupedSchemaMigratorImpl.performTablesMigration(GroupedSchemaMigratorImpl.java:84)
	at org.hibernate.tool.schema.internal.AbstractSchemaMigrator.performMigration(AbstractSchemaMigrator.java:220)
	at org.hibernate.tool.schema.internal.AbstractSchemaMigrator.doMigration(AbstractSchemaMigrator.java:96)
	at org.hibernate.tool.schema.spi.SchemaManagementToolCoordinator.performDatabaseAction(SchemaManagementToolCoordinator.java:269)
	at org.hibernate.tool.schema.spi.SchemaManagementToolCoordinator.lambda$process$1(SchemaManagementToolCoordinator.java:101)
	at java.base/java.util.HashMap.forEach(HashMap.java:1429)
	at org.hibernate.tool.schema.spi.SchemaManagementToolCoordinator.process(SchemaManagementToolCoordinator.java:100)
	at org.hibernate.boot.internal.SessionFactoryObserverForSchemaExport.sessionFactoryCreated(SessionFactoryObserverForSchemaExport.java:35)
	at org.hibernate.internal.SessionFactoryObserverChain.sessionFactoryCreated(SessionFactoryObserverChain.java:33)
	at org.hibernate.internal.SessionFactoryImpl.<init>(SessionFactoryImpl.java:323)
	at org.hibernate.internal.SessionFactoryRegistry.instantiateSessionFactory(SessionFactoryRegistry.java:64)
	at org.hibernate.boot.internal.SessionFactoryBuilderImpl.build(SessionFactoryBuilderImpl.java:437)
	at org.hibernate.jpa.boot.internal.EntityManagerFactoryBuilderImpl.build(EntityManagerFactoryBuilderImpl.java:1456)
	at org.springframework.orm.jpa.vendor.SpringHibernateJpaPersistenceProvider.createContainerEntityManagerFactory(SpringHibernateJpaPersistenceProvider.java:93)
	at org.springframework.orm.jpa.LocalContainerEntityManagerFactoryBean.createNativeEntityManagerFactory(LocalContainerEntityManagerFactoryBean.java:443)
	at org.springframework.orm.jpa.AbstractEntityManagerFactoryBean.buildNativeEntityManagerFactory(AbstractEntityManagerFactoryBean.java:436)
	at org.springframework.orm.jpa.AbstractEntityManagerFactoryBean.afterPropertiesSet(AbstractEntityManagerFactoryBean.java:411)
	at org.springframework.orm.jpa.LocalContainerEntityManagerFactoryBean.afterPropertiesSet(LocalContainerEntityManagerFactoryBean.java:419)
	at org.springframework.beans.factory.support.AbstractAutowireCapableBeanFactory.invokeInitMethods(AbstractAutowireCapableBeanFactory.java:1864)
	at org.springframework.beans.factory.support.AbstractAutowireCapableBeanFactory.initializeBean(AbstractAutowireCapableBeanFactory.java:1813)
	at org.springframework.beans.factory.support.AbstractAutowireCapableBeanFactory.doCreateBean(AbstractAutowireCapableBeanFactory.java:603)
	at org.springframework.beans.factory.support.AbstractAutowireCapableBeanFactory.createBean(AbstractAutowireCapableBeanFactory.java:525)
	at org.springframework.beans.factory.support.AbstractBeanFactory.lambda$doGetBean$0(AbstractBeanFactory.java:333)
	at org.springframework.beans.factory.support.DefaultSingletonBeanRegistry.getSingleton(DefaultSingletonBeanRegistry.java:371)
	at org.springframework.beans.factory.support.AbstractBeanFactory.doGetBean(AbstractBeanFactory.java:331)
	at org.springframework.beans.factory.support.AbstractBeanFactory.getBean(AbstractBeanFactory.java:201)
	at org.springframework.context.support.AbstractApplicationContext.finishBeanFactoryInitialization(AbstractApplicationContext.java:977)
	at org.springframework.context.support.AbstractApplicationContext.refresh(AbstractApplicationContext.java:621)
	at org.springframework.boot.web.server.servlet.context.ServletWebServerApplicationContext.refresh(ServletWebServerApplicationContext.java:143)
	at org.springframework.boot.SpringApplication.refresh(SpringApplication.java:756)
	at org.springframework.boot.SpringApplication.refreshContext(SpringApplication.java:445)
	at org.springframework.boot.SpringApplication.run(SpringApplication.java:321)
	at org.springframework.boot.SpringApplication.run(SpringApplication.java:1365)
	at org.springframework.boot.SpringApplication.run(SpringApplication.java:1354)
	at com.example.attendance.AttendanceSystemApplication.main(AttendanceSystemApplication.java:12)
Caused by: com.microsoft.sqlserver.jdbc.SQLServerException: 对象'PK__attendan__3213E83F505AAD30' 依赖于 列'id'。
	at com.microsoft.sqlserver.jdbc.SQLServerException.makeFromDatabaseError(SQLServerException.java:278)
	at com.microsoft.sqlserver.jdbc.SQLServerStatement.getNextResult(SQLServerStatement.java:1788)
	at com.microsoft.sqlserver.jdbc.SQLServerStatement.doExecuteStatement(SQLServerStatement.java:975)
	at com.microsoft.sqlserver.jdbc.SQLServerStatement$StmtExecCmd.doExecute(SQLServerStatement.java:869)
	at com.microsoft.sqlserver.jdbc.TDSCommand.execute(IOBuffer.java:7825)
	at com.microsoft.sqlserver.jdbc.SQLServerConnection.executeCommand(SQLServerConnection.java:4828)
	at com.microsoft.sqlserver.jdbc.SQLServerStatement.executeCommand(SQLServerStatement.java:321)
	at com.microsoft.sqlserver.jdbc.SQLServerStatement.executeStatement(SQLServerStatement.java:253)
	at com.microsoft.sqlserver.jdbc.SQLServerStatement.execute(SQLServerStatement.java:842)
	at com.zaxxer.hikari.pool.ProxyStatement.execute(ProxyStatement.java:95)
	at com.zaxxer.hikari.pool.HikariProxyStatement.execute(HikariProxyStatement.java)
	at org.hibernate.tool.schema.internal.exec.GenerationTargetToDatabase.accept(GenerationTargetToDatabase.java:76)
	... 38 common frames omitted
2026-06-09 12:39:27.172 [main] DEBUG org.hibernate.SQL - 
    alter table attendance 
       alter column student_status tinyint default 1
2026-06-09 12:39:27.175 [main] WARN  o.h.t.s.i.ExceptionHandlerLoggedImpl - GenerationTarget encountered exception accepting command : Error executing DDL "
    alter table attendance 
       alter column student_status tinyint default 1" via JDBC [关键字 'default' 附近有语法错误。]
org.hibernate.tool.schema.spi.CommandAcceptanceException: Error executing DDL "
    alter table attendance 
       alter column student_status tinyint default 1" via JDBC [关键字 'default' 附近有语法错误。]
	at org.hibernate.tool.schema.internal.exec.GenerationTargetToDatabase.accept(GenerationTargetToDatabase.java:81)
	at org.hibernate.tool.schema.internal.AbstractSchemaMigrator.applySqlString(AbstractSchemaMigrator.java:566)
	at org.hibernate.tool.schema.internal.AbstractSchemaMigrator.applySqlStrings(AbstractSchemaMigrator.java:506)
	at org.hibernate.tool.schema.internal.AbstractSchemaMigrator.migrateTable(AbstractSchemaMigrator.java:324)
	at org.hibernate.tool.schema.internal.GroupedSchemaMigratorImpl.performTablesMigration(GroupedSchemaMigratorImpl.java:84)
	at org.hibernate.tool.schema.internal.AbstractSchemaMigrator.performMigration(AbstractSchemaMigrator.java:220)
	at org.hibernate.tool.schema.internal.AbstractSchemaMigrator.doMigration(AbstractSchemaMigrator.java:96)
	at org.hibernate.tool.schema.spi.SchemaManagementToolCoordinator.performDatabaseAction(SchemaManagementToolCoordinator.java:269)
	at org.hibernate.tool.schema.spi.SchemaManagementToolCoordinator.lambda$process$1(SchemaManagementToolCoordinator.java:101)
	at java.base/java.util.HashMap.forEach(HashMap.java:1429)
	at org.hibernate.tool.schema.spi.SchemaManagementToolCoordinator.process(SchemaManagementToolCoordinator.java:100)
	at org.hibernate.boot.internal.SessionFactoryObserverForSchemaExport.sessionFactoryCreated(SessionFactoryObserverForSchemaExport.java:35)
	at org.hibernate.internal.SessionFactoryObserverChain.sessionFactoryCreated(SessionFactoryObserverChain.java:33)
	at org.hibernate.internal.SessionFactoryImpl.<init>(SessionFactoryImpl.java:323)
	at org.hibernate.internal.SessionFactoryRegistry.instantiateSessionFactory(SessionFactoryRegistry.java:64)
	at org.hibernate.boot.internal.SessionFactoryBuilderImpl.build(SessionFactoryBuilderImpl.java:437)
	at org.hibernate.jpa.boot.internal.EntityManagerFactoryBuilderImpl.build(EntityManagerFactoryBuilderImpl.java:1456)
	at org.springframework.orm.jpa.vendor.SpringHibernateJpaPersistenceProvider.createContainerEntityManagerFactory(SpringHibernateJpaPersistenceProvider.java:93)
	at org.springframework.orm.jpa.LocalContainerEntityManagerFactoryBean.createNativeEntityManagerFactory(LocalContainerEntityManagerFactoryBean.java:443)
	at org.springframework.orm.jpa.AbstractEntityManagerFactoryBean.buildNativeEntityManagerFactory(AbstractEntityManagerFactoryBean.java:436)
	at org.springframework.orm.jpa.AbstractEntityManagerFactoryBean.afterPropertiesSet(AbstractEntityManagerFactoryBean.java:411)
	at org.springframework.orm.jpa.LocalContainerEntityManagerFactoryBean.afterPropertiesSet(LocalContainerEntityManagerFactoryBean.java:419)
	at org.springframework.beans.factory.support.AbstractAutowireCapableBeanFactory.invokeInitMethods(AbstractAutowireCapableBeanFactory.java:1864)
	at org.springframework.beans.factory.support.AbstractAutowireCapableBeanFactory.initializeBean(AbstractAutowireCapableBeanFactory.java:1813)
	at org.springframework.beans.factory.support.AbstractAutowireCapableBeanFactory.doCreateBean(AbstractAutowireCapableBeanFactory.java:603)
	at org.springframework.beans.factory.support.AbstractAutowireCapableBeanFactory.createBean(AbstractAutowireCapableBeanFactory.java:525)
	at org.springframework.beans.factory.support.AbstractBeanFactory.lambda$doGetBean$0(AbstractBeanFactory.java:333)
	at org.springframework.beans.factory.support.DefaultSingletonBeanRegistry.getSingleton(DefaultSingletonBeanRegistry.java:371)
	at org.springframework.beans.factory.support.AbstractBeanFactory.doGetBean(AbstractBeanFactory.java:331)
	at org.springframework.beans.factory.support.AbstractBeanFactory.getBean(AbstractBeanFactory.java:201)
	at org.springframework.context.support.AbstractApplicationContext.finishBeanFactoryInitialization(AbstractApplicationContext.java:977)
	at org.springframework.context.support.AbstractApplicationContext.refresh(AbstractApplicationContext.java:621)
	at org.springframework.boot.web.server.servlet.context.ServletWebServerApplicationContext.refresh(ServletWebServerApplicationContext.java:143)
	at org.springframework.boot.SpringApplication.refresh(SpringApplication.java:756)
	at org.springframework.boot.SpringApplication.refreshContext(SpringApplication.java:445)
	at org.springframework.boot.SpringApplication.run(SpringApplication.java:321)
	at org.springframework.boot.SpringApplication.run(SpringApplication.java:1365)
	at org.springframework.boot.SpringApplication.run(SpringApplication.java:1354)
	at com.example.attendance.AttendanceSystemApplication.main(AttendanceSystemApplication.java:12)
Caused by: com.microsoft.sqlserver.jdbc.SQLServerException: 关键字 'default' 附近有语法错误。
	at com.microsoft.sqlserver.jdbc.SQLServerException.makeFromDatabaseError(SQLServerException.java:278)
	at com.microsoft.sqlserver.jdbc.SQLServerStatement.getNextResult(SQLServerStatement.java:1788)
	at com.microsoft.sqlserver.jdbc.SQLServerStatement.doExecuteStatement(SQLServerStatement.java:975)
	at com.microsoft.sqlserver.jdbc.SQLServerStatement$StmtExecCmd.doExecute(SQLServerStatement.java:869)
	at com.microsoft.sqlserver.jdbc.TDSCommand.execute(IOBuffer.java:7825)
	at com.microsoft.sqlserver.jdbc.SQLServerConnection.executeCommand(SQLServerConnection.java:4828)
	at com.microsoft.sqlserver.jdbc.SQLServerStatement.executeCommand(SQLServerStatement.java:321)
	at com.microsoft.sqlserver.jdbc.SQLServerStatement.executeStatement(SQLServerStatement.java:253)
	at com.microsoft.sqlserver.jdbc.SQLServerStatement.execute(SQLServerStatement.java:842)
	at com.zaxxer.hikari.pool.ProxyStatement.execute(ProxyStatement.java:95)
	at com.zaxxer.hikari.pool.HikariProxyStatement.execute(HikariProxyStatement.java)
	at org.hibernate.tool.schema.internal.exec.GenerationTargetToDatabase.accept(GenerationTargetToDatabase.java:76)
	... 38 common frames omitted
2026-06-09 12:39:27.176 [main] DEBUG org.hibernate.SQL - 
    alter table course_selection 
       alter column id bigint
2026-06-09 12:39:27.177 [main] WARN  o.h.t.s.i.ExceptionHandlerLoggedImpl - GenerationTarget encountered exception accepting command : Error executing DDL "
    alter table course_selection 
       alter column id bigint" via JDBC [对象'PK__course_s__3213E83FDFE3484D' 依赖于 列'id'。]
org.hibernate.tool.schema.spi.CommandAcceptanceException: Error executing DDL "
    alter table course_selection 
       alter column id bigint" via JDBC [对象'PK__course_s__3213E83FDFE3484D' 依赖于 列'id'。]
	at org.hibernate.tool.schema.internal.exec.GenerationTargetToDatabase.accept(GenerationTargetToDatabase.java:81)
	at org.hibernate.tool.schema.internal.AbstractSchemaMigrator.applySqlString(AbstractSchemaMigrator.java:566)
	at org.hibernate.tool.schema.internal.AbstractSchemaMigrator.applySqlStrings(AbstractSchemaMigrator.java:506)
	at org.hibernate.tool.schema.internal.AbstractSchemaMigrator.migrateTable(AbstractSchemaMigrator.java:324)
	at org.hibernate.tool.schema.internal.GroupedSchemaMigratorImpl.performTablesMigration(GroupedSchemaMigratorImpl.java:84)
	at org.hibernate.tool.schema.internal.AbstractSchemaMigrator.performMigration(AbstractSchemaMigrator.java:220)
	at org.hibernate.tool.schema.internal.AbstractSchemaMigrator.doMigration(AbstractSchemaMigrator.java:96)
	at org.hibernate.tool.schema.spi.SchemaManagementToolCoordinator.performDatabaseAction(SchemaManagementToolCoordinator.java:269)
	at org.hibernate.tool.schema.spi.SchemaManagementToolCoordinator.lambda$process$1(SchemaManagementToolCoordinator.java:101)
	at java.base/java.util.HashMap.forEach(HashMap.java:1429)
	at org.hibernate.tool.schema.spi.SchemaManagementToolCoordinator.process(SchemaManagementToolCoordinator.java:100)
	at org.hibernate.boot.internal.SessionFactoryObserverForSchemaExport.sessionFactoryCreated(SessionFactoryObserverForSchemaExport.java:35)
	at org.hibernate.internal.SessionFactoryObserverChain.sessionFactoryCreated(SessionFactoryObserverChain.java:33)
	at org.hibernate.internal.SessionFactoryImpl.<init>(SessionFactoryImpl.java:323)
	at org.hibernate.internal.SessionFactoryRegistry.instantiateSessionFactory(SessionFactoryRegistry.java:64)
	at org.hibernate.boot.internal.SessionFactoryBuilderImpl.build(SessionFactoryBuilderImpl.java:437)
	at org.hibernate.jpa.boot.internal.EntityManagerFactoryBuilderImpl.build(EntityManagerFactoryBuilderImpl.java:1456)
	at org.springframework.orm.jpa.vendor.SpringHibernateJpaPersistenceProvider.createContainerEntityManagerFactory(SpringHibernateJpaPersistenceProvider.java:93)
	at org.springframework.orm.jpa.LocalContainerEntityManagerFactoryBean.createNativeEntityManagerFactory(LocalContainerEntityManagerFactoryBean.java:443)
	at org.springframework.orm.jpa.AbstractEntityManagerFactoryBean.buildNativeEntityManagerFactory(AbstractEntityManagerFactoryBean.java:436)
	at org.springframework.orm.jpa.AbstractEntityManagerFactoryBean.afterPropertiesSet(AbstractEntityManagerFactoryBean.java:411)
	at org.springframework.orm.jpa.LocalContainerEntityManagerFactoryBean.afterPropertiesSet(LocalContainerEntityManagerFactoryBean.java:419)
	at org.springframework.beans.factory.support.AbstractAutowireCapableBeanFactory.invokeInitMethods(AbstractAutowireCapableBeanFactory.java:1864)
	at org.springframework.beans.factory.support.AbstractAutowireCapableBeanFactory.initializeBean(AbstractAutowireCapableBeanFactory.java:1813)
	at org.springframework.beans.factory.support.AbstractAutowireCapableBeanFactory.doCreateBean(AbstractAutowireCapableBeanFactory.java:603)
	at org.springframework.beans.factory.support.AbstractAutowireCapableBeanFactory.createBean(AbstractAutowireCapableBeanFactory.java:525)
	at org.springframework.beans.factory.support.AbstractBeanFactory.lambda$doGetBean$0(AbstractBeanFactory.java:333)
	at org.springframework.beans.factory.support.DefaultSingletonBeanRegistry.getSingleton(DefaultSingletonBeanRegistry.java:371)
	at org.springframework.beans.factory.support.AbstractBeanFactory.doGetBean(AbstractBeanFactory.java:331)
	at org.springframework.beans.factory.support.AbstractBeanFactory.getBean(AbstractBeanFactory.java:201)
	at org.springframework.context.support.AbstractApplicationContext.finishBeanFactoryInitialization(AbstractApplicationContext.java:977)
	at org.springframework.context.support.AbstractApplicationContext.refresh(AbstractApplicationContext.java:621)
	at org.springframework.boot.web.server.servlet.context.ServletWebServerApplicationContext.refresh(ServletWebServerApplicationContext.java:143)
	at org.springframework.boot.SpringApplication.refresh(SpringApplication.java:756)
	at org.springframework.boot.SpringApplication.refreshContext(SpringApplication.java:445)
	at org.springframework.boot.SpringApplication.run(SpringApplication.java:321)
	at org.springframework.boot.SpringApplication.run(SpringApplication.java:1365)
	at org.springframework.boot.SpringApplication.run(SpringApplication.java:1354)
	at com.example.attendance.AttendanceSystemApplication.main(AttendanceSystemApplication.java:12)
Caused by: com.microsoft.sqlserver.jdbc.SQLServerException: 对象'PK__course_s__3213E83FDFE3484D' 依赖于 列'id'。
	at com.microsoft.sqlserver.jdbc.SQLServerException.makeFromDatabaseError(SQLServerException.java:278)
	at com.microsoft.sqlserver.jdbc.SQLServerStatement.getNextResult(SQLServerStatement.java:1788)
	at com.microsoft.sqlserver.jdbc.SQLServerStatement.doExecuteStatement(SQLServerStatement.java:975)
	at com.microsoft.sqlserver.jdbc.SQLServerStatement$StmtExecCmd.doExecute(SQLServerStatement.java:869)
	at com.microsoft.sqlserver.jdbc.TDSCommand.execute(IOBuffer.java:7825)
	at com.microsoft.sqlserver.jdbc.SQLServerConnection.executeCommand(SQLServerConnection.java:4828)
	at com.microsoft.sqlserver.jdbc.SQLServerStatement.executeCommand(SQLServerStatement.java:321)
	at com.microsoft.sqlserver.jdbc.SQLServerStatement.executeStatement(SQLServerStatement.java:253)
	at com.microsoft.sqlserver.jdbc.SQLServerStatement.execute(SQLServerStatement.java:842)
	at com.zaxxer.hikari.pool.ProxyStatement.execute(ProxyStatement.java:95)
	at com.zaxxer.hikari.pool.HikariProxyStatement.execute(HikariProxyStatement.java)
	at org.hibernate.tool.schema.internal.exec.GenerationTargetToDatabase.accept(GenerationTargetToDatabase.java:76)
	... 38 common frames omitted
2026-06-09 12:39:27.178 [main] DEBUG org.hibernate.SQL - 
    alter table course_selection 
       alter column status tinyint default 1
2026-06-09 12:39:27.178 [main] WARN  o.h.t.s.i.ExceptionHandlerLoggedImpl - GenerationTarget encountered exception accepting command : Error executing DDL "
    alter table course_selection 
       alter column status tinyint default 1" via JDBC [关键字 'default' 附近有语法错误。]
org.hibernate.tool.schema.spi.CommandAcceptanceException: Error executing DDL "
    alter table course_selection 
       alter column status tinyint default 1" via JDBC [关键字 'default' 附近有语法错误。]
	at org.hibernate.tool.schema.internal.exec.GenerationTargetToDatabase.accept(GenerationTargetToDatabase.java:81)
	at org.hibernate.tool.schema.internal.AbstractSchemaMigrator.applySqlString(AbstractSchemaMigrator.java:566)
	at org.hibernate.tool.schema.internal.AbstractSchemaMigrator.applySqlStrings(AbstractSchemaMigrator.java:506)
	at org.hibernate.tool.schema.internal.AbstractSchemaMigrator.migrateTable(AbstractSchemaMigrator.java:324)
	at org.hibernate.tool.schema.internal.GroupedSchemaMigratorImpl.performTablesMigration(GroupedSchemaMigratorImpl.java:84)
	at org.hibernate.tool.schema.internal.AbstractSchemaMigrator.performMigration(AbstractSchemaMigrator.java:220)
	at org.hibernate.tool.schema.internal.AbstractSchemaMigrator.doMigration(AbstractSchemaMigrator.java:96)
	at org.hibernate.tool.schema.spi.SchemaManagementToolCoordinator.performDatabaseAction(SchemaManagementToolCoordinator.java:269)
	at org.hibernate.tool.schema.spi.SchemaManagementToolCoordinator.lambda$process$1(SchemaManagementToolCoordinator.java:101)
	at java.base/java.util.HashMap.forEach(HashMap.java:1429)
	at org.hibernate.tool.schema.spi.SchemaManagementToolCoordinator.process(SchemaManagementToolCoordinator.java:100)
	at org.hibernate.boot.internal.SessionFactoryObserverForSchemaExport.sessionFactoryCreated(SessionFactoryObserverForSchemaExport.java:35)
	at org.hibernate.internal.SessionFactoryObserverChain.sessionFactoryCreated(SessionFactoryObserverChain.java:33)
	at org.hibernate.internal.SessionFactoryImpl.<init>(SessionFactoryImpl.java:323)
	at org.hibernate.internal.SessionFactoryRegistry.instantiateSessionFactory(SessionFactoryRegistry.java:64)
	at org.hibernate.boot.internal.SessionFactoryBuilderImpl.build(SessionFactoryBuilderImpl.java:437)
	at org.hibernate.jpa.boot.internal.EntityManagerFactoryBuilderImpl.build(EntityManagerFactoryBuilderImpl.java:1456)
	at org.springframework.orm.jpa.vendor.SpringHibernateJpaPersistenceProvider.createContainerEntityManagerFactory(SpringHibernateJpaPersistenceProvider.java:93)
	at org.springframework.orm.jpa.LocalContainerEntityManagerFactoryBean.createNativeEntityManagerFactory(LocalContainerEntityManagerFactoryBean.java:443)
	at org.springframework.orm.jpa.AbstractEntityManagerFactoryBean.buildNativeEntityManagerFactory(AbstractEntityManagerFactoryBean.java:436)
	at org.springframework.orm.jpa.AbstractEntityManagerFactoryBean.afterPropertiesSet(AbstractEntityManagerFactoryBean.java:411)
	at org.springframework.orm.jpa.LocalContainerEntityManagerFactoryBean.afterPropertiesSet(LocalContainerEntityManagerFactoryBean.java:419)
	at org.springframework.beans.factory.support.AbstractAutowireCapableBeanFactory.invokeInitMethods(AbstractAutowireCapableBeanFactory.java:1864)
	at org.springframework.beans.factory.support.AbstractAutowireCapableBeanFactory.initializeBean(AbstractAutowireCapableBeanFactory.java:1813)
	at org.springframework.beans.factory.support.AbstractAutowireCapableBeanFactory.doCreateBean(AbstractAutowireCapableBeanFactory.java:603)
	at org.springframework.beans.factory.support.AbstractAutowireCapableBeanFactory.createBean(AbstractAutowireCapableBeanFactory.java:525)
	at org.springframework.beans.factory.support.AbstractBeanFactory.lambda$doGetBean$0(AbstractBeanFactory.java:333)
	at org.springframework.beans.factory.support.DefaultSingletonBeanRegistry.getSingleton(DefaultSingletonBeanRegistry.java:371)
	at org.springframework.beans.factory.support.AbstractBeanFactory.doGetBean(AbstractBeanFactory.java:331)
	at org.springframework.beans.factory.support.AbstractBeanFactory.getBean(AbstractBeanFactory.java:201)
	at org.springframework.context.support.AbstractApplicationContext.finishBeanFactoryInitialization(AbstractApplicationContext.java:977)
	at org.springframework.context.support.AbstractApplicationContext.refresh(AbstractApplicationContext.java:621)
	at org.springframework.boot.web.server.servlet.context.ServletWebServerApplicationContext.refresh(ServletWebServerApplicationContext.java:143)
	at org.springframework.boot.SpringApplication.refresh(SpringApplication.java:756)
	at org.springframework.boot.SpringApplication.refreshContext(SpringApplication.java:445)
	at org.springframework.boot.SpringApplication.run(SpringApplication.java:321)
	at org.springframework.boot.SpringApplication.run(SpringApplication.java:1365)
	at org.springframework.boot.SpringApplication.run(SpringApplication.java:1354)
	at com.example.attendance.AttendanceSystemApplication.main(AttendanceSystemApplication.java:12)
Caused by: com.microsoft.sqlserver.jdbc.SQLServerException: 关键字 'default' 附近有语法错误。
	at com.microsoft.sqlserver.jdbc.SQLServerException.makeFromDatabaseError(SQLServerException.java:278)
	at com.microsoft.sqlserver.jdbc.SQLServerStatement.getNextResult(SQLServerStatement.java:1788)
	at com.microsoft.sqlserver.jdbc.SQLServerStatement.doExecuteStatement(SQLServerStatement.java:975)
	at com.microsoft.sqlserver.jdbc.SQLServerStatement$StmtExecCmd.doExecute(SQLServerStatement.java:869)
	at com.microsoft.sqlserver.jdbc.TDSCommand.execute(IOBuffer.java:7825)
	at com.microsoft.sqlserver.jdbc.SQLServerConnection.executeCommand(SQLServerConnection.java:4828)
	at com.microsoft.sqlserver.jdbc.SQLServerStatement.executeCommand(SQLServerStatement.java:321)
	at com.microsoft.sqlserver.jdbc.SQLServerStatement.executeStatement(SQLServerStatement.java:253)
	at com.microsoft.sqlserver.jdbc.SQLServerStatement.execute(SQLServerStatement.java:842)
	at com.zaxxer.hikari.pool.ProxyStatement.execute(ProxyStatement.java:95)
	at com.zaxxer.hikari.pool.HikariProxyStatement.execute(HikariProxyStatement.java)
	at org.hibernate.tool.schema.internal.exec.GenerationTargetToDatabase.accept(GenerationTargetToDatabase.java:76)
	... 38 common frames omitted
2026-06-09 12:39:27.181 [main] INFO  o.s.o.j.LocalContainerEntityManagerFactoryBean - Initialized JPA EntityManagerFactory for persistence unit 'default'
2026-06-09 12:39:27.235 [main] INFO  o.s.d.j.r.q.QueryEnhancerFactories - Hibernate is in classpath; If applicable, HQL parser will be used.
2026-06-09 12:39:28.130 [main] WARN  o.s.b.j.a.JpaBaseConfiguration$JpaWebConfiguration - spring.jpa.open-in-view is enabled by default. Therefore, database queries may be performed during view rendering. Explicitly configure spring.jpa.open-in-view to disable this warning
2026-06-09 12:39:28.168 [main] INFO  o.s.s.c.a.a.c.InitializeUserDetailsBeanManagerConfigurer$InitializeUserDetailsManagerConfigurer - Global AuthenticationManager configured with UserDetailsService bean with name myUserDetailsServiceImpl
2026-06-09 12:39:28.258 [main] INFO  o.s.b.w.a.WelcomePageHandlerMapping - Adding welcome page template: index
2026-06-09 12:39:29.454 [main] INFO  o.s.cloud.commons.util.InetUtils - Cannot determine local hostname
2026-06-09 12:39:29.496 [main] INFO  o.a.coyote.http11.Http11NioProtocol - Starting ProtocolHandler ["http-nio-8080"]
2026-06-09 12:39:29.507 [main] INFO  o.s.boot.tomcat.TomcatWebServer - Tomcat started on port 8080 (http) with context path '/'
2026-06-09 12:39:30.517 [main] INFO  o.s.cloud.commons.util.InetUtils - Cannot determine local hostname
2026-06-09 12:39:30.524 [main] INFO  c.e.a.AttendanceSystemApplication - Started AttendanceSystemApplication in 8.498 seconds (process running for 9.32)
2026-06-09 12:41:19.513 [http-nio-8080-exec-1] INFO  o.a.c.c.C.[Tomcat].[localhost].[/] - Initializing Spring DispatcherServlet 'dispatcherServlet'
2026-06-09 12:41:19.513 [http-nio-8080-exec-1] INFO  o.s.web.servlet.DispatcherServlet - Initializing Servlet 'dispatcherServlet'
2026-06-09 12:41:19.516 [http-nio-8080-exec-1] INFO  o.s.web.servlet.DispatcherServlet - Completed initialization in 3 ms
2026-06-09 12:52:34.567 [main] INFO  c.e.a.AttendanceSystemApplicationTests - Starting AttendanceSystemApplicationTests using Java 21.0.2 with PID 11084 (started by l in D:\Java\springboot_pj\attendance-system)
2026-06-09 12:52:34.567 [main] DEBUG c.e.a.AttendanceSystemApplicationTests - Running with Spring Boot v4.0.3, Spring v7.0.5
2026-06-09 12:52:34.567 [main] INFO  c.e.a.AttendanceSystemApplicationTests - No active profile set, falling back to 1 default profile: "default"
2026-06-09 12:52:35.294 [main] INFO  o.s.d.r.c.RepositoryConfigurationDelegate - Bootstrapping Spring Data JPA repositories in DEFAULT mode.
2026-06-09 12:52:35.344 [main] INFO  o.s.d.r.c.RepositoryConfigurationDelegate - Finished Spring Data repository scanning in 52 ms. Found 5 JPA repository interfaces.
2026-06-09 12:52:35.596 [main] INFO  o.s.cloud.context.scope.GenericScope - BeanFactory id=10315540-f7f9-37d1-8114-3e22a2cbfdc5
2026-06-09 12:52:35.959 [main] INFO  org.hibernate.orm.jpa - HHH008540: Processing PersistenceUnitInfo [name: default]
2026-06-09 12:52:36.006 [main] INFO  org.hibernate.orm.core - HHH000001: Hibernate ORM core version 7.2.4.Final
2026-06-09 12:52:36.495 [main] INFO  o.s.o.j.p.SpringPersistenceUnitInfo - No LoadTimeWeaver setup: ignoring JPA class transformer
2026-06-09 12:52:36.511 [main] INFO  com.zaxxer.hikari.HikariDataSource - HikariPool-1 - Starting...
2026-06-09 12:52:37.061 [main] INFO  com.zaxxer.hikari.pool.HikariPool - HikariPool-1 - Added connection ConnectionID:1 ClientConnectionId: fd081741-417c-4eaa-8677-c611515b1fac
2026-06-09 12:52:37.076 [main] INFO  com.zaxxer.hikari.HikariDataSource - HikariPool-1 - Start completed.
2026-06-09 12:52:37.266 [main] WARN  org.hibernate.orm.deprecation - HHH90000025: SQLServerDialect does not need to be specified explicitly using 'hibernate.dialect' (remove the property setting and it will be selected by default)
2026-06-09 12:52:37.282 [main] INFO  o.hibernate.orm.connections.pooling - HHH10001005: Database info:
	Database JDBC URL [jdbc:sqlserver://localhost:1433;concatNullYieldsNull=ON;quotedIdentifier=ON;connectRetryInterval=10;connectRetryCount=1;maxResultBuffer=-1;sendTemporalDataTypesAsStringForBulkCopy=true;delayLoadingLobs=true;useFmtOnly=false;vectorTypeSupport=v1;cacheBulkCopyMetadata=false;bulkCopyForBatchInsertAllowEncryptedValueModifications=false;bulkCopyForBatchInsertTableLock=false;bulkCopyForBatchInsertKeepNulls=false;bulkCopyForBatchInsertKeepIdentity=false;bulkCopyForBatchInsertFireTriggers=false;bulkCopyForBatchInsertCheckConstraints=false;bulkCopyForBatchInsertBatchSize=0;useBulkCopyForBatchInsert=false;cancelQueryTimeout=-1;sslProtocol=TLS;calcBigDecimalPrecision=false;useDefaultJaasConfig=false;jaasConfigurationName=SQLJDBCDriver;statementPoolingCacheSize=0;serverPreparedStatementDiscardThreshold=10;enablePrepareOnFirstPreparedStatementCall=false;fips=false;socketTimeout=0;authentication=NotSpecified;authenticationScheme=nativeAuthentication;xopenStates=false;datetimeParameterType=datetime2;sendTimeAsDatetime=true;replication=false;trustStoreType=JKS;trustServerCertificate=true;TransparentNetworkIPResolution=true;iPAddressPreference=IPv4First;serverNameAsACE=false;sendStringParametersAsUnicode=true;selectMethod=direct;responseBuffering=adaptive;queryTimeout=-1;packetSize=8000;multiSubnetFailover=false;loginTimeout=30;lockTimeout=-1;lastUpdateCount=true;useDefaultGSSCredential=false;prepareMethod=prepexec;encrypt=false;disableStatementPooling=true;databaseName=attendance_system;columnEncryptionSetting=Disabled;applicationName=Microsoft JDBC Driver for SQL Server;applicationIntent=readwrite;]
	Database driver: Microsoft JDBC Driver 13.2 for SQL Server
	Database dialect: SQLServerDialect
	Database version: 17.0
	Default catalog/schema: attendance_system/dbo
	Autocommit mode: undefined/unknown
	Isolation level: READ_COMMITTED [default READ_COMMITTED]
	JDBC fetch size: 128
	Pool: DataSourceConnectionProvider
	Minimum pool size: undefined/unknown
	Maximum pool size: undefined/unknown
2026-06-09 12:52:37.884 [main] INFO  org.hibernate.orm.core - HHH000489: No JTA platform available (set 'hibernate.transaction.jta.platform' to enable JTA platform integration)
2026-06-09 12:52:38.846 [main] DEBUG org.hibernate.SQL - 
    alter table attendance 
       alter column id bigint
2026-06-09 12:52:38.862 [main] WARN  o.h.t.s.i.ExceptionHandlerLoggedImpl - GenerationTarget encountered exception accepting command : Error executing DDL "
    alter table attendance 
       alter column id bigint" via JDBC [对象'PK__attendan__3213E83F505AAD30' 依赖于 列'id'。]
org.hibernate.tool.schema.spi.CommandAcceptanceException: Error executing DDL "
    alter table attendance 
       alter column id bigint" via JDBC [对象'PK__attendan__3213E83F505AAD30' 依赖于 列'id'。]
	at org.hibernate.tool.schema.internal.exec.GenerationTargetToDatabase.accept(GenerationTargetToDatabase.java:81)
	at org.hibernate.tool.schema.internal.AbstractSchemaMigrator.applySqlString(AbstractSchemaMigrator.java:566)
	at org.hibernate.tool.schema.internal.AbstractSchemaMigrator.applySqlStrings(AbstractSchemaMigrator.java:506)
	at org.hibernate.tool.schema.internal.AbstractSchemaMigrator.migrateTable(AbstractSchemaMigrator.java:324)
	at org.hibernate.tool.schema.internal.GroupedSchemaMigratorImpl.performTablesMigration(GroupedSchemaMigratorImpl.java:84)
	at org.hibernate.tool.schema.internal.AbstractSchemaMigrator.performMigration(AbstractSchemaMigrator.java:220)
	at org.hibernate.tool.schema.internal.AbstractSchemaMigrator.doMigration(AbstractSchemaMigrator.java:96)
	at org.hibernate.tool.schema.spi.SchemaManagementToolCoordinator.performDatabaseAction(SchemaManagementToolCoordinator.java:269)
	at org.hibernate.tool.schema.spi.SchemaManagementToolCoordinator.lambda$process$1(SchemaManagementToolCoordinator.java:101)
	at java.base/java.util.HashMap.forEach(HashMap.java:1429)
	at org.hibernate.tool.schema.spi.SchemaManagementToolCoordinator.process(SchemaManagementToolCoordinator.java:100)
	at org.hibernate.boot.internal.SessionFactoryObserverForSchemaExport.sessionFactoryCreated(SessionFactoryObserverForSchemaExport.java:35)
	at org.hibernate.internal.SessionFactoryObserverChain.sessionFactoryCreated(SessionFactoryObserverChain.java:33)
	at org.hibernate.internal.SessionFactoryImpl.<init>(SessionFactoryImpl.java:323)
	at org.hibernate.internal.SessionFactoryRegistry.instantiateSessionFactory(SessionFactoryRegistry.java:64)
	at org.hibernate.boot.internal.SessionFactoryBuilderImpl.build(SessionFactoryBuilderImpl.java:437)
	at org.hibernate.jpa.boot.internal.EntityManagerFactoryBuilderImpl.build(EntityManagerFactoryBuilderImpl.java:1456)
	at org.springframework.orm.jpa.vendor.SpringHibernateJpaPersistenceProvider.createContainerEntityManagerFactory(SpringHibernateJpaPersistenceProvider.java:93)
	at org.springframework.orm.jpa.LocalContainerEntityManagerFactoryBean.createNativeEntityManagerFactory(LocalContainerEntityManagerFactoryBean.java:443)
	at org.springframework.orm.jpa.AbstractEntityManagerFactoryBean.buildNativeEntityManagerFactory(AbstractEntityManagerFactoryBean.java:436)
	at org.springframework.orm.jpa.AbstractEntityManagerFactoryBean.afterPropertiesSet(AbstractEntityManagerFactoryBean.java:411)
	at org.springframework.orm.jpa.LocalContainerEntityManagerFactoryBean.afterPropertiesSet(LocalContainerEntityManagerFactoryBean.java:419)
	at org.springframework.beans.factory.support.AbstractAutowireCapableBeanFactory.invokeInitMethods(AbstractAutowireCapableBeanFactory.java:1864)
	at org.springframework.beans.factory.support.AbstractAutowireCapableBeanFactory.initializeBean(AbstractAutowireCapableBeanFactory.java:1813)
	at org.springframework.beans.factory.support.AbstractAutowireCapableBeanFactory.doCreateBean(AbstractAutowireCapableBeanFactory.java:603)
	at org.springframework.beans.factory.support.AbstractAutowireCapableBeanFactory.createBean(AbstractAutowireCapableBeanFactory.java:525)
	at org.springframework.beans.factory.support.AbstractBeanFactory.lambda$doGetBean$0(AbstractBeanFactory.java:333)
	at org.springframework.beans.factory.support.DefaultSingletonBeanRegistry.getSingleton(DefaultSingletonBeanRegistry.java:371)
	at org.springframework.beans.factory.support.AbstractBeanFactory.doGetBean(AbstractBeanFactory.java:331)
	at org.springframework.beans.factory.support.AbstractBeanFactory.getBean(AbstractBeanFactory.java:201)
	at org.springframework.context.support.AbstractApplicationContext.finishBeanFactoryInitialization(AbstractApplicationContext.java:977)
	at org.springframework.context.support.AbstractApplicationContext.refresh(AbstractApplicationContext.java:621)
	at org.springframework.boot.SpringApplication.refresh(SpringApplication.java:756)
	at org.springframework.boot.SpringApplication.refreshContext(SpringApplication.java:445)
	at org.springframework.boot.SpringApplication.run(SpringApplication.java:321)
	at org.springframework.boot.test.context.SpringBootContextLoader.lambda$loadContext$2(SpringBootContextLoader.java:156)
	at org.springframework.util.function.ThrowingSupplier.get(ThrowingSupplier.java:58)
	at org.springframework.util.function.ThrowingSupplier.get(ThrowingSupplier.java:46)
	at org.springframework.boot.SpringApplication.withHook(SpringApplication.java:1465)
	at org.springframework.boot.test.context.SpringBootContextLoader$ContextLoaderHook.run(SpringBootContextLoader.java:605)
	at org.springframework.boot.test.context.SpringBootContextLoader.loadContext(SpringBootContextLoader.java:156)
	at org.springframework.boot.test.context.SpringBootContextLoader.loadContext(SpringBootContextLoader.java:115)
	at org.springframework.test.context.cache.DefaultCacheAwareContextLoaderDelegate.loadContextInternal(DefaultCacheAwareContextLoaderDelegate.java:247)
	at org.springframework.test.context.cache.DefaultCacheAwareContextLoaderDelegate.lambda$loadContext$0(DefaultCacheAwareContextLoaderDelegate.java:167)
	at org.springframework.test.context.cache.DefaultContextCache.put(DefaultContextCache.java:214)
	at org.springframework.test.context.cache.DefaultCacheAwareContextLoaderDelegate.loadContext(DefaultCacheAwareContextLoaderDelegate.java:160)
	at org.springframework.test.context.support.DefaultTestContext.getApplicationContext(DefaultTestContext.java:128)
	at org.springframework.test.context.web.ServletTestExecutionListener.setUpRequestContextIfNecessary(ServletTestExecutionListener.java:200)
	at org.springframework.test.context.web.ServletTestExecutionListener.prepareTestInstance(ServletTestExecutionListener.java:139)
	at org.springframework.test.context.TestContextManager.prepareTestInstance(TestContextManager.java:260)
	at org.springframework.test.context.junit.jupiter.SpringExtension.postProcessTestInstance(SpringExtension.java:210)
	at org.junit.jupiter.engine.descriptor.ClassBasedTestDescriptor.lambda$invokeTestInstancePostProcessors$1(ClassBasedTestDescriptor.java:423)
	at org.junit.jupiter.engine.descriptor.ClassBasedTestDescriptor.executeAndMaskThrowable(ClassBasedTestDescriptor.java:428)
	at org.junit.jupiter.engine.descriptor.ClassBasedTestDescriptor.lambda$invokeTestInstancePostProcessors$0(ClassBasedTestDescriptor.java:422)
	at java.base/java.util.stream.ForEachOps$ForEachOp$OfRef.accept(ForEachOps.java:184)
	at java.base/java.util.stream.ReferencePipeline$3$1.accept(ReferencePipeline.java:197)
	at java.base/java.util.stream.ReferencePipeline$2$1.accept(ReferencePipeline.java:179)
	at java.base/java.util.stream.ReferencePipeline$3$1.accept(ReferencePipeline.java:197)
	at java.base/java.util.ArrayList$ArrayListSpliterator.forEachRemaining(ArrayList.java:1708)
	at java.base/java.util.stream.AbstractPipeline.copyInto(AbstractPipeline.java:509)
	at java.base/java.util.stream.AbstractPipeline.wrapAndCopyInto(AbstractPipeline.java:499)
	at java.base/java.util.stream.ForEachOps$ForEachOp.evaluateSequential(ForEachOps.java:151)
	at java.base/java.util.stream.ForEachOps$ForEachOp$OfRef.evaluateSequential(ForEachOps.java:174)
	at java.base/java.util.stream.AbstractPipeline.evaluate(AbstractPipeline.java:234)
	at java.base/java.util.stream.ReferencePipeline.forEach(ReferencePipeline.java:596)
	at org.junit.jupiter.engine.descriptor.ClassBasedTestDescriptor.invokeTestInstancePostProcessors(ClassBasedTestDescriptor.java:422)
	at org.junit.jupiter.engine.descriptor.ClassBasedTestDescriptor.lambda$instantiateAndPostProcessTestInstance$0(ClassBasedTestDescriptor.java:334)
	at org.junit.platform.engine.support.hierarchical.ThrowableCollector.execute(ThrowableCollector.java:74)
	at org.junit.jupiter.engine.descriptor.ClassBasedTestDescriptor.instantiateAndPostProcessTestInstance(ClassBasedTestDescriptor.java:333)
	at org.junit.jupiter.engine.descriptor.ClassBasedTestDescriptor.lambda$testInstancesProvider$1(ClassBasedTestDescriptor.java:322)
	at java.base/java.util.Optional.orElseGet(Optional.java:364)
	at org.junit.jupiter.engine.descriptor.ClassBasedTestDescriptor.lambda$testInstancesProvider$0(ClassBasedTestDescriptor.java:321)
	at org.junit.jupiter.engine.execution.TestInstancesProvider.getTestInstances(TestInstancesProvider.java:27)
	at org.junit.jupiter.engine.descriptor.TestMethodTestDescriptor.lambda$prepare$0(TestMethodTestDescriptor.java:127)
	at org.junit.platform.engine.support.hierarchical.ThrowableCollector.execute(ThrowableCollector.java:74)
	at org.junit.jupiter.engine.descriptor.TestMethodTestDescriptor.prepare(TestMethodTestDescriptor.java:126)
	at org.junit.jupiter.engine.descriptor.TestMethodTestDescriptor.prepare(TestMethodTestDescriptor.java:70)
	at org.junit.platform.engine.support.hierarchical.NodeTestTask.lambda$prepare$0(NodeTestTask.java:144)
	at org.junit.platform.engine.support.hierarchical.ThrowableCollector.execute(ThrowableCollector.java:74)
	at org.junit.platform.engine.support.hierarchical.NodeTestTask.prepare(NodeTestTask.java:144)
	at org.junit.platform.engine.support.hierarchical.NodeTestTask.execute(NodeTestTask.java:110)
	at java.base/java.util.ArrayList.forEach(ArrayList.java:1596)
	at org.junit.platform.engine.support.hierarchical.SameThreadHierarchicalTestExecutorService.invokeAll(SameThreadHierarchicalTestExecutorService.java:42)
	at org.junit.platform.engine.support.hierarchical.NodeTestTask.lambda$executeRecursively$2(NodeTestTask.java:180)
	at org.junit.platform.engine.support.hierarchical.ThrowableCollector.execute(ThrowableCollector.java:74)
	at org.junit.platform.engine.support.hierarchical.NodeTestTask.lambda$executeRecursively$1(NodeTestTask.java:166)
	at org.junit.platform.engine.support.hierarchical.Node.around(Node.java:138)
	at org.junit.platform.engine.support.hierarchical.NodeTestTask.lambda$executeRecursively$0(NodeTestTask.java:164)
	at org.junit.platform.engine.support.hierarchical.ThrowableCollector.execute(ThrowableCollector.java:74)
	at org.junit.platform.engine.support.hierarchical.NodeTestTask.executeRecursively(NodeTestTask.java:163)
	at org.junit.platform.engine.support.hierarchical.NodeTestTask.execute(NodeTestTask.java:116)
	at java.base/java.util.ArrayList.forEach(ArrayList.java:1596)
	at org.junit.platform.engine.support.hierarchical.SameThreadHierarchicalTestExecutorService.invokeAll(SameThreadHierarchicalTestExecutorService.java:42)
	at org.junit.platform.engine.support.hierarchical.NodeTestTask.lambda$executeRecursively$2(NodeTestTask.java:180)
	at org.junit.platform.engine.support.hierarchical.ThrowableCollector.execute(ThrowableCollector.java:74)
	at org.junit.platform.engine.support.hierarchical.NodeTestTask.lambda$executeRecursively$1(NodeTestTask.java:166)
	at org.junit.platform.engine.support.hierarchical.Node.around(Node.java:138)
	at org.junit.platform.engine.support.hierarchical.NodeTestTask.lambda$executeRecursively$0(NodeTestTask.java:164)
	at org.junit.platform.engine.support.hierarchical.ThrowableCollector.execute(ThrowableCollector.java:74)
	at org.junit.platform.engine.support.hierarchical.NodeTestTask.executeRecursively(NodeTestTask.java:163)
	at org.junit.platform.engine.support.hierarchical.NodeTestTask.execute(NodeTestTask.java:116)
	at org.junit.platform.engine.support.hierarchical.SameThreadHierarchicalTestExecutorService.submit(SameThreadHierarchicalTestExecutorService.java:36)
	at org.junit.platform.engine.support.hierarchical.HierarchicalTestExecutor.execute(HierarchicalTestExecutor.java:52)
	at org.junit.platform.engine.support.hierarchical.HierarchicalTestEngine.execute(HierarchicalTestEngine.java:58)
	at org.junit.platform.launcher.core.EngineExecutionOrchestrator.executeEngine(EngineExecutionOrchestrator.java:246)
	at org.junit.platform.launcher.core.EngineExecutionOrchestrator.failOrExecuteEngine(EngineExecutionOrchestrator.java:218)
	at org.junit.platform.launcher.core.EngineExecutionOrchestrator.execute(EngineExecutionOrchestrator.java:179)
	at org.junit.platform.launcher.core.EngineExecutionOrchestrator.execute(EngineExecutionOrchestrator.java:108)
	at org.junit.platform.launcher.core.EngineExecutionOrchestrator.lambda$execute$0(EngineExecutionOrchestrator.java:66)
	at org.junit.platform.launcher.core.EngineExecutionOrchestrator.withInterceptedStreams(EngineExecutionOrchestrator.java:157)
	at org.junit.platform.launcher.core.EngineExecutionOrchestrator.execute(EngineExecutionOrchestrator.java:65)
	at org.junit.platform.launcher.core.DefaultLauncher.execute(DefaultLauncher.java:125)
	at org.junit.platform.launcher.core.DefaultLauncher.execute(DefaultLauncher.java:114)
	at org.junit.platform.launcher.core.DelegatingLauncher.execute(DelegatingLauncher.java:58)
	at org.junit.platform.launcher.core.InterceptingLauncher.lambda$execute$2(InterceptingLauncher.java:57)
	at org.junit.platform.launcher.core.ClasspathAlignmentCheckingLauncherInterceptor.intercept(ClasspathAlignmentCheckingLauncherInterceptor.java:25)
	at org.junit.platform.launcher.core.InterceptingLauncher.execute(InterceptingLauncher.java:56)
	at org.junit.platform.launcher.core.DelegatingLauncher.execute(DelegatingLauncher.java:58)
	at java.base/jdk.internal.reflect.DirectMethodHandleAccessor.invoke(DirectMethodHandleAccessor.java:103)
	at java.base/java.lang.reflect.Method.invoke(Method.java:580)
	at org.apache.maven.surefire.api.util.ReflectionUtils.invokeMethodWithArray(ReflectionUtils.java:125)
	at org.apache.maven.surefire.junitplatform.LauncherAdapter.executeWithCancellationToken(LauncherAdapter.java:68)
	at org.apache.maven.surefire.junitplatform.LauncherAdapter.execute(LauncherAdapter.java:54)
	at org.apache.maven.surefire.junitplatform.JUnitPlatformProvider.execute(JUnitPlatformProvider.java:203)
	at org.apache.maven.surefire.junitplatform.JUnitPlatformProvider.invokeAllTests(JUnitPlatformProvider.java:168)
	at org.apache.maven.surefire.junitplatform.JUnitPlatformProvider.invoke(JUnitPlatformProvider.java:136)
	at org.apache.maven.surefire.booter.ForkedBooter.runSuitesInProcess(ForkedBooter.java:385)
	at org.apache.maven.surefire.booter.ForkedBooter.execute(ForkedBooter.java:162)
	at org.apache.maven.surefire.booter.ForkedBooter.run(ForkedBooter.java:507)
	at org.apache.maven.surefire.booter.ForkedBooter.main(ForkedBooter.java:495)
Caused by: com.microsoft.sqlserver.jdbc.SQLServerException: 对象'PK__attendan__3213E83F505AAD30' 依赖于 列'id'。
	at com.microsoft.sqlserver.jdbc.SQLServerException.makeFromDatabaseError(SQLServerException.java:278)
	at com.microsoft.sqlserver.jdbc.SQLServerStatement.getNextResult(SQLServerStatement.java:1788)
	at com.microsoft.sqlserver.jdbc.SQLServerStatement.doExecuteStatement(SQLServerStatement.java:975)
	at com.microsoft.sqlserver.jdbc.SQLServerStatement$StmtExecCmd.doExecute(SQLServerStatement.java:869)
	at com.microsoft.sqlserver.jdbc.TDSCommand.execute(IOBuffer.java:7825)
	at com.microsoft.sqlserver.jdbc.SQLServerConnection.executeCommand(SQLServerConnection.java:4828)
	at com.microsoft.sqlserver.jdbc.SQLServerStatement.executeCommand(SQLServerStatement.java:321)
	at com.microsoft.sqlserver.jdbc.SQLServerStatement.executeStatement(SQLServerStatement.java:253)
	at com.microsoft.sqlserver.jdbc.SQLServerStatement.execute(SQLServerStatement.java:842)
	at com.zaxxer.hikari.pool.ProxyStatement.execute(ProxyStatement.java:95)
	at com.zaxxer.hikari.pool.HikariProxyStatement.execute(HikariProxyStatement.java)
	at org.hibernate.tool.schema.internal.exec.GenerationTargetToDatabase.accept(GenerationTargetToDatabase.java:76)
	... 129 common frames omitted
2026-06-09 12:52:38.862 [main] DEBUG org.hibernate.SQL - 
    alter table attendance 
       alter column student_status tinyint default 1
2026-06-09 12:52:38.862 [main] WARN  o.h.t.s.i.ExceptionHandlerLoggedImpl - GenerationTarget encountered exception accepting command : Error executing DDL "
    alter table attendance 
       alter column student_status tinyint default 1" via JDBC [关键字 'default' 附近有语法错误。]
org.hibernate.tool.schema.spi.CommandAcceptanceException: Error executing DDL "
    alter table attendance 
       alter column student_status tinyint default 1" via JDBC [关键字 'default' 附近有语法错误。]
	at org.hibernate.tool.schema.internal.exec.GenerationTargetToDatabase.accept(GenerationTargetToDatabase.java:81)
	at org.hibernate.tool.schema.internal.AbstractSchemaMigrator.applySqlString(AbstractSchemaMigrator.java:566)
	at org.hibernate.tool.schema.internal.AbstractSchemaMigrator.applySqlStrings(AbstractSchemaMigrator.java:506)
	at org.hibernate.tool.schema.internal.AbstractSchemaMigrator.migrateTable(AbstractSchemaMigrator.java:324)
	at org.hibernate.tool.schema.internal.GroupedSchemaMigratorImpl.performTablesMigration(GroupedSchemaMigratorImpl.java:84)
	at org.hibernate.tool.schema.internal.AbstractSchemaMigrator.performMigration(AbstractSchemaMigrator.java:220)
	at org.hibernate.tool.schema.internal.AbstractSchemaMigrator.doMigration(AbstractSchemaMigrator.java:96)
	at org.hibernate.tool.schema.spi.SchemaManagementToolCoordinator.performDatabaseAction(SchemaManagementToolCoordinator.java:269)
	at org.hibernate.tool.schema.spi.SchemaManagementToolCoordinator.lambda$process$1(SchemaManagementToolCoordinator.java:101)
	at java.base/java.util.HashMap.forEach(HashMap.java:1429)
	at org.hibernate.tool.schema.spi.SchemaManagementToolCoordinator.process(SchemaManagementToolCoordinator.java:100)
	at org.hibernate.boot.internal.SessionFactoryObserverForSchemaExport.sessionFactoryCreated(SessionFactoryObserverForSchemaExport.java:35)
	at org.hibernate.internal.SessionFactoryObserverChain.sessionFactoryCreated(SessionFactoryObserverChain.java:33)
	at org.hibernate.internal.SessionFactoryImpl.<init>(SessionFactoryImpl.java:323)
	at org.hibernate.internal.SessionFactoryRegistry.instantiateSessionFactory(SessionFactoryRegistry.java:64)
	at org.hibernate.boot.internal.SessionFactoryBuilderImpl.build(SessionFactoryBuilderImpl.java:437)
	at org.hibernate.jpa.boot.internal.EntityManagerFactoryBuilderImpl.build(EntityManagerFactoryBuilderImpl.java:1456)
	at org.springframework.orm.jpa.vendor.SpringHibernateJpaPersistenceProvider.createContainerEntityManagerFactory(SpringHibernateJpaPersistenceProvider.java:93)
	at org.springframework.orm.jpa.LocalContainerEntityManagerFactoryBean.createNativeEntityManagerFactory(LocalContainerEntityManagerFactoryBean.java:443)
	at org.springframework.orm.jpa.AbstractEntityManagerFactoryBean.buildNativeEntityManagerFactory(AbstractEntityManagerFactoryBean.java:436)
	at org.springframework.orm.jpa.AbstractEntityManagerFactoryBean.afterPropertiesSet(AbstractEntityManagerFactoryBean.java:411)
	at org.springframework.orm.jpa.LocalContainerEntityManagerFactoryBean.afterPropertiesSet(LocalContainerEntityManagerFactoryBean.java:419)
	at org.springframework.beans.factory.support.AbstractAutowireCapableBeanFactory.invokeInitMethods(AbstractAutowireCapableBeanFactory.java:1864)
	at org.springframework.beans.factory.support.AbstractAutowireCapableBeanFactory.initializeBean(AbstractAutowireCapableBeanFactory.java:1813)
	at org.springframework.beans.factory.support.AbstractAutowireCapableBeanFactory.doCreateBean(AbstractAutowireCapableBeanFactory.java:603)
	at org.springframework.beans.factory.support.AbstractAutowireCapableBeanFactory.createBean(AbstractAutowireCapableBeanFactory.java:525)
	at org.springframework.beans.factory.support.AbstractBeanFactory.lambda$doGetBean$0(AbstractBeanFactory.java:333)
	at org.springframework.beans.factory.support.DefaultSingletonBeanRegistry.getSingleton(DefaultSingletonBeanRegistry.java:371)
	at org.springframework.beans.factory.support.AbstractBeanFactory.doGetBean(AbstractBeanFactory.java:331)
	at org.springframework.beans.factory.support.AbstractBeanFactory.getBean(AbstractBeanFactory.java:201)
	at org.springframework.context.support.AbstractApplicationContext.finishBeanFactoryInitialization(AbstractApplicationContext.java:977)
	at org.springframework.context.support.AbstractApplicationContext.refresh(AbstractApplicationContext.java:621)
	at org.springframework.boot.SpringApplication.refresh(SpringApplication.java:756)
	at org.springframework.boot.SpringApplication.refreshContext(SpringApplication.java:445)
	at org.springframework.boot.SpringApplication.run(SpringApplication.java:321)
	at org.springframework.boot.test.context.SpringBootContextLoader.lambda$loadContext$2(SpringBootContextLoader.java:156)
	at org.springframework.util.function.ThrowingSupplier.get(ThrowingSupplier.java:58)
	at org.springframework.util.function.ThrowingSupplier.get(ThrowingSupplier.java:46)
	at org.springframework.boot.SpringApplication.withHook(SpringApplication.java:1465)
	at org.springframework.boot.test.context.SpringBootContextLoader$ContextLoaderHook.run(SpringBootContextLoader.java:605)
	at org.springframework.boot.test.context.SpringBootContextLoader.loadContext(SpringBootContextLoader.java:156)
	at org.springframework.boot.test.context.SpringBootContextLoader.loadContext(SpringBootContextLoader.java:115)
	at org.springframework.test.context.cache.DefaultCacheAwareContextLoaderDelegate.loadContextInternal(DefaultCacheAwareContextLoaderDelegate.java:247)
	at org.springframework.test.context.cache.DefaultCacheAwareContextLoaderDelegate.lambda$loadContext$0(DefaultCacheAwareContextLoaderDelegate.java:167)
	at org.springframework.test.context.cache.DefaultContextCache.put(DefaultContextCache.java:214)
	at org.springframework.test.context.cache.DefaultCacheAwareContextLoaderDelegate.loadContext(DefaultCacheAwareContextLoaderDelegate.java:160)
	at org.springframework.test.context.support.DefaultTestContext.getApplicationContext(DefaultTestContext.java:128)
	at org.springframework.test.context.web.ServletTestExecutionListener.setUpRequestContextIfNecessary(ServletTestExecutionListener.java:200)
	at org.springframework.test.context.web.ServletTestExecutionListener.prepareTestInstance(ServletTestExecutionListener.java:139)
	at org.springframework.test.context.TestContextManager.prepareTestInstance(TestContextManager.java:260)
	at org.springframework.test.context.junit.jupiter.SpringExtension.postProcessTestInstance(SpringExtension.java:210)
	at org.junit.jupiter.engine.descriptor.ClassBasedTestDescriptor.lambda$invokeTestInstancePostProcessors$1(ClassBasedTestDescriptor.java:423)
	at org.junit.jupiter.engine.descriptor.ClassBasedTestDescriptor.executeAndMaskThrowable(ClassBasedTestDescriptor.java:428)
	at org.junit.jupiter.engine.descriptor.ClassBasedTestDescriptor.lambda$invokeTestInstancePostProcessors$0(ClassBasedTestDescriptor.java:422)
	at java.base/java.util.stream.ForEachOps$ForEachOp$OfRef.accept(ForEachOps.java:184)
	at java.base/java.util.stream.ReferencePipeline$3$1.accept(ReferencePipeline.java:197)
	at java.base/java.util.stream.ReferencePipeline$2$1.accept(ReferencePipeline.java:179)
	at java.base/java.util.stream.ReferencePipeline$3$1.accept(ReferencePipeline.java:197)
	at java.base/java.util.ArrayList$ArrayListSpliterator.forEachRemaining(ArrayList.java:1708)
	at java.base/java.util.stream.AbstractPipeline.copyInto(AbstractPipeline.java:509)
	at java.base/java.util.stream.AbstractPipeline.wrapAndCopyInto(AbstractPipeline.java:499)
	at java.base/java.util.stream.ForEachOps$ForEachOp.evaluateSequential(ForEachOps.java:151)
	at java.base/java.util.stream.ForEachOps$ForEachOp$OfRef.evaluateSequential(ForEachOps.java:174)
	at java.base/java.util.stream.AbstractPipeline.evaluate(AbstractPipeline.java:234)
	at java.base/java.util.stream.ReferencePipeline.forEach(ReferencePipeline.java:596)
	at org.junit.jupiter.engine.descriptor.ClassBasedTestDescriptor.invokeTestInstancePostProcessors(ClassBasedTestDescriptor.java:422)
	at org.junit.jupiter.engine.descriptor.ClassBasedTestDescriptor.lambda$instantiateAndPostProcessTestInstance$0(ClassBasedTestDescriptor.java:334)
	at org.junit.platform.engine.support.hierarchical.ThrowableCollector.execute(ThrowableCollector.java:74)
	at org.junit.jupiter.engine.descriptor.ClassBasedTestDescriptor.instantiateAndPostProcessTestInstance(ClassBasedTestDescriptor.java:333)
	at org.junit.jupiter.engine.descriptor.ClassBasedTestDescriptor.lambda$testInstancesProvider$1(ClassBasedTestDescriptor.java:322)
	at java.base/java.util.Optional.orElseGet(Optional.java:364)
	at org.junit.jupiter.engine.descriptor.ClassBasedTestDescriptor.lambda$testInstancesProvider$0(ClassBasedTestDescriptor.java:321)
	at org.junit.jupiter.engine.execution.TestInstancesProvider.getTestInstances(TestInstancesProvider.java:27)
	at org.junit.jupiter.engine.descriptor.TestMethodTestDescriptor.lambda$prepare$0(TestMethodTestDescriptor.java:127)
	at org.junit.platform.engine.support.hierarchical.ThrowableCollector.execute(ThrowableCollector.java:74)
	at org.junit.jupiter.engine.descriptor.TestMethodTestDescriptor.prepare(TestMethodTestDescriptor.java:126)
	at org.junit.jupiter.engine.descriptor.TestMethodTestDescriptor.prepare(TestMethodTestDescriptor.java:70)
	at org.junit.platform.engine.support.hierarchical.NodeTestTask.lambda$prepare$0(NodeTestTask.java:144)
	at org.junit.platform.engine.support.hierarchical.ThrowableCollector.execute(ThrowableCollector.java:74)
	at org.junit.platform.engine.support.hierarchical.NodeTestTask.prepare(NodeTestTask.java:144)
	at org.junit.platform.engine.support.hierarchical.NodeTestTask.execute(NodeTestTask.java:110)
	at java.base/java.util.ArrayList.forEach(ArrayList.java:1596)
	at org.junit.platform.engine.support.hierarchical.SameThreadHierarchicalTestExecutorService.invokeAll(SameThreadHierarchicalTestExecutorService.java:42)
	at org.junit.platform.engine.support.hierarchical.NodeTestTask.lambda$executeRecursively$2(NodeTestTask.java:180)
	at org.junit.platform.engine.support.hierarchical.ThrowableCollector.execute(ThrowableCollector.java:74)
	at org.junit.platform.engine.support.hierarchical.NodeTestTask.lambda$executeRecursively$1(NodeTestTask.java:166)
	at org.junit.platform.engine.support.hierarchical.Node.around(Node.java:138)
	at org.junit.platform.engine.support.hierarchical.NodeTestTask.lambda$executeRecursively$0(NodeTestTask.java:164)
	at org.junit.platform.engine.support.hierarchical.ThrowableCollector.execute(ThrowableCollector.java:74)
	at org.junit.platform.engine.support.hierarchical.NodeTestTask.executeRecursively(NodeTestTask.java:163)
	at org.junit.platform.engine.support.hierarchical.NodeTestTask.execute(NodeTestTask.java:116)
	at java.base/java.util.ArrayList.forEach(ArrayList.java:1596)
	at org.junit.platform.engine.support.hierarchical.SameThreadHierarchicalTestExecutorService.invokeAll(SameThreadHierarchicalTestExecutorService.java:42)
	at org.junit.platform.engine.support.hierarchical.NodeTestTask.lambda$executeRecursively$2(NodeTestTask.java:180)
	at org.junit.platform.engine.support.hierarchical.ThrowableCollector.execute(ThrowableCollector.java:74)
	at org.junit.platform.engine.support.hierarchical.NodeTestTask.lambda$executeRecursively$1(NodeTestTask.java:166)
	at org.junit.platform.engine.support.hierarchical.Node.around(Node.java:138)
	at org.junit.platform.engine.support.hierarchical.NodeTestTask.lambda$executeRecursively$0(NodeTestTask.java:164)
	at org.junit.platform.engine.support.hierarchical.ThrowableCollector.execute(ThrowableCollector.java:74)
	at org.junit.platform.engine.support.hierarchical.NodeTestTask.executeRecursively(NodeTestTask.java:163)
	at org.junit.platform.engine.support.hierarchical.NodeTestTask.execute(NodeTestTask.java:116)
	at org.junit.platform.engine.support.hierarchical.SameThreadHierarchicalTestExecutorService.submit(SameThreadHierarchicalTestExecutorService.java:36)
	at org.junit.platform.engine.support.hierarchical.HierarchicalTestExecutor.execute(HierarchicalTestExecutor.java:52)
	at org.junit.platform.engine.support.hierarchical.HierarchicalTestEngine.execute(HierarchicalTestEngine.java:58)
	at org.junit.platform.launcher.core.EngineExecutionOrchestrator.executeEngine(EngineExecutionOrchestrator.java:246)
	at org.junit.platform.launcher.core.EngineExecutionOrchestrator.failOrExecuteEngine(EngineExecutionOrchestrator.java:218)
	at org.junit.platform.launcher.core.EngineExecutionOrchestrator.execute(EngineExecutionOrchestrator.java:179)
	at org.junit.platform.launcher.core.EngineExecutionOrchestrator.execute(EngineExecutionOrchestrator.java:108)
	at org.junit.platform.launcher.core.EngineExecutionOrchestrator.lambda$execute$0(EngineExecutionOrchestrator.java:66)
	at org.junit.platform.launcher.core.EngineExecutionOrchestrator.withInterceptedStreams(EngineExecutionOrchestrator.java:157)
	at org.junit.platform.launcher.core.EngineExecutionOrchestrator.execute(EngineExecutionOrchestrator.java:65)
	at org.junit.platform.launcher.core.DefaultLauncher.execute(DefaultLauncher.java:125)
	at org.junit.platform.launcher.core.DefaultLauncher.execute(DefaultLauncher.java:114)
	at org.junit.platform.launcher.core.DelegatingLauncher.execute(DelegatingLauncher.java:58)
	at org.junit.platform.launcher.core.InterceptingLauncher.lambda$execute$2(InterceptingLauncher.java:57)
	at org.junit.platform.launcher.core.ClasspathAlignmentCheckingLauncherInterceptor.intercept(ClasspathAlignmentCheckingLauncherInterceptor.java:25)
	at org.junit.platform.launcher.core.InterceptingLauncher.execute(InterceptingLauncher.java:56)
	at org.junit.platform.launcher.core.DelegatingLauncher.execute(DelegatingLauncher.java:58)
	at java.base/jdk.internal.reflect.DirectMethodHandleAccessor.invoke(DirectMethodHandleAccessor.java:103)
	at java.base/java.lang.reflect.Method.invoke(Method.java:580)
	at org.apache.maven.surefire.api.util.ReflectionUtils.invokeMethodWithArray(ReflectionUtils.java:125)
	at org.apache.maven.surefire.junitplatform.LauncherAdapter.executeWithCancellationToken(LauncherAdapter.java:68)
	at org.apache.maven.surefire.junitplatform.LauncherAdapter.execute(LauncherAdapter.java:54)
	at org.apache.maven.surefire.junitplatform.JUnitPlatformProvider.execute(JUnitPlatformProvider.java:203)
	at org.apache.maven.surefire.junitplatform.JUnitPlatformProvider.invokeAllTests(JUnitPlatformProvider.java:168)
	at org.apache.maven.surefire.junitplatform.JUnitPlatformProvider.invoke(JUnitPlatformProvider.java:136)
	at org.apache.maven.surefire.booter.ForkedBooter.runSuitesInProcess(ForkedBooter.java:385)
	at org.apache.maven.surefire.booter.ForkedBooter.execute(ForkedBooter.java:162)
	at org.apache.maven.surefire.booter.ForkedBooter.run(ForkedBooter.java:507)
	at org.apache.maven.surefire.booter.ForkedBooter.main(ForkedBooter.java:495)
Caused by: com.microsoft.sqlserver.jdbc.SQLServerException: 关键字 'default' 附近有语法错误。
	at com.microsoft.sqlserver.jdbc.SQLServerException.makeFromDatabaseError(SQLServerException.java:278)
	at com.microsoft.sqlserver.jdbc.SQLServerStatement.getNextResult(SQLServerStatement.java:1788)
	at com.microsoft.sqlserver.jdbc.SQLServerStatement.doExecuteStatement(SQLServerStatement.java:975)
	at com.microsoft.sqlserver.jdbc.SQLServerStatement$StmtExecCmd.doExecute(SQLServerStatement.java:869)
	at com.microsoft.sqlserver.jdbc.TDSCommand.execute(IOBuffer.java:7825)
	at com.microsoft.sqlserver.jdbc.SQLServerConnection.executeCommand(SQLServerConnection.java:4828)
	at com.microsoft.sqlserver.jdbc.SQLServerStatement.executeCommand(SQLServerStatement.java:321)
	at com.microsoft.sqlserver.jdbc.SQLServerStatement.executeStatement(SQLServerStatement.java:253)
	at com.microsoft.sqlserver.jdbc.SQLServerStatement.execute(SQLServerStatement.java:842)
	at com.zaxxer.hikari.pool.ProxyStatement.execute(ProxyStatement.java:95)
	at com.zaxxer.hikari.pool.HikariProxyStatement.execute(HikariProxyStatement.java)
	at org.hibernate.tool.schema.internal.exec.GenerationTargetToDatabase.accept(GenerationTargetToDatabase.java:76)
	... 129 common frames omitted
2026-06-09 12:52:38.862 [main] DEBUG org.hibernate.SQL - 
    alter table course_selection 
       alter column id bigint
2026-06-09 12:52:38.879 [main] WARN  o.h.t.s.i.ExceptionHandlerLoggedImpl - GenerationTarget encountered exception accepting command : Error executing DDL "
    alter table course_selection 
       alter column id bigint" via JDBC [对象'PK__course_s__3213E83FDFE3484D' 依赖于 列'id'。]
org.hibernate.tool.schema.spi.CommandAcceptanceException: Error executing DDL "
    alter table course_selection 
       alter column id bigint" via JDBC [对象'PK__course_s__3213E83FDFE3484D' 依赖于 列'id'。]
	at org.hibernate.tool.schema.internal.exec.GenerationTargetToDatabase.accept(GenerationTargetToDatabase.java:81)
	at org.hibernate.tool.schema.internal.AbstractSchemaMigrator.applySqlString(AbstractSchemaMigrator.java:566)
	at org.hibernate.tool.schema.internal.AbstractSchemaMigrator.applySqlStrings(AbstractSchemaMigrator.java:506)
	at org.hibernate.tool.schema.internal.AbstractSchemaMigrator.migrateTable(AbstractSchemaMigrator.java:324)
	at org.hibernate.tool.schema.internal.GroupedSchemaMigratorImpl.performTablesMigration(GroupedSchemaMigratorImpl.java:84)
	at org.hibernate.tool.schema.internal.AbstractSchemaMigrator.performMigration(AbstractSchemaMigrator.java:220)
	at org.hibernate.tool.schema.internal.AbstractSchemaMigrator.doMigration(AbstractSchemaMigrator.java:96)
	at org.hibernate.tool.schema.spi.SchemaManagementToolCoordinator.performDatabaseAction(SchemaManagementToolCoordinator.java:269)
	at org.hibernate.tool.schema.spi.SchemaManagementToolCoordinator.lambda$process$1(SchemaManagementToolCoordinator.java:101)
	at java.base/java.util.HashMap.forEach(HashMap.java:1429)
	at org.hibernate.tool.schema.spi.SchemaManagementToolCoordinator.process(SchemaManagementToolCoordinator.java:100)
	at org.hibernate.boot.internal.SessionFactoryObserverForSchemaExport.sessionFactoryCreated(SessionFactoryObserverForSchemaExport.java:35)
	at org.hibernate.internal.SessionFactoryObserverChain.sessionFactoryCreated(SessionFactoryObserverChain.java:33)
	at org.hibernate.internal.SessionFactoryImpl.<init>(SessionFactoryImpl.java:323)
	at org.hibernate.internal.SessionFactoryRegistry.instantiateSessionFactory(SessionFactoryRegistry.java:64)
	at org.hibernate.boot.internal.SessionFactoryBuilderImpl.build(SessionFactoryBuilderImpl.java:437)
	at org.hibernate.jpa.boot.internal.EntityManagerFactoryBuilderImpl.build(EntityManagerFactoryBuilderImpl.java:1456)
	at org.springframework.orm.jpa.vendor.SpringHibernateJpaPersistenceProvider.createContainerEntityManagerFactory(SpringHibernateJpaPersistenceProvider.java:93)
	at org.springframework.orm.jpa.LocalContainerEntityManagerFactoryBean.createNativeEntityManagerFactory(LocalContainerEntityManagerFactoryBean.java:443)
	at org.springframework.orm.jpa.AbstractEntityManagerFactoryBean.buildNativeEntityManagerFactory(AbstractEntityManagerFactoryBean.java:436)
	at org.springframework.orm.jpa.AbstractEntityManagerFactoryBean.afterPropertiesSet(AbstractEntityManagerFactoryBean.java:411)
	at org.springframework.orm.jpa.LocalContainerEntityManagerFactoryBean.afterPropertiesSet(LocalContainerEntityManagerFactoryBean.java:419)
	at org.springframework.beans.factory.support.AbstractAutowireCapableBeanFactory.invokeInitMethods(AbstractAutowireCapableBeanFactory.java:1864)
	at org.springframework.beans.factory.support.AbstractAutowireCapableBeanFactory.initializeBean(AbstractAutowireCapableBeanFactory.java:1813)
	at org.springframework.beans.factory.support.AbstractAutowireCapableBeanFactory.doCreateBean(AbstractAutowireCapableBeanFactory.java:603)
	at org.springframework.beans.factory.support.AbstractAutowireCapableBeanFactory.createBean(AbstractAutowireCapableBeanFactory.java:525)
	at org.springframework.beans.factory.support.AbstractBeanFactory.lambda$doGetBean$0(AbstractBeanFactory.java:333)
	at org.springframework.beans.factory.support.DefaultSingletonBeanRegistry.getSingleton(DefaultSingletonBeanRegistry.java:371)
	at org.springframework.beans.factory.support.AbstractBeanFactory.doGetBean(AbstractBeanFactory.java:331)
	at org.springframework.beans.factory.support.AbstractBeanFactory.getBean(AbstractBeanFactory.java:201)
	at org.springframework.context.support.AbstractApplicationContext.finishBeanFactoryInitialization(AbstractApplicationContext.java:977)
	at org.springframework.context.support.AbstractApplicationContext.refresh(AbstractApplicationContext.java:621)
	at org.springframework.boot.SpringApplication.refresh(SpringApplication.java:756)
	at org.springframework.boot.SpringApplication.refreshContext(SpringApplication.java:445)
	at org.springframework.boot.SpringApplication.run(SpringApplication.java:321)
	at org.springframework.boot.test.context.SpringBootContextLoader.lambda$loadContext$2(SpringBootContextLoader.java:156)
	at org.springframework.util.function.ThrowingSupplier.get(ThrowingSupplier.java:58)
	at org.springframework.util.function.ThrowingSupplier.get(ThrowingSupplier.java:46)
	at org.springframework.boot.SpringApplication.withHook(SpringApplication.java:1465)
	at org.springframework.boot.test.context.SpringBootContextLoader$ContextLoaderHook.run(SpringBootContextLoader.java:605)
	at org.springframework.boot.test.context.SpringBootContextLoader.loadContext(SpringBootContextLoader.java:156)
	at org.springframework.boot.test.context.SpringBootContextLoader.loadContext(SpringBootContextLoader.java:115)
	at org.springframework.test.context.cache.DefaultCacheAwareContextLoaderDelegate.loadContextInternal(DefaultCacheAwareContextLoaderDelegate.java:247)
	at org.springframework.test.context.cache.DefaultCacheAwareContextLoaderDelegate.lambda$loadContext$0(DefaultCacheAwareContextLoaderDelegate.java:167)
	at org.springframework.test.context.cache.DefaultContextCache.put(DefaultContextCache.java:214)
	at org.springframework.test.context.cache.DefaultCacheAwareContextLoaderDelegate.loadContext(DefaultCacheAwareContextLoaderDelegate.java:160)
	at org.springframework.test.context.support.DefaultTestContext.getApplicationContext(DefaultTestContext.java:128)
	at org.springframework.test.context.web.ServletTestExecutionListener.setUpRequestContextIfNecessary(ServletTestExecutionListener.java:200)
	at org.springframework.test.context.web.ServletTestExecutionListener.prepareTestInstance(ServletTestExecutionListener.java:139)
	at org.springframework.test.context.TestContextManager.prepareTestInstance(TestContextManager.java:260)
	at org.springframework.test.context.junit.jupiter.SpringExtension.postProcessTestInstance(SpringExtension.java:210)
	at org.junit.jupiter.engine.descriptor.ClassBasedTestDescriptor.lambda$invokeTestInstancePostProcessors$1(ClassBasedTestDescriptor.java:423)
	at org.junit.jupiter.engine.descriptor.ClassBasedTestDescriptor.executeAndMaskThrowable(ClassBasedTestDescriptor.java:428)
	at org.junit.jupiter.engine.descriptor.ClassBasedTestDescriptor.lambda$invokeTestInstancePostProcessors$0(ClassBasedTestDescriptor.java:422)
	at java.base/java.util.stream.ForEachOps$ForEachOp$OfRef.accept(ForEachOps.java:184)
	at java.base/java.util.stream.ReferencePipeline$3$1.accept(ReferencePipeline.java:197)
	at java.base/java.util.stream.ReferencePipeline$2$1.accept(ReferencePipeline.java:179)
	at java.base/java.util.stream.ReferencePipeline$3$1.accept(ReferencePipeline.java:197)
	at java.base/java.util.ArrayList$ArrayListSpliterator.forEachRemaining(ArrayList.java:1708)
	at java.base/java.util.stream.AbstractPipeline.copyInto(AbstractPipeline.java:509)
	at java.base/java.util.stream.AbstractPipeline.wrapAndCopyInto(AbstractPipeline.java:499)
	at java.base/java.util.stream.ForEachOps$ForEachOp.evaluateSequential(ForEachOps.java:151)
	at java.base/java.util.stream.ForEachOps$ForEachOp$OfRef.evaluateSequential(ForEachOps.java:174)
	at java.base/java.util.stream.AbstractPipeline.evaluate(AbstractPipeline.java:234)
	at java.base/java.util.stream.ReferencePipeline.forEach(ReferencePipeline.java:596)
	at org.junit.jupiter.engine.descriptor.ClassBasedTestDescriptor.invokeTestInstancePostProcessors(ClassBasedTestDescriptor.java:422)
	at org.junit.jupiter.engine.descriptor.ClassBasedTestDescriptor.lambda$instantiateAndPostProcessTestInstance$0(ClassBasedTestDescriptor.java:334)
	at org.junit.platform.engine.support.hierarchical.ThrowableCollector.execute(ThrowableCollector.java:74)
	at org.junit.jupiter.engine.descriptor.ClassBasedTestDescriptor.instantiateAndPostProcessTestInstance(ClassBasedTestDescriptor.java:333)
	at org.junit.jupiter.engine.descriptor.ClassBasedTestDescriptor.lambda$testInstancesProvider$1(ClassBasedTestDescriptor.java:322)
	at java.base/java.util.Optional.orElseGet(Optional.java:364)
	at org.junit.jupiter.engine.descriptor.ClassBasedTestDescriptor.lambda$testInstancesProvider$0(ClassBasedTestDescriptor.java:321)
	at org.junit.jupiter.engine.execution.TestInstancesProvider.getTestInstances(TestInstancesProvider.java:27)
	at org.junit.jupiter.engine.descriptor.TestMethodTestDescriptor.lambda$prepare$0(TestMethodTestDescriptor.java:127)
	at org.junit.platform.engine.support.hierarchical.ThrowableCollector.execute(ThrowableCollector.java:74)
	at org.junit.jupiter.engine.descriptor.TestMethodTestDescriptor.prepare(TestMethodTestDescriptor.java:126)
	at org.junit.jupiter.engine.descriptor.TestMethodTestDescriptor.prepare(TestMethodTestDescriptor.java:70)
	at org.junit.platform.engine.support.hierarchical.NodeTestTask.lambda$prepare$0(NodeTestTask.java:144)
	at org.junit.platform.engine.support.hierarchical.ThrowableCollector.execute(ThrowableCollector.java:74)
	at org.junit.platform.engine.support.hierarchical.NodeTestTask.prepare(NodeTestTask.java:144)
	at org.junit.platform.engine.support.hierarchical.NodeTestTask.execute(NodeTestTask.java:110)
	at java.base/java.util.ArrayList.forEach(ArrayList.java:1596)
	at org.junit.platform.engine.support.hierarchical.SameThreadHierarchicalTestExecutorService.invokeAll(SameThreadHierarchicalTestExecutorService.java:42)
	at org.junit.platform.engine.support.hierarchical.NodeTestTask.lambda$executeRecursively$2(NodeTestTask.java:180)
	at org.junit.platform.engine.support.hierarchical.ThrowableCollector.execute(ThrowableCollector.java:74)
	at org.junit.platform.engine.support.hierarchical.NodeTestTask.lambda$executeRecursively$1(NodeTestTask.java:166)
	at org.junit.platform.engine.support.hierarchical.Node.around(Node.java:138)
	at org.junit.platform.engine.support.hierarchical.NodeTestTask.lambda$executeRecursively$0(NodeTestTask.java:164)
	at org.junit.platform.engine.support.hierarchical.ThrowableCollector.execute(ThrowableCollector.java:74)
	at org.junit.platform.engine.support.hierarchical.NodeTestTask.executeRecursively(NodeTestTask.java:163)
	at org.junit.platform.engine.support.hierarchical.NodeTestTask.execute(NodeTestTask.java:116)
	at java.base/java.util.ArrayList.forEach(ArrayList.java:1596)
	at org.junit.platform.engine.support.hierarchical.SameThreadHierarchicalTestExecutorService.invokeAll(SameThreadHierarchicalTestExecutorService.java:42)
	at org.junit.platform.engine.support.hierarchical.NodeTestTask.lambda$executeRecursively$2(NodeTestTask.java:180)
	at org.junit.platform.engine.support.hierarchical.ThrowableCollector.execute(ThrowableCollector.java:74)
	at org.junit.platform.engine.support.hierarchical.NodeTestTask.lambda$executeRecursively$1(NodeTestTask.java:166)
	at org.junit.platform.engine.support.hierarchical.Node.around(Node.java:138)
	at org.junit.platform.engine.support.hierarchical.NodeTestTask.lambda$executeRecursively$0(NodeTestTask.java:164)
	at org.junit.platform.engine.support.hierarchical.ThrowableCollector.execute(ThrowableCollector.java:74)
	at org.junit.platform.engine.support.hierarchical.NodeTestTask.executeRecursively(NodeTestTask.java:163)
	at org.junit.platform.engine.support.hierarchical.NodeTestTask.execute(NodeTestTask.java:116)
	at org.junit.platform.engine.support.hierarchical.SameThreadHierarchicalTestExecutorService.submit(SameThreadHierarchicalTestExecutorService.java:36)
	at org.junit.platform.engine.support.hierarchical.HierarchicalTestExecutor.execute(HierarchicalTestExecutor.java:52)
	at org.junit.platform.engine.support.hierarchical.HierarchicalTestEngine.execute(HierarchicalTestEngine.java:58)
	at org.junit.platform.launcher.core.EngineExecutionOrchestrator.executeEngine(EngineExecutionOrchestrator.java:246)
	at org.junit.platform.launcher.core.EngineExecutionOrchestrator.failOrExecuteEngine(EngineExecutionOrchestrator.java:218)
	at org.junit.platform.launcher.core.EngineExecutionOrchestrator.execute(EngineExecutionOrchestrator.java:179)
	at org.junit.platform.launcher.core.EngineExecutionOrchestrator.execute(EngineExecutionOrchestrator.java:108)
	at org.junit.platform.launcher.core.EngineExecutionOrchestrator.lambda$execute$0(EngineExecutionOrchestrator.java:66)
	at org.junit.platform.launcher.core.EngineExecutionOrchestrator.withInterceptedStreams(EngineExecutionOrchestrator.java:157)
	at org.junit.platform.launcher.core.EngineExecutionOrchestrator.execute(EngineExecutionOrchestrator.java:65)
	at org.junit.platform.launcher.core.DefaultLauncher.execute(DefaultLauncher.java:125)
	at org.junit.platform.launcher.core.DefaultLauncher.execute(DefaultLauncher.java:114)
	at org.junit.platform.launcher.core.DelegatingLauncher.execute(DelegatingLauncher.java:58)
	at org.junit.platform.launcher.core.InterceptingLauncher.lambda$execute$2(InterceptingLauncher.java:57)
	at org.junit.platform.launcher.core.ClasspathAlignmentCheckingLauncherInterceptor.intercept(ClasspathAlignmentCheckingLauncherInterceptor.java:25)
	at org.junit.platform.launcher.core.InterceptingLauncher.execute(InterceptingLauncher.java:56)
	at org.junit.platform.launcher.core.DelegatingLauncher.execute(DelegatingLauncher.java:58)
	at java.base/jdk.internal.reflect.DirectMethodHandleAccessor.invoke(DirectMethodHandleAccessor.java:103)
	at java.base/java.lang.reflect.Method.invoke(Method.java:580)
	at org.apache.maven.surefire.api.util.ReflectionUtils.invokeMethodWithArray(ReflectionUtils.java:125)
	at org.apache.maven.surefire.junitplatform.LauncherAdapter.executeWithCancellationToken(LauncherAdapter.java:68)
	at org.apache.maven.surefire.junitplatform.LauncherAdapter.execute(LauncherAdapter.java:54)
	at org.apache.maven.surefire.junitplatform.JUnitPlatformProvider.execute(JUnitPlatformProvider.java:203)
	at org.apache.maven.surefire.junitplatform.JUnitPlatformProvider.invokeAllTests(JUnitPlatformProvider.java:168)
	at org.apache.maven.surefire.junitplatform.JUnitPlatformProvider.invoke(JUnitPlatformProvider.java:136)
	at org.apache.maven.surefire.booter.ForkedBooter.runSuitesInProcess(ForkedBooter.java:385)
	at org.apache.maven.surefire.booter.ForkedBooter.execute(ForkedBooter.java:162)
	at org.apache.maven.surefire.booter.ForkedBooter.run(ForkedBooter.java:507)
	at org.apache.maven.surefire.booter.ForkedBooter.main(ForkedBooter.java:495)
Caused by: com.microsoft.sqlserver.jdbc.SQLServerException: 对象'PK__course_s__3213E83FDFE3484D' 依赖于 列'id'。
	at com.microsoft.sqlserver.jdbc.SQLServerException.makeFromDatabaseError(SQLServerException.java:278)
	at com.microsoft.sqlserver.jdbc.SQLServerStatement.getNextResult(SQLServerStatement.java:1788)
	at com.microsoft.sqlserver.jdbc.SQLServerStatement.doExecuteStatement(SQLServerStatement.java:975)
	at com.microsoft.sqlserver.jdbc.SQLServerStatement$StmtExecCmd.doExecute(SQLServerStatement.java:869)
	at com.microsoft.sqlserver.jdbc.TDSCommand.execute(IOBuffer.java:7825)
	at com.microsoft.sqlserver.jdbc.SQLServerConnection.executeCommand(SQLServerConnection.java:4828)
	at com.microsoft.sqlserver.jdbc.SQLServerStatement.executeCommand(SQLServerStatement.java:321)
	at com.microsoft.sqlserver.jdbc.SQLServerStatement.executeStatement(SQLServerStatement.java:253)
	at com.microsoft.sqlserver.jdbc.SQLServerStatement.execute(SQLServerStatement.java:842)
	at com.zaxxer.hikari.pool.ProxyStatement.execute(ProxyStatement.java:95)
	at com.zaxxer.hikari.pool.HikariProxyStatement.execute(HikariProxyStatement.java)
	at org.hibernate.tool.schema.internal.exec.GenerationTargetToDatabase.accept(GenerationTargetToDatabase.java:76)
	... 129 common frames omitted
2026-06-09 12:52:38.880 [main] DEBUG org.hibernate.SQL - 
    alter table course_selection 
       alter column status tinyint default 1
2026-06-09 12:52:38.882 [main] WARN  o.h.t.s.i.ExceptionHandlerLoggedImpl - GenerationTarget encountered exception accepting command : Error executing DDL "
    alter table course_selection 
       alter column status tinyint default 1" via JDBC [关键字 'default' 附近有语法错误。]
org.hibernate.tool.schema.spi.CommandAcceptanceException: Error executing DDL "
    alter table course_selection 
       alter column status tinyint default 1" via JDBC [关键字 'default' 附近有语法错误。]
	at org.hibernate.tool.schema.internal.exec.GenerationTargetToDatabase.accept(GenerationTargetToDatabase.java:81)
	at org.hibernate.tool.schema.internal.AbstractSchemaMigrator.applySqlString(AbstractSchemaMigrator.java:566)
	at org.hibernate.tool.schema.internal.AbstractSchemaMigrator.applySqlStrings(AbstractSchemaMigrator.java:506)
	at org.hibernate.tool.schema.internal.AbstractSchemaMigrator.migrateTable(AbstractSchemaMigrator.java:324)
	at org.hibernate.tool.schema.internal.GroupedSchemaMigratorImpl.performTablesMigration(GroupedSchemaMigratorImpl.java:84)
	at org.hibernate.tool.schema.internal.AbstractSchemaMigrator.performMigration(AbstractSchemaMigrator.java:220)
	at org.hibernate.tool.schema.internal.AbstractSchemaMigrator.doMigration(AbstractSchemaMigrator.java:96)
	at org.hibernate.tool.schema.spi.SchemaManagementToolCoordinator.performDatabaseAction(SchemaManagementToolCoordinator.java:269)
	at org.hibernate.tool.schema.spi.SchemaManagementToolCoordinator.lambda$process$1(SchemaManagementToolCoordinator.java:101)
	at java.base/java.util.HashMap.forEach(HashMap.java:1429)
	at org.hibernate.tool.schema.spi.SchemaManagementToolCoordinator.process(SchemaManagementToolCoordinator.java:100)
	at org.hibernate.boot.internal.SessionFactoryObserverForSchemaExport.sessionFactoryCreated(SessionFactoryObserverForSchemaExport.java:35)
	at org.hibernate.internal.SessionFactoryObserverChain.sessionFactoryCreated(SessionFactoryObserverChain.java:33)
	at org.hibernate.internal.SessionFactoryImpl.<init>(SessionFactoryImpl.java:323)
	at org.hibernate.internal.SessionFactoryRegistry.instantiateSessionFactory(SessionFactoryRegistry.java:64)
	at org.hibernate.boot.internal.SessionFactoryBuilderImpl.build(SessionFactoryBuilderImpl.java:437)
	at org.hibernate.jpa.boot.internal.EntityManagerFactoryBuilderImpl.build(EntityManagerFactoryBuilderImpl.java:1456)
	at org.springframework.orm.jpa.vendor.SpringHibernateJpaPersistenceProvider.createContainerEntityManagerFactory(SpringHibernateJpaPersistenceProvider.java:93)
	at org.springframework.orm.jpa.LocalContainerEntityManagerFactoryBean.createNativeEntityManagerFactory(LocalContainerEntityManagerFactoryBean.java:443)
	at org.springframework.orm.jpa.AbstractEntityManagerFactoryBean.buildNativeEntityManagerFactory(AbstractEntityManagerFactoryBean.java:436)
	at org.springframework.orm.jpa.AbstractEntityManagerFactoryBean.afterPropertiesSet(AbstractEntityManagerFactoryBean.java:411)
	at org.springframework.orm.jpa.LocalContainerEntityManagerFactoryBean.afterPropertiesSet(LocalContainerEntityManagerFactoryBean.java:419)
	at org.springframework.beans.factory.support.AbstractAutowireCapableBeanFactory.invokeInitMethods(AbstractAutowireCapableBeanFactory.java:1864)
	at org.springframework.beans.factory.support.AbstractAutowireCapableBeanFactory.initializeBean(AbstractAutowireCapableBeanFactory.java:1813)
	at org.springframework.beans.factory.support.AbstractAutowireCapableBeanFactory.doCreateBean(AbstractAutowireCapableBeanFactory.java:603)
	at org.springframework.beans.factory.support.AbstractAutowireCapableBeanFactory.createBean(AbstractAutowireCapableBeanFactory.java:525)
	at org.springframework.beans.factory.support.AbstractBeanFactory.lambda$doGetBean$0(AbstractBeanFactory.java:333)
	at org.springframework.beans.factory.support.DefaultSingletonBeanRegistry.getSingleton(DefaultSingletonBeanRegistry.java:371)
	at org.springframework.beans.factory.support.AbstractBeanFactory.doGetBean(AbstractBeanFactory.java:331)
	at org.springframework.beans.factory.support.AbstractBeanFactory.getBean(AbstractBeanFactory.java:201)
	at org.springframework.context.support.AbstractApplicationContext.finishBeanFactoryInitialization(AbstractApplicationContext.java:977)
	at org.springframework.context.support.AbstractApplicationContext.refresh(AbstractApplicationContext.java:621)
	at org.springframework.boot.SpringApplication.refresh(SpringApplication.java:756)
	at org.springframework.boot.SpringApplication.refreshContext(SpringApplication.java:445)
	at org.springframework.boot.SpringApplication.run(SpringApplication.java:321)
	at org.springframework.boot.test.context.SpringBootContextLoader.lambda$loadContext$2(SpringBootContextLoader.java:156)
	at org.springframework.util.function.ThrowingSupplier.get(ThrowingSupplier.java:58)
	at org.springframework.util.function.ThrowingSupplier.get(ThrowingSupplier.java:46)
	at org.springframework.boot.SpringApplication.withHook(SpringApplication.java:1465)
	at org.springframework.boot.test.context.SpringBootContextLoader$ContextLoaderHook.run(SpringBootContextLoader.java:605)
	at org.springframework.boot.test.context.SpringBootContextLoader.loadContext(SpringBootContextLoader.java:156)
	at org.springframework.boot.test.context.SpringBootContextLoader.loadContext(SpringBootContextLoader.java:115)
	at org.springframework.test.context.cache.DefaultCacheAwareContextLoaderDelegate.loadContextInternal(DefaultCacheAwareContextLoaderDelegate.java:247)
	at org.springframework.test.context.cache.DefaultCacheAwareContextLoaderDelegate.lambda$loadContext$0(DefaultCacheAwareContextLoaderDelegate.java:167)
	at org.springframework.test.context.cache.DefaultContextCache.put(DefaultContextCache.java:214)
	at org.springframework.test.context.cache.DefaultCacheAwareContextLoaderDelegate.loadContext(DefaultCacheAwareContextLoaderDelegate.java:160)
	at org.springframework.test.context.support.DefaultTestContext.getApplicationContext(DefaultTestContext.java:128)
	at org.springframework.test.context.web.ServletTestExecutionListener.setUpRequestContextIfNecessary(ServletTestExecutionListener.java:200)
	at org.springframework.test.context.web.ServletTestExecutionListener.prepareTestInstance(ServletTestExecutionListener.java:139)
	at org.springframework.test.context.TestContextManager.prepareTestInstance(TestContextManager.java:260)
	at org.springframework.test.context.junit.jupiter.SpringExtension.postProcessTestInstance(SpringExtension.java:210)
	at org.junit.jupiter.engine.descriptor.ClassBasedTestDescriptor.lambda$invokeTestInstancePostProcessors$1(ClassBasedTestDescriptor.java:423)
	at org.junit.jupiter.engine.descriptor.ClassBasedTestDescriptor.executeAndMaskThrowable(ClassBasedTestDescriptor.java:428)
	at org.junit.jupiter.engine.descriptor.ClassBasedTestDescriptor.lambda$invokeTestInstancePostProcessors$0(ClassBasedTestDescriptor.java:422)
	at java.base/java.util.stream.ForEachOps$ForEachOp$OfRef.accept(ForEachOps.java:184)
	at java.base/java.util.stream.ReferencePipeline$3$1.accept(ReferencePipeline.java:197)
	at java.base/java.util.stream.ReferencePipeline$2$1.accept(ReferencePipeline.java:179)
	at java.base/java.util.stream.ReferencePipeline$3$1.accept(ReferencePipeline.java:197)
	at java.base/java.util.ArrayList$ArrayListSpliterator.forEachRemaining(ArrayList.java:1708)
	at java.base/java.util.stream.AbstractPipeline.copyInto(AbstractPipeline.java:509)
	at java.base/java.util.stream.AbstractPipeline.wrapAndCopyInto(AbstractPipeline.java:499)
	at java.base/java.util.stream.ForEachOps$ForEachOp.evaluateSequential(ForEachOps.java:151)
	at java.base/java.util.stream.ForEachOps$ForEachOp$OfRef.evaluateSequential(ForEachOps.java:174)
	at java.base/java.util.stream.AbstractPipeline.evaluate(AbstractPipeline.java:234)
	at java.base/java.util.stream.ReferencePipeline.forEach(ReferencePipeline.java:596)
	at org.junit.jupiter.engine.descriptor.ClassBasedTestDescriptor.invokeTestInstancePostProcessors(ClassBasedTestDescriptor.java:422)
	at org.junit.jupiter.engine.descriptor.ClassBasedTestDescriptor.lambda$instantiateAndPostProcessTestInstance$0(ClassBasedTestDescriptor.java:334)
	at org.junit.platform.engine.support.hierarchical.ThrowableCollector.execute(ThrowableCollector.java:74)
	at org.junit.jupiter.engine.descriptor.ClassBasedTestDescriptor.instantiateAndPostProcessTestInstance(ClassBasedTestDescriptor.java:333)
	at org.junit.jupiter.engine.descriptor.ClassBasedTestDescriptor.lambda$testInstancesProvider$1(ClassBasedTestDescriptor.java:322)
	at java.base/java.util.Optional.orElseGet(Optional.java:364)
	at org.junit.jupiter.engine.descriptor.ClassBasedTestDescriptor.lambda$testInstancesProvider$0(ClassBasedTestDescriptor.java:321)
	at org.junit.jupiter.engine.execution.TestInstancesProvider.getTestInstances(TestInstancesProvider.java:27)
	at org.junit.jupiter.engine.descriptor.TestMethodTestDescriptor.lambda$prepare$0(TestMethodTestDescriptor.java:127)
	at org.junit.platform.engine.support.hierarchical.ThrowableCollector.execute(ThrowableCollector.java:74)
	at org.junit.jupiter.engine.descriptor.TestMethodTestDescriptor.prepare(TestMethodTestDescriptor.java:126)
	at org.junit.jupiter.engine.descriptor.TestMethodTestDescriptor.prepare(TestMethodTestDescriptor.java:70)
	at org.junit.platform.engine.support.hierarchical.NodeTestTask.lambda$prepare$0(NodeTestTask.java:144)
	at org.junit.platform.engine.support.hierarchical.ThrowableCollector.execute(ThrowableCollector.java:74)
	at org.junit.platform.engine.support.hierarchical.NodeTestTask.prepare(NodeTestTask.java:144)
	at org.junit.platform.engine.support.hierarchical.NodeTestTask.execute(NodeTestTask.java:110)
	at java.base/java.util.ArrayList.forEach(ArrayList.java:1596)
	at org.junit.platform.engine.support.hierarchical.SameThreadHierarchicalTestExecutorService.invokeAll(SameThreadHierarchicalTestExecutorService.java:42)
	at org.junit.platform.engine.support.hierarchical.NodeTestTask.lambda$executeRecursively$2(NodeTestTask.java:180)
	at org.junit.platform.engine.support.hierarchical.ThrowableCollector.execute(ThrowableCollector.java:74)
	at org.junit.platform.engine.support.hierarchical.NodeTestTask.lambda$executeRecursively$1(NodeTestTask.java:166)
	at org.junit.platform.engine.support.hierarchical.Node.around(Node.java:138)
	at org.junit.platform.engine.support.hierarchical.NodeTestTask.lambda$executeRecursively$0(NodeTestTask.java:164)
	at org.junit.platform.engine.support.hierarchical.ThrowableCollector.execute(ThrowableCollector.java:74)
	at org.junit.platform.engine.support.hierarchical.NodeTestTask.executeRecursively(NodeTestTask.java:163)
	at org.junit.platform.engine.support.hierarchical.NodeTestTask.execute(NodeTestTask.java:116)
	at java.base/java.util.ArrayList.forEach(ArrayList.java:1596)
	at org.junit.platform.engine.support.hierarchical.SameThreadHierarchicalTestExecutorService.invokeAll(SameThreadHierarchicalTestExecutorService.java:42)
	at org.junit.platform.engine.support.hierarchical.NodeTestTask.lambda$executeRecursively$2(NodeTestTask.java:180)
	at org.junit.platform.engine.support.hierarchical.ThrowableCollector.execute(ThrowableCollector.java:74)
	at org.junit.platform.engine.support.hierarchical.NodeTestTask.lambda$executeRecursively$1(NodeTestTask.java:166)
	at org.junit.platform.engine.support.hierarchical.Node.around(Node.java:138)
	at org.junit.platform.engine.support.hierarchical.NodeTestTask.lambda$executeRecursively$0(NodeTestTask.java:164)
	at org.junit.platform.engine.support.hierarchical.ThrowableCollector.execute(ThrowableCollector.java:74)
	at org.junit.platform.engine.support.hierarchical.NodeTestTask.executeRecursively(NodeTestTask.java:163)
	at org.junit.platform.engine.support.hierarchical.NodeTestTask.execute(NodeTestTask.java:116)
	at org.junit.platform.engine.support.hierarchical.SameThreadHierarchicalTestExecutorService.submit(SameThreadHierarchicalTestExecutorService.java:36)
	at org.junit.platform.engine.support.hierarchical.HierarchicalTestExecutor.execute(HierarchicalTestExecutor.java:52)
	at org.junit.platform.engine.support.hierarchical.HierarchicalTestEngine.execute(HierarchicalTestEngine.java:58)
	at org.junit.platform.launcher.core.EngineExecutionOrchestrator.executeEngine(EngineExecutionOrchestrator.java:246)
	at org.junit.platform.launcher.core.EngineExecutionOrchestrator.failOrExecuteEngine(EngineExecutionOrchestrator.java:218)
	at org.junit.platform.launcher.core.EngineExecutionOrchestrator.execute(EngineExecutionOrchestrator.java:179)
	at org.junit.platform.launcher.core.EngineExecutionOrchestrator.execute(EngineExecutionOrchestrator.java:108)
	at org.junit.platform.launcher.core.EngineExecutionOrchestrator.lambda$execute$0(EngineExecutionOrchestrator.java:66)
	at org.junit.platform.launcher.core.EngineExecutionOrchestrator.withInterceptedStreams(EngineExecutionOrchestrator.java:157)
	at org.junit.platform.launcher.core.EngineExecutionOrchestrator.execute(EngineExecutionOrchestrator.java:65)
	at org.junit.platform.launcher.core.DefaultLauncher.execute(DefaultLauncher.java:125)
	at org.junit.platform.launcher.core.DefaultLauncher.execute(DefaultLauncher.java:114)
	at org.junit.platform.launcher.core.DelegatingLauncher.execute(DelegatingLauncher.java:58)
	at org.junit.platform.launcher.core.InterceptingLauncher.lambda$execute$2(InterceptingLauncher.java:57)
	at org.junit.platform.launcher.core.ClasspathAlignmentCheckingLauncherInterceptor.intercept(ClasspathAlignmentCheckingLauncherInterceptor.java:25)
	at org.junit.platform.launcher.core.InterceptingLauncher.execute(InterceptingLauncher.java:56)
	at org.junit.platform.launcher.core.DelegatingLauncher.execute(DelegatingLauncher.java:58)
	at java.base/jdk.internal.reflect.DirectMethodHandleAccessor.invoke(DirectMethodHandleAccessor.java:103)
	at java.base/java.lang.reflect.Method.invoke(Method.java:580)
	at org.apache.maven.surefire.api.util.ReflectionUtils.invokeMethodWithArray(ReflectionUtils.java:125)
	at org.apache.maven.surefire.junitplatform.LauncherAdapter.executeWithCancellationToken(LauncherAdapter.java:68)
	at org.apache.maven.surefire.junitplatform.LauncherAdapter.execute(LauncherAdapter.java:54)
	at org.apache.maven.surefire.junitplatform.JUnitPlatformProvider.execute(JUnitPlatformProvider.java:203)
	at org.apache.maven.surefire.junitplatform.JUnitPlatformProvider.invokeAllTests(JUnitPlatformProvider.java:168)
	at org.apache.maven.surefire.junitplatform.JUnitPlatformProvider.invoke(JUnitPlatformProvider.java:136)
	at org.apache.maven.surefire.booter.ForkedBooter.runSuitesInProcess(ForkedBooter.java:385)
	at org.apache.maven.surefire.booter.ForkedBooter.execute(ForkedBooter.java:162)
	at org.apache.maven.surefire.booter.ForkedBooter.run(ForkedBooter.java:507)
	at org.apache.maven.surefire.booter.ForkedBooter.main(ForkedBooter.java:495)
Caused by: com.microsoft.sqlserver.jdbc.SQLServerException: 关键字 'default' 附近有语法错误。
	at com.microsoft.sqlserver.jdbc.SQLServerException.makeFromDatabaseError(SQLServerException.java:278)
	at com.microsoft.sqlserver.jdbc.SQLServerStatement.getNextResult(SQLServerStatement.java:1788)
	at com.microsoft.sqlserver.jdbc.SQLServerStatement.doExecuteStatement(SQLServerStatement.java:975)
	at com.microsoft.sqlserver.jdbc.SQLServerStatement$StmtExecCmd.doExecute(SQLServerStatement.java:869)
	at com.microsoft.sqlserver.jdbc.TDSCommand.execute(IOBuffer.java:7825)
	at com.microsoft.sqlserver.jdbc.SQLServerConnection.executeCommand(SQLServerConnection.java:4828)
	at com.microsoft.sqlserver.jdbc.SQLServerStatement.executeCommand(SQLServerStatement.java:321)
	at com.microsoft.sqlserver.jdbc.SQLServerStatement.executeStatement(SQLServerStatement.java:253)
	at com.microsoft.sqlserver.jdbc.SQLServerStatement.execute(SQLServerStatement.java:842)
	at com.zaxxer.hikari.pool.ProxyStatement.execute(ProxyStatement.java:95)
	at com.zaxxer.hikari.pool.HikariProxyStatement.execute(HikariProxyStatement.java)
	at org.hibernate.tool.schema.internal.exec.GenerationTargetToDatabase.accept(GenerationTargetToDatabase.java:76)
	... 129 common frames omitted
2026-06-09 12:52:38.886 [main] INFO  o.s.o.j.LocalContainerEntityManagerFactoryBean - Initialized JPA EntityManagerFactory for persistence unit 'default'
2026-06-09 12:52:39.051 [main] INFO  o.s.d.j.r.q.QueryEnhancerFactories - Hibernate is in classpath; If applicable, HQL parser will be used.
2026-06-09 12:52:40.527 [main] WARN  o.s.b.j.a.JpaBaseConfiguration$JpaWebConfiguration - spring.jpa.open-in-view is enabled by default. Therefore, database queries may be performed during view rendering. Explicitly configure spring.jpa.open-in-view to disable this warning
2026-06-09 12:52:40.605 [main] INFO  o.s.s.c.a.a.c.InitializeUserDetailsBeanManagerConfigurer$InitializeUserDetailsManagerConfigurer - Global AuthenticationManager configured with UserDetailsService bean with name myUserDetailsServiceImpl
2026-06-09 12:52:40.825 [main] INFO  o.s.b.w.a.WelcomePageHandlerMapping - Adding welcome page template: index
2026-06-09 12:52:42.175 [main] INFO  o.s.cloud.commons.util.InetUtils - Cannot determine local hostname
2026-06-09 12:52:42.192 [main] INFO  c.e.a.AttendanceSystemApplicationTests - Started AttendanceSystemApplicationTests in 8.962 seconds (process running for 10.114)
2026-06-09 12:52:42.557 [SpringApplicationShutdownHook] INFO  o.s.o.j.LocalContainerEntityManagerFactoryBean - Closing JPA EntityManagerFactory for persistence unit 'default'
2026-06-09 12:52:42.557 [SpringApplicationShutdownHook] INFO  com.zaxxer.hikari.HikariDataSource - HikariPool-1 - Shutdown initiated...
2026-06-09 12:52:42.557 [SpringApplicationShutdownHook] INFO  com.zaxxer.hikari.HikariDataSource - HikariPool-1 - Shutdown completed.
2026-06-09 12:53:09.707 [main] INFO  c.e.a.AttendanceSystemApplicationTests - Starting AttendanceSystemApplicationTests using Java 21.0.2 with PID 33500 (started by l in D:\Java\springboot_pj\attendance-system)
2026-06-09 12:53:09.709 [main] DEBUG c.e.a.AttendanceSystemApplicationTests - Running with Spring Boot v4.0.3, Spring v7.0.5
2026-06-09 12:53:09.709 [main] INFO  c.e.a.AttendanceSystemApplicationTests - No active profile set, falling back to 1 default profile: "default"
2026-06-09 12:53:10.478 [main] INFO  o.s.d.r.c.RepositoryConfigurationDelegate - Bootstrapping Spring Data JPA repositories in DEFAULT mode.
2026-06-09 12:53:10.541 [main] INFO  o.s.d.r.c.RepositoryConfigurationDelegate - Finished Spring Data repository scanning in 45 ms. Found 5 JPA repository interfaces.
2026-06-09 12:53:10.810 [main] INFO  o.s.cloud.context.scope.GenericScope - BeanFactory id=10315540-f7f9-37d1-8114-3e22a2cbfdc5
2026-06-09 12:53:11.205 [main] INFO  org.hibernate.orm.jpa - HHH008540: Processing PersistenceUnitInfo [name: default]
2026-06-09 12:53:11.283 [main] INFO  org.hibernate.orm.core - HHH000001: Hibernate ORM core version 7.2.4.Final
2026-06-09 12:53:11.746 [main] INFO  o.s.o.j.p.SpringPersistenceUnitInfo - No LoadTimeWeaver setup: ignoring JPA class transformer
2026-06-09 12:53:11.770 [main] INFO  com.zaxxer.hikari.HikariDataSource - HikariPool-1 - Starting...
2026-06-09 12:53:12.369 [main] INFO  com.zaxxer.hikari.pool.HikariPool - HikariPool-1 - Added connection ConnectionID:1 ClientConnectionId: 4b18583e-324f-4cdb-b7f9-41f75f21b721
2026-06-09 12:53:12.370 [main] INFO  com.zaxxer.hikari.HikariDataSource - HikariPool-1 - Start completed.
2026-06-09 12:53:12.389 [main] WARN  org.hibernate.orm.deprecation - HHH90000025: SQLServerDialect does not need to be specified explicitly using 'hibernate.dialect' (remove the property setting and it will be selected by default)
2026-06-09 12:53:12.401 [main] INFO  o.hibernate.orm.connections.pooling - HHH10001005: Database info:
	Database JDBC URL [jdbc:sqlserver://localhost:1433;concatNullYieldsNull=ON;quotedIdentifier=ON;connectRetryInterval=10;connectRetryCount=1;maxResultBuffer=-1;sendTemporalDataTypesAsStringForBulkCopy=true;delayLoadingLobs=true;useFmtOnly=false;vectorTypeSupport=v1;cacheBulkCopyMetadata=false;bulkCopyForBatchInsertAllowEncryptedValueModifications=false;bulkCopyForBatchInsertTableLock=false;bulkCopyForBatchInsertKeepNulls=false;bulkCopyForBatchInsertKeepIdentity=false;bulkCopyForBatchInsertFireTriggers=false;bulkCopyForBatchInsertCheckConstraints=false;bulkCopyForBatchInsertBatchSize=0;useBulkCopyForBatchInsert=false;cancelQueryTimeout=-1;sslProtocol=TLS;calcBigDecimalPrecision=false;useDefaultJaasConfig=false;jaasConfigurationName=SQLJDBCDriver;statementPoolingCacheSize=0;serverPreparedStatementDiscardThreshold=10;enablePrepareOnFirstPreparedStatementCall=false;fips=false;socketTimeout=0;authentication=NotSpecified;authenticationScheme=nativeAuthentication;xopenStates=false;datetimeParameterType=datetime2;sendTimeAsDatetime=true;replication=false;trustStoreType=JKS;trustServerCertificate=true;TransparentNetworkIPResolution=true;iPAddressPreference=IPv4First;serverNameAsACE=false;sendStringParametersAsUnicode=true;selectMethod=direct;responseBuffering=adaptive;queryTimeout=-1;packetSize=8000;multiSubnetFailover=false;loginTimeout=30;lockTimeout=-1;lastUpdateCount=true;useDefaultGSSCredential=false;prepareMethod=prepexec;encrypt=false;disableStatementPooling=true;databaseName=attendance_system;columnEncryptionSetting=Disabled;applicationName=Microsoft JDBC Driver for SQL Server;applicationIntent=readwrite;]
	Database driver: Microsoft JDBC Driver 13.2 for SQL Server
	Database dialect: SQLServerDialect
	Database version: 17.0
	Default catalog/schema: attendance_system/dbo
	Autocommit mode: undefined/unknown
	Isolation level: READ_COMMITTED [default READ_COMMITTED]
	JDBC fetch size: 128
	Pool: DataSourceConnectionProvider
	Minimum pool size: undefined/unknown
	Maximum pool size: undefined/unknown
2026-06-09 12:53:13.147 [main] INFO  org.hibernate.orm.core - HHH000489: No JTA platform available (set 'hibernate.transaction.jta.platform' to enable JTA platform integration)
2026-06-09 12:53:13.285 [main] DEBUG org.hibernate.SQL - 
    alter table attendance 
       alter column id bigint
2026-06-09 12:53:13.296 [main] WARN  o.h.t.s.i.ExceptionHandlerLoggedImpl - GenerationTarget encountered exception accepting command : Error executing DDL "
    alter table attendance 
       alter column id bigint" via JDBC [对象'PK__attendan__3213E83F505AAD30' 依赖于 列'id'。]
org.hibernate.tool.schema.spi.CommandAcceptanceException: Error executing DDL "
    alter table attendance 
       alter column id bigint" via JDBC [对象'PK__attendan__3213E83F505AAD30' 依赖于 列'id'。]
	at org.hibernate.tool.schema.internal.exec.GenerationTargetToDatabase.accept(GenerationTargetToDatabase.java:81)
	at org.hibernate.tool.schema.internal.AbstractSchemaMigrator.applySqlString(AbstractSchemaMigrator.java:566)
	at org.hibernate.tool.schema.internal.AbstractSchemaMigrator.applySqlStrings(AbstractSchemaMigrator.java:506)
	at org.hibernate.tool.schema.internal.AbstractSchemaMigrator.migrateTable(AbstractSchemaMigrator.java:324)
	at org.hibernate.tool.schema.internal.GroupedSchemaMigratorImpl.performTablesMigration(GroupedSchemaMigratorImpl.java:84)
	at org.hibernate.tool.schema.internal.AbstractSchemaMigrator.performMigration(AbstractSchemaMigrator.java:220)
	at org.hibernate.tool.schema.internal.AbstractSchemaMigrator.doMigration(AbstractSchemaMigrator.java:96)
	at org.hibernate.tool.schema.spi.SchemaManagementToolCoordinator.performDatabaseAction(SchemaManagementToolCoordinator.java:269)
	at org.hibernate.tool.schema.spi.SchemaManagementToolCoordinator.lambda$process$1(SchemaManagementToolCoordinator.java:101)
	at java.base/java.util.HashMap.forEach(HashMap.java:1429)
	at org.hibernate.tool.schema.spi.SchemaManagementToolCoordinator.process(SchemaManagementToolCoordinator.java:100)
	at org.hibernate.boot.internal.SessionFactoryObserverForSchemaExport.sessionFactoryCreated(SessionFactoryObserverForSchemaExport.java:35)
	at org.hibernate.internal.SessionFactoryObserverChain.sessionFactoryCreated(SessionFactoryObserverChain.java:33)
	at org.hibernate.internal.SessionFactoryImpl.<init>(SessionFactoryImpl.java:323)
	at org.hibernate.internal.SessionFactoryRegistry.instantiateSessionFactory(SessionFactoryRegistry.java:64)
	at org.hibernate.boot.internal.SessionFactoryBuilderImpl.build(SessionFactoryBuilderImpl.java:437)
	at org.hibernate.jpa.boot.internal.EntityManagerFactoryBuilderImpl.build(EntityManagerFactoryBuilderImpl.java:1456)
	at org.springframework.orm.jpa.vendor.SpringHibernateJpaPersistenceProvider.createContainerEntityManagerFactory(SpringHibernateJpaPersistenceProvider.java:93)
	at org.springframework.orm.jpa.LocalContainerEntityManagerFactoryBean.createNativeEntityManagerFactory(LocalContainerEntityManagerFactoryBean.java:443)
	at org.springframework.orm.jpa.AbstractEntityManagerFactoryBean.buildNativeEntityManagerFactory(AbstractEntityManagerFactoryBean.java:436)
	at org.springframework.orm.jpa.AbstractEntityManagerFactoryBean.afterPropertiesSet(AbstractEntityManagerFactoryBean.java:411)
	at org.springframework.orm.jpa.LocalContainerEntityManagerFactoryBean.afterPropertiesSet(LocalContainerEntityManagerFactoryBean.java:419)
	at org.springframework.beans.factory.support.AbstractAutowireCapableBeanFactory.invokeInitMethods(AbstractAutowireCapableBeanFactory.java:1864)
	at org.springframework.beans.factory.support.AbstractAutowireCapableBeanFactory.initializeBean(AbstractAutowireCapableBeanFactory.java:1813)
	at org.springframework.beans.factory.support.AbstractAutowireCapableBeanFactory.doCreateBean(AbstractAutowireCapableBeanFactory.java:603)
	at org.springframework.beans.factory.support.AbstractAutowireCapableBeanFactory.createBean(AbstractAutowireCapableBeanFactory.java:525)
	at org.springframework.beans.factory.support.AbstractBeanFactory.lambda$doGetBean$0(AbstractBeanFactory.java:333)
	at org.springframework.beans.factory.support.DefaultSingletonBeanRegistry.getSingleton(DefaultSingletonBeanRegistry.java:371)
	at org.springframework.beans.factory.support.AbstractBeanFactory.doGetBean(AbstractBeanFactory.java:331)
	at org.springframework.beans.factory.support.AbstractBeanFactory.getBean(AbstractBeanFactory.java:201)
	at org.springframework.context.support.AbstractApplicationContext.finishBeanFactoryInitialization(AbstractApplicationContext.java:977)
	at org.springframework.context.support.AbstractApplicationContext.refresh(AbstractApplicationContext.java:621)
	at org.springframework.boot.SpringApplication.refresh(SpringApplication.java:756)
	at org.springframework.boot.SpringApplication.refreshContext(SpringApplication.java:445)
	at org.springframework.boot.SpringApplication.run(SpringApplication.java:321)
	at org.springframework.boot.test.context.SpringBootContextLoader.lambda$loadContext$2(SpringBootContextLoader.java:156)
	at org.springframework.util.function.ThrowingSupplier.get(ThrowingSupplier.java:58)
	at org.springframework.util.function.ThrowingSupplier.get(ThrowingSupplier.java:46)
	at org.springframework.boot.SpringApplication.withHook(SpringApplication.java:1465)
	at org.springframework.boot.test.context.SpringBootContextLoader$ContextLoaderHook.run(SpringBootContextLoader.java:605)
	at org.springframework.boot.test.context.SpringBootContextLoader.loadContext(SpringBootContextLoader.java:156)
	at org.springframework.boot.test.context.SpringBootContextLoader.loadContext(SpringBootContextLoader.java:115)
	at org.springframework.test.context.cache.DefaultCacheAwareContextLoaderDelegate.loadContextInternal(DefaultCacheAwareContextLoaderDelegate.java:247)
	at org.springframework.test.context.cache.DefaultCacheAwareContextLoaderDelegate.lambda$loadContext$0(DefaultCacheAwareContextLoaderDelegate.java:167)
	at org.springframework.test.context.cache.DefaultContextCache.put(DefaultContextCache.java:214)
	at org.springframework.test.context.cache.DefaultCacheAwareContextLoaderDelegate.loadContext(DefaultCacheAwareContextLoaderDelegate.java:160)
	at org.springframework.test.context.support.DefaultTestContext.getApplicationContext(DefaultTestContext.java:128)
	at org.springframework.test.context.web.ServletTestExecutionListener.setUpRequestContextIfNecessary(ServletTestExecutionListener.java:200)
	at org.springframework.test.context.web.ServletTestExecutionListener.prepareTestInstance(ServletTestExecutionListener.java:139)
	at org.springframework.test.context.TestContextManager.prepareTestInstance(TestContextManager.java:260)
	at org.springframework.test.context.junit.jupiter.SpringExtension.postProcessTestInstance(SpringExtension.java:210)
	at org.junit.jupiter.engine.descriptor.ClassBasedTestDescriptor.lambda$invokeTestInstancePostProcessors$1(ClassBasedTestDescriptor.java:423)
	at org.junit.jupiter.engine.descriptor.ClassBasedTestDescriptor.executeAndMaskThrowable(ClassBasedTestDescriptor.java:428)
	at org.junit.jupiter.engine.descriptor.ClassBasedTestDescriptor.lambda$invokeTestInstancePostProcessors$0(ClassBasedTestDescriptor.java:422)
	at java.base/java.util.stream.ForEachOps$ForEachOp$OfRef.accept(ForEachOps.java:184)
	at java.base/java.util.stream.ReferencePipeline$3$1.accept(ReferencePipeline.java:197)
	at java.base/java.util.stream.ReferencePipeline$2$1.accept(ReferencePipeline.java:179)
	at java.base/java.util.stream.ReferencePipeline$3$1.accept(ReferencePipeline.java:197)
	at java.base/java.util.ArrayList$ArrayListSpliterator.forEachRemaining(ArrayList.java:1708)
	at java.base/java.util.stream.AbstractPipeline.copyInto(AbstractPipeline.java:509)
	at java.base/java.util.stream.AbstractPipeline.wrapAndCopyInto(AbstractPipeline.java:499)
	at java.base/java.util.stream.ForEachOps$ForEachOp.evaluateSequential(ForEachOps.java:151)
	at java.base/java.util.stream.ForEachOps$ForEachOp$OfRef.evaluateSequential(ForEachOps.java:174)
	at java.base/java.util.stream.AbstractPipeline.evaluate(AbstractPipeline.java:234)
	at java.base/java.util.stream.ReferencePipeline.forEach(ReferencePipeline.java:596)
	at org.junit.jupiter.engine.descriptor.ClassBasedTestDescriptor.invokeTestInstancePostProcessors(ClassBasedTestDescriptor.java:422)
	at org.junit.jupiter.engine.descriptor.ClassBasedTestDescriptor.lambda$instantiateAndPostProcessTestInstance$0(ClassBasedTestDescriptor.java:334)
	at org.junit.platform.engine.support.hierarchical.ThrowableCollector.execute(ThrowableCollector.java:74)
	at org.junit.jupiter.engine.descriptor.ClassBasedTestDescriptor.instantiateAndPostProcessTestInstance(ClassBasedTestDescriptor.java:333)
	at org.junit.jupiter.engine.descriptor.ClassBasedTestDescriptor.lambda$testInstancesProvider$1(ClassBasedTestDescriptor.java:322)
	at java.base/java.util.Optional.orElseGet(Optional.java:364)
	at org.junit.jupiter.engine.descriptor.ClassBasedTestDescriptor.lambda$testInstancesProvider$0(ClassBasedTestDescriptor.java:321)
	at org.junit.jupiter.engine.execution.TestInstancesProvider.getTestInstances(TestInstancesProvider.java:27)
	at org.junit.jupiter.engine.descriptor.TestMethodTestDescriptor.lambda$prepare$0(TestMethodTestDescriptor.java:127)
	at org.junit.platform.engine.support.hierarchical.ThrowableCollector.execute(ThrowableCollector.java:74)
	at org.junit.jupiter.engine.descriptor.TestMethodTestDescriptor.prepare(TestMethodTestDescriptor.java:126)
	at org.junit.jupiter.engine.descriptor.TestMethodTestDescriptor.prepare(TestMethodTestDescriptor.java:70)
	at org.junit.platform.engine.support.hierarchical.NodeTestTask.lambda$prepare$0(NodeTestTask.java:144)
	at org.junit.platform.engine.support.hierarchical.ThrowableCollector.execute(ThrowableCollector.java:74)
	at org.junit.platform.engine.support.hierarchical.NodeTestTask.prepare(NodeTestTask.java:144)
	at org.junit.platform.engine.support.hierarchical.NodeTestTask.execute(NodeTestTask.java:110)
	at java.base/java.util.ArrayList.forEach(ArrayList.java:1596)
	at org.junit.platform.engine.support.hierarchical.SameThreadHierarchicalTestExecutorService.invokeAll(SameThreadHierarchicalTestExecutorService.java:42)
	at org.junit.platform.engine.support.hierarchical.NodeTestTask.lambda$executeRecursively$2(NodeTestTask.java:180)
	at org.junit.platform.engine.support.hierarchical.ThrowableCollector.execute(ThrowableCollector.java:74)
	at org.junit.platform.engine.support.hierarchical.NodeTestTask.lambda$executeRecursively$1(NodeTestTask.java:166)
	at org.junit.platform.engine.support.hierarchical.Node.around(Node.java:138)
	at org.junit.platform.engine.support.hierarchical.NodeTestTask.lambda$executeRecursively$0(NodeTestTask.java:164)
	at org.junit.platform.engine.support.hierarchical.ThrowableCollector.execute(ThrowableCollector.java:74)
	at org.junit.platform.engine.support.hierarchical.NodeTestTask.executeRecursively(NodeTestTask.java:163)
	at org.junit.platform.engine.support.hierarchical.NodeTestTask.execute(NodeTestTask.java:116)
	at java.base/java.util.ArrayList.forEach(ArrayList.java:1596)
	at org.junit.platform.engine.support.hierarchical.SameThreadHierarchicalTestExecutorService.invokeAll(SameThreadHierarchicalTestExecutorService.java:42)
	at org.junit.platform.engine.support.hierarchical.NodeTestTask.lambda$executeRecursively$2(NodeTestTask.java:180)
	at org.junit.platform.engine.support.hierarchical.ThrowableCollector.execute(ThrowableCollector.java:74)
	at org.junit.platform.engine.support.hierarchical.NodeTestTask.lambda$executeRecursively$1(NodeTestTask.java:166)
	at org.junit.platform.engine.support.hierarchical.Node.around(Node.java:138)
	at org.junit.platform.engine.support.hierarchical.NodeTestTask.lambda$executeRecursively$0(NodeTestTask.java:164)
	at org.junit.platform.engine.support.hierarchical.ThrowableCollector.execute(ThrowableCollector.java:74)
	at org.junit.platform.engine.support.hierarchical.NodeTestTask.executeRecursively(NodeTestTask.java:163)
	at org.junit.platform.engine.support.hierarchical.NodeTestTask.execute(NodeTestTask.java:116)
	at org.junit.platform.engine.support.hierarchical.SameThreadHierarchicalTestExecutorService.submit(SameThreadHierarchicalTestExecutorService.java:36)
	at org.junit.platform.engine.support.hierarchical.HierarchicalTestExecutor.execute(HierarchicalTestExecutor.java:52)
	at org.junit.platform.engine.support.hierarchical.HierarchicalTestEngine.execute(HierarchicalTestEngine.java:58)
	at org.junit.platform.launcher.core.EngineExecutionOrchestrator.executeEngine(EngineExecutionOrchestrator.java:246)
	at org.junit.platform.launcher.core.EngineExecutionOrchestrator.failOrExecuteEngine(EngineExecutionOrchestrator.java:218)
	at org.junit.platform.launcher.core.EngineExecutionOrchestrator.execute(EngineExecutionOrchestrator.java:179)
	at org.junit.platform.launcher.core.EngineExecutionOrchestrator.execute(EngineExecutionOrchestrator.java:108)
	at org.junit.platform.launcher.core.EngineExecutionOrchestrator.lambda$execute$0(EngineExecutionOrchestrator.java:66)
	at org.junit.platform.launcher.core.EngineExecutionOrchestrator.withInterceptedStreams(EngineExecutionOrchestrator.java:157)
	at org.junit.platform.launcher.core.EngineExecutionOrchestrator.execute(EngineExecutionOrchestrator.java:65)
	at org.junit.platform.launcher.core.DefaultLauncher.execute(DefaultLauncher.java:125)
	at org.junit.platform.launcher.core.DefaultLauncher.execute(DefaultLauncher.java:114)
	at org.junit.platform.launcher.core.DelegatingLauncher.execute(DelegatingLauncher.java:58)
	at org.junit.platform.launcher.core.InterceptingLauncher.lambda$execute$2(InterceptingLauncher.java:57)
	at org.junit.platform.launcher.core.ClasspathAlignmentCheckingLauncherInterceptor.intercept(ClasspathAlignmentCheckingLauncherInterceptor.java:25)
	at org.junit.platform.launcher.core.InterceptingLauncher.execute(InterceptingLauncher.java:56)
	at org.junit.platform.launcher.core.DelegatingLauncher.execute(DelegatingLauncher.java:58)
	at java.base/jdk.internal.reflect.DirectMethodHandleAccessor.invoke(DirectMethodHandleAccessor.java:103)
	at java.base/java.lang.reflect.Method.invoke(Method.java:580)
	at org.apache.maven.surefire.api.util.ReflectionUtils.invokeMethodWithArray(ReflectionUtils.java:125)
	at org.apache.maven.surefire.junitplatform.LauncherAdapter.executeWithCancellationToken(LauncherAdapter.java:68)
	at org.apache.maven.surefire.junitplatform.LauncherAdapter.execute(LauncherAdapter.java:54)
	at org.apache.maven.surefire.junitplatform.JUnitPlatformProvider.execute(JUnitPlatformProvider.java:203)
	at org.apache.maven.surefire.junitplatform.JUnitPlatformProvider.invokeAllTests(JUnitPlatformProvider.java:168)
	at org.apache.maven.surefire.junitplatform.JUnitPlatformProvider.invoke(JUnitPlatformProvider.java:136)
	at org.apache.maven.surefire.booter.ForkedBooter.runSuitesInProcess(ForkedBooter.java:385)
	at org.apache.maven.surefire.booter.ForkedBooter.execute(ForkedBooter.java:162)
	at org.apache.maven.surefire.booter.ForkedBooter.run(ForkedBooter.java:507)
	at org.apache.maven.surefire.booter.ForkedBooter.main(ForkedBooter.java:495)
Caused by: com.microsoft.sqlserver.jdbc.SQLServerException: 对象'PK__attendan__3213E83F505AAD30' 依赖于 列'id'。
	at com.microsoft.sqlserver.jdbc.SQLServerException.makeFromDatabaseError(SQLServerException.java:278)
	at com.microsoft.sqlserver.jdbc.SQLServerStatement.getNextResult(SQLServerStatement.java:1788)
	at com.microsoft.sqlserver.jdbc.SQLServerStatement.doExecuteStatement(SQLServerStatement.java:975)
	at com.microsoft.sqlserver.jdbc.SQLServerStatement$StmtExecCmd.doExecute(SQLServerStatement.java:869)
	at com.microsoft.sqlserver.jdbc.TDSCommand.execute(IOBuffer.java:7825)
	at com.microsoft.sqlserver.jdbc.SQLServerConnection.executeCommand(SQLServerConnection.java:4828)
	at com.microsoft.sqlserver.jdbc.SQLServerStatement.executeCommand(SQLServerStatement.java:321)
	at com.microsoft.sqlserver.jdbc.SQLServerStatement.executeStatement(SQLServerStatement.java:253)
	at com.microsoft.sqlserver.jdbc.SQLServerStatement.execute(SQLServerStatement.java:842)
	at com.zaxxer.hikari.pool.ProxyStatement.execute(ProxyStatement.java:95)
	at com.zaxxer.hikari.pool.HikariProxyStatement.execute(HikariProxyStatement.java)
	at org.hibernate.tool.schema.internal.exec.GenerationTargetToDatabase.accept(GenerationTargetToDatabase.java:76)
	... 129 common frames omitted
2026-06-09 12:53:13.299 [main] DEBUG org.hibernate.SQL - 
    alter table attendance 
       alter column student_status tinyint default 1
2026-06-09 12:53:13.299 [main] WARN  o.h.t.s.i.ExceptionHandlerLoggedImpl - GenerationTarget encountered exception accepting command : Error executing DDL "
    alter table attendance 
       alter column student_status tinyint default 1" via JDBC [关键字 'default' 附近有语法错误。]
org.hibernate.tool.schema.spi.CommandAcceptanceException: Error executing DDL "
    alter table attendance 
       alter column student_status tinyint default 1" via JDBC [关键字 'default' 附近有语法错误。]
	at org.hibernate.tool.schema.internal.exec.GenerationTargetToDatabase.accept(GenerationTargetToDatabase.java:81)
	at org.hibernate.tool.schema.internal.AbstractSchemaMigrator.applySqlString(AbstractSchemaMigrator.java:566)
	at org.hibernate.tool.schema.internal.AbstractSchemaMigrator.applySqlStrings(AbstractSchemaMigrator.java:506)
	at org.hibernate.tool.schema.internal.AbstractSchemaMigrator.migrateTable(AbstractSchemaMigrator.java:324)
	at org.hibernate.tool.schema.internal.GroupedSchemaMigratorImpl.performTablesMigration(GroupedSchemaMigratorImpl.java:84)
	at org.hibernate.tool.schema.internal.AbstractSchemaMigrator.performMigration(AbstractSchemaMigrator.java:220)
	at org.hibernate.tool.schema.internal.AbstractSchemaMigrator.doMigration(AbstractSchemaMigrator.java:96)
	at org.hibernate.tool.schema.spi.SchemaManagementToolCoordinator.performDatabaseAction(SchemaManagementToolCoordinator.java:269)
	at org.hibernate.tool.schema.spi.SchemaManagementToolCoordinator.lambda$process$1(SchemaManagementToolCoordinator.java:101)
	at java.base/java.util.HashMap.forEach(HashMap.java:1429)
	at org.hibernate.tool.schema.spi.SchemaManagementToolCoordinator.process(SchemaManagementToolCoordinator.java:100)
	at org.hibernate.boot.internal.SessionFactoryObserverForSchemaExport.sessionFactoryCreated(SessionFactoryObserverForSchemaExport.java:35)
	at org.hibernate.internal.SessionFactoryObserverChain.sessionFactoryCreated(SessionFactoryObserverChain.java:33)
	at org.hibernate.internal.SessionFactoryImpl.<init>(SessionFactoryImpl.java:323)
	at org.hibernate.internal.SessionFactoryRegistry.instantiateSessionFactory(SessionFactoryRegistry.java:64)
	at org.hibernate.boot.internal.SessionFactoryBuilderImpl.build(SessionFactoryBuilderImpl.java:437)
	at org.hibernate.jpa.boot.internal.EntityManagerFactoryBuilderImpl.build(EntityManagerFactoryBuilderImpl.java:1456)
	at org.springframework.orm.jpa.vendor.SpringHibernateJpaPersistenceProvider.createContainerEntityManagerFactory(SpringHibernateJpaPersistenceProvider.java:93)
	at org.springframework.orm.jpa.LocalContainerEntityManagerFactoryBean.createNativeEntityManagerFactory(LocalContainerEntityManagerFactoryBean.java:443)
	at org.springframework.orm.jpa.AbstractEntityManagerFactoryBean.buildNativeEntityManagerFactory(AbstractEntityManagerFactoryBean.java:436)
	at org.springframework.orm.jpa.AbstractEntityManagerFactoryBean.afterPropertiesSet(AbstractEntityManagerFactoryBean.java:411)
	at org.springframework.orm.jpa.LocalContainerEntityManagerFactoryBean.afterPropertiesSet(LocalContainerEntityManagerFactoryBean.java:419)
	at org.springframework.beans.factory.support.AbstractAutowireCapableBeanFactory.invokeInitMethods(AbstractAutowireCapableBeanFactory.java:1864)
	at org.springframework.beans.factory.support.AbstractAutowireCapableBeanFactory.initializeBean(AbstractAutowireCapableBeanFactory.java:1813)
	at org.springframework.beans.factory.support.AbstractAutowireCapableBeanFactory.doCreateBean(AbstractAutowireCapableBeanFactory.java:603)
	at org.springframework.beans.factory.support.AbstractAutowireCapableBeanFactory.createBean(AbstractAutowireCapableBeanFactory.java:525)
	at org.springframework.beans.factory.support.AbstractBeanFactory.lambda$doGetBean$0(AbstractBeanFactory.java:333)
	at org.springframework.beans.factory.support.DefaultSingletonBeanRegistry.getSingleton(DefaultSingletonBeanRegistry.java:371)
	at org.springframework.beans.factory.support.AbstractBeanFactory.doGetBean(AbstractBeanFactory.java:331)
	at org.springframework.beans.factory.support.AbstractBeanFactory.getBean(AbstractBeanFactory.java:201)
	at org.springframework.context.support.AbstractApplicationContext.finishBeanFactoryInitialization(AbstractApplicationContext.java:977)
	at org.springframework.context.support.AbstractApplicationContext.refresh(AbstractApplicationContext.java:621)
	at org.springframework.boot.SpringApplication.refresh(SpringApplication.java:756)
	at org.springframework.boot.SpringApplication.refreshContext(SpringApplication.java:445)
	at org.springframework.boot.SpringApplication.run(SpringApplication.java:321)
	at org.springframework.boot.test.context.SpringBootContextLoader.lambda$loadContext$2(SpringBootContextLoader.java:156)
	at org.springframework.util.function.ThrowingSupplier.get(ThrowingSupplier.java:58)
	at org.springframework.util.function.ThrowingSupplier.get(ThrowingSupplier.java:46)
	at org.springframework.boot.SpringApplication.withHook(SpringApplication.java:1465)
	at org.springframework.boot.test.context.SpringBootContextLoader$ContextLoaderHook.run(SpringBootContextLoader.java:605)
	at org.springframework.boot.test.context.SpringBootContextLoader.loadContext(SpringBootContextLoader.java:156)
	at org.springframework.boot.test.context.SpringBootContextLoader.loadContext(SpringBootContextLoader.java:115)
	at org.springframework.test.context.cache.DefaultCacheAwareContextLoaderDelegate.loadContextInternal(DefaultCacheAwareContextLoaderDelegate.java:247)
	at org.springframework.test.context.cache.DefaultCacheAwareContextLoaderDelegate.lambda$loadContext$0(DefaultCacheAwareContextLoaderDelegate.java:167)
	at org.springframework.test.context.cache.DefaultContextCache.put(DefaultContextCache.java:214)
	at org.springframework.test.context.cache.DefaultCacheAwareContextLoaderDelegate.loadContext(DefaultCacheAwareContextLoaderDelegate.java:160)
	at org.springframework.test.context.support.DefaultTestContext.getApplicationContext(DefaultTestContext.java:128)
	at org.springframework.test.context.web.ServletTestExecutionListener.setUpRequestContextIfNecessary(ServletTestExecutionListener.java:200)
	at org.springframework.test.context.web.ServletTestExecutionListener.prepareTestInstance(ServletTestExecutionListener.java:139)
	at org.springframework.test.context.TestContextManager.prepareTestInstance(TestContextManager.java:260)
	at org.springframework.test.context.junit.jupiter.SpringExtension.postProcessTestInstance(SpringExtension.java:210)
	at org.junit.jupiter.engine.descriptor.ClassBasedTestDescriptor.lambda$invokeTestInstancePostProcessors$1(ClassBasedTestDescriptor.java:423)
	at org.junit.jupiter.engine.descriptor.ClassBasedTestDescriptor.executeAndMaskThrowable(ClassBasedTestDescriptor.java:428)
	at org.junit.jupiter.engine.descriptor.ClassBasedTestDescriptor.lambda$invokeTestInstancePostProcessors$0(ClassBasedTestDescriptor.java:422)
	at java.base/java.util.stream.ForEachOps$ForEachOp$OfRef.accept(ForEachOps.java:184)
	at java.base/java.util.stream.ReferencePipeline$3$1.accept(ReferencePipeline.java:197)
	at java.base/java.util.stream.ReferencePipeline$2$1.accept(ReferencePipeline.java:179)
	at java.base/java.util.stream.ReferencePipeline$3$1.accept(ReferencePipeline.java:197)
	at java.base/java.util.ArrayList$ArrayListSpliterator.forEachRemaining(ArrayList.java:1708)
	at java.base/java.util.stream.AbstractPipeline.copyInto(AbstractPipeline.java:509)
	at java.base/java.util.stream.AbstractPipeline.wrapAndCopyInto(AbstractPipeline.java:499)
	at java.base/java.util.stream.ForEachOps$ForEachOp.evaluateSequential(ForEachOps.java:151)
	at java.base/java.util.stream.ForEachOps$ForEachOp$OfRef.evaluateSequential(ForEachOps.java:174)
	at java.base/java.util.stream.AbstractPipeline.evaluate(AbstractPipeline.java:234)
	at java.base/java.util.stream.ReferencePipeline.forEach(ReferencePipeline.java:596)
	at org.junit.jupiter.engine.descriptor.ClassBasedTestDescriptor.invokeTestInstancePostProcessors(ClassBasedTestDescriptor.java:422)
	at org.junit.jupiter.engine.descriptor.ClassBasedTestDescriptor.lambda$instantiateAndPostProcessTestInstance$0(ClassBasedTestDescriptor.java:334)
	at org.junit.platform.engine.support.hierarchical.ThrowableCollector.execute(ThrowableCollector.java:74)
	at org.junit.jupiter.engine.descriptor.ClassBasedTestDescriptor.instantiateAndPostProcessTestInstance(ClassBasedTestDescriptor.java:333)
	at org.junit.jupiter.engine.descriptor.ClassBasedTestDescriptor.lambda$testInstancesProvider$1(ClassBasedTestDescriptor.java:322)
	at java.base/java.util.Optional.orElseGet(Optional.java:364)
	at org.junit.jupiter.engine.descriptor.ClassBasedTestDescriptor.lambda$testInstancesProvider$0(ClassBasedTestDescriptor.java:321)
	at org.junit.jupiter.engine.execution.TestInstancesProvider.getTestInstances(TestInstancesProvider.java:27)
	at org.junit.jupiter.engine.descriptor.TestMethodTestDescriptor.lambda$prepare$0(TestMethodTestDescriptor.java:127)
	at org.junit.platform.engine.support.hierarchical.ThrowableCollector.execute(ThrowableCollector.java:74)
	at org.junit.jupiter.engine.descriptor.TestMethodTestDescriptor.prepare(TestMethodTestDescriptor.java:126)
	at org.junit.jupiter.engine.descriptor.TestMethodTestDescriptor.prepare(TestMethodTestDescriptor.java:70)
	at org.junit.platform.engine.support.hierarchical.NodeTestTask.lambda$prepare$0(NodeTestTask.java:144)
	at org.junit.platform.engine.support.hierarchical.ThrowableCollector.execute(ThrowableCollector.java:74)
	at org.junit.platform.engine.support.hierarchical.NodeTestTask.prepare(NodeTestTask.java:144)
	at org.junit.platform.engine.support.hierarchical.NodeTestTask.execute(NodeTestTask.java:110)
	at java.base/java.util.ArrayList.forEach(ArrayList.java:1596)
	at org.junit.platform.engine.support.hierarchical.SameThreadHierarchicalTestExecutorService.invokeAll(SameThreadHierarchicalTestExecutorService.java:42)
	at org.junit.platform.engine.support.hierarchical.NodeTestTask.lambda$executeRecursively$2(NodeTestTask.java:180)
	at org.junit.platform.engine.support.hierarchical.ThrowableCollector.execute(ThrowableCollector.java:74)
	at org.junit.platform.engine.support.hierarchical.NodeTestTask.lambda$executeRecursively$1(NodeTestTask.java:166)
	at org.junit.platform.engine.support.hierarchical.Node.around(Node.java:138)
	at org.junit.platform.engine.support.hierarchical.NodeTestTask.lambda$executeRecursively$0(NodeTestTask.java:164)
	at org.junit.platform.engine.support.hierarchical.ThrowableCollector.execute(ThrowableCollector.java:74)
	at org.junit.platform.engine.support.hierarchical.NodeTestTask.executeRecursively(NodeTestTask.java:163)
	at org.junit.platform.engine.support.hierarchical.NodeTestTask.execute(NodeTestTask.java:116)
	at java.base/java.util.ArrayList.forEach(ArrayList.java:1596)
	at org.junit.platform.engine.support.hierarchical.SameThreadHierarchicalTestExecutorService.invokeAll(SameThreadHierarchicalTestExecutorService.java:42)
	at org.junit.platform.engine.support.hierarchical.NodeTestTask.lambda$executeRecursively$2(NodeTestTask.java:180)
	at org.junit.platform.engine.support.hierarchical.ThrowableCollector.execute(ThrowableCollector.java:74)
	at org.junit.platform.engine.support.hierarchical.NodeTestTask.lambda$executeRecursively$1(NodeTestTask.java:166)
	at org.junit.platform.engine.support.hierarchical.Node.around(Node.java:138)
	at org.junit.platform.engine.support.hierarchical.NodeTestTask.lambda$executeRecursively$0(NodeTestTask.java:164)
	at org.junit.platform.engine.support.hierarchical.ThrowableCollector.execute(ThrowableCollector.java:74)
	at org.junit.platform.engine.support.hierarchical.NodeTestTask.executeRecursively(NodeTestTask.java:163)
	at org.junit.platform.engine.support.hierarchical.NodeTestTask.execute(NodeTestTask.java:116)
	at org.junit.platform.engine.support.hierarchical.SameThreadHierarchicalTestExecutorService.submit(SameThreadHierarchicalTestExecutorService.java:36)
	at org.junit.platform.engine.support.hierarchical.HierarchicalTestExecutor.execute(HierarchicalTestExecutor.java:52)
	at org.junit.platform.engine.support.hierarchical.HierarchicalTestEngine.execute(HierarchicalTestEngine.java:58)
	at org.junit.platform.launcher.core.EngineExecutionOrchestrator.executeEngine(EngineExecutionOrchestrator.java:246)
	at org.junit.platform.launcher.core.EngineExecutionOrchestrator.failOrExecuteEngine(EngineExecutionOrchestrator.java:218)
	at org.junit.platform.launcher.core.EngineExecutionOrchestrator.execute(EngineExecutionOrchestrator.java:179)
	at org.junit.platform.launcher.core.EngineExecutionOrchestrator.execute(EngineExecutionOrchestrator.java:108)
	at org.junit.platform.launcher.core.EngineExecutionOrchestrator.lambda$execute$0(EngineExecutionOrchestrator.java:66)
	at org.junit.platform.launcher.core.EngineExecutionOrchestrator.withInterceptedStreams(EngineExecutionOrchestrator.java:157)
	at org.junit.platform.launcher.core.EngineExecutionOrchestrator.execute(EngineExecutionOrchestrator.java:65)
	at org.junit.platform.launcher.core.DefaultLauncher.execute(DefaultLauncher.java:125)
	at org.junit.platform.launcher.core.DefaultLauncher.execute(DefaultLauncher.java:114)
	at org.junit.platform.launcher.core.DelegatingLauncher.execute(DelegatingLauncher.java:58)
	at org.junit.platform.launcher.core.InterceptingLauncher.lambda$execute$2(InterceptingLauncher.java:57)
	at org.junit.platform.launcher.core.ClasspathAlignmentCheckingLauncherInterceptor.intercept(ClasspathAlignmentCheckingLauncherInterceptor.java:25)
	at org.junit.platform.launcher.core.InterceptingLauncher.execute(InterceptingLauncher.java:56)
	at org.junit.platform.launcher.core.DelegatingLauncher.execute(DelegatingLauncher.java:58)
	at java.base/jdk.internal.reflect.DirectMethodHandleAccessor.invoke(DirectMethodHandleAccessor.java:103)
	at java.base/java.lang.reflect.Method.invoke(Method.java:580)
	at org.apache.maven.surefire.api.util.ReflectionUtils.invokeMethodWithArray(ReflectionUtils.java:125)
	at org.apache.maven.surefire.junitplatform.LauncherAdapter.executeWithCancellationToken(LauncherAdapter.java:68)
	at org.apache.maven.surefire.junitplatform.LauncherAdapter.execute(LauncherAdapter.java:54)
	at org.apache.maven.surefire.junitplatform.JUnitPlatformProvider.execute(JUnitPlatformProvider.java:203)
	at org.apache.maven.surefire.junitplatform.JUnitPlatformProvider.invokeAllTests(JUnitPlatformProvider.java:168)
	at org.apache.maven.surefire.junitplatform.JUnitPlatformProvider.invoke(JUnitPlatformProvider.java:136)
	at org.apache.maven.surefire.booter.ForkedBooter.runSuitesInProcess(ForkedBooter.java:385)
	at org.apache.maven.surefire.booter.ForkedBooter.execute(ForkedBooter.java:162)
	at org.apache.maven.surefire.booter.ForkedBooter.run(ForkedBooter.java:507)
	at org.apache.maven.surefire.booter.ForkedBooter.main(ForkedBooter.java:495)
Caused by: com.microsoft.sqlserver.jdbc.SQLServerException: 关键字 'default' 附近有语法错误。
	at com.microsoft.sqlserver.jdbc.SQLServerException.makeFromDatabaseError(SQLServerException.java:278)
	at com.microsoft.sqlserver.jdbc.SQLServerStatement.getNextResult(SQLServerStatement.java:1788)
	at com.microsoft.sqlserver.jdbc.SQLServerStatement.doExecuteStatement(SQLServerStatement.java:975)
	at com.microsoft.sqlserver.jdbc.SQLServerStatement$StmtExecCmd.doExecute(SQLServerStatement.java:869)
	at com.microsoft.sqlserver.jdbc.TDSCommand.execute(IOBuffer.java:7825)
	at com.microsoft.sqlserver.jdbc.SQLServerConnection.executeCommand(SQLServerConnection.java:4828)
	at com.microsoft.sqlserver.jdbc.SQLServerStatement.executeCommand(SQLServerStatement.java:321)
	at com.microsoft.sqlserver.jdbc.SQLServerStatement.executeStatement(SQLServerStatement.java:253)
	at com.microsoft.sqlserver.jdbc.SQLServerStatement.execute(SQLServerStatement.java:842)
	at com.zaxxer.hikari.pool.ProxyStatement.execute(ProxyStatement.java:95)
	at com.zaxxer.hikari.pool.HikariProxyStatement.execute(HikariProxyStatement.java)
	at org.hibernate.tool.schema.internal.exec.GenerationTargetToDatabase.accept(GenerationTargetToDatabase.java:76)
	... 129 common frames omitted
2026-06-09 12:53:13.308 [main] DEBUG org.hibernate.SQL - 
    alter table course_selection 
       alter column id bigint
2026-06-09 12:53:13.308 [main] WARN  o.h.t.s.i.ExceptionHandlerLoggedImpl - GenerationTarget encountered exception accepting command : Error executing DDL "
    alter table course_selection 
       alter column id bigint" via JDBC [对象'PK__course_s__3213E83FDFE3484D' 依赖于 列'id'。]
org.hibernate.tool.schema.spi.CommandAcceptanceException: Error executing DDL "
    alter table course_selection 
       alter column id bigint" via JDBC [对象'PK__course_s__3213E83FDFE3484D' 依赖于 列'id'。]
	at org.hibernate.tool.schema.internal.exec.GenerationTargetToDatabase.accept(GenerationTargetToDatabase.java:81)
	at org.hibernate.tool.schema.internal.AbstractSchemaMigrator.applySqlString(AbstractSchemaMigrator.java:566)
	at org.hibernate.tool.schema.internal.AbstractSchemaMigrator.applySqlStrings(AbstractSchemaMigrator.java:506)
	at org.hibernate.tool.schema.internal.AbstractSchemaMigrator.migrateTable(AbstractSchemaMigrator.java:324)
	at org.hibernate.tool.schema.internal.GroupedSchemaMigratorImpl.performTablesMigration(GroupedSchemaMigratorImpl.java:84)
	at org.hibernate.tool.schema.internal.AbstractSchemaMigrator.performMigration(AbstractSchemaMigrator.java:220)
	at org.hibernate.tool.schema.internal.AbstractSchemaMigrator.doMigration(AbstractSchemaMigrator.java:96)
	at org.hibernate.tool.schema.spi.SchemaManagementToolCoordinator.performDatabaseAction(SchemaManagementToolCoordinator.java:269)
	at org.hibernate.tool.schema.spi.SchemaManagementToolCoordinator.lambda$process$1(SchemaManagementToolCoordinator.java:101)
	at java.base/java.util.HashMap.forEach(HashMap.java:1429)
	at org.hibernate.tool.schema.spi.SchemaManagementToolCoordinator.process(SchemaManagementToolCoordinator.java:100)
	at org.hibernate.boot.internal.SessionFactoryObserverForSchemaExport.sessionFactoryCreated(SessionFactoryObserverForSchemaExport.java:35)
	at org.hibernate.internal.SessionFactoryObserverChain.sessionFactoryCreated(SessionFactoryObserverChain.java:33)
	at org.hibernate.internal.SessionFactoryImpl.<init>(SessionFactoryImpl.java:323)
	at org.hibernate.internal.SessionFactoryRegistry.instantiateSessionFactory(SessionFactoryRegistry.java:64)
	at org.hibernate.boot.internal.SessionFactoryBuilderImpl.build(SessionFactoryBuilderImpl.java:437)
	at org.hibernate.jpa.boot.internal.EntityManagerFactoryBuilderImpl.build(EntityManagerFactoryBuilderImpl.java:1456)
	at org.springframework.orm.jpa.vendor.SpringHibernateJpaPersistenceProvider.createContainerEntityManagerFactory(SpringHibernateJpaPersistenceProvider.java:93)
	at org.springframework.orm.jpa.LocalContainerEntityManagerFactoryBean.createNativeEntityManagerFactory(LocalContainerEntityManagerFactoryBean.java:443)
	at org.springframework.orm.jpa.AbstractEntityManagerFactoryBean.buildNativeEntityManagerFactory(AbstractEntityManagerFactoryBean.java:436)
	at org.springframework.orm.jpa.AbstractEntityManagerFactoryBean.afterPropertiesSet(AbstractEntityManagerFactoryBean.java:411)
	at org.springframework.orm.jpa.LocalContainerEntityManagerFactoryBean.afterPropertiesSet(LocalContainerEntityManagerFactoryBean.java:419)
	at org.springframework.beans.factory.support.AbstractAutowireCapableBeanFactory.invokeInitMethods(AbstractAutowireCapableBeanFactory.java:1864)
	at org.springframework.beans.factory.support.AbstractAutowireCapableBeanFactory.initializeBean(AbstractAutowireCapableBeanFactory.java:1813)
	at org.springframework.beans.factory.support.AbstractAutowireCapableBeanFactory.doCreateBean(AbstractAutowireCapableBeanFactory.java:603)
	at org.springframework.beans.factory.support.AbstractAutowireCapableBeanFactory.createBean(AbstractAutowireCapableBeanFactory.java:525)
	at org.springframework.beans.factory.support.AbstractBeanFactory.lambda$doGetBean$0(AbstractBeanFactory.java:333)
	at org.springframework.beans.factory.support.DefaultSingletonBeanRegistry.getSingleton(DefaultSingletonBeanRegistry.java:371)
	at org.springframework.beans.factory.support.AbstractBeanFactory.doGetBean(AbstractBeanFactory.java:331)
	at org.springframework.beans.factory.support.AbstractBeanFactory.getBean(AbstractBeanFactory.java:201)
	at org.springframework.context.support.AbstractApplicationContext.finishBeanFactoryInitialization(AbstractApplicationContext.java:977)
	at org.springframework.context.support.AbstractApplicationContext.refresh(AbstractApplicationContext.java:621)
	at org.springframework.boot.SpringApplication.refresh(SpringApplication.java:756)
	at org.springframework.boot.SpringApplication.refreshContext(SpringApplication.java:445)
	at org.springframework.boot.SpringApplication.run(SpringApplication.java:321)
	at org.springframework.boot.test.context.SpringBootContextLoader.lambda$loadContext$2(SpringBootContextLoader.java:156)
	at org.springframework.util.function.ThrowingSupplier.get(ThrowingSupplier.java:58)
	at org.springframework.util.function.ThrowingSupplier.get(ThrowingSupplier.java:46)
	at org.springframework.boot.SpringApplication.withHook(SpringApplication.java:1465)
	at org.springframework.boot.test.context.SpringBootContextLoader$ContextLoaderHook.run(SpringBootContextLoader.java:605)
	at org.springframework.boot.test.context.SpringBootContextLoader.loadContext(SpringBootContextLoader.java:156)
	at org.springframework.boot.test.context.SpringBootContextLoader.loadContext(SpringBootContextLoader.java:115)
	at org.springframework.test.context.cache.DefaultCacheAwareContextLoaderDelegate.loadContextInternal(DefaultCacheAwareContextLoaderDelegate.java:247)
	at org.springframework.test.context.cache.DefaultCacheAwareContextLoaderDelegate.lambda$loadContext$0(DefaultCacheAwareContextLoaderDelegate.java:167)
	at org.springframework.test.context.cache.DefaultContextCache.put(DefaultContextCache.java:214)
	at org.springframework.test.context.cache.DefaultCacheAwareContextLoaderDelegate.loadContext(DefaultCacheAwareContextLoaderDelegate.java:160)
	at org.springframework.test.context.support.DefaultTestContext.getApplicationContext(DefaultTestContext.java:128)
	at org.springframework.test.context.web.ServletTestExecutionListener.setUpRequestContextIfNecessary(ServletTestExecutionListener.java:200)
	at org.springframework.test.context.web.ServletTestExecutionListener.prepareTestInstance(ServletTestExecutionListener.java:139)
	at org.springframework.test.context.TestContextManager.prepareTestInstance(TestContextManager.java:260)
	at org.springframework.test.context.junit.jupiter.SpringExtension.postProcessTestInstance(SpringExtension.java:210)
	at org.junit.jupiter.engine.descriptor.ClassBasedTestDescriptor.lambda$invokeTestInstancePostProcessors$1(ClassBasedTestDescriptor.java:423)
	at org.junit.jupiter.engine.descriptor.ClassBasedTestDescriptor.executeAndMaskThrowable(ClassBasedTestDescriptor.java:428)
	at org.junit.jupiter.engine.descriptor.ClassBasedTestDescriptor.lambda$invokeTestInstancePostProcessors$0(ClassBasedTestDescriptor.java:422)
	at java.base/java.util.stream.ForEachOps$ForEachOp$OfRef.accept(ForEachOps.java:184)
	at java.base/java.util.stream.ReferencePipeline$3$1.accept(ReferencePipeline.java:197)
	at java.base/java.util.stream.ReferencePipeline$2$1.accept(ReferencePipeline.java:179)
	at java.base/java.util.stream.ReferencePipeline$3$1.accept(ReferencePipeline.java:197)
	at java.base/java.util.ArrayList$ArrayListSpliterator.forEachRemaining(ArrayList.java:1708)
	at java.base/java.util.stream.AbstractPipeline.copyInto(AbstractPipeline.java:509)
	at java.base/java.util.stream.AbstractPipeline.wrapAndCopyInto(AbstractPipeline.java:499)
	at java.base/java.util.stream.ForEachOps$ForEachOp.evaluateSequential(ForEachOps.java:151)
	at java.base/java.util.stream.ForEachOps$ForEachOp$OfRef.evaluateSequential(ForEachOps.java:174)
	at java.base/java.util.stream.AbstractPipeline.evaluate(AbstractPipeline.java:234)
	at java.base/java.util.stream.ReferencePipeline.forEach(ReferencePipeline.java:596)
	at org.junit.jupiter.engine.descriptor.ClassBasedTestDescriptor.invokeTestInstancePostProcessors(ClassBasedTestDescriptor.java:422)
	at org.junit.jupiter.engine.descriptor.ClassBasedTestDescriptor.lambda$instantiateAndPostProcessTestInstance$0(ClassBasedTestDescriptor.java:334)
	at org.junit.platform.engine.support.hierarchical.ThrowableCollector.execute(ThrowableCollector.java:74)
	at org.junit.jupiter.engine.descriptor.ClassBasedTestDescriptor.instantiateAndPostProcessTestInstance(ClassBasedTestDescriptor.java:333)
	at org.junit.jupiter.engine.descriptor.ClassBasedTestDescriptor.lambda$testInstancesProvider$1(ClassBasedTestDescriptor.java:322)
	at java.base/java.util.Optional.orElseGet(Optional.java:364)
	at org.junit.jupiter.engine.descriptor.ClassBasedTestDescriptor.lambda$testInstancesProvider$0(ClassBasedTestDescriptor.java:321)
	at org.junit.jupiter.engine.execution.TestInstancesProvider.getTestInstances(TestInstancesProvider.java:27)
	at org.junit.jupiter.engine.descriptor.TestMethodTestDescriptor.lambda$prepare$0(TestMethodTestDescriptor.java:127)
	at org.junit.platform.engine.support.hierarchical.ThrowableCollector.execute(ThrowableCollector.java:74)
	at org.junit.jupiter.engine.descriptor.TestMethodTestDescriptor.prepare(TestMethodTestDescriptor.java:126)
	at org.junit.jupiter.engine.descriptor.TestMethodTestDescriptor.prepare(TestMethodTestDescriptor.java:70)
	at org.junit.platform.engine.support.hierarchical.NodeTestTask.lambda$prepare$0(NodeTestTask.java:144)
	at org.junit.platform.engine.support.hierarchical.ThrowableCollector.execute(ThrowableCollector.java:74)
	at org.junit.platform.engine.support.hierarchical.NodeTestTask.prepare(NodeTestTask.java:144)
	at org.junit.platform.engine.support.hierarchical.NodeTestTask.execute(NodeTestTask.java:110)
	at java.base/java.util.ArrayList.forEach(ArrayList.java:1596)
	at org.junit.platform.engine.support.hierarchical.SameThreadHierarchicalTestExecutorService.invokeAll(SameThreadHierarchicalTestExecutorService.java:42)
	at org.junit.platform.engine.support.hierarchical.NodeTestTask.lambda$executeRecursively$2(NodeTestTask.java:180)
	at org.junit.platform.engine.support.hierarchical.ThrowableCollector.execute(ThrowableCollector.java:74)
	at org.junit.platform.engine.support.hierarchical.NodeTestTask.lambda$executeRecursively$1(NodeTestTask.java:166)
	at org.junit.platform.engine.support.hierarchical.Node.around(Node.java:138)
	at org.junit.platform.engine.support.hierarchical.NodeTestTask.lambda$executeRecursively$0(NodeTestTask.java:164)
	at org.junit.platform.engine.support.hierarchical.ThrowableCollector.execute(ThrowableCollector.java:74)
	at org.junit.platform.engine.support.hierarchical.NodeTestTask.executeRecursively(NodeTestTask.java:163)
	at org.junit.platform.engine.support.hierarchical.NodeTestTask.execute(NodeTestTask.java:116)
	at java.base/java.util.ArrayList.forEach(ArrayList.java:1596)
	at org.junit.platform.engine.support.hierarchical.SameThreadHierarchicalTestExecutorService.invokeAll(SameThreadHierarchicalTestExecutorService.java:42)
	at org.junit.platform.engine.support.hierarchical.NodeTestTask.lambda$executeRecursively$2(NodeTestTask.java:180)
	at org.junit.platform.engine.support.hierarchical.ThrowableCollector.execute(ThrowableCollector.java:74)
	at org.junit.platform.engine.support.hierarchical.NodeTestTask.lambda$executeRecursively$1(NodeTestTask.java:166)
	at org.junit.platform.engine.support.hierarchical.Node.around(Node.java:138)
	at org.junit.platform.engine.support.hierarchical.NodeTestTask.lambda$executeRecursively$0(NodeTestTask.java:164)
	at org.junit.platform.engine.support.hierarchical.ThrowableCollector.execute(ThrowableCollector.java:74)
	at org.junit.platform.engine.support.hierarchical.NodeTestTask.executeRecursively(NodeTestTask.java:163)
	at org.junit.platform.engine.support.hierarchical.NodeTestTask.execute(NodeTestTask.java:116)
	at org.junit.platform.engine.support.hierarchical.SameThreadHierarchicalTestExecutorService.submit(SameThreadHierarchicalTestExecutorService.java:36)
	at org.junit.platform.engine.support.hierarchical.HierarchicalTestExecutor.execute(HierarchicalTestExecutor.java:52)
	at org.junit.platform.engine.support.hierarchical.HierarchicalTestEngine.execute(HierarchicalTestEngine.java:58)
	at org.junit.platform.launcher.core.EngineExecutionOrchestrator.executeEngine(EngineExecutionOrchestrator.java:246)
	at org.junit.platform.launcher.core.EngineExecutionOrchestrator.failOrExecuteEngine(EngineExecutionOrchestrator.java:218)
	at org.junit.platform.launcher.core.EngineExecutionOrchestrator.execute(EngineExecutionOrchestrator.java:179)
	at org.junit.platform.launcher.core.EngineExecutionOrchestrator.execute(EngineExecutionOrchestrator.java:108)
	at org.junit.platform.launcher.core.EngineExecutionOrchestrator.lambda$execute$0(EngineExecutionOrchestrator.java:66)
	at org.junit.platform.launcher.core.EngineExecutionOrchestrator.withInterceptedStreams(EngineExecutionOrchestrator.java:157)
	at org.junit.platform.launcher.core.EngineExecutionOrchestrator.execute(EngineExecutionOrchestrator.java:65)
	at org.junit.platform.launcher.core.DefaultLauncher.execute(DefaultLauncher.java:125)
	at org.junit.platform.launcher.core.DefaultLauncher.execute(DefaultLauncher.java:114)
	at org.junit.platform.launcher.core.DelegatingLauncher.execute(DelegatingLauncher.java:58)
	at org.junit.platform.launcher.core.InterceptingLauncher.lambda$execute$2(InterceptingLauncher.java:57)
	at org.junit.platform.launcher.core.ClasspathAlignmentCheckingLauncherInterceptor.intercept(ClasspathAlignmentCheckingLauncherInterceptor.java:25)
	at org.junit.platform.launcher.core.InterceptingLauncher.execute(InterceptingLauncher.java:56)
	at org.junit.platform.launcher.core.DelegatingLauncher.execute(DelegatingLauncher.java:58)
	at java.base/jdk.internal.reflect.DirectMethodHandleAccessor.invoke(DirectMethodHandleAccessor.java:103)
	at java.base/java.lang.reflect.Method.invoke(Method.java:580)
	at org.apache.maven.surefire.api.util.ReflectionUtils.invokeMethodWithArray(ReflectionUtils.java:125)
	at org.apache.maven.surefire.junitplatform.LauncherAdapter.executeWithCancellationToken(LauncherAdapter.java:68)
	at org.apache.maven.surefire.junitplatform.LauncherAdapter.execute(LauncherAdapter.java:54)
	at org.apache.maven.surefire.junitplatform.JUnitPlatformProvider.execute(JUnitPlatformProvider.java:203)
	at org.apache.maven.surefire.junitplatform.JUnitPlatformProvider.invokeAllTests(JUnitPlatformProvider.java:168)
	at org.apache.maven.surefire.junitplatform.JUnitPlatformProvider.invoke(JUnitPlatformProvider.java:136)
	at org.apache.maven.surefire.booter.ForkedBooter.runSuitesInProcess(ForkedBooter.java:385)
	at org.apache.maven.surefire.booter.ForkedBooter.execute(ForkedBooter.java:162)
	at org.apache.maven.surefire.booter.ForkedBooter.run(ForkedBooter.java:507)
	at org.apache.maven.surefire.booter.ForkedBooter.main(ForkedBooter.java:495)
Caused by: com.microsoft.sqlserver.jdbc.SQLServerException: 对象'PK__course_s__3213E83FDFE3484D' 依赖于 列'id'。
	at com.microsoft.sqlserver.jdbc.SQLServerException.makeFromDatabaseError(SQLServerException.java:278)
	at com.microsoft.sqlserver.jdbc.SQLServerStatement.getNextResult(SQLServerStatement.java:1788)
	at com.microsoft.sqlserver.jdbc.SQLServerStatement.doExecuteStatement(SQLServerStatement.java:975)
	at com.microsoft.sqlserver.jdbc.SQLServerStatement$StmtExecCmd.doExecute(SQLServerStatement.java:869)
	at com.microsoft.sqlserver.jdbc.TDSCommand.execute(IOBuffer.java:7825)
	at com.microsoft.sqlserver.jdbc.SQLServerConnection.executeCommand(SQLServerConnection.java:4828)
	at com.microsoft.sqlserver.jdbc.SQLServerStatement.executeCommand(SQLServerStatement.java:321)
	at com.microsoft.sqlserver.jdbc.SQLServerStatement.executeStatement(SQLServerStatement.java:253)
	at com.microsoft.sqlserver.jdbc.SQLServerStatement.execute(SQLServerStatement.java:842)
	at com.zaxxer.hikari.pool.ProxyStatement.execute(ProxyStatement.java:95)
	at com.zaxxer.hikari.pool.HikariProxyStatement.execute(HikariProxyStatement.java)
	at org.hibernate.tool.schema.internal.exec.GenerationTargetToDatabase.accept(GenerationTargetToDatabase.java:76)
	... 129 common frames omitted
2026-06-09 12:53:13.313 [main] DEBUG org.hibernate.SQL - 
    alter table course_selection 
       alter column status tinyint default 1
2026-06-09 12:53:13.314 [main] WARN  o.h.t.s.i.ExceptionHandlerLoggedImpl - GenerationTarget encountered exception accepting command : Error executing DDL "
    alter table course_selection 
       alter column status tinyint default 1" via JDBC [关键字 'default' 附近有语法错误。]
org.hibernate.tool.schema.spi.CommandAcceptanceException: Error executing DDL "
    alter table course_selection 
       alter column status tinyint default 1" via JDBC [关键字 'default' 附近有语法错误。]
	at org.hibernate.tool.schema.internal.exec.GenerationTargetToDatabase.accept(GenerationTargetToDatabase.java:81)
	at org.hibernate.tool.schema.internal.AbstractSchemaMigrator.applySqlString(AbstractSchemaMigrator.java:566)
	at org.hibernate.tool.schema.internal.AbstractSchemaMigrator.applySqlStrings(AbstractSchemaMigrator.java:506)
	at org.hibernate.tool.schema.internal.AbstractSchemaMigrator.migrateTable(AbstractSchemaMigrator.java:324)
	at org.hibernate.tool.schema.internal.GroupedSchemaMigratorImpl.performTablesMigration(GroupedSchemaMigratorImpl.java:84)
	at org.hibernate.tool.schema.internal.AbstractSchemaMigrator.performMigration(AbstractSchemaMigrator.java:220)
	at org.hibernate.tool.schema.internal.AbstractSchemaMigrator.doMigration(AbstractSchemaMigrator.java:96)
	at org.hibernate.tool.schema.spi.SchemaManagementToolCoordinator.performDatabaseAction(SchemaManagementToolCoordinator.java:269)
	at org.hibernate.tool.schema.spi.SchemaManagementToolCoordinator.lambda$process$1(SchemaManagementToolCoordinator.java:101)
	at java.base/java.util.HashMap.forEach(HashMap.java:1429)
	at org.hibernate.tool.schema.spi.SchemaManagementToolCoordinator.process(SchemaManagementToolCoordinator.java:100)
	at org.hibernate.boot.internal.SessionFactoryObserverForSchemaExport.sessionFactoryCreated(SessionFactoryObserverForSchemaExport.java:35)
	at org.hibernate.internal.SessionFactoryObserverChain.sessionFactoryCreated(SessionFactoryObserverChain.java:33)
	at org.hibernate.internal.SessionFactoryImpl.<init>(SessionFactoryImpl.java:323)
	at org.hibernate.internal.SessionFactoryRegistry.instantiateSessionFactory(SessionFactoryRegistry.java:64)
	at org.hibernate.boot.internal.SessionFactoryBuilderImpl.build(SessionFactoryBuilderImpl.java:437)
	at org.hibernate.jpa.boot.internal.EntityManagerFactoryBuilderImpl.build(EntityManagerFactoryBuilderImpl.java:1456)
	at org.springframework.orm.jpa.vendor.SpringHibernateJpaPersistenceProvider.createContainerEntityManagerFactory(SpringHibernateJpaPersistenceProvider.java:93)
	at org.springframework.orm.jpa.LocalContainerEntityManagerFactoryBean.createNativeEntityManagerFactory(LocalContainerEntityManagerFactoryBean.java:443)
	at org.springframework.orm.jpa.AbstractEntityManagerFactoryBean.buildNativeEntityManagerFactory(AbstractEntityManagerFactoryBean.java:436)
	at org.springframework.orm.jpa.AbstractEntityManagerFactoryBean.afterPropertiesSet(AbstractEntityManagerFactoryBean.java:411)
	at org.springframework.orm.jpa.LocalContainerEntityManagerFactoryBean.afterPropertiesSet(LocalContainerEntityManagerFactoryBean.java:419)
	at org.springframework.beans.factory.support.AbstractAutowireCapableBeanFactory.invokeInitMethods(AbstractAutowireCapableBeanFactory.java:1864)
	at org.springframework.beans.factory.support.AbstractAutowireCapableBeanFactory.initializeBean(AbstractAutowireCapableBeanFactory.java:1813)
	at org.springframework.beans.factory.support.AbstractAutowireCapableBeanFactory.doCreateBean(AbstractAutowireCapableBeanFactory.java:603)
	at org.springframework.beans.factory.support.AbstractAutowireCapableBeanFactory.createBean(AbstractAutowireCapableBeanFactory.java:525)
	at org.springframework.beans.factory.support.AbstractBeanFactory.lambda$doGetBean$0(AbstractBeanFactory.java:333)
	at org.springframework.beans.factory.support.DefaultSingletonBeanRegistry.getSingleton(DefaultSingletonBeanRegistry.java:371)
	at org.springframework.beans.factory.support.AbstractBeanFactory.doGetBean(AbstractBeanFactory.java:331)
	at org.springframework.beans.factory.support.AbstractBeanFactory.getBean(AbstractBeanFactory.java:201)
	at org.springframework.context.support.AbstractApplicationContext.finishBeanFactoryInitialization(AbstractApplicationContext.java:977)
	at org.springframework.context.support.AbstractApplicationContext.refresh(AbstractApplicationContext.java:621)
	at org.springframework.boot.SpringApplication.refresh(SpringApplication.java:756)
	at org.springframework.boot.SpringApplication.refreshContext(SpringApplication.java:445)
	at org.springframework.boot.SpringApplication.run(SpringApplication.java:321)
	at org.springframework.boot.test.context.SpringBootContextLoader.lambda$loadContext$2(SpringBootContextLoader.java:156)
	at org.springframework.util.function.ThrowingSupplier.get(ThrowingSupplier.java:58)
	at org.springframework.util.function.ThrowingSupplier.get(ThrowingSupplier.java:46)
	at org.springframework.boot.SpringApplication.withHook(SpringApplication.java:1465)
	at org.springframework.boot.test.context.SpringBootContextLoader$ContextLoaderHook.run(SpringBootContextLoader.java:605)
	at org.springframework.boot.test.context.SpringBootContextLoader.loadContext(SpringBootContextLoader.java:156)
	at org.springframework.boot.test.context.SpringBootContextLoader.loadContext(SpringBootContextLoader.java:115)
	at org.springframework.test.context.cache.DefaultCacheAwareContextLoaderDelegate.loadContextInternal(DefaultCacheAwareContextLoaderDelegate.java:247)
	at org.springframework.test.context.cache.DefaultCacheAwareContextLoaderDelegate.lambda$loadContext$0(DefaultCacheAwareContextLoaderDelegate.java:167)
	at org.springframework.test.context.cache.DefaultContextCache.put(DefaultContextCache.java:214)
	at org.springframework.test.context.cache.DefaultCacheAwareContextLoaderDelegate.loadContext(DefaultCacheAwareContextLoaderDelegate.java:160)
	at org.springframework.test.context.support.DefaultTestContext.getApplicationContext(DefaultTestContext.java:128)
	at org.springframework.test.context.web.ServletTestExecutionListener.setUpRequestContextIfNecessary(ServletTestExecutionListener.java:200)
	at org.springframework.test.context.web.ServletTestExecutionListener.prepareTestInstance(ServletTestExecutionListener.java:139)
	at org.springframework.test.context.TestContextManager.prepareTestInstance(TestContextManager.java:260)
	at org.springframework.test.context.junit.jupiter.SpringExtension.postProcessTestInstance(SpringExtension.java:210)
	at org.junit.jupiter.engine.descriptor.ClassBasedTestDescriptor.lambda$invokeTestInstancePostProcessors$1(ClassBasedTestDescriptor.java:423)
	at org.junit.jupiter.engine.descriptor.ClassBasedTestDescriptor.executeAndMaskThrowable(ClassBasedTestDescriptor.java:428)
	at org.junit.jupiter.engine.descriptor.ClassBasedTestDescriptor.lambda$invokeTestInstancePostProcessors$0(ClassBasedTestDescriptor.java:422)
	at java.base/java.util.stream.ForEachOps$ForEachOp$OfRef.accept(ForEachOps.java:184)
	at java.base/java.util.stream.ReferencePipeline$3$1.accept(ReferencePipeline.java:197)
	at java.base/java.util.stream.ReferencePipeline$2$1.accept(ReferencePipeline.java:179)
	at java.base/java.util.stream.ReferencePipeline$3$1.accept(ReferencePipeline.java:197)
	at java.base/java.util.ArrayList$ArrayListSpliterator.forEachRemaining(ArrayList.java:1708)
	at java.base/java.util.stream.AbstractPipeline.copyInto(AbstractPipeline.java:509)
	at java.base/java.util.stream.AbstractPipeline.wrapAndCopyInto(AbstractPipeline.java:499)
	at java.base/java.util.stream.ForEachOps$ForEachOp.evaluateSequential(ForEachOps.java:151)
	at java.base/java.util.stream.ForEachOps$ForEachOp$OfRef.evaluateSequential(ForEachOps.java:174)
	at java.base/java.util.stream.AbstractPipeline.evaluate(AbstractPipeline.java:234)
	at java.base/java.util.stream.ReferencePipeline.forEach(ReferencePipeline.java:596)
	at org.junit.jupiter.engine.descriptor.ClassBasedTestDescriptor.invokeTestInstancePostProcessors(ClassBasedTestDescriptor.java:422)
	at org.junit.jupiter.engine.descriptor.ClassBasedTestDescriptor.lambda$instantiateAndPostProcessTestInstance$0(ClassBasedTestDescriptor.java:334)
	at org.junit.platform.engine.support.hierarchical.ThrowableCollector.execute(ThrowableCollector.java:74)
	at org.junit.jupiter.engine.descriptor.ClassBasedTestDescriptor.instantiateAndPostProcessTestInstance(ClassBasedTestDescriptor.java:333)
	at org.junit.jupiter.engine.descriptor.ClassBasedTestDescriptor.lambda$testInstancesProvider$1(ClassBasedTestDescriptor.java:322)
	at java.base/java.util.Optional.orElseGet(Optional.java:364)
	at org.junit.jupiter.engine.descriptor.ClassBasedTestDescriptor.lambda$testInstancesProvider$0(ClassBasedTestDescriptor.java:321)
	at org.junit.jupiter.engine.execution.TestInstancesProvider.getTestInstances(TestInstancesProvider.java:27)
	at org.junit.jupiter.engine.descriptor.TestMethodTestDescriptor.lambda$prepare$0(TestMethodTestDescriptor.java:127)
	at org.junit.platform.engine.support.hierarchical.ThrowableCollector.execute(ThrowableCollector.java:74)
	at org.junit.jupiter.engine.descriptor.TestMethodTestDescriptor.prepare(TestMethodTestDescriptor.java:126)
	at org.junit.jupiter.engine.descriptor.TestMethodTestDescriptor.prepare(TestMethodTestDescriptor.java:70)
	at org.junit.platform.engine.support.hierarchical.NodeTestTask.lambda$prepare$0(NodeTestTask.java:144)
	at org.junit.platform.engine.support.hierarchical.ThrowableCollector.execute(ThrowableCollector.java:74)
	at org.junit.platform.engine.support.hierarchical.NodeTestTask.prepare(NodeTestTask.java:144)
	at org.junit.platform.engine.support.hierarchical.NodeTestTask.execute(NodeTestTask.java:110)
	at java.base/java.util.ArrayList.forEach(ArrayList.java:1596)
	at org.junit.platform.engine.support.hierarchical.SameThreadHierarchicalTestExecutorService.invokeAll(SameThreadHierarchicalTestExecutorService.java:42)
	at org.junit.platform.engine.support.hierarchical.NodeTestTask.lambda$executeRecursively$2(NodeTestTask.java:180)
	at org.junit.platform.engine.support.hierarchical.ThrowableCollector.execute(ThrowableCollector.java:74)
	at org.junit.platform.engine.support.hierarchical.NodeTestTask.lambda$executeRecursively$1(NodeTestTask.java:166)
	at org.junit.platform.engine.support.hierarchical.Node.around(Node.java:138)
	at org.junit.platform.engine.support.hierarchical.NodeTestTask.lambda$executeRecursively$0(NodeTestTask.java:164)
	at org.junit.platform.engine.support.hierarchical.ThrowableCollector.execute(ThrowableCollector.java:74)
	at org.junit.platform.engine.support.hierarchical.NodeTestTask.executeRecursively(NodeTestTask.java:163)
	at org.junit.platform.engine.support.hierarchical.NodeTestTask.execute(NodeTestTask.java:116)
	at java.base/java.util.ArrayList.forEach(ArrayList.java:1596)
	at org.junit.platform.engine.support.hierarchical.SameThreadHierarchicalTestExecutorService.invokeAll(SameThreadHierarchicalTestExecutorService.java:42)
	at org.junit.platform.engine.support.hierarchical.NodeTestTask.lambda$executeRecursively$2(NodeTestTask.java:180)
	at org.junit.platform.engine.support.hierarchical.ThrowableCollector.execute(ThrowableCollector.java:74)
	at org.junit.platform.engine.support.hierarchical.NodeTestTask.lambda$executeRecursively$1(NodeTestTask.java:166)
	at org.junit.platform.engine.support.hierarchical.Node.around(Node.java:138)
	at org.junit.platform.engine.support.hierarchical.NodeTestTask.lambda$executeRecursively$0(NodeTestTask.java:164)
	at org.junit.platform.engine.support.hierarchical.ThrowableCollector.execute(ThrowableCollector.java:74)
	at org.junit.platform.engine.support.hierarchical.NodeTestTask.executeRecursively(NodeTestTask.java:163)
	at org.junit.platform.engine.support.hierarchical.NodeTestTask.execute(NodeTestTask.java:116)
	at org.junit.platform.engine.support.hierarchical.SameThreadHierarchicalTestExecutorService.submit(SameThreadHierarchicalTestExecutorService.java:36)
	at org.junit.platform.engine.support.hierarchical.HierarchicalTestExecutor.execute(HierarchicalTestExecutor.java:52)
	at org.junit.platform.engine.support.hierarchical.HierarchicalTestEngine.execute(HierarchicalTestEngine.java:58)
	at org.junit.platform.launcher.core.EngineExecutionOrchestrator.executeEngine(EngineExecutionOrchestrator.java:246)
	at org.junit.platform.launcher.core.EngineExecutionOrchestrator.failOrExecuteEngine(EngineExecutionOrchestrator.java:218)
	at org.junit.platform.launcher.core.EngineExecutionOrchestrator.execute(EngineExecutionOrchestrator.java:179)
	at org.junit.platform.launcher.core.EngineExecutionOrchestrator.execute(EngineExecutionOrchestrator.java:108)
	at org.junit.platform.launcher.core.EngineExecutionOrchestrator.lambda$execute$0(EngineExecutionOrchestrator.java:66)
	at org.junit.platform.launcher.core.EngineExecutionOrchestrator.withInterceptedStreams(EngineExecutionOrchestrator.java:157)
	at org.junit.platform.launcher.core.EngineExecutionOrchestrator.execute(EngineExecutionOrchestrator.java:65)
	at org.junit.platform.launcher.core.DefaultLauncher.execute(DefaultLauncher.java:125)
	at org.junit.platform.launcher.core.DefaultLauncher.execute(DefaultLauncher.java:114)
	at org.junit.platform.launcher.core.DelegatingLauncher.execute(DelegatingLauncher.java:58)
	at org.junit.platform.launcher.core.InterceptingLauncher.lambda$execute$2(InterceptingLauncher.java:57)
	at org.junit.platform.launcher.core.ClasspathAlignmentCheckingLauncherInterceptor.intercept(ClasspathAlignmentCheckingLauncherInterceptor.java:25)
	at org.junit.platform.launcher.core.InterceptingLauncher.execute(InterceptingLauncher.java:56)
	at org.junit.platform.launcher.core.DelegatingLauncher.execute(DelegatingLauncher.java:58)
	at java.base/jdk.internal.reflect.DirectMethodHandleAccessor.invoke(DirectMethodHandleAccessor.java:103)
	at java.base/java.lang.reflect.Method.invoke(Method.java:580)
	at org.apache.maven.surefire.api.util.ReflectionUtils.invokeMethodWithArray(ReflectionUtils.java:125)
	at org.apache.maven.surefire.junitplatform.LauncherAdapter.executeWithCancellationToken(LauncherAdapter.java:68)
	at org.apache.maven.surefire.junitplatform.LauncherAdapter.execute(LauncherAdapter.java:54)
	at org.apache.maven.surefire.junitplatform.JUnitPlatformProvider.execute(JUnitPlatformProvider.java:203)
	at org.apache.maven.surefire.junitplatform.JUnitPlatformProvider.invokeAllTests(JUnitPlatformProvider.java:168)
	at org.apache.maven.surefire.junitplatform.JUnitPlatformProvider.invoke(JUnitPlatformProvider.java:136)
	at org.apache.maven.surefire.booter.ForkedBooter.runSuitesInProcess(ForkedBooter.java:385)
	at org.apache.maven.surefire.booter.ForkedBooter.execute(ForkedBooter.java:162)
	at org.apache.maven.surefire.booter.ForkedBooter.run(ForkedBooter.java:507)
	at org.apache.maven.surefire.booter.ForkedBooter.main(ForkedBooter.java:495)
Caused by: com.microsoft.sqlserver.jdbc.SQLServerException: 关键字 'default' 附近有语法错误。
	at com.microsoft.sqlserver.jdbc.SQLServerException.makeFromDatabaseError(SQLServerException.java:278)
	at com.microsoft.sqlserver.jdbc.SQLServerStatement.getNextResult(SQLServerStatement.java:1788)
	at com.microsoft.sqlserver.jdbc.SQLServerStatement.doExecuteStatement(SQLServerStatement.java:975)
	at com.microsoft.sqlserver.jdbc.SQLServerStatement$StmtExecCmd.doExecute(SQLServerStatement.java:869)
	at com.microsoft.sqlserver.jdbc.TDSCommand.execute(IOBuffer.java:7825)
	at com.microsoft.sqlserver.jdbc.SQLServerConnection.executeCommand(SQLServerConnection.java:4828)
	at com.microsoft.sqlserver.jdbc.SQLServerStatement.executeCommand(SQLServerStatement.java:321)
	at com.microsoft.sqlserver.jdbc.SQLServerStatement.executeStatement(SQLServerStatement.java:253)
	at com.microsoft.sqlserver.jdbc.SQLServerStatement.execute(SQLServerStatement.java:842)
	at com.zaxxer.hikari.pool.ProxyStatement.execute(ProxyStatement.java:95)
	at com.zaxxer.hikari.pool.HikariProxyStatement.execute(HikariProxyStatement.java)
	at org.hibernate.tool.schema.internal.exec.GenerationTargetToDatabase.accept(GenerationTargetToDatabase.java:76)
	... 129 common frames omitted
2026-06-09 12:53:13.316 [main] INFO  o.s.o.j.LocalContainerEntityManagerFactoryBean - Initialized JPA EntityManagerFactory for persistence unit 'default'
2026-06-09 12:53:13.493 [main] INFO  o.s.d.j.r.q.QueryEnhancerFactories - Hibernate is in classpath; If applicable, HQL parser will be used.
2026-06-09 12:53:15.035 [main] WARN  o.s.b.j.a.JpaBaseConfiguration$JpaWebConfiguration - spring.jpa.open-in-view is enabled by default. Therefore, database queries may be performed during view rendering. Explicitly configure spring.jpa.open-in-view to disable this warning
2026-06-09 12:53:15.128 [main] INFO  o.s.s.c.a.a.c.InitializeUserDetailsBeanManagerConfigurer$InitializeUserDetailsManagerConfigurer - Global AuthenticationManager configured with UserDetailsService bean with name myUserDetailsServiceImpl
2026-06-09 12:53:15.360 [main] INFO  o.s.b.w.a.WelcomePageHandlerMapping - Adding welcome page template: index
2026-06-09 12:53:16.734 [main] INFO  o.s.cloud.commons.util.InetUtils - Cannot determine local hostname
2026-06-09 12:53:16.750 [main] INFO  c.e.a.AttendanceSystemApplicationTests - Started AttendanceSystemApplicationTests in 8.392 seconds (process running for 9.487)
2026-06-09 12:53:17.116 [SpringApplicationShutdownHook] INFO  o.s.o.j.LocalContainerEntityManagerFactoryBean - Closing JPA EntityManagerFactory for persistence unit 'default'
2026-06-09 12:53:17.129 [SpringApplicationShutdownHook] INFO  com.zaxxer.hikari.HikariDataSource - HikariPool-1 - Shutdown initiated...
2026-06-09 12:53:17.140 [SpringApplicationShutdownHook] INFO  com.zaxxer.hikari.HikariDataSource - HikariPool-1 - Shutdown completed.
2026-06-09 12:53:51.998 [main] INFO  c.e.a.AttendanceSystemApplication - Starting AttendanceSystemApplication using Java 21.0.2 with PID 5416 (D:\Java\springboot_pj\attendance-system\target\classes started by l in D:\Java\springboot_pj\attendance-system)
2026-06-09 12:53:51.998 [main] DEBUG c.e.a.AttendanceSystemApplication - Running with Spring Boot v4.0.3, Spring v7.0.5
2026-06-09 12:53:51.998 [main] INFO  c.e.a.AttendanceSystemApplication - No active profile set, falling back to 1 default profile: "default"
2026-06-09 12:53:52.416 [main] INFO  o.s.d.r.c.RepositoryConfigurationDelegate - Bootstrapping Spring Data JPA repositories in DEFAULT mode.
2026-06-09 12:53:52.462 [main] INFO  o.s.d.r.c.RepositoryConfigurationDelegate - Finished Spring Data repository scanning in 34 ms. Found 5 JPA repository interfaces.
2026-06-09 12:53:52.576 [main] INFO  o.s.cloud.context.scope.GenericScope - BeanFactory id=d6250731-036a-36ea-b8f9-8d612c972637
2026-06-09 12:53:52.763 [main] INFO  o.s.boot.tomcat.TomcatWebServer - Tomcat initialized with port 8080 (http)
2026-06-09 12:53:52.763 [main] INFO  o.a.coyote.http11.Http11NioProtocol - Initializing ProtocolHandler ["http-nio-0.0.0.0-8080"]
2026-06-09 12:53:52.763 [main] INFO  o.a.catalina.core.StandardService - Starting service [Tomcat]
2026-06-09 12:53:52.763 [main] INFO  o.a.catalina.core.StandardEngine - Starting Servlet engine: [Apache Tomcat/11.0.18]
2026-06-09 12:53:52.795 [main] INFO  o.s.b.w.c.s.WebApplicationContextInitializer - Root WebApplicationContext: initialization completed in 744 ms
2026-06-09 12:53:52.940 [main] INFO  org.hibernate.orm.jpa - HHH008540: Processing PersistenceUnitInfo [name: default]
2026-06-09 12:53:52.969 [main] INFO  org.hibernate.orm.core - HHH000001: Hibernate ORM core version 7.2.4.Final
2026-06-09 12:53:53.210 [main] INFO  o.s.o.j.p.SpringPersistenceUnitInfo - No LoadTimeWeaver setup: ignoring JPA class transformer
2026-06-09 12:53:53.228 [main] INFO  com.zaxxer.hikari.HikariDataSource - HikariPool-1 - Starting...
2026-06-09 12:53:53.690 [main] INFO  com.zaxxer.hikari.pool.HikariPool - HikariPool-1 - Added connection ConnectionID:1 ClientConnectionId: 5a64546c-78d3-4881-926b-b85d85c3f5b2
2026-06-09 12:53:53.691 [main] INFO  com.zaxxer.hikari.HikariDataSource - HikariPool-1 - Start completed.
2026-06-09 12:53:53.814 [main] WARN  org.hibernate.orm.deprecation - HHH90000025: SQLServerDialect does not need to be specified explicitly using 'hibernate.dialect' (remove the property setting and it will be selected by default)
2026-06-09 12:53:53.825 [main] INFO  o.hibernate.orm.connections.pooling - HHH10001005: Database info:
	Database JDBC URL [jdbc:sqlserver://localhost:1433;concatNullYieldsNull=ON;quotedIdentifier=ON;connectRetryInterval=10;connectRetryCount=1;maxResultBuffer=-1;sendTemporalDataTypesAsStringForBulkCopy=true;delayLoadingLobs=true;useFmtOnly=false;vectorTypeSupport=v1;cacheBulkCopyMetadata=false;bulkCopyForBatchInsertAllowEncryptedValueModifications=false;bulkCopyForBatchInsertTableLock=false;bulkCopyForBatchInsertKeepNulls=false;bulkCopyForBatchInsertKeepIdentity=false;bulkCopyForBatchInsertFireTriggers=false;bulkCopyForBatchInsertCheckConstraints=false;bulkCopyForBatchInsertBatchSize=0;useBulkCopyForBatchInsert=false;cancelQueryTimeout=-1;sslProtocol=TLS;calcBigDecimalPrecision=false;useDefaultJaasConfig=false;jaasConfigurationName=SQLJDBCDriver;statementPoolingCacheSize=0;serverPreparedStatementDiscardThreshold=10;enablePrepareOnFirstPreparedStatementCall=false;fips=false;socketTimeout=0;authentication=NotSpecified;authenticationScheme=nativeAuthentication;xopenStates=false;datetimeParameterType=datetime2;sendTimeAsDatetime=true;replication=false;trustStoreType=JKS;trustServerCertificate=true;TransparentNetworkIPResolution=true;iPAddressPreference=IPv4First;serverNameAsACE=false;sendStringParametersAsUnicode=true;selectMethod=direct;responseBuffering=adaptive;queryTimeout=-1;packetSize=8000;multiSubnetFailover=false;loginTimeout=30;lockTimeout=-1;lastUpdateCount=true;useDefaultGSSCredential=false;prepareMethod=prepexec;encrypt=false;disableStatementPooling=true;databaseName=attendance_system;columnEncryptionSetting=Disabled;applicationName=Microsoft JDBC Driver for SQL Server;applicationIntent=readwrite;]
	Database driver: Microsoft JDBC Driver 13.2 for SQL Server
	Database dialect: SQLServerDialect
	Database version: 17.0
	Default catalog/schema: attendance_system/dbo
	Autocommit mode: undefined/unknown
	Isolation level: READ_COMMITTED [default READ_COMMITTED]
	JDBC fetch size: 128
	Pool: DataSourceConnectionProvider
	Minimum pool size: undefined/unknown
	Maximum pool size: undefined/unknown
2026-06-09 12:53:54.351 [main] INFO  org.hibernate.orm.core - HHH000489: No JTA platform available (set 'hibernate.transaction.jta.platform' to enable JTA platform integration)
2026-06-09 12:53:55.026 [main] DEBUG org.hibernate.SQL - 
    alter table attendance 
       alter column id bigint
2026-06-09 12:53:55.030 [main] WARN  o.h.t.s.i.ExceptionHandlerLoggedImpl - GenerationTarget encountered exception accepting command : Error executing DDL "
    alter table attendance 
       alter column id bigint" via JDBC [对象'PK__attendan__3213E83F505AAD30' 依赖于 列'id'。]
org.hibernate.tool.schema.spi.CommandAcceptanceException: Error executing DDL "
    alter table attendance 
       alter column id bigint" via JDBC [对象'PK__attendan__3213E83F505AAD30' 依赖于 列'id'。]
	at org.hibernate.tool.schema.internal.exec.GenerationTargetToDatabase.accept(GenerationTargetToDatabase.java:81)
	at org.hibernate.tool.schema.internal.AbstractSchemaMigrator.applySqlString(AbstractSchemaMigrator.java:566)
	at org.hibernate.tool.schema.internal.AbstractSchemaMigrator.applySqlStrings(AbstractSchemaMigrator.java:506)
	at org.hibernate.tool.schema.internal.AbstractSchemaMigrator.migrateTable(AbstractSchemaMigrator.java:324)
	at org.hibernate.tool.schema.internal.GroupedSchemaMigratorImpl.performTablesMigration(GroupedSchemaMigratorImpl.java:84)
	at org.hibernate.tool.schema.internal.AbstractSchemaMigrator.performMigration(AbstractSchemaMigrator.java:220)
	at org.hibernate.tool.schema.internal.AbstractSchemaMigrator.doMigration(AbstractSchemaMigrator.java:96)
	at org.hibernate.tool.schema.spi.SchemaManagementToolCoordinator.performDatabaseAction(SchemaManagementToolCoordinator.java:269)
	at org.hibernate.tool.schema.spi.SchemaManagementToolCoordinator.lambda$process$1(SchemaManagementToolCoordinator.java:101)
	at java.base/java.util.HashMap.forEach(HashMap.java:1429)
	at org.hibernate.tool.schema.spi.SchemaManagementToolCoordinator.process(SchemaManagementToolCoordinator.java:100)
	at org.hibernate.boot.internal.SessionFactoryObserverForSchemaExport.sessionFactoryCreated(SessionFactoryObserverForSchemaExport.java:35)
	at org.hibernate.internal.SessionFactoryObserverChain.sessionFactoryCreated(SessionFactoryObserverChain.java:33)
	at org.hibernate.internal.SessionFactoryImpl.<init>(SessionFactoryImpl.java:323)
	at org.hibernate.internal.SessionFactoryRegistry.instantiateSessionFactory(SessionFactoryRegistry.java:64)
	at org.hibernate.boot.internal.SessionFactoryBuilderImpl.build(SessionFactoryBuilderImpl.java:437)
	at org.hibernate.jpa.boot.internal.EntityManagerFactoryBuilderImpl.build(EntityManagerFactoryBuilderImpl.java:1456)
	at org.springframework.orm.jpa.vendor.SpringHibernateJpaPersistenceProvider.createContainerEntityManagerFactory(SpringHibernateJpaPersistenceProvider.java:93)
	at org.springframework.orm.jpa.LocalContainerEntityManagerFactoryBean.createNativeEntityManagerFactory(LocalContainerEntityManagerFactoryBean.java:443)
	at org.springframework.orm.jpa.AbstractEntityManagerFactoryBean.buildNativeEntityManagerFactory(AbstractEntityManagerFactoryBean.java:436)
	at org.springframework.orm.jpa.AbstractEntityManagerFactoryBean.afterPropertiesSet(AbstractEntityManagerFactoryBean.java:411)
	at org.springframework.orm.jpa.LocalContainerEntityManagerFactoryBean.afterPropertiesSet(LocalContainerEntityManagerFactoryBean.java:419)
	at org.springframework.beans.factory.support.AbstractAutowireCapableBeanFactory.invokeInitMethods(AbstractAutowireCapableBeanFactory.java:1864)
	at org.springframework.beans.factory.support.AbstractAutowireCapableBeanFactory.initializeBean(AbstractAutowireCapableBeanFactory.java:1813)
	at org.springframework.beans.factory.support.AbstractAutowireCapableBeanFactory.doCreateBean(AbstractAutowireCapableBeanFactory.java:603)
	at org.springframework.beans.factory.support.AbstractAutowireCapableBeanFactory.createBean(AbstractAutowireCapableBeanFactory.java:525)
	at org.springframework.beans.factory.support.AbstractBeanFactory.lambda$doGetBean$0(AbstractBeanFactory.java:333)
	at org.springframework.beans.factory.support.DefaultSingletonBeanRegistry.getSingleton(DefaultSingletonBeanRegistry.java:371)
	at org.springframework.beans.factory.support.AbstractBeanFactory.doGetBean(AbstractBeanFactory.java:331)
	at org.springframework.beans.factory.support.AbstractBeanFactory.getBean(AbstractBeanFactory.java:201)
	at org.springframework.context.support.AbstractApplicationContext.finishBeanFactoryInitialization(AbstractApplicationContext.java:977)
	at org.springframework.context.support.AbstractApplicationContext.refresh(AbstractApplicationContext.java:621)
	at org.springframework.boot.web.server.servlet.context.ServletWebServerApplicationContext.refresh(ServletWebServerApplicationContext.java:143)
	at org.springframework.boot.SpringApplication.refresh(SpringApplication.java:756)
	at org.springframework.boot.SpringApplication.refreshContext(SpringApplication.java:445)
	at org.springframework.boot.SpringApplication.run(SpringApplication.java:321)
	at org.springframework.boot.SpringApplication.run(SpringApplication.java:1365)
	at org.springframework.boot.SpringApplication.run(SpringApplication.java:1354)
	at com.example.attendance.AttendanceSystemApplication.main(AttendanceSystemApplication.java:12)
Caused by: com.microsoft.sqlserver.jdbc.SQLServerException: 对象'PK__attendan__3213E83F505AAD30' 依赖于 列'id'。
	at com.microsoft.sqlserver.jdbc.SQLServerException.makeFromDatabaseError(SQLServerException.java:278)
	at com.microsoft.sqlserver.jdbc.SQLServerStatement.getNextResult(SQLServerStatement.java:1788)
	at com.microsoft.sqlserver.jdbc.SQLServerStatement.doExecuteStatement(SQLServerStatement.java:975)
	at com.microsoft.sqlserver.jdbc.SQLServerStatement$StmtExecCmd.doExecute(SQLServerStatement.java:869)
	at com.microsoft.sqlserver.jdbc.TDSCommand.execute(IOBuffer.java:7825)
	at com.microsoft.sqlserver.jdbc.SQLServerConnection.executeCommand(SQLServerConnection.java:4828)
	at com.microsoft.sqlserver.jdbc.SQLServerStatement.executeCommand(SQLServerStatement.java:321)
	at com.microsoft.sqlserver.jdbc.SQLServerStatement.executeStatement(SQLServerStatement.java:253)
	at com.microsoft.sqlserver.jdbc.SQLServerStatement.execute(SQLServerStatement.java:842)
	at com.zaxxer.hikari.pool.ProxyStatement.execute(ProxyStatement.java:95)
	at com.zaxxer.hikari.pool.HikariProxyStatement.execute(HikariProxyStatement.java)
	at org.hibernate.tool.schema.internal.exec.GenerationTargetToDatabase.accept(GenerationTargetToDatabase.java:76)
	... 38 common frames omitted
2026-06-09 12:53:55.032 [main] DEBUG org.hibernate.SQL - 
    alter table attendance 
       alter column student_status tinyint default 1
2026-06-09 12:53:55.033 [main] WARN  o.h.t.s.i.ExceptionHandlerLoggedImpl - GenerationTarget encountered exception accepting command : Error executing DDL "
    alter table attendance 
       alter column student_status tinyint default 1" via JDBC [关键字 'default' 附近有语法错误。]
org.hibernate.tool.schema.spi.CommandAcceptanceException: Error executing DDL "
    alter table attendance 
       alter column student_status tinyint default 1" via JDBC [关键字 'default' 附近有语法错误。]
	at org.hibernate.tool.schema.internal.exec.GenerationTargetToDatabase.accept(GenerationTargetToDatabase.java:81)
	at org.hibernate.tool.schema.internal.AbstractSchemaMigrator.applySqlString(AbstractSchemaMigrator.java:566)
	at org.hibernate.tool.schema.internal.AbstractSchemaMigrator.applySqlStrings(AbstractSchemaMigrator.java:506)
	at org.hibernate.tool.schema.internal.AbstractSchemaMigrator.migrateTable(AbstractSchemaMigrator.java:324)
	at org.hibernate.tool.schema.internal.GroupedSchemaMigratorImpl.performTablesMigration(GroupedSchemaMigratorImpl.java:84)
	at org.hibernate.tool.schema.internal.AbstractSchemaMigrator.performMigration(AbstractSchemaMigrator.java:220)
	at org.hibernate.tool.schema.internal.AbstractSchemaMigrator.doMigration(AbstractSchemaMigrator.java:96)
	at org.hibernate.tool.schema.spi.SchemaManagementToolCoordinator.performDatabaseAction(SchemaManagementToolCoordinator.java:269)
	at org.hibernate.tool.schema.spi.SchemaManagementToolCoordinator.lambda$process$1(SchemaManagementToolCoordinator.java:101)
	at java.base/java.util.HashMap.forEach(HashMap.java:1429)
	at org.hibernate.tool.schema.spi.SchemaManagementToolCoordinator.process(SchemaManagementToolCoordinator.java:100)
	at org.hibernate.boot.internal.SessionFactoryObserverForSchemaExport.sessionFactoryCreated(SessionFactoryObserverForSchemaExport.java:35)
	at org.hibernate.internal.SessionFactoryObserverChain.sessionFactoryCreated(SessionFactoryObserverChain.java:33)
	at org.hibernate.internal.SessionFactoryImpl.<init>(SessionFactoryImpl.java:323)
	at org.hibernate.internal.SessionFactoryRegistry.instantiateSessionFactory(SessionFactoryRegistry.java:64)
	at org.hibernate.boot.internal.SessionFactoryBuilderImpl.build(SessionFactoryBuilderImpl.java:437)
	at org.hibernate.jpa.boot.internal.EntityManagerFactoryBuilderImpl.build(EntityManagerFactoryBuilderImpl.java:1456)
	at org.springframework.orm.jpa.vendor.SpringHibernateJpaPersistenceProvider.createContainerEntityManagerFactory(SpringHibernateJpaPersistenceProvider.java:93)
	at org.springframework.orm.jpa.LocalContainerEntityManagerFactoryBean.createNativeEntityManagerFactory(LocalContainerEntityManagerFactoryBean.java:443)
	at org.springframework.orm.jpa.AbstractEntityManagerFactoryBean.buildNativeEntityManagerFactory(AbstractEntityManagerFactoryBean.java:436)
	at org.springframework.orm.jpa.AbstractEntityManagerFactoryBean.afterPropertiesSet(AbstractEntityManagerFactoryBean.java:411)
	at org.springframework.orm.jpa.LocalContainerEntityManagerFactoryBean.afterPropertiesSet(LocalContainerEntityManagerFactoryBean.java:419)
	at org.springframework.beans.factory.support.AbstractAutowireCapableBeanFactory.invokeInitMethods(AbstractAutowireCapableBeanFactory.java:1864)
	at org.springframework.beans.factory.support.AbstractAutowireCapableBeanFactory.initializeBean(AbstractAutowireCapableBeanFactory.java:1813)
	at org.springframework.beans.factory.support.AbstractAutowireCapableBeanFactory.doCreateBean(AbstractAutowireCapableBeanFactory.java:603)
	at org.springframework.beans.factory.support.AbstractAutowireCapableBeanFactory.createBean(AbstractAutowireCapableBeanFactory.java:525)
	at org.springframework.beans.factory.support.AbstractBeanFactory.lambda$doGetBean$0(AbstractBeanFactory.java:333)
	at org.springframework.beans.factory.support.DefaultSingletonBeanRegistry.getSingleton(DefaultSingletonBeanRegistry.java:371)
	at org.springframework.beans.factory.support.AbstractBeanFactory.doGetBean(AbstractBeanFactory.java:331)
	at org.springframework.beans.factory.support.AbstractBeanFactory.getBean(AbstractBeanFactory.java:201)
	at org.springframework.context.support.AbstractApplicationContext.finishBeanFactoryInitialization(AbstractApplicationContext.java:977)
	at org.springframework.context.support.AbstractApplicationContext.refresh(AbstractApplicationContext.java:621)
	at org.springframework.boot.web.server.servlet.context.ServletWebServerApplicationContext.refresh(ServletWebServerApplicationContext.java:143)
	at org.springframework.boot.SpringApplication.refresh(SpringApplication.java:756)
	at org.springframework.boot.SpringApplication.refreshContext(SpringApplication.java:445)
	at org.springframework.boot.SpringApplication.run(SpringApplication.java:321)
	at org.springframework.boot.SpringApplication.run(SpringApplication.java:1365)
	at org.springframework.boot.SpringApplication.run(SpringApplication.java:1354)
	at com.example.attendance.AttendanceSystemApplication.main(AttendanceSystemApplication.java:12)
Caused by: com.microsoft.sqlserver.jdbc.SQLServerException: 关键字 'default' 附近有语法错误。
	at com.microsoft.sqlserver.jdbc.SQLServerException.makeFromDatabaseError(SQLServerException.java:278)
	at com.microsoft.sqlserver.jdbc.SQLServerStatement.getNextResult(SQLServerStatement.java:1788)
	at com.microsoft.sqlserver.jdbc.SQLServerStatement.doExecuteStatement(SQLServerStatement.java:975)
	at com.microsoft.sqlserver.jdbc.SQLServerStatement$StmtExecCmd.doExecute(SQLServerStatement.java:869)
	at com.microsoft.sqlserver.jdbc.TDSCommand.execute(IOBuffer.java:7825)
	at com.microsoft.sqlserver.jdbc.SQLServerConnection.executeCommand(SQLServerConnection.java:4828)
	at com.microsoft.sqlserver.jdbc.SQLServerStatement.executeCommand(SQLServerStatement.java:321)
	at com.microsoft.sqlserver.jdbc.SQLServerStatement.executeStatement(SQLServerStatement.java:253)
	at com.microsoft.sqlserver.jdbc.SQLServerStatement.execute(SQLServerStatement.java:842)
	at com.zaxxer.hikari.pool.ProxyStatement.execute(ProxyStatement.java:95)
	at com.zaxxer.hikari.pool.HikariProxyStatement.execute(HikariProxyStatement.java)
	at org.hibernate.tool.schema.internal.exec.GenerationTargetToDatabase.accept(GenerationTargetToDatabase.java:76)
	... 38 common frames omitted
2026-06-09 12:53:55.033 [main] DEBUG org.hibernate.SQL - 
    alter table course_selection 
       alter column id bigint
2026-06-09 12:53:55.035 [main] WARN  o.h.t.s.i.ExceptionHandlerLoggedImpl - GenerationTarget encountered exception accepting command : Error executing DDL "
    alter table course_selection 
       alter column id bigint" via JDBC [对象'PK__course_s__3213E83FDFE3484D' 依赖于 列'id'。]
org.hibernate.tool.schema.spi.CommandAcceptanceException: Error executing DDL "
    alter table course_selection 
       alter column id bigint" via JDBC [对象'PK__course_s__3213E83FDFE3484D' 依赖于 列'id'。]
	at org.hibernate.tool.schema.internal.exec.GenerationTargetToDatabase.accept(GenerationTargetToDatabase.java:81)
	at org.hibernate.tool.schema.internal.AbstractSchemaMigrator.applySqlString(AbstractSchemaMigrator.java:566)
	at org.hibernate.tool.schema.internal.AbstractSchemaMigrator.applySqlStrings(AbstractSchemaMigrator.java:506)
	at org.hibernate.tool.schema.internal.AbstractSchemaMigrator.migrateTable(AbstractSchemaMigrator.java:324)
	at org.hibernate.tool.schema.internal.GroupedSchemaMigratorImpl.performTablesMigration(GroupedSchemaMigratorImpl.java:84)
	at org.hibernate.tool.schema.internal.AbstractSchemaMigrator.performMigration(AbstractSchemaMigrator.java:220)
	at org.hibernate.tool.schema.internal.AbstractSchemaMigrator.doMigration(AbstractSchemaMigrator.java:96)
	at org.hibernate.tool.schema.spi.SchemaManagementToolCoordinator.performDatabaseAction(SchemaManagementToolCoordinator.java:269)
	at org.hibernate.tool.schema.spi.SchemaManagementToolCoordinator.lambda$process$1(SchemaManagementToolCoordinator.java:101)
	at java.base/java.util.HashMap.forEach(HashMap.java:1429)
	at org.hibernate.tool.schema.spi.SchemaManagementToolCoordinator.process(SchemaManagementToolCoordinator.java:100)
	at org.hibernate.boot.internal.SessionFactoryObserverForSchemaExport.sessionFactoryCreated(SessionFactoryObserverForSchemaExport.java:35)
	at org.hibernate.internal.SessionFactoryObserverChain.sessionFactoryCreated(SessionFactoryObserverChain.java:33)
	at org.hibernate.internal.SessionFactoryImpl.<init>(SessionFactoryImpl.java:323)
	at org.hibernate.internal.SessionFactoryRegistry.instantiateSessionFactory(SessionFactoryRegistry.java:64)
	at org.hibernate.boot.internal.SessionFactoryBuilderImpl.build(SessionFactoryBuilderImpl.java:437)
	at org.hibernate.jpa.boot.internal.EntityManagerFactoryBuilderImpl.build(EntityManagerFactoryBuilderImpl.java:1456)
	at org.springframework.orm.jpa.vendor.SpringHibernateJpaPersistenceProvider.createContainerEntityManagerFactory(SpringHibernateJpaPersistenceProvider.java:93)
	at org.springframework.orm.jpa.LocalContainerEntityManagerFactoryBean.createNativeEntityManagerFactory(LocalContainerEntityManagerFactoryBean.java:443)
	at org.springframework.orm.jpa.AbstractEntityManagerFactoryBean.buildNativeEntityManagerFactory(AbstractEntityManagerFactoryBean.java:436)
	at org.springframework.orm.jpa.AbstractEntityManagerFactoryBean.afterPropertiesSet(AbstractEntityManagerFactoryBean.java:411)
	at org.springframework.orm.jpa.LocalContainerEntityManagerFactoryBean.afterPropertiesSet(LocalContainerEntityManagerFactoryBean.java:419)
	at org.springframework.beans.factory.support.AbstractAutowireCapableBeanFactory.invokeInitMethods(AbstractAutowireCapableBeanFactory.java:1864)
	at org.springframework.beans.factory.support.AbstractAutowireCapableBeanFactory.initializeBean(AbstractAutowireCapableBeanFactory.java:1813)
	at org.springframework.beans.factory.support.AbstractAutowireCapableBeanFactory.doCreateBean(AbstractAutowireCapableBeanFactory.java:603)
	at org.springframework.beans.factory.support.AbstractAutowireCapableBeanFactory.createBean(AbstractAutowireCapableBeanFactory.java:525)
	at org.springframework.beans.factory.support.AbstractBeanFactory.lambda$doGetBean$0(AbstractBeanFactory.java:333)
	at org.springframework.beans.factory.support.DefaultSingletonBeanRegistry.getSingleton(DefaultSingletonBeanRegistry.java:371)
	at org.springframework.beans.factory.support.AbstractBeanFactory.doGetBean(AbstractBeanFactory.java:331)
	at org.springframework.beans.factory.support.AbstractBeanFactory.getBean(AbstractBeanFactory.java:201)
	at org.springframework.context.support.AbstractApplicationContext.finishBeanFactoryInitialization(AbstractApplicationContext.java:977)
	at org.springframework.context.support.AbstractApplicationContext.refresh(AbstractApplicationContext.java:621)
	at org.springframework.boot.web.server.servlet.context.ServletWebServerApplicationContext.refresh(ServletWebServerApplicationContext.java:143)
	at org.springframework.boot.SpringApplication.refresh(SpringApplication.java:756)
	at org.springframework.boot.SpringApplication.refreshContext(SpringApplication.java:445)
	at org.springframework.boot.SpringApplication.run(SpringApplication.java:321)
	at org.springframework.boot.SpringApplication.run(SpringApplication.java:1365)
	at org.springframework.boot.SpringApplication.run(SpringApplication.java:1354)
	at com.example.attendance.AttendanceSystemApplication.main(AttendanceSystemApplication.java:12)
Caused by: com.microsoft.sqlserver.jdbc.SQLServerException: 对象'PK__course_s__3213E83FDFE3484D' 依赖于 列'id'。
	at com.microsoft.sqlserver.jdbc.SQLServerException.makeFromDatabaseError(SQLServerException.java:278)
	at com.microsoft.sqlserver.jdbc.SQLServerStatement.getNextResult(SQLServerStatement.java:1788)
	at com.microsoft.sqlserver.jdbc.SQLServerStatement.doExecuteStatement(SQLServerStatement.java:975)
	at com.microsoft.sqlserver.jdbc.SQLServerStatement$StmtExecCmd.doExecute(SQLServerStatement.java:869)
	at com.microsoft.sqlserver.jdbc.TDSCommand.execute(IOBuffer.java:7825)
	at com.microsoft.sqlserver.jdbc.SQLServerConnection.executeCommand(SQLServerConnection.java:4828)
	at com.microsoft.sqlserver.jdbc.SQLServerStatement.executeCommand(SQLServerStatement.java:321)
	at com.microsoft.sqlserver.jdbc.SQLServerStatement.executeStatement(SQLServerStatement.java:253)
	at com.microsoft.sqlserver.jdbc.SQLServerStatement.execute(SQLServerStatement.java:842)
	at com.zaxxer.hikari.pool.ProxyStatement.execute(ProxyStatement.java:95)
	at com.zaxxer.hikari.pool.HikariProxyStatement.execute(HikariProxyStatement.java)
	at org.hibernate.tool.schema.internal.exec.GenerationTargetToDatabase.accept(GenerationTargetToDatabase.java:76)
	... 38 common frames omitted
2026-06-09 12:53:55.035 [main] DEBUG org.hibernate.SQL - 
    alter table course_selection 
       alter column status tinyint default 1
2026-06-09 12:53:55.036 [main] WARN  o.h.t.s.i.ExceptionHandlerLoggedImpl - GenerationTarget encountered exception accepting command : Error executing DDL "
    alter table course_selection 
       alter column status tinyint default 1" via JDBC [关键字 'default' 附近有语法错误。]
org.hibernate.tool.schema.spi.CommandAcceptanceException: Error executing DDL "
    alter table course_selection 
       alter column status tinyint default 1" via JDBC [关键字 'default' 附近有语法错误。]
	at org.hibernate.tool.schema.internal.exec.GenerationTargetToDatabase.accept(GenerationTargetToDatabase.java:81)
	at org.hibernate.tool.schema.internal.AbstractSchemaMigrator.applySqlString(AbstractSchemaMigrator.java:566)
	at org.hibernate.tool.schema.internal.AbstractSchemaMigrator.applySqlStrings(AbstractSchemaMigrator.java:506)
	at org.hibernate.tool.schema.internal.AbstractSchemaMigrator.migrateTable(AbstractSchemaMigrator.java:324)
	at org.hibernate.tool.schema.internal.GroupedSchemaMigratorImpl.performTablesMigration(GroupedSchemaMigratorImpl.java:84)
	at org.hibernate.tool.schema.internal.AbstractSchemaMigrator.performMigration(AbstractSchemaMigrator.java:220)
	at org.hibernate.tool.schema.internal.AbstractSchemaMigrator.doMigration(AbstractSchemaMigrator.java:96)
	at org.hibernate.tool.schema.spi.SchemaManagementToolCoordinator.performDatabaseAction(SchemaManagementToolCoordinator.java:269)
	at org.hibernate.tool.schema.spi.SchemaManagementToolCoordinator.lambda$process$1(SchemaManagementToolCoordinator.java:101)
	at java.base/java.util.HashMap.forEach(HashMap.java:1429)
	at org.hibernate.tool.schema.spi.SchemaManagementToolCoordinator.process(SchemaManagementToolCoordinator.java:100)
	at org.hibernate.boot.internal.SessionFactoryObserverForSchemaExport.sessionFactoryCreated(SessionFactoryObserverForSchemaExport.java:35)
	at org.hibernate.internal.SessionFactoryObserverChain.sessionFactoryCreated(SessionFactoryObserverChain.java:33)
	at org.hibernate.internal.SessionFactoryImpl.<init>(SessionFactoryImpl.java:323)
	at org.hibernate.internal.SessionFactoryRegistry.instantiateSessionFactory(SessionFactoryRegistry.java:64)
	at org.hibernate.boot.internal.SessionFactoryBuilderImpl.build(SessionFactoryBuilderImpl.java:437)
	at org.hibernate.jpa.boot.internal.EntityManagerFactoryBuilderImpl.build(EntityManagerFactoryBuilderImpl.java:1456)
	at org.springframework.orm.jpa.vendor.SpringHibernateJpaPersistenceProvider.createContainerEntityManagerFactory(SpringHibernateJpaPersistenceProvider.java:93)
	at org.springframework.orm.jpa.LocalContainerEntityManagerFactoryBean.createNativeEntityManagerFactory(LocalContainerEntityManagerFactoryBean.java:443)
	at org.springframework.orm.jpa.AbstractEntityManagerFactoryBean.buildNativeEntityManagerFactory(AbstractEntityManagerFactoryBean.java:436)
	at org.springframework.orm.jpa.AbstractEntityManagerFactoryBean.afterPropertiesSet(AbstractEntityManagerFactoryBean.java:411)
	at org.springframework.orm.jpa.LocalContainerEntityManagerFactoryBean.afterPropertiesSet(LocalContainerEntityManagerFactoryBean.java:419)
	at org.springframework.beans.factory.support.AbstractAutowireCapableBeanFactory.invokeInitMethods(AbstractAutowireCapableBeanFactory.java:1864)
	at org.springframework.beans.factory.support.AbstractAutowireCapableBeanFactory.initializeBean(AbstractAutowireCapableBeanFactory.java:1813)
	at org.springframework.beans.factory.support.AbstractAutowireCapableBeanFactory.doCreateBean(AbstractAutowireCapableBeanFactory.java:603)
	at org.springframework.beans.factory.support.AbstractAutowireCapableBeanFactory.createBean(AbstractAutowireCapableBeanFactory.java:525)
	at org.springframework.beans.factory.support.AbstractBeanFactory.lambda$doGetBean$0(AbstractBeanFactory.java:333)
	at org.springframework.beans.factory.support.DefaultSingletonBeanRegistry.getSingleton(DefaultSingletonBeanRegistry.java:371)
	at org.springframework.beans.factory.support.AbstractBeanFactory.doGetBean(AbstractBeanFactory.java:331)
	at org.springframework.beans.factory.support.AbstractBeanFactory.getBean(AbstractBeanFactory.java:201)
	at org.springframework.context.support.AbstractApplicationContext.finishBeanFactoryInitialization(AbstractApplicationContext.java:977)
	at org.springframework.context.support.AbstractApplicationContext.refresh(AbstractApplicationContext.java:621)
	at org.springframework.boot.web.server.servlet.context.ServletWebServerApplicationContext.refresh(ServletWebServerApplicationContext.java:143)
	at org.springframework.boot.SpringApplication.refresh(SpringApplication.java:756)
	at org.springframework.boot.SpringApplication.refreshContext(SpringApplication.java:445)
	at org.springframework.boot.SpringApplication.run(SpringApplication.java:321)
	at org.springframework.boot.SpringApplication.run(SpringApplication.java:1365)
	at org.springframework.boot.SpringApplication.run(SpringApplication.java:1354)
	at com.example.attendance.AttendanceSystemApplication.main(AttendanceSystemApplication.java:12)
Caused by: com.microsoft.sqlserver.jdbc.SQLServerException: 关键字 'default' 附近有语法错误。
	at com.microsoft.sqlserver.jdbc.SQLServerException.makeFromDatabaseError(SQLServerException.java:278)
	at com.microsoft.sqlserver.jdbc.SQLServerStatement.getNextResult(SQLServerStatement.java:1788)
	at com.microsoft.sqlserver.jdbc.SQLServerStatement.doExecuteStatement(SQLServerStatement.java:975)
	at com.microsoft.sqlserver.jdbc.SQLServerStatement$StmtExecCmd.doExecute(SQLServerStatement.java:869)
	at com.microsoft.sqlserver.jdbc.TDSCommand.execute(IOBuffer.java:7825)
	at com.microsoft.sqlserver.jdbc.SQLServerConnection.executeCommand(SQLServerConnection.java:4828)
	at com.microsoft.sqlserver.jdbc.SQLServerStatement.executeCommand(SQLServerStatement.java:321)
	at com.microsoft.sqlserver.jdbc.SQLServerStatement.executeStatement(SQLServerStatement.java:253)
	at com.microsoft.sqlserver.jdbc.SQLServerStatement.execute(SQLServerStatement.java:842)
	at com.zaxxer.hikari.pool.ProxyStatement.execute(ProxyStatement.java:95)
	at com.zaxxer.hikari.pool.HikariProxyStatement.execute(HikariProxyStatement.java)
	at org.hibernate.tool.schema.internal.exec.GenerationTargetToDatabase.accept(GenerationTargetToDatabase.java:76)
	... 38 common frames omitted
2026-06-09 12:53:55.038 [main] INFO  o.s.o.j.LocalContainerEntityManagerFactoryBean - Initialized JPA EntityManagerFactory for persistence unit 'default'
2026-06-09 12:53:55.085 [main] INFO  o.s.d.j.r.q.QueryEnhancerFactories - Hibernate is in classpath; If applicable, HQL parser will be used.
2026-06-09 12:53:55.931 [main] WARN  o.s.b.j.a.JpaBaseConfiguration$JpaWebConfiguration - spring.jpa.open-in-view is enabled by default. Therefore, database queries may be performed during view rendering. Explicitly configure spring.jpa.open-in-view to disable this warning
2026-06-09 12:53:55.976 [main] INFO  o.s.s.c.a.a.c.InitializeUserDetailsBeanManagerConfigurer$InitializeUserDetailsManagerConfigurer - Global AuthenticationManager configured with UserDetailsService bean with name myUserDetailsServiceImpl
2026-06-09 12:53:56.076 [main] INFO  o.s.b.w.a.WelcomePageHandlerMapping - Adding welcome page template: index
2026-06-09 12:53:57.270 [main] INFO  o.s.cloud.commons.util.InetUtils - Cannot determine local hostname
2026-06-09 12:53:57.312 [main] INFO  o.a.coyote.http11.Http11NioProtocol - Starting ProtocolHandler ["http-nio-0.0.0.0-8080"]
2026-06-09 12:53:57.322 [main] INFO  o.s.boot.tomcat.TomcatWebServer - Tomcat started on port 8080 (http) with context path '/'
2026-06-09 12:53:58.345 [main] INFO  o.s.cloud.commons.util.InetUtils - Cannot determine local hostname
2026-06-09 12:53:58.356 [main] INFO  c.e.a.AttendanceSystemApplication - Started AttendanceSystemApplication in 7.729 seconds (process running for 8.323)
2026-06-09 12:58:28.349 [SpringApplicationShutdownHook] INFO  o.s.boot.tomcat.GracefulShutdown - Commencing graceful shutdown. Waiting for active requests to complete
2026-06-09 12:58:28.364 [tomcat-shutdown] INFO  o.s.boot.tomcat.GracefulShutdown - Graceful shutdown complete
2026-06-09 12:58:28.380 [SpringApplicationShutdownHook] INFO  o.s.o.j.LocalContainerEntityManagerFactoryBean - Closing JPA EntityManagerFactory for persistence unit 'default'
2026-06-09 12:58:28.380 [SpringApplicationShutdownHook] INFO  com.zaxxer.hikari.HikariDataSource - HikariPool-1 - Shutdown initiated...
2026-06-09 12:58:28.380 [SpringApplicationShutdownHook] INFO  com.zaxxer.hikari.HikariDataSource - HikariPool-1 - Shutdown completed.
2026-06-09 13:55:10.105 [main] INFO  c.e.a.AttendanceSystemApplication - Starting AttendanceSystemApplication using Java 21.0.2 with PID 30588 (D:\Java\springboot_pj\attendance-system\target\classes started by l in D:\Java\springboot_pj\attendance-system)
2026-06-09 13:55:10.106 [main] DEBUG c.e.a.AttendanceSystemApplication - Running with Spring Boot v4.0.3, Spring v7.0.5
2026-06-09 13:55:10.106 [main] INFO  c.e.a.AttendanceSystemApplication - No active profile set, falling back to 1 default profile: "default"
2026-06-09 13:55:10.467 [main] INFO  o.s.d.r.c.RepositoryConfigurationDelegate - Bootstrapping Spring Data JPA repositories in DEFAULT mode.
2026-06-09 13:55:10.502 [main] INFO  o.s.d.r.c.RepositoryConfigurationDelegate - Finished Spring Data repository scanning in 30 ms. Found 5 JPA repository interfaces.
2026-06-09 13:55:10.597 [main] INFO  o.s.cloud.context.scope.GenericScope - BeanFactory id=d6250731-036a-36ea-b8f9-8d612c972637
2026-06-09 13:55:10.773 [main] INFO  o.s.boot.tomcat.TomcatWebServer - Tomcat initialized with port 8080 (http)
2026-06-09 13:55:10.779 [main] INFO  o.a.coyote.http11.Http11NioProtocol - Initializing ProtocolHandler ["http-nio-0.0.0.0-8080"]
2026-06-09 13:55:10.780 [main] INFO  o.a.catalina.core.StandardService - Starting service [Tomcat]
2026-06-09 13:55:10.781 [main] INFO  o.a.catalina.core.StandardEngine - Starting Servlet engine: [Apache Tomcat/11.0.18]
2026-06-09 13:55:10.809 [main] INFO  o.s.b.w.c.s.WebApplicationContextInitializer - Root WebApplicationContext: initialization completed in 678 ms
2026-06-09 13:55:10.912 [main] INFO  org.hibernate.orm.jpa - HHH008540: Processing PersistenceUnitInfo [name: default]
2026-06-09 13:55:10.936 [main] INFO  org.hibernate.orm.core - HHH000001: Hibernate ORM core version 7.2.4.Final
2026-06-09 13:55:11.164 [main] INFO  o.s.o.j.p.SpringPersistenceUnitInfo - No LoadTimeWeaver setup: ignoring JPA class transformer
2026-06-09 13:55:11.181 [main] INFO  com.zaxxer.hikari.HikariDataSource - HikariPool-1 - Starting...
2026-06-09 13:55:11.664 [main] INFO  com.zaxxer.hikari.pool.HikariPool - HikariPool-1 - Added connection ConnectionID:1 ClientConnectionId: 58ff3d39-415b-4788-881f-72a418ff4554
2026-06-09 13:55:11.666 [main] INFO  com.zaxxer.hikari.HikariDataSource - HikariPool-1 - Start completed.
2026-06-09 13:55:11.813 [main] WARN  org.hibernate.orm.deprecation - HHH90000025: SQLServerDialect does not need to be specified explicitly using 'hibernate.dialect' (remove the property setting and it will be selected by default)
2026-06-09 13:55:11.826 [main] INFO  o.hibernate.orm.connections.pooling - HHH10001005: Database info:
	Database JDBC URL [jdbc:sqlserver://localhost:1433;concatNullYieldsNull=ON;quotedIdentifier=ON;connectRetryInterval=10;connectRetryCount=1;maxResultBuffer=-1;sendTemporalDataTypesAsStringForBulkCopy=true;delayLoadingLobs=true;useFmtOnly=false;vectorTypeSupport=v1;cacheBulkCopyMetadata=false;bulkCopyForBatchInsertAllowEncryptedValueModifications=false;bulkCopyForBatchInsertTableLock=false;bulkCopyForBatchInsertKeepNulls=false;bulkCopyForBatchInsertKeepIdentity=false;bulkCopyForBatchInsertFireTriggers=false;bulkCopyForBatchInsertCheckConstraints=false;bulkCopyForBatchInsertBatchSize=0;useBulkCopyForBatchInsert=false;cancelQueryTimeout=-1;sslProtocol=TLS;calcBigDecimalPrecision=false;useDefaultJaasConfig=false;jaasConfigurationName=SQLJDBCDriver;statementPoolingCacheSize=0;serverPreparedStatementDiscardThreshold=10;enablePrepareOnFirstPreparedStatementCall=false;fips=false;socketTimeout=0;authentication=NotSpecified;authenticationScheme=nativeAuthentication;xopenStates=false;datetimeParameterType=datetime2;sendTimeAsDatetime=true;replication=false;trustStoreType=JKS;trustServerCertificate=true;TransparentNetworkIPResolution=true;iPAddressPreference=IPv4First;serverNameAsACE=false;sendStringParametersAsUnicode=true;selectMethod=direct;responseBuffering=adaptive;queryTimeout=-1;packetSize=8000;multiSubnetFailover=false;loginTimeout=30;lockTimeout=-1;lastUpdateCount=true;useDefaultGSSCredential=false;prepareMethod=prepexec;encrypt=false;disableStatementPooling=true;databaseName=attendance_system;columnEncryptionSetting=Disabled;applicationName=Microsoft JDBC Driver for SQL Server;applicationIntent=readwrite;]
	Database driver: Microsoft JDBC Driver 13.2 for SQL Server
	Database dialect: SQLServerDialect
	Database version: 17.0
	Default catalog/schema: attendance_system/dbo
	Autocommit mode: undefined/unknown
	Isolation level: READ_COMMITTED [default READ_COMMITTED]
	JDBC fetch size: 128
	Pool: DataSourceConnectionProvider
	Minimum pool size: undefined/unknown
	Maximum pool size: undefined/unknown
2026-06-09 13:55:12.276 [main] INFO  org.hibernate.orm.core - HHH000489: No JTA platform available (set 'hibernate.transaction.jta.platform' to enable JTA platform integration)
2026-06-09 13:55:13.267 [main] DEBUG org.hibernate.SQL - 
    alter table attendance 
       alter column id bigint
2026-06-09 13:55:13.272 [main] WARN  o.h.t.s.i.ExceptionHandlerLoggedImpl - GenerationTarget encountered exception accepting command : Error executing DDL "
    alter table attendance 
       alter column id bigint" via JDBC [对象'PK__attendan__3213E83F505AAD30' 依赖于 列'id'。]
org.hibernate.tool.schema.spi.CommandAcceptanceException: Error executing DDL "
    alter table attendance 
       alter column id bigint" via JDBC [对象'PK__attendan__3213E83F505AAD30' 依赖于 列'id'。]
	at org.hibernate.tool.schema.internal.exec.GenerationTargetToDatabase.accept(GenerationTargetToDatabase.java:81)
	at org.hibernate.tool.schema.internal.AbstractSchemaMigrator.applySqlString(AbstractSchemaMigrator.java:566)
	at org.hibernate.tool.schema.internal.AbstractSchemaMigrator.applySqlStrings(AbstractSchemaMigrator.java:506)
	at org.hibernate.tool.schema.internal.AbstractSchemaMigrator.migrateTable(AbstractSchemaMigrator.java:324)
	at org.hibernate.tool.schema.internal.GroupedSchemaMigratorImpl.performTablesMigration(GroupedSchemaMigratorImpl.java:84)
	at org.hibernate.tool.schema.internal.AbstractSchemaMigrator.performMigration(AbstractSchemaMigrator.java:220)
	at org.hibernate.tool.schema.internal.AbstractSchemaMigrator.doMigration(AbstractSchemaMigrator.java:96)
	at org.hibernate.tool.schema.spi.SchemaManagementToolCoordinator.performDatabaseAction(SchemaManagementToolCoordinator.java:269)
	at org.hibernate.tool.schema.spi.SchemaManagementToolCoordinator.lambda$process$1(SchemaManagementToolCoordinator.java:101)
	at java.base/java.util.HashMap.forEach(HashMap.java:1429)
	at org.hibernate.tool.schema.spi.SchemaManagementToolCoordinator.process(SchemaManagementToolCoordinator.java:100)
	at org.hibernate.boot.internal.SessionFactoryObserverForSchemaExport.sessionFactoryCreated(SessionFactoryObserverForSchemaExport.java:35)
	at org.hibernate.internal.SessionFactoryObserverChain.sessionFactoryCreated(SessionFactoryObserverChain.java:33)
	at org.hibernate.internal.SessionFactoryImpl.<init>(SessionFactoryImpl.java:323)
	at org.hibernate.internal.SessionFactoryRegistry.instantiateSessionFactory(SessionFactoryRegistry.java:64)
	at org.hibernate.boot.internal.SessionFactoryBuilderImpl.build(SessionFactoryBuilderImpl.java:437)
	at org.hibernate.jpa.boot.internal.EntityManagerFactoryBuilderImpl.build(EntityManagerFactoryBuilderImpl.java:1456)
	at org.springframework.orm.jpa.vendor.SpringHibernateJpaPersistenceProvider.createContainerEntityManagerFactory(SpringHibernateJpaPersistenceProvider.java:93)
	at org.springframework.orm.jpa.LocalContainerEntityManagerFactoryBean.createNativeEntityManagerFactory(LocalContainerEntityManagerFactoryBean.java:443)
	at org.springframework.orm.jpa.AbstractEntityManagerFactoryBean.buildNativeEntityManagerFactory(AbstractEntityManagerFactoryBean.java:436)
	at org.springframework.orm.jpa.AbstractEntityManagerFactoryBean.afterPropertiesSet(AbstractEntityManagerFactoryBean.java:411)
	at org.springframework.orm.jpa.LocalContainerEntityManagerFactoryBean.afterPropertiesSet(LocalContainerEntityManagerFactoryBean.java:419)
	at org.springframework.beans.factory.support.AbstractAutowireCapableBeanFactory.invokeInitMethods(AbstractAutowireCapableBeanFactory.java:1864)
	at org.springframework.beans.factory.support.AbstractAutowireCapableBeanFactory.initializeBean(AbstractAutowireCapableBeanFactory.java:1813)
	at org.springframework.beans.factory.support.AbstractAutowireCapableBeanFactory.doCreateBean(AbstractAutowireCapableBeanFactory.java:603)
	at org.springframework.beans.factory.support.AbstractAutowireCapableBeanFactory.createBean(AbstractAutowireCapableBeanFactory.java:525)
	at org.springframework.beans.factory.support.AbstractBeanFactory.lambda$doGetBean$0(AbstractBeanFactory.java:333)
	at org.springframework.beans.factory.support.DefaultSingletonBeanRegistry.getSingleton(DefaultSingletonBeanRegistry.java:371)
	at org.springframework.beans.factory.support.AbstractBeanFactory.doGetBean(AbstractBeanFactory.java:331)
	at org.springframework.beans.factory.support.AbstractBeanFactory.getBean(AbstractBeanFactory.java:201)
	at org.springframework.context.support.AbstractApplicationContext.finishBeanFactoryInitialization(AbstractApplicationContext.java:977)
	at org.springframework.context.support.AbstractApplicationContext.refresh(AbstractApplicationContext.java:621)
	at org.springframework.boot.web.server.servlet.context.ServletWebServerApplicationContext.refresh(ServletWebServerApplicationContext.java:143)
	at org.springframework.boot.SpringApplication.refresh(SpringApplication.java:756)
	at org.springframework.boot.SpringApplication.refreshContext(SpringApplication.java:445)
	at org.springframework.boot.SpringApplication.run(SpringApplication.java:321)
	at org.springframework.boot.SpringApplication.run(SpringApplication.java:1365)
	at org.springframework.boot.SpringApplication.run(SpringApplication.java:1354)
	at com.example.attendance.AttendanceSystemApplication.main(AttendanceSystemApplication.java:12)
Caused by: com.microsoft.sqlserver.jdbc.SQLServerException: 对象'PK__attendan__3213E83F505AAD30' 依赖于 列'id'。
	at com.microsoft.sqlserver.jdbc.SQLServerException.makeFromDatabaseError(SQLServerException.java:278)
	at com.microsoft.sqlserver.jdbc.SQLServerStatement.getNextResult(SQLServerStatement.java:1788)
	at com.microsoft.sqlserver.jdbc.SQLServerStatement.doExecuteStatement(SQLServerStatement.java:975)
	at com.microsoft.sqlserver.jdbc.SQLServerStatement$StmtExecCmd.doExecute(SQLServerStatement.java:869)
	at com.microsoft.sqlserver.jdbc.TDSCommand.execute(IOBuffer.java:7825)
	at com.microsoft.sqlserver.jdbc.SQLServerConnection.executeCommand(SQLServerConnection.java:4828)
	at com.microsoft.sqlserver.jdbc.SQLServerStatement.executeCommand(SQLServerStatement.java:321)
	at com.microsoft.sqlserver.jdbc.SQLServerStatement.executeStatement(SQLServerStatement.java:253)
	at com.microsoft.sqlserver.jdbc.SQLServerStatement.execute(SQLServerStatement.java:842)
	at com.zaxxer.hikari.pool.ProxyStatement.execute(ProxyStatement.java:95)
	at com.zaxxer.hikari.pool.HikariProxyStatement.execute(HikariProxyStatement.java)
	at org.hibernate.tool.schema.internal.exec.GenerationTargetToDatabase.accept(GenerationTargetToDatabase.java:76)
	... 38 common frames omitted
2026-06-09 13:55:13.273 [main] DEBUG org.hibernate.SQL - 
    alter table attendance 
       alter column student_status tinyint default 1
2026-06-09 13:55:13.274 [main] WARN  o.h.t.s.i.ExceptionHandlerLoggedImpl - GenerationTarget encountered exception accepting command : Error executing DDL "
    alter table attendance 
       alter column student_status tinyint default 1" via JDBC [关键字 'default' 附近有语法错误。]
org.hibernate.tool.schema.spi.CommandAcceptanceException: Error executing DDL "
    alter table attendance 
       alter column student_status tinyint default 1" via JDBC [关键字 'default' 附近有语法错误。]
	at org.hibernate.tool.schema.internal.exec.GenerationTargetToDatabase.accept(GenerationTargetToDatabase.java:81)
	at org.hibernate.tool.schema.internal.AbstractSchemaMigrator.applySqlString(AbstractSchemaMigrator.java:566)
	at org.hibernate.tool.schema.internal.AbstractSchemaMigrator.applySqlStrings(AbstractSchemaMigrator.java:506)
	at org.hibernate.tool.schema.internal.AbstractSchemaMigrator.migrateTable(AbstractSchemaMigrator.java:324)
	at org.hibernate.tool.schema.internal.GroupedSchemaMigratorImpl.performTablesMigration(GroupedSchemaMigratorImpl.java:84)
	at org.hibernate.tool.schema.internal.AbstractSchemaMigrator.performMigration(AbstractSchemaMigrator.java:220)
	at org.hibernate.tool.schema.internal.AbstractSchemaMigrator.doMigration(AbstractSchemaMigrator.java:96)
	at org.hibernate.tool.schema.spi.SchemaManagementToolCoordinator.performDatabaseAction(SchemaManagementToolCoordinator.java:269)
	at org.hibernate.tool.schema.spi.SchemaManagementToolCoordinator.lambda$process$1(SchemaManagementToolCoordinator.java:101)
	at java.base/java.util.HashMap.forEach(HashMap.java:1429)
	at org.hibernate.tool.schema.spi.SchemaManagementToolCoordinator.process(SchemaManagementToolCoordinator.java:100)
	at org.hibernate.boot.internal.SessionFactoryObserverForSchemaExport.sessionFactoryCreated(SessionFactoryObserverForSchemaExport.java:35)
	at org.hibernate.internal.SessionFactoryObserverChain.sessionFactoryCreated(SessionFactoryObserverChain.java:33)
	at org.hibernate.internal.SessionFactoryImpl.<init>(SessionFactoryImpl.java:323)
	at org.hibernate.internal.SessionFactoryRegistry.instantiateSessionFactory(SessionFactoryRegistry.java:64)
	at org.hibernate.boot.internal.SessionFactoryBuilderImpl.build(SessionFactoryBuilderImpl.java:437)
	at org.hibernate.jpa.boot.internal.EntityManagerFactoryBuilderImpl.build(EntityManagerFactoryBuilderImpl.java:1456)
	at org.springframework.orm.jpa.vendor.SpringHibernateJpaPersistenceProvider.createContainerEntityManagerFactory(SpringHibernateJpaPersistenceProvider.java:93)
	at org.springframework.orm.jpa.LocalContainerEntityManagerFactoryBean.createNativeEntityManagerFactory(LocalContainerEntityManagerFactoryBean.java:443)
	at org.springframework.orm.jpa.AbstractEntityManagerFactoryBean.buildNativeEntityManagerFactory(AbstractEntityManagerFactoryBean.java:436)
	at org.springframework.orm.jpa.AbstractEntityManagerFactoryBean.afterPropertiesSet(AbstractEntityManagerFactoryBean.java:411)
	at org.springframework.orm.jpa.LocalContainerEntityManagerFactoryBean.afterPropertiesSet(LocalContainerEntityManagerFactoryBean.java:419)
	at org.springframework.beans.factory.support.AbstractAutowireCapableBeanFactory.invokeInitMethods(AbstractAutowireCapableBeanFactory.java:1864)
	at org.springframework.beans.factory.support.AbstractAutowireCapableBeanFactory.initializeBean(AbstractAutowireCapableBeanFactory.java:1813)
	at org.springframework.beans.factory.support.AbstractAutowireCapableBeanFactory.doCreateBean(AbstractAutowireCapableBeanFactory.java:603)
	at org.springframework.beans.factory.support.AbstractAutowireCapableBeanFactory.createBean(AbstractAutowireCapableBeanFactory.java:525)
	at org.springframework.beans.factory.support.AbstractBeanFactory.lambda$doGetBean$0(AbstractBeanFactory.java:333)
	at org.springframework.beans.factory.support.DefaultSingletonBeanRegistry.getSingleton(DefaultSingletonBeanRegistry.java:371)
	at org.springframework.beans.factory.support.AbstractBeanFactory.doGetBean(AbstractBeanFactory.java:331)
	at org.springframework.beans.factory.support.AbstractBeanFactory.getBean(AbstractBeanFactory.java:201)
	at org.springframework.context.support.AbstractApplicationContext.finishBeanFactoryInitialization(AbstractApplicationContext.java:977)
	at org.springframework.context.support.AbstractApplicationContext.refresh(AbstractApplicationContext.java:621)
	at org.springframework.boot.web.server.servlet.context.ServletWebServerApplicationContext.refresh(ServletWebServerApplicationContext.java:143)
	at org.springframework.boot.SpringApplication.refresh(SpringApplication.java:756)
	at org.springframework.boot.SpringApplication.refreshContext(SpringApplication.java:445)
	at org.springframework.boot.SpringApplication.run(SpringApplication.java:321)
	at org.springframework.boot.SpringApplication.run(SpringApplication.java:1365)
	at org.springframework.boot.SpringApplication.run(SpringApplication.java:1354)
	at com.example.attendance.AttendanceSystemApplication.main(AttendanceSystemApplication.java:12)
Caused by: com.microsoft.sqlserver.jdbc.SQLServerException: 关键字 'default' 附近有语法错误。
	at com.microsoft.sqlserver.jdbc.SQLServerException.makeFromDatabaseError(SQLServerException.java:278)
	at com.microsoft.sqlserver.jdbc.SQLServerStatement.getNextResult(SQLServerStatement.java:1788)
	at com.microsoft.sqlserver.jdbc.SQLServerStatement.doExecuteStatement(SQLServerStatement.java:975)
	at com.microsoft.sqlserver.jdbc.SQLServerStatement$StmtExecCmd.doExecute(SQLServerStatement.java:869)
	at com.microsoft.sqlserver.jdbc.TDSCommand.execute(IOBuffer.java:7825)
	at com.microsoft.sqlserver.jdbc.SQLServerConnection.executeCommand(SQLServerConnection.java:4828)
	at com.microsoft.sqlserver.jdbc.SQLServerStatement.executeCommand(SQLServerStatement.java:321)
	at com.microsoft.sqlserver.jdbc.SQLServerStatement.executeStatement(SQLServerStatement.java:253)
	at com.microsoft.sqlserver.jdbc.SQLServerStatement.execute(SQLServerStatement.java:842)
	at com.zaxxer.hikari.pool.ProxyStatement.execute(ProxyStatement.java:95)
	at com.zaxxer.hikari.pool.HikariProxyStatement.execute(HikariProxyStatement.java)
	at org.hibernate.tool.schema.internal.exec.GenerationTargetToDatabase.accept(GenerationTargetToDatabase.java:76)
	... 38 common frames omitted
2026-06-09 13:55:13.275 [main] DEBUG org.hibernate.SQL - 
    alter table course_selection 
       alter column id bigint
2026-06-09 13:55:13.276 [main] WARN  o.h.t.s.i.ExceptionHandlerLoggedImpl - GenerationTarget encountered exception accepting command : Error executing DDL "
    alter table course_selection 
       alter column id bigint" via JDBC [对象'PK__course_s__3213E83FDFE3484D' 依赖于 列'id'。]
org.hibernate.tool.schema.spi.CommandAcceptanceException: Error executing DDL "
    alter table course_selection 
       alter column id bigint" via JDBC [对象'PK__course_s__3213E83FDFE3484D' 依赖于 列'id'。]
	at org.hibernate.tool.schema.internal.exec.GenerationTargetToDatabase.accept(GenerationTargetToDatabase.java:81)
	at org.hibernate.tool.schema.internal.AbstractSchemaMigrator.applySqlString(AbstractSchemaMigrator.java:566)
	at org.hibernate.tool.schema.internal.AbstractSchemaMigrator.applySqlStrings(AbstractSchemaMigrator.java:506)
	at org.hibernate.tool.schema.internal.AbstractSchemaMigrator.migrateTable(AbstractSchemaMigrator.java:324)
	at org.hibernate.tool.schema.internal.GroupedSchemaMigratorImpl.performTablesMigration(GroupedSchemaMigratorImpl.java:84)
	at org.hibernate.tool.schema.internal.AbstractSchemaMigrator.performMigration(AbstractSchemaMigrator.java:220)
	at org.hibernate.tool.schema.internal.AbstractSchemaMigrator.doMigration(AbstractSchemaMigrator.java:96)
	at org.hibernate.tool.schema.spi.SchemaManagementToolCoordinator.performDatabaseAction(SchemaManagementToolCoordinator.java:269)
	at org.hibernate.tool.schema.spi.SchemaManagementToolCoordinator.lambda$process$1(SchemaManagementToolCoordinator.java:101)
	at java.base/java.util.HashMap.forEach(HashMap.java:1429)
	at org.hibernate.tool.schema.spi.SchemaManagementToolCoordinator.process(SchemaManagementToolCoordinator.java:100)
	at org.hibernate.boot.internal.SessionFactoryObserverForSchemaExport.sessionFactoryCreated(SessionFactoryObserverForSchemaExport.java:35)
	at org.hibernate.internal.SessionFactoryObserverChain.sessionFactoryCreated(SessionFactoryObserverChain.java:33)
	at org.hibernate.internal.SessionFactoryImpl.<init>(SessionFactoryImpl.java:323)
	at org.hibernate.internal.SessionFactoryRegistry.instantiateSessionFactory(SessionFactoryRegistry.java:64)
	at org.hibernate.boot.internal.SessionFactoryBuilderImpl.build(SessionFactoryBuilderImpl.java:437)
	at org.hibernate.jpa.boot.internal.EntityManagerFactoryBuilderImpl.build(EntityManagerFactoryBuilderImpl.java:1456)
	at org.springframework.orm.jpa.vendor.SpringHibernateJpaPersistenceProvider.createContainerEntityManagerFactory(SpringHibernateJpaPersistenceProvider.java:93)
	at org.springframework.orm.jpa.LocalContainerEntityManagerFactoryBean.createNativeEntityManagerFactory(LocalContainerEntityManagerFactoryBean.java:443)
	at org.springframework.orm.jpa.AbstractEntityManagerFactoryBean.buildNativeEntityManagerFactory(AbstractEntityManagerFactoryBean.java:436)
	at org.springframework.orm.jpa.AbstractEntityManagerFactoryBean.afterPropertiesSet(AbstractEntityManagerFactoryBean.java:411)
	at org.springframework.orm.jpa.LocalContainerEntityManagerFactoryBean.afterPropertiesSet(LocalContainerEntityManagerFactoryBean.java:419)
	at org.springframework.beans.factory.support.AbstractAutowireCapableBeanFactory.invokeInitMethods(AbstractAutowireCapableBeanFactory.java:1864)
	at org.springframework.beans.factory.support.AbstractAutowireCapableBeanFactory.initializeBean(AbstractAutowireCapableBeanFactory.java:1813)
	at org.springframework.beans.factory.support.AbstractAutowireCapableBeanFactory.doCreateBean(AbstractAutowireCapableBeanFactory.java:603)
	at org.springframework.beans.factory.support.AbstractAutowireCapableBeanFactory.createBean(AbstractAutowireCapableBeanFactory.java:525)
	at org.springframework.beans.factory.support.AbstractBeanFactory.lambda$doGetBean$0(AbstractBeanFactory.java:333)
	at org.springframework.beans.factory.support.DefaultSingletonBeanRegistry.getSingleton(DefaultSingletonBeanRegistry.java:371)
	at org.springframework.beans.factory.support.AbstractBeanFactory.doGetBean(AbstractBeanFactory.java:331)
	at org.springframework.beans.factory.support.AbstractBeanFactory.getBean(AbstractBeanFactory.java:201)
	at org.springframework.context.support.AbstractApplicationContext.finishBeanFactoryInitialization(AbstractApplicationContext.java:977)
	at org.springframework.context.support.AbstractApplicationContext.refresh(AbstractApplicationContext.java:621)
	at org.springframework.boot.web.server.servlet.context.ServletWebServerApplicationContext.refresh(ServletWebServerApplicationContext.java:143)
	at org.springframework.boot.SpringApplication.refresh(SpringApplication.java:756)
	at org.springframework.boot.SpringApplication.refreshContext(SpringApplication.java:445)
	at org.springframework.boot.SpringApplication.run(SpringApplication.java:321)
	at org.springframework.boot.SpringApplication.run(SpringApplication.java:1365)
	at org.springframework.boot.SpringApplication.run(SpringApplication.java:1354)
	at com.example.attendance.AttendanceSystemApplication.main(AttendanceSystemApplication.java:12)
Caused by: com.microsoft.sqlserver.jdbc.SQLServerException: 对象'PK__course_s__3213E83FDFE3484D' 依赖于 列'id'。
	at com.microsoft.sqlserver.jdbc.SQLServerException.makeFromDatabaseError(SQLServerException.java:278)
	at com.microsoft.sqlserver.jdbc.SQLServerStatement.getNextResult(SQLServerStatement.java:1788)
	at com.microsoft.sqlserver.jdbc.SQLServerStatement.doExecuteStatement(SQLServerStatement.java:975)
	at com.microsoft.sqlserver.jdbc.SQLServerStatement$StmtExecCmd.doExecute(SQLServerStatement.java:869)
	at com.microsoft.sqlserver.jdbc.TDSCommand.execute(IOBuffer.java:7825)
	at com.microsoft.sqlserver.jdbc.SQLServerConnection.executeCommand(SQLServerConnection.java:4828)
	at com.microsoft.sqlserver.jdbc.SQLServerStatement.executeCommand(SQLServerStatement.java:321)
	at com.microsoft.sqlserver.jdbc.SQLServerStatement.executeStatement(SQLServerStatement.java:253)
	at com.microsoft.sqlserver.jdbc.SQLServerStatement.execute(SQLServerStatement.java:842)
	at com.zaxxer.hikari.pool.ProxyStatement.execute(ProxyStatement.java:95)
	at com.zaxxer.hikari.pool.HikariProxyStatement.execute(HikariProxyStatement.java)
	at org.hibernate.tool.schema.internal.exec.GenerationTargetToDatabase.accept(GenerationTargetToDatabase.java:76)
	... 38 common frames omitted
2026-06-09 13:55:13.276 [main] DEBUG org.hibernate.SQL - 
    alter table course_selection 
       alter column status tinyint default 1
2026-06-09 13:55:13.277 [main] WARN  o.h.t.s.i.ExceptionHandlerLoggedImpl - GenerationTarget encountered exception accepting command : Error executing DDL "
    alter table course_selection 
       alter column status tinyint default 1" via JDBC [关键字 'default' 附近有语法错误。]
org.hibernate.tool.schema.spi.CommandAcceptanceException: Error executing DDL "
    alter table course_selection 
       alter column status tinyint default 1" via JDBC [关键字 'default' 附近有语法错误。]
	at org.hibernate.tool.schema.internal.exec.GenerationTargetToDatabase.accept(GenerationTargetToDatabase.java:81)
	at org.hibernate.tool.schema.internal.AbstractSchemaMigrator.applySqlString(AbstractSchemaMigrator.java:566)
	at org.hibernate.tool.schema.internal.AbstractSchemaMigrator.applySqlStrings(AbstractSchemaMigrator.java:506)
	at org.hibernate.tool.schema.internal.AbstractSchemaMigrator.migrateTable(AbstractSchemaMigrator.java:324)
	at org.hibernate.tool.schema.internal.GroupedSchemaMigratorImpl.performTablesMigration(GroupedSchemaMigratorImpl.java:84)
	at org.hibernate.tool.schema.internal.AbstractSchemaMigrator.performMigration(AbstractSchemaMigrator.java:220)
	at org.hibernate.tool.schema.internal.AbstractSchemaMigrator.doMigration(AbstractSchemaMigrator.java:96)
	at org.hibernate.tool.schema.spi.SchemaManagementToolCoordinator.performDatabaseAction(SchemaManagementToolCoordinator.java:269)
	at org.hibernate.tool.schema.spi.SchemaManagementToolCoordinator.lambda$process$1(SchemaManagementToolCoordinator.java:101)
	at java.base/java.util.HashMap.forEach(HashMap.java:1429)
	at org.hibernate.tool.schema.spi.SchemaManagementToolCoordinator.process(SchemaManagementToolCoordinator.java:100)
	at org.hibernate.boot.internal.SessionFactoryObserverForSchemaExport.sessionFactoryCreated(SessionFactoryObserverForSchemaExport.java:35)
	at org.hibernate.internal.SessionFactoryObserverChain.sessionFactoryCreated(SessionFactoryObserverChain.java:33)
	at org.hibernate.internal.SessionFactoryImpl.<init>(SessionFactoryImpl.java:323)
	at org.hibernate.internal.SessionFactoryRegistry.instantiateSessionFactory(SessionFactoryRegistry.java:64)
	at org.hibernate.boot.internal.SessionFactoryBuilderImpl.build(SessionFactoryBuilderImpl.java:437)
	at org.hibernate.jpa.boot.internal.EntityManagerFactoryBuilderImpl.build(EntityManagerFactoryBuilderImpl.java:1456)
	at org.springframework.orm.jpa.vendor.SpringHibernateJpaPersistenceProvider.createContainerEntityManagerFactory(SpringHibernateJpaPersistenceProvider.java:93)
	at org.springframework.orm.jpa.LocalContainerEntityManagerFactoryBean.createNativeEntityManagerFactory(LocalContainerEntityManagerFactoryBean.java:443)
	at org.springframework.orm.jpa.AbstractEntityManagerFactoryBean.buildNativeEntityManagerFactory(AbstractEntityManagerFactoryBean.java:436)
	at org.springframework.orm.jpa.AbstractEntityManagerFactoryBean.afterPropertiesSet(AbstractEntityManagerFactoryBean.java:411)
	at org.springframework.orm.jpa.LocalContainerEntityManagerFactoryBean.afterPropertiesSet(LocalContainerEntityManagerFactoryBean.java:419)
	at org.springframework.beans.factory.support.AbstractAutowireCapableBeanFactory.invokeInitMethods(AbstractAutowireCapableBeanFactory.java:1864)
	at org.springframework.beans.factory.support.AbstractAutowireCapableBeanFactory.initializeBean(AbstractAutowireCapableBeanFactory.java:1813)
	at org.springframework.beans.factory.support.AbstractAutowireCapableBeanFactory.doCreateBean(AbstractAutowireCapableBeanFactory.java:603)
	at org.springframework.beans.factory.support.AbstractAutowireCapableBeanFactory.createBean(AbstractAutowireCapableBeanFactory.java:525)
	at org.springframework.beans.factory.support.AbstractBeanFactory.lambda$doGetBean$0(AbstractBeanFactory.java:333)
	at org.springframework.beans.factory.support.DefaultSingletonBeanRegistry.getSingleton(DefaultSingletonBeanRegistry.java:371)
	at org.springframework.beans.factory.support.AbstractBeanFactory.doGetBean(AbstractBeanFactory.java:331)
	at org.springframework.beans.factory.support.AbstractBeanFactory.getBean(AbstractBeanFactory.java:201)
	at org.springframework.context.support.AbstractApplicationContext.finishBeanFactoryInitialization(AbstractApplicationContext.java:977)
	at org.springframework.context.support.AbstractApplicationContext.refresh(AbstractApplicationContext.java:621)
	at org.springframework.boot.web.server.servlet.context.ServletWebServerApplicationContext.refresh(ServletWebServerApplicationContext.java:143)
	at org.springframework.boot.SpringApplication.refresh(SpringApplication.java:756)
	at org.springframework.boot.SpringApplication.refreshContext(SpringApplication.java:445)
	at org.springframework.boot.SpringApplication.run(SpringApplication.java:321)
	at org.springframework.boot.SpringApplication.run(SpringApplication.java:1365)
	at org.springframework.boot.SpringApplication.run(SpringApplication.java:1354)
	at com.example.attendance.AttendanceSystemApplication.main(AttendanceSystemApplication.java:12)
Caused by: com.microsoft.sqlserver.jdbc.SQLServerException: 关键字 'default' 附近有语法错误。
	at com.microsoft.sqlserver.jdbc.SQLServerException.makeFromDatabaseError(SQLServerException.java:278)
	at com.microsoft.sqlserver.jdbc.SQLServerStatement.getNextResult(SQLServerStatement.java:1788)
	at com.microsoft.sqlserver.jdbc.SQLServerStatement.doExecuteStatement(SQLServerStatement.java:975)
	at com.microsoft.sqlserver.jdbc.SQLServerStatement$StmtExecCmd.doExecute(SQLServerStatement.java:869)
	at com.microsoft.sqlserver.jdbc.TDSCommand.execute(IOBuffer.java:7825)
	at com.microsoft.sqlserver.jdbc.SQLServerConnection.executeCommand(SQLServerConnection.java:4828)
	at com.microsoft.sqlserver.jdbc.SQLServerStatement.executeCommand(SQLServerStatement.java:321)
	at com.microsoft.sqlserver.jdbc.SQLServerStatement.executeStatement(SQLServerStatement.java:253)
	at com.microsoft.sqlserver.jdbc.SQLServerStatement.execute(SQLServerStatement.java:842)
	at com.zaxxer.hikari.pool.ProxyStatement.execute(ProxyStatement.java:95)
	at com.zaxxer.hikari.pool.HikariProxyStatement.execute(HikariProxyStatement.java)
	at org.hibernate.tool.schema.internal.exec.GenerationTargetToDatabase.accept(GenerationTargetToDatabase.java:76)
	... 38 common frames omitted
2026-06-09 13:55:13.279 [main] INFO  o.s.o.j.LocalContainerEntityManagerFactoryBean - Initialized JPA EntityManagerFactory for persistence unit 'default'
2026-06-09 13:55:13.319 [main] INFO  o.s.d.j.r.q.QueryEnhancerFactories - Hibernate is in classpath; If applicable, HQL parser will be used.
2026-06-09 13:55:14.155 [main] WARN  o.s.b.j.a.JpaBaseConfiguration$JpaWebConfiguration - spring.jpa.open-in-view is enabled by default. Therefore, database queries may be performed during view rendering. Explicitly configure spring.jpa.open-in-view to disable this warning
2026-06-09 13:55:14.192 [main] INFO  o.s.s.c.a.a.c.InitializeUserDetailsBeanManagerConfigurer$InitializeUserDetailsManagerConfigurer - Global AuthenticationManager configured with UserDetailsService bean with name myUserDetailsServiceImpl
2026-06-09 13:55:14.285 [main] INFO  o.s.b.w.a.WelcomePageHandlerMapping - Adding welcome page template: index
2026-06-09 13:55:15.471 [main] INFO  o.s.cloud.commons.util.InetUtils - Cannot determine local hostname
2026-06-09 13:55:15.503 [main] INFO  o.a.coyote.http11.Http11NioProtocol - Starting ProtocolHandler ["http-nio-0.0.0.0-8080"]
2026-06-09 13:55:15.513 [main] INFO  o.s.boot.tomcat.TomcatWebServer - Tomcat started on port 8080 (http) with context path '/'
2026-06-09 13:55:16.524 [main] INFO  o.s.cloud.commons.util.InetUtils - Cannot determine local hostname
2026-06-09 13:55:16.528 [main] INFO  c.e.a.AttendanceSystemApplication - Started AttendanceSystemApplication in 7.728 seconds (process running for 8.257)
2026-06-09 13:55:16.894 [http-nio-0.0.0.0-8080-exec-1] INFO  o.a.c.c.C.[Tomcat].[localhost].[/] - Initializing Spring DispatcherServlet 'dispatcherServlet'
2026-06-09 13:55:16.894 [http-nio-0.0.0.0-8080-exec-1] INFO  o.s.web.servlet.DispatcherServlet - Initializing Servlet 'dispatcherServlet'
2026-06-09 13:55:16.896 [http-nio-0.0.0.0-8080-exec-1] INFO  o.s.web.servlet.DispatcherServlet - Completed initialization in 1 ms
2026-06-09 13:58:08.165 [http-nio-0.0.0.0-8080-exec-5] DEBUG org.hibernate.SQL - 
    select
        top (?) u1_0.id 
    from
        my_user u1_0 
    where
        u1_0.username=?
2026-06-09 13:58:08.471 [http-nio-0.0.0.0-8080-exec-5] DEBUG org.hibernate.SQL - 
    insert 
    into
        my_user
        (class_name, create_time, gender, real_name, username, userpassword, userrole) 
    values
        (?, ?, ?, ?, ?, ?, ?)
2026-06-09 13:58:18.482 [http-nio-0.0.0.0-8080-exec-9] DEBUG org.hibernate.SQL - 
    select
        u1_0.id,
        u1_0.class_name,
        u1_0.create_time,
        u1_0.gender,
        u1_0.real_name,
        u1_0.username,
        u1_0.userpassword,
        u1_0.userrole 
    from
        my_user u1_0 
    where
        u1_0.username=?
2026-06-09 13:58:20.311 [http-nio-0.0.0.0-8080-exec-10] DEBUG org.hibernate.SQL - 
    select
        u1_0.id,
        u1_0.class_name,
        u1_0.create_time,
        u1_0.gender,
        u1_0.real_name,
        u1_0.username,
        u1_0.userpassword,
        u1_0.userrole 
    from
        my_user u1_0 
    where
        u1_0.username=?
2026-06-09 13:58:20.319 [http-nio-0.0.0.0-8080-exec-10] DEBUG org.hibernate.SQL - 
    select
        c1_0.id,
        c1_0.class_name,
        c1_0.course_id,
        c1_0.course_name,
        c1_0.create_time,
        c1_0.location,
        c1_0.teacher_id,
        c1_0.teacher_name,
        c1_0.time_slot,
        c1_0.week_day 
    from
        course c1_0 
    where
        c1_0.teacher_id=?
2026-06-09 13:58:26.861 [http-nio-0.0.0.0-8080-exec-1] DEBUG c.e.a.s.impl.StudentServiceImpl - 查询所有学生列表
2026-06-09 13:58:26.892 [http-nio-0.0.0.0-8080-exec-1] DEBUG org.hibernate.SQL - 
    select
        s1_0.student_id,
        s1_0.age,
        s1_0.birth_date,
        s1_0.class_name,
        s1_0.email,
        s1_0.gender,
        s1_0.student_name,
        s1_0.phone 
    from
        student s1_0
2026-06-09 13:58:26.954 [http-nio-0.0.0.0-8080-exec-1] INFO  c.e.a.s.impl.StudentServiceImpl - 查询到 64 名学生
2026-06-09 13:58:29.176 [http-nio-0.0.0.0-8080-exec-4] DEBUG org.hibernate.SQL - 
    select
        u1_0.id,
        u1_0.class_name,
        u1_0.create_time,
        u1_0.gender,
        u1_0.real_name,
        u1_0.username,
        u1_0.userpassword,
        u1_0.userrole 
    from
        my_user u1_0 
    where
        u1_0.username=?
2026-06-09 13:58:29.190 [http-nio-0.0.0.0-8080-exec-4] DEBUG org.hibernate.SQL - 
    select
        c1_0.id,
        c1_0.class_name,
        c1_0.course_id,
        c1_0.course_name,
        c1_0.create_time,
        c1_0.location,
        c1_0.teacher_id,
        c1_0.teacher_name,
        c1_0.time_slot,
        c1_0.week_day 
    from
        course c1_0 
    where
        c1_0.teacher_id=?
2026-06-09 13:58:31.690 [http-nio-0.0.0.0-8080-exec-3] DEBUG c.e.a.s.impl.AttendanceServiceImpl - 按条件查询考勤记录，学生ID: null, 课程ID: null, 状态: null
2026-06-09 13:58:31.713 [http-nio-0.0.0.0-8080-exec-3] DEBUG org.hibernate.SQL - 
    select
        a1_0.id,
        a1_0.check_in_time,
        a1_0.course_id,
        a1_0.create_time,
        a1_0.ip_address,
        a1_0.reason,
        a1_0.sign_in_id,
        a1_0.student_id,
        a1_0.student_name,
        a1_0.student_status,
        a1_0.update_time 
    from
        attendance a1_0 
    where
        1=1 
    order by
        a1_0.check_in_time desc 
    offset
        ? rows 
    fetch
        first ? rows only
2026-06-09 13:58:31.736 [http-nio-0.0.0.0-8080-exec-3] DEBUG org.hibernate.SQL - 
    select
        count_big(a1_0.id) 
    from
        attendance a1_0 
    where
        1=1
2026-06-09 13:58:31.751 [http-nio-0.0.0.0-8080-exec-3] INFO  c.e.a.s.impl.AttendanceServiceImpl - 条件查询考勤记录完成，总数: 29
2026-06-09 13:58:31.767 [http-nio-0.0.0.0-8080-exec-3] WARN  o.s.d.w.c.SpringDataJackson3Configuration$PageModule$WarningLoggingModifier - Serializing PageImpl instances as-is is not supported, meaning that there is no guarantee about the stability of the resulting JSON structure!
	For a stable JSON structure, please use Spring Data's PagedModel (globally via @EnableSpringDataWebSupport(pageSerializationMode = VIA_DTO))
	or Spring HATEOAS and Spring Data's PagedResourcesAssembler as documented in https://docs.spring.io/spring-data/commons/reference/repositories/core-extensions.html#core.web.pageables.

2026-06-09 13:58:33.702 [http-nio-0.0.0.0-8080-exec-6] DEBUG org.hibernate.SQL - 
    select
        u1_0.id,
        u1_0.class_name,
        u1_0.create_time,
        u1_0.gender,
        u1_0.real_name,
        u1_0.username,
        u1_0.userpassword,
        u1_0.userrole 
    from
        my_user u1_0 
    where
        u1_0.username=?
2026-06-09 13:58:33.706 [http-nio-0.0.0.0-8080-exec-6] DEBUG org.hibernate.SQL - 
    select
        c1_0.id,
        c1_0.class_name,
        c1_0.course_id,
        c1_0.course_name,
        c1_0.create_time,
        c1_0.location,
        c1_0.teacher_id,
        c1_0.teacher_name,
        c1_0.time_slot,
        c1_0.week_day 
    from
        course c1_0 
    where
        c1_0.teacher_id=?
2026-06-09 13:58:35.467 [http-nio-0.0.0.0-8080-exec-9] DEBUG org.hibernate.SQL - 
    select
        u1_0.id,
        u1_0.class_name,
        u1_0.create_time,
        u1_0.gender,
        u1_0.real_name,
        u1_0.username,
        u1_0.userpassword,
        u1_0.userrole 
    from
        my_user u1_0 
    where
        u1_0.username=?
2026-06-09 13:58:35.473 [http-nio-0.0.0.0-8080-exec-9] DEBUG org.hibernate.SQL - 
    select
        c1_0.id,
        c1_0.class_name,
        c1_0.course_id,
        c1_0.course_name,
        c1_0.create_time,
        c1_0.location,
        c1_0.teacher_id,
        c1_0.teacher_name,
        c1_0.time_slot,
        c1_0.week_day 
    from
        course c1_0 
    where
        c1_0.teacher_id=?
2026-06-09 13:58:35.486 [http-nio-0.0.0.0-8080-exec-2] DEBUG org.hibernate.SQL - 
    select
        c1_0.id,
        c1_0.class_name,
        c1_0.course_id,
        c1_0.course_name,
        c1_0.create_time,
        c1_0.location,
        c1_0.teacher_id,
        c1_0.teacher_name,
        c1_0.time_slot,
        c1_0.week_day 
    from
        course c1_0 
    where
        c1_0.teacher_id=?
2026-06-09 13:58:35.507 [http-nio-0.0.0.0-8080-exec-2] DEBUG org.hibernate.SQL - 
    select
        distinct s1_0.class_name 
    from
        course_selection cs1_0 
    join
        student s1_0 
            on cs1_0.student_id=s1_0.student_id 
    where
        1=0
2026-06-09 13:58:35.532 [http-nio-0.0.0.0-8080-exec-10] DEBUG org.hibernate.SQL - 
    select
        u1_0.id,
        u1_0.class_name,
        u1_0.create_time,
        u1_0.gender,
        u1_0.real_name,
        u1_0.username,
        u1_0.userpassword,
        u1_0.userrole 
    from
        my_user u1_0 
    where
        u1_0.username=?
2026-06-09 13:58:35.542 [http-nio-0.0.0.0-8080-exec-10] DEBUG org.hibernate.SQL - 
    select
        c1_0.id,
        c1_0.class_name,
        c1_0.course_id,
        c1_0.course_name,
        c1_0.create_time,
        c1_0.location,
        c1_0.teacher_id,
        c1_0.teacher_name,
        c1_0.time_slot,
        c1_0.week_day 
    from
        course c1_0 
    where
        c1_0.teacher_id=?
2026-06-09 13:58:36.938 [http-nio-0.0.0.0-8080-exec-8] DEBUG org.hibernate.SQL - 
    select
        u1_0.id,
        u1_0.class_name,
        u1_0.create_time,
        u1_0.gender,
        u1_0.real_name,
        u1_0.username,
        u1_0.userpassword,
        u1_0.userrole 
    from
        my_user u1_0 
    where
        u1_0.username=?
2026-06-09 13:58:36.938 [http-nio-0.0.0.0-8080-exec-8] DEBUG org.hibernate.SQL - 
    select
        c1_0.id,
        c1_0.class_name,
        c1_0.course_id,
        c1_0.course_name,
        c1_0.create_time,
        c1_0.location,
        c1_0.teacher_id,
        c1_0.teacher_name,
        c1_0.time_slot,
        c1_0.week_day 
    from
        course c1_0 
    where
        c1_0.teacher_id=?
2026-06-09 13:58:38.639 [http-nio-0.0.0.0-8080-exec-3] DEBUG org.hibernate.SQL - 
    select
        u1_0.id,
        u1_0.class_name,
        u1_0.create_time,
        u1_0.gender,
        u1_0.real_name,
        u1_0.username,
        u1_0.userpassword,
        u1_0.userrole 
    from
        my_user u1_0 
    where
        u1_0.username=?
2026-06-09 13:58:38.653 [http-nio-0.0.0.0-8080-exec-3] DEBUG org.hibernate.SQL - 
    select
        c1_0.id,
        c1_0.class_name,
        c1_0.course_id,
        c1_0.course_name,
        c1_0.create_time,
        c1_0.location,
        c1_0.teacher_id,
        c1_0.teacher_name,
        c1_0.time_slot,
        c1_0.week_day 
    from
        course c1_0 
    where
        c1_0.teacher_id=?
2026-06-09 13:58:38.662 [http-nio-0.0.0.0-8080-exec-5] DEBUG org.hibernate.SQL - 
    select
        c1_0.id,
        c1_0.class_name,
        c1_0.course_id,
        c1_0.course_name,
        c1_0.create_time,
        c1_0.location,
        c1_0.teacher_id,
        c1_0.teacher_name,
        c1_0.time_slot,
        c1_0.week_day 
    from
        course c1_0 
    where
        c1_0.teacher_id=?
2026-06-09 13:58:38.664 [http-nio-0.0.0.0-8080-exec-5] DEBUG org.hibernate.SQL - 
    select
        distinct s1_0.class_name 
    from
        course_selection cs1_0 
    join
        student s1_0 
            on cs1_0.student_id=s1_0.student_id 
    where
        1=0
2026-06-09 13:58:38.670 [http-nio-0.0.0.0-8080-exec-6] DEBUG org.hibernate.SQL - 
    select
        u1_0.id,
        u1_0.class_name,
        u1_0.create_time,
        u1_0.gender,
        u1_0.real_name,
        u1_0.username,
        u1_0.userpassword,
        u1_0.userrole 
    from
        my_user u1_0 
    where
        u1_0.username=?
2026-06-09 13:58:38.670 [http-nio-0.0.0.0-8080-exec-6] DEBUG org.hibernate.SQL - 
    select
        c1_0.id,
        c1_0.class_name,
        c1_0.course_id,
        c1_0.course_name,
        c1_0.create_time,
        c1_0.location,
        c1_0.teacher_id,
        c1_0.teacher_name,
        c1_0.time_slot,
        c1_0.week_day 
    from
        course c1_0 
    where
        c1_0.teacher_id=?
2026-06-09 13:58:45.994 [http-nio-0.0.0.0-8080-exec-7] DEBUG org.hibernate.SQL - 
    select
        u1_0.id,
        u1_0.class_name,
        u1_0.create_time,
        u1_0.gender,
        u1_0.real_name,
        u1_0.username,
        u1_0.userpassword,
        u1_0.userrole 
    from
        my_user u1_0 
    where
        u1_0.username=?
2026-06-09 13:58:45.998 [http-nio-0.0.0.0-8080-exec-7] DEBUG org.hibernate.SQL - 
    select
        c1_0.id,
        c1_0.class_name,
        c1_0.course_id,
        c1_0.course_name,
        c1_0.create_time,
        c1_0.location,
        c1_0.teacher_id,
        c1_0.teacher_name,
        c1_0.time_slot,
        c1_0.week_day 
    from
        course c1_0 
    where
        c1_0.teacher_id=?
2026-06-09 13:58:47.179 [http-nio-0.0.0.0-8080-exec-9] DEBUG org.hibernate.SQL - 
    select
        u1_0.id,
        u1_0.class_name,
        u1_0.create_time,
        u1_0.gender,
        u1_0.real_name,
        u1_0.username,
        u1_0.userpassword,
        u1_0.userrole 
    from
        my_user u1_0 
    where
        u1_0.username=?
2026-06-09 13:58:47.190 [http-nio-0.0.0.0-8080-exec-9] DEBUG org.hibernate.SQL - 
    select
        c1_0.id,
        c1_0.class_name,
        c1_0.course_id,
        c1_0.course_name,
        c1_0.create_time,
        c1_0.location,
        c1_0.teacher_id,
        c1_0.teacher_name,
        c1_0.time_slot,
        c1_0.week_day 
    from
        course c1_0 
    where
        c1_0.teacher_id=?
2026-06-09 13:58:48.100 [http-nio-0.0.0.0-8080-exec-2] DEBUG org.hibernate.SQL - 
    select
        u1_0.id,
        u1_0.class_name,
        u1_0.create_time,
        u1_0.gender,
        u1_0.real_name,
        u1_0.username,
        u1_0.userpassword,
        u1_0.userrole 
    from
        my_user u1_0 
    where
        u1_0.username=?
2026-06-09 13:58:48.108 [http-nio-0.0.0.0-8080-exec-2] DEBUG org.hibernate.SQL - 
    select
        c1_0.id,
        c1_0.class_name,
        c1_0.course_id,
        c1_0.course_name,
        c1_0.create_time,
        c1_0.location,
        c1_0.teacher_id,
        c1_0.teacher_name,
        c1_0.time_slot,
        c1_0.week_day 
    from
        course c1_0 
    where
        c1_0.teacher_id=?
2026-06-09 13:58:49.521 [http-nio-0.0.0.0-8080-exec-1] DEBUG org.hibernate.SQL - 
    select
        u1_0.id,
        u1_0.class_name,
        u1_0.create_time,
        u1_0.gender,
        u1_0.real_name,
        u1_0.username,
        u1_0.userpassword,
        u1_0.userrole 
    from
        my_user u1_0 
    where
        u1_0.username=?
2026-06-09 13:58:49.521 [http-nio-0.0.0.0-8080-exec-1] DEBUG org.hibernate.SQL - 
    select
        c1_0.id,
        c1_0.class_name,
        c1_0.course_id,
        c1_0.course_name,
        c1_0.create_time,
        c1_0.location,
        c1_0.teacher_id,
        c1_0.teacher_name,
        c1_0.time_slot,
        c1_0.week_day 
    from
        course c1_0 
    where
        c1_0.teacher_id=?
2026-06-09 13:58:56.656 [http-nio-0.0.0.0-8080-exec-4] DEBUG c.e.a.s.impl.AttendanceServiceImpl - 按条件查询考勤记录，学生ID: null, 课程ID: null, 状态: null
2026-06-09 13:58:56.660 [http-nio-0.0.0.0-8080-exec-4] DEBUG org.hibernate.SQL - 
    select
        a1_0.id,
        a1_0.check_in_time,
        a1_0.course_id,
        a1_0.create_time,
        a1_0.ip_address,
        a1_0.reason,
        a1_0.sign_in_id,
        a1_0.student_id,
        a1_0.student_name,
        a1_0.student_status,
        a1_0.update_time 
    from
        attendance a1_0 
    where
        1=1 
    order by
        a1_0.check_in_time desc 
    offset
        ? rows 
    fetch
        first ? rows only
2026-06-09 13:58:56.665 [http-nio-0.0.0.0-8080-exec-4] DEBUG org.hibernate.SQL - 
    select
        count_big(a1_0.id) 
    from
        attendance a1_0 
    where
        1=1
2026-06-09 13:58:56.670 [http-nio-0.0.0.0-8080-exec-4] INFO  c.e.a.s.impl.AttendanceServiceImpl - 条件查询考勤记录完成，总数: 29
2026-06-09 13:58:58.542 [http-nio-0.0.0.0-8080-exec-5] DEBUG org.hibernate.SQL - 
    select
        u1_0.id,
        u1_0.class_name,
        u1_0.create_time,
        u1_0.gender,
        u1_0.real_name,
        u1_0.username,
        u1_0.userpassword,
        u1_0.userrole 
    from
        my_user u1_0 
    where
        u1_0.username=?
2026-06-09 13:58:58.546 [http-nio-0.0.0.0-8080-exec-5] DEBUG org.hibernate.SQL - 
    select
        c1_0.id,
        c1_0.class_name,
        c1_0.course_id,
        c1_0.course_name,
        c1_0.create_time,
        c1_0.location,
        c1_0.teacher_id,
        c1_0.teacher_name,
        c1_0.time_slot,
        c1_0.week_day 
    from
        course c1_0 
    where
        c1_0.teacher_id=?
2026-06-09 13:59:01.781 [http-nio-0.0.0.0-8080-exec-9] DEBUG c.e.a.s.impl.AttendanceServiceImpl - 按条件查询考勤记录，学生ID: null, 课程ID: null, 状态: null
2026-06-09 13:59:01.781 [http-nio-0.0.0.0-8080-exec-7] DEBUG org.hibernate.SQL - 
    select
        u1_0.id,
        u1_0.class_name,
        u1_0.create_time,
        u1_0.gender,
        u1_0.real_name,
        u1_0.username,
        u1_0.userpassword,
        u1_0.userrole 
    from
        my_user u1_0 
    where
        u1_0.username=?
2026-06-09 13:59:01.785 [http-nio-0.0.0.0-8080-exec-9] DEBUG org.hibernate.SQL - 
    select
        a1_0.id,
        a1_0.check_in_time,
        a1_0.course_id,
        a1_0.create_time,
        a1_0.ip_address,
        a1_0.reason,
        a1_0.sign_in_id,
        a1_0.student_id,
        a1_0.student_name,
        a1_0.student_status,
        a1_0.update_time 
    from
        attendance a1_0 
    where
        1=1 
    order by
        a1_0.check_in_time desc 
    offset
        ? rows 
    fetch
        first ? rows only
2026-06-09 13:59:01.785 [http-nio-0.0.0.0-8080-exec-7] DEBUG org.hibernate.SQL - 
    select
        c1_0.id,
        c1_0.class_name,
        c1_0.course_id,
        c1_0.course_name,
        c1_0.create_time,
        c1_0.location,
        c1_0.teacher_id,
        c1_0.teacher_name,
        c1_0.time_slot,
        c1_0.week_day 
    from
        course c1_0 
    where
        c1_0.teacher_id=?
2026-06-09 13:59:01.785 [http-nio-0.0.0.0-8080-exec-9] DEBUG org.hibernate.SQL - 
    select
        count_big(a1_0.id) 
    from
        attendance a1_0 
    where
        1=1
2026-06-09 13:59:01.785 [http-nio-0.0.0.0-8080-exec-9] INFO  c.e.a.s.impl.AttendanceServiceImpl - 条件查询考勤记录完成，总数: 29
2026-06-09 13:59:03.553 [http-nio-0.0.0.0-8080-exec-10] DEBUG org.hibernate.SQL - 
    select
        u1_0.id,
        u1_0.class_name,
        u1_0.create_time,
        u1_0.gender,
        u1_0.real_name,
        u1_0.username,
        u1_0.userpassword,
        u1_0.userrole 
    from
        my_user u1_0 
    where
        u1_0.username=?
2026-06-09 13:59:03.554 [http-nio-0.0.0.0-8080-exec-10] DEBUG org.hibernate.SQL - 
    select
        c1_0.id,
        c1_0.class_name,
        c1_0.course_id,
        c1_0.course_name,
        c1_0.create_time,
        c1_0.location,
        c1_0.teacher_id,
        c1_0.teacher_name,
        c1_0.time_slot,
        c1_0.week_day 
    from
        course c1_0 
    where
        c1_0.teacher_id=?
2026-06-09 13:59:18.311 [http-nio-0.0.0.0-8080-exec-1] DEBUG c.e.a.s.impl.AttendanceServiceImpl - 按条件查询考勤记录，学生ID: null, 课程ID: null, 状态: null
2026-06-09 13:59:18.313 [http-nio-0.0.0.0-8080-exec-1] DEBUG org.hibernate.SQL - 
    select
        a1_0.id,
        a1_0.check_in_time,
        a1_0.course_id,
        a1_0.create_time,
        a1_0.ip_address,
        a1_0.reason,
        a1_0.sign_in_id,
        a1_0.student_id,
        a1_0.student_name,
        a1_0.student_status,
        a1_0.update_time 
    from
        attendance a1_0 
    where
        1=1 
    order by
        a1_0.check_in_time desc 
    offset
        ? rows 
    fetch
        first ? rows only
2026-06-09 13:59:18.328 [http-nio-0.0.0.0-8080-exec-1] DEBUG org.hibernate.SQL - 
    select
        count_big(a1_0.id) 
    from
        attendance a1_0 
    where
        1=1
2026-06-09 13:59:18.339 [http-nio-0.0.0.0-8080-exec-1] INFO  c.e.a.s.impl.AttendanceServiceImpl - 条件查询考勤记录完成，总数: 29
2026-06-09 13:59:22.423 [http-nio-0.0.0.0-8080-exec-8] DEBUG c.e.a.s.impl.AttendanceServiceImpl - 按条件查询考勤记录，学生ID: null, 课程ID: null, 状态: null
2026-06-09 13:59:22.430 [http-nio-0.0.0.0-8080-exec-8] DEBUG org.hibernate.SQL - 
    select
        a1_0.id,
        a1_0.check_in_time,
        a1_0.course_id,
        a1_0.create_time,
        a1_0.ip_address,
        a1_0.reason,
        a1_0.sign_in_id,
        a1_0.student_id,
        a1_0.student_name,
        a1_0.student_status,
        a1_0.update_time 
    from
        attendance a1_0 
    where
        1=1 
    order by
        a1_0.check_in_time desc 
    offset
        ? rows 
    fetch
        first ? rows only
2026-06-09 13:59:22.438 [http-nio-0.0.0.0-8080-exec-8] DEBUG org.hibernate.SQL - 
    select
        count_big(a1_0.id) 
    from
        attendance a1_0 
    where
        1=1
2026-06-09 13:59:22.445 [http-nio-0.0.0.0-8080-exec-8] INFO  c.e.a.s.impl.AttendanceServiceImpl - 条件查询考勤记录完成，总数: 29
2026-06-09 13:59:23.656 [http-nio-0.0.0.0-8080-exec-4] DEBUG c.e.a.s.impl.AttendanceServiceImpl - 按条件查询考勤记录，学生ID: null, 课程ID: null, 状态: null
2026-06-09 13:59:23.661 [http-nio-0.0.0.0-8080-exec-4] DEBUG org.hibernate.SQL - 
    select
        a1_0.id,
        a1_0.check_in_time,
        a1_0.course_id,
        a1_0.create_time,
        a1_0.ip_address,
        a1_0.reason,
        a1_0.sign_in_id,
        a1_0.student_id,
        a1_0.student_name,
        a1_0.student_status,
        a1_0.update_time 
    from
        attendance a1_0 
    where
        1=1 
    order by
        a1_0.check_in_time desc 
    offset
        ? rows 
    fetch
        first ? rows only
2026-06-09 13:59:23.682 [http-nio-0.0.0.0-8080-exec-4] INFO  c.e.a.s.impl.AttendanceServiceImpl - 条件查询考勤记录完成，总数: 29
2026-06-09 13:59:25.420 [http-nio-0.0.0.0-8080-exec-3] DEBUG c.e.a.s.impl.AttendanceServiceImpl - 按条件查询考勤记录，学生ID: null, 课程ID: null, 状态: null
2026-06-09 13:59:25.429 [http-nio-0.0.0.0-8080-exec-3] DEBUG org.hibernate.SQL - 
    select
        a1_0.id,
        a1_0.check_in_time,
        a1_0.course_id,
        a1_0.create_time,
        a1_0.ip_address,
        a1_0.reason,
        a1_0.sign_in_id,
        a1_0.student_id,
        a1_0.student_name,
        a1_0.student_status,
        a1_0.update_time 
    from
        attendance a1_0 
    where
        1=1 
    order by
        a1_0.check_in_time desc 
    offset
        ? rows 
    fetch
        first ? rows only
2026-06-09 13:59:25.436 [http-nio-0.0.0.0-8080-exec-3] DEBUG org.hibernate.SQL - 
    select
        count_big(a1_0.id) 
    from
        attendance a1_0 
    where
        1=1
2026-06-09 13:59:25.439 [http-nio-0.0.0.0-8080-exec-3] INFO  c.e.a.s.impl.AttendanceServiceImpl - 条件查询考勤记录完成，总数: 29
2026-06-09 13:59:27.452 [http-nio-0.0.0.0-8080-exec-5] DEBUG c.e.a.s.impl.AttendanceServiceImpl - 按条件查询考勤记录，学生ID: null, 课程ID: null, 状态: null
2026-06-09 13:59:27.457 [http-nio-0.0.0.0-8080-exec-5] DEBUG org.hibernate.SQL - 
    select
        a1_0.id,
        a1_0.check_in_time,
        a1_0.course_id,
        a1_0.create_time,
        a1_0.ip_address,
        a1_0.reason,
        a1_0.sign_in_id,
        a1_0.student_id,
        a1_0.student_name,
        a1_0.student_status,
        a1_0.update_time 
    from
        attendance a1_0 
    where
        1=1 
    order by
        a1_0.check_in_time desc 
    offset
        ? rows 
    fetch
        first ? rows only
2026-06-09 13:59:27.466 [http-nio-0.0.0.0-8080-exec-5] DEBUG org.hibernate.SQL - 
    select
        count_big(a1_0.id) 
    from
        attendance a1_0 
    where
        1=1
2026-06-09 13:59:27.469 [http-nio-0.0.0.0-8080-exec-5] INFO  c.e.a.s.impl.AttendanceServiceImpl - 条件查询考勤记录完成，总数: 29
2026-06-09 14:00:47.021 [http-nio-0.0.0.0-8080-exec-2] DEBUG org.hibernate.SQL - 
    select
        u1_0.id,
        u1_0.class_name,
        u1_0.create_time,
        u1_0.gender,
        u1_0.real_name,
        u1_0.username,
        u1_0.userpassword,
        u1_0.userrole 
    from
        my_user u1_0 
    where
        u1_0.username=?
2026-06-09 14:00:47.055 [http-nio-0.0.0.0-8080-exec-2] DEBUG org.hibernate.SQL - 
    select
        c1_0.id,
        c1_0.class_name,
        c1_0.course_id,
        c1_0.course_name,
        c1_0.create_time,
        c1_0.location,
        c1_0.teacher_id,
        c1_0.teacher_name,
        c1_0.time_slot,
        c1_0.week_day 
    from
        course c1_0 
    where
        c1_0.teacher_id=?
2026-06-09 14:00:49.739 [http-nio-0.0.0.0-8080-exec-10] DEBUG c.e.a.s.impl.StudentServiceImpl - 查询所有学生列表
2026-06-09 14:00:49.743 [http-nio-0.0.0.0-8080-exec-10] DEBUG org.hibernate.SQL - 
    select
        s1_0.student_id,
        s1_0.age,
        s1_0.birth_date,
        s1_0.class_name,
        s1_0.email,
        s1_0.gender,
        s1_0.student_name,
        s1_0.phone 
    from
        student s1_0
2026-06-09 14:00:49.764 [http-nio-0.0.0.0-8080-exec-10] INFO  c.e.a.s.impl.StudentServiceImpl - 查询到 64 名学生
2026-06-09 14:00:51.198 [http-nio-0.0.0.0-8080-exec-8] DEBUG org.hibernate.SQL - 
    select
        u1_0.id,
        u1_0.class_name,
        u1_0.create_time,
        u1_0.gender,
        u1_0.real_name,
        u1_0.username,
        u1_0.userpassword,
        u1_0.userrole 
    from
        my_user u1_0 
    where
        u1_0.username=?
2026-06-09 14:00:51.204 [http-nio-0.0.0.0-8080-exec-8] DEBUG org.hibernate.SQL - 
    select
        c1_0.id,
        c1_0.class_name,
        c1_0.course_id,
        c1_0.course_name,
        c1_0.create_time,
        c1_0.location,
        c1_0.teacher_id,
        c1_0.teacher_name,
        c1_0.time_slot,
        c1_0.week_day 
    from
        course c1_0 
    where
        c1_0.teacher_id=?
2026-06-09 14:03:27.480 [http-nio-0.0.0.0-8080-exec-7] DEBUG org.hibernate.SQL - 
    select
        u1_0.id,
        u1_0.class_name,
        u1_0.create_time,
        u1_0.gender,
        u1_0.real_name,
        u1_0.username,
        u1_0.userpassword,
        u1_0.userrole 
    from
        my_user u1_0 
    where
        u1_0.username=?
2026-06-09 14:03:29.207 [http-nio-0.0.0.0-8080-exec-2] DEBUG org.hibernate.SQL - 
    select
        u1_0.id,
        u1_0.class_name,
        u1_0.create_time,
        u1_0.gender,
        u1_0.real_name,
        u1_0.username,
        u1_0.userpassword,
        u1_0.userrole 
    from
        my_user u1_0 
    where
        u1_0.username=?
2026-06-09 14:03:29.223 [http-nio-0.0.0.0-8080-exec-2] DEBUG org.hibernate.SQL - 
    select
        c1_0.id,
        c1_0.class_name,
        c1_0.course_id,
        c1_0.course_name,
        c1_0.create_time,
        c1_0.location,
        c1_0.teacher_id,
        c1_0.teacher_name,
        c1_0.time_slot,
        c1_0.week_day 
    from
        course c1_0
2026-06-09 14:03:29.246 [http-nio-0.0.0.0-8080-exec-2] DEBUG org.hibernate.SQL - 
    select
        count_big(*) 
    from
        student s1_0
2026-06-09 14:03:29.277 [http-nio-0.0.0.0-8080-exec-2] DEBUG org.hibernate.SQL - 
    select
        count_big(u1_0.id) 
    from
        my_user u1_0 
    where
        upper(u1_0.userrole)=upper(?)
2026-06-09 14:03:29.285 [http-nio-0.0.0.0-8080-exec-2] DEBUG org.hibernate.SQL - 
    select
        count_big(*) 
    from
        course c1_0
2026-06-09 14:03:29.298 [http-nio-0.0.0.0-8080-exec-2] DEBUG org.hibernate.SQL - 
    select
        a1_0.id,
        a1_0.check_in_time,
        a1_0.course_id,
        a1_0.create_time,
        a1_0.ip_address,
        a1_0.reason,
        a1_0.sign_in_id,
        a1_0.student_id,
        a1_0.student_name,
        a1_0.student_status,
        a1_0.update_time 
    from
        attendance a1_0 
    where
        a1_0.course_id=?
2026-06-09 14:03:29.309 [http-nio-0.0.0.0-8080-exec-2] DEBUG org.hibernate.SQL - 
    select
        a1_0.id,
        a1_0.check_in_time,
        a1_0.course_id,
        a1_0.create_time,
        a1_0.ip_address,
        a1_0.reason,
        a1_0.sign_in_id,
        a1_0.student_id,
        a1_0.student_name,
        a1_0.student_status,
        a1_0.update_time 
    from
        attendance a1_0 
    where
        a1_0.course_id=?
2026-06-09 14:03:29.312 [http-nio-0.0.0.0-8080-exec-2] DEBUG org.hibernate.SQL - 
    select
        a1_0.id,
        a1_0.check_in_time,
        a1_0.course_id,
        a1_0.create_time,
        a1_0.ip_address,
        a1_0.reason,
        a1_0.sign_in_id,
        a1_0.student_id,
        a1_0.student_name,
        a1_0.student_status,
        a1_0.update_time 
    from
        attendance a1_0 
    where
        a1_0.course_id=?
2026-06-09 14:03:33.554 [http-nio-0.0.0.0-8080-exec-10] DEBUG org.hibernate.SQL - 
    select
        c1_0.id,
        c1_0.class_name,
        c1_0.course_id,
        c1_0.course_name,
        c1_0.create_time,
        c1_0.location,
        c1_0.teacher_id,
        c1_0.teacher_name,
        c1_0.time_slot,
        c1_0.week_day 
    from
        course c1_0
2026-06-09 14:04:40.802 [http-nio-0.0.0.0-8080-exec-4] DEBUG org.hibernate.SQL - 
    select
        c1_0.id,
        c1_0.class_name,
        c1_0.course_id,
        c1_0.course_name,
        c1_0.create_time,
        c1_0.location,
        c1_0.teacher_id,
        c1_0.teacher_name,
        c1_0.time_slot,
        c1_0.week_day 
    from
        course c1_0 
    where
        c1_0.course_id=?
2026-06-09 14:04:40.852 [http-nio-0.0.0.0-8080-exec-4] DEBUG org.hibernate.SQL - 
    insert 
    into
        course
        (class_name, course_id, course_name, create_time, location, teacher_id, teacher_name, time_slot, week_day) 
    values
        (?, ?, ?, ?, ?, ?, ?, ?, ?)
2026-06-09 14:04:41.893 [http-nio-0.0.0.0-8080-exec-3] DEBUG org.hibernate.SQL - 
    select
        c1_0.id,
        c1_0.class_name,
        c1_0.course_id,
        c1_0.course_name,
        c1_0.create_time,
        c1_0.location,
        c1_0.teacher_id,
        c1_0.teacher_name,
        c1_0.time_slot,
        c1_0.week_day 
    from
        course c1_0
2026-06-09 14:05:03.386 [http-nio-0.0.0.0-8080-exec-7] DEBUG org.hibernate.SQL - 
    select
        u1_0.id,
        u1_0.class_name,
        u1_0.create_time,
        u1_0.gender,
        u1_0.real_name,
        u1_0.username,
        u1_0.userpassword,
        u1_0.userrole 
    from
        my_user u1_0 
    where
        u1_0.username=?
2026-06-09 14:05:04.990 [http-nio-0.0.0.0-8080-exec-2] DEBUG org.hibernate.SQL - 
    select
        u1_0.id,
        u1_0.class_name,
        u1_0.create_time,
        u1_0.gender,
        u1_0.real_name,
        u1_0.username,
        u1_0.userpassword,
        u1_0.userrole 
    from
        my_user u1_0 
    where
        u1_0.username=?
2026-06-09 14:05:04.996 [http-nio-0.0.0.0-8080-exec-2] DEBUG org.hibernate.SQL - 
    select
        c1_0.id,
        c1_0.class_name,
        c1_0.course_id,
        c1_0.course_name,
        c1_0.create_time,
        c1_0.location,
        c1_0.teacher_id,
        c1_0.teacher_name,
        c1_0.time_slot,
        c1_0.week_day 
    from
        course c1_0 
    where
        c1_0.teacher_id=?
2026-06-09 14:05:05.004 [http-nio-0.0.0.0-8080-exec-2] DEBUG org.hibernate.SQL - 
    select
        count_big(distinct cs1_0.student_id) 
    from
        course_selection cs1_0 
    where
        cs1_0.course_id in (?) 
        and cs1_0.status=1
2026-06-09 14:05:05.016 [http-nio-0.0.0.0-8080-exec-2] DEBUG org.hibernate.SQL - 
    select
        a1_0.id,
        a1_0.check_in_time,
        a1_0.course_id,
        a1_0.create_time,
        a1_0.ip_address,
        a1_0.reason,
        a1_0.sign_in_id,
        a1_0.student_id,
        a1_0.student_name,
        a1_0.student_status,
        a1_0.update_time 
    from
        attendance a1_0 
    where
        a1_0.course_id=?
2026-06-09 14:05:21.143 [SpringApplicationShutdownHook] INFO  o.s.boot.tomcat.GracefulShutdown - Commencing graceful shutdown. Waiting for active requests to complete
2026-06-09 14:05:21.157 [tomcat-shutdown] INFO  o.s.boot.tomcat.GracefulShutdown - Graceful shutdown complete
2026-06-09 14:05:21.161 [SpringApplicationShutdownHook] INFO  o.s.o.j.LocalContainerEntityManagerFactoryBean - Closing JPA EntityManagerFactory for persistence unit 'default'
2026-06-09 14:05:21.162 [SpringApplicationShutdownHook] INFO  com.zaxxer.hikari.HikariDataSource - HikariPool-1 - Shutdown initiated...
2026-06-09 14:05:21.164 [SpringApplicationShutdownHook] INFO  com.zaxxer.hikari.HikariDataSource - HikariPool-1 - Shutdown completed.
2026-06-09 14:05:25.275 [main] INFO  c.e.a.AttendanceSystemApplication - Starting AttendanceSystemApplication using Java 21.0.2 with PID 43516 (D:\Java\springboot_pj\attendance-system\target\classes started by l in D:\Java\springboot_pj\attendance-system)
2026-06-09 14:05:25.276 [main] DEBUG c.e.a.AttendanceSystemApplication - Running with Spring Boot v4.0.3, Spring v7.0.5
2026-06-09 14:05:25.276 [main] INFO  c.e.a.AttendanceSystemApplication - No active profile set, falling back to 1 default profile: "default"
2026-06-09 14:05:25.652 [main] INFO  o.s.d.r.c.RepositoryConfigurationDelegate - Bootstrapping Spring Data JPA repositories in DEFAULT mode.
2026-06-09 14:05:25.695 [main] INFO  o.s.d.r.c.RepositoryConfigurationDelegate - Finished Spring Data repository scanning in 38 ms. Found 5 JPA repository interfaces.
2026-06-09 14:05:25.794 [main] INFO  o.s.cloud.context.scope.GenericScope - BeanFactory id=d6250731-036a-36ea-b8f9-8d612c972637
2026-06-09 14:05:25.966 [main] INFO  o.s.boot.tomcat.TomcatWebServer - Tomcat initialized with port 8080 (http)
2026-06-09 14:05:25.974 [main] INFO  o.a.coyote.http11.Http11NioProtocol - Initializing ProtocolHandler ["http-nio-0.0.0.0-8080"]
2026-06-09 14:05:25.975 [main] INFO  o.a.catalina.core.StandardService - Starting service [Tomcat]
2026-06-09 14:05:25.975 [main] INFO  o.a.catalina.core.StandardEngine - Starting Servlet engine: [Apache Tomcat/11.0.18]
2026-06-09 14:05:26.004 [main] INFO  o.s.b.w.c.s.WebApplicationContextInitializer - Root WebApplicationContext: initialization completed in 704 ms
2026-06-09 14:05:26.105 [main] INFO  org.hibernate.orm.jpa - HHH008540: Processing PersistenceUnitInfo [name: default]
2026-06-09 14:05:26.133 [main] INFO  org.hibernate.orm.core - HHH000001: Hibernate ORM core version 7.2.4.Final
2026-06-09 14:05:26.350 [main] INFO  o.s.o.j.p.SpringPersistenceUnitInfo - No LoadTimeWeaver setup: ignoring JPA class transformer
2026-06-09 14:05:26.366 [main] INFO  com.zaxxer.hikari.HikariDataSource - HikariPool-1 - Starting...
2026-06-09 14:05:26.914 [main] INFO  com.zaxxer.hikari.pool.HikariPool - HikariPool-1 - Added connection ConnectionID:1 ClientConnectionId: 706db638-8207-41e3-8849-23422367ca9a
2026-06-09 14:05:26.915 [main] INFO  com.zaxxer.hikari.HikariDataSource - HikariPool-1 - Start completed.
2026-06-09 14:05:27.063 [main] WARN  org.hibernate.orm.deprecation - HHH90000025: SQLServerDialect does not need to be specified explicitly using 'hibernate.dialect' (remove the property setting and it will be selected by default)
2026-06-09 14:05:27.077 [main] INFO  o.hibernate.orm.connections.pooling - HHH10001005: Database info:
	Database JDBC URL [jdbc:sqlserver://localhost:1433;concatNullYieldsNull=ON;quotedIdentifier=ON;connectRetryInterval=10;connectRetryCount=1;maxResultBuffer=-1;sendTemporalDataTypesAsStringForBulkCopy=true;delayLoadingLobs=true;useFmtOnly=false;vectorTypeSupport=v1;cacheBulkCopyMetadata=false;bulkCopyForBatchInsertAllowEncryptedValueModifications=false;bulkCopyForBatchInsertTableLock=false;bulkCopyForBatchInsertKeepNulls=false;bulkCopyForBatchInsertKeepIdentity=false;bulkCopyForBatchInsertFireTriggers=false;bulkCopyForBatchInsertCheckConstraints=false;bulkCopyForBatchInsertBatchSize=0;useBulkCopyForBatchInsert=false;cancelQueryTimeout=-1;sslProtocol=TLS;calcBigDecimalPrecision=false;useDefaultJaasConfig=false;jaasConfigurationName=SQLJDBCDriver;statementPoolingCacheSize=0;serverPreparedStatementDiscardThreshold=10;enablePrepareOnFirstPreparedStatementCall=false;fips=false;socketTimeout=0;authentication=NotSpecified;authenticationScheme=nativeAuthentication;xopenStates=false;datetimeParameterType=datetime2;sendTimeAsDatetime=true;replication=false;trustStoreType=JKS;trustServerCertificate=true;TransparentNetworkIPResolution=true;iPAddressPreference=IPv4First;serverNameAsACE=false;sendStringParametersAsUnicode=true;selectMethod=direct;responseBuffering=adaptive;queryTimeout=-1;packetSize=8000;multiSubnetFailover=false;loginTimeout=30;lockTimeout=-1;lastUpdateCount=true;useDefaultGSSCredential=false;prepareMethod=prepexec;encrypt=false;disableStatementPooling=true;databaseName=attendance_system;columnEncryptionSetting=Disabled;applicationName=Microsoft JDBC Driver for SQL Server;applicationIntent=readwrite;]
	Database driver: Microsoft JDBC Driver 13.2 for SQL Server
	Database dialect: SQLServerDialect
	Database version: 17.0
	Default catalog/schema: attendance_system/dbo
	Autocommit mode: undefined/unknown
	Isolation level: READ_COMMITTED [default READ_COMMITTED]
	JDBC fetch size: 128
	Pool: DataSourceConnectionProvider
	Minimum pool size: undefined/unknown
	Maximum pool size: undefined/unknown
2026-06-09 14:05:27.533 [main] INFO  org.hibernate.orm.core - HHH000489: No JTA platform available (set 'hibernate.transaction.jta.platform' to enable JTA platform integration)
2026-06-09 14:05:28.742 [main] DEBUG org.hibernate.SQL - 
    alter table attendance 
       alter column id bigint
2026-06-09 14:05:28.745 [main] WARN  o.h.t.s.i.ExceptionHandlerLoggedImpl - GenerationTarget encountered exception accepting command : Error executing DDL "
    alter table attendance 
       alter column id bigint" via JDBC [对象'PK__attendan__3213E83F505AAD30' 依赖于 列'id'。]
org.hibernate.tool.schema.spi.CommandAcceptanceException: Error executing DDL "
    alter table attendance 
       alter column id bigint" via JDBC [对象'PK__attendan__3213E83F505AAD30' 依赖于 列'id'。]
	at org.hibernate.tool.schema.internal.exec.GenerationTargetToDatabase.accept(GenerationTargetToDatabase.java:81)
	at org.hibernate.tool.schema.internal.AbstractSchemaMigrator.applySqlString(AbstractSchemaMigrator.java:566)
	at org.hibernate.tool.schema.internal.AbstractSchemaMigrator.applySqlStrings(AbstractSchemaMigrator.java:506)
	at org.hibernate.tool.schema.internal.AbstractSchemaMigrator.migrateTable(AbstractSchemaMigrator.java:324)
	at org.hibernate.tool.schema.internal.GroupedSchemaMigratorImpl.performTablesMigration(GroupedSchemaMigratorImpl.java:84)
	at org.hibernate.tool.schema.internal.AbstractSchemaMigrator.performMigration(AbstractSchemaMigrator.java:220)
	at org.hibernate.tool.schema.internal.AbstractSchemaMigrator.doMigration(AbstractSchemaMigrator.java:96)
	at org.hibernate.tool.schema.spi.SchemaManagementToolCoordinator.performDatabaseAction(SchemaManagementToolCoordinator.java:269)
	at org.hibernate.tool.schema.spi.SchemaManagementToolCoordinator.lambda$process$1(SchemaManagementToolCoordinator.java:101)
	at java.base/java.util.HashMap.forEach(HashMap.java:1429)
	at org.hibernate.tool.schema.spi.SchemaManagementToolCoordinator.process(SchemaManagementToolCoordinator.java:100)
	at org.hibernate.boot.internal.SessionFactoryObserverForSchemaExport.sessionFactoryCreated(SessionFactoryObserverForSchemaExport.java:35)
	at org.hibernate.internal.SessionFactoryObserverChain.sessionFactoryCreated(SessionFactoryObserverChain.java:33)
	at org.hibernate.internal.SessionFactoryImpl.<init>(SessionFactoryImpl.java:323)
	at org.hibernate.internal.SessionFactoryRegistry.instantiateSessionFactory(SessionFactoryRegistry.java:64)
	at org.hibernate.boot.internal.SessionFactoryBuilderImpl.build(SessionFactoryBuilderImpl.java:437)
	at org.hibernate.jpa.boot.internal.EntityManagerFactoryBuilderImpl.build(EntityManagerFactoryBuilderImpl.java:1456)
	at org.springframework.orm.jpa.vendor.SpringHibernateJpaPersistenceProvider.createContainerEntityManagerFactory(SpringHibernateJpaPersistenceProvider.java:93)
	at org.springframework.orm.jpa.LocalContainerEntityManagerFactoryBean.createNativeEntityManagerFactory(LocalContainerEntityManagerFactoryBean.java:443)
	at org.springframework.orm.jpa.AbstractEntityManagerFactoryBean.buildNativeEntityManagerFactory(AbstractEntityManagerFactoryBean.java:436)
	at org.springframework.orm.jpa.AbstractEntityManagerFactoryBean.afterPropertiesSet(AbstractEntityManagerFactoryBean.java:411)
	at org.springframework.orm.jpa.LocalContainerEntityManagerFactoryBean.afterPropertiesSet(LocalContainerEntityManagerFactoryBean.java:419)
	at org.springframework.beans.factory.support.AbstractAutowireCapableBeanFactory.invokeInitMethods(AbstractAutowireCapableBeanFactory.java:1864)
	at org.springframework.beans.factory.support.AbstractAutowireCapableBeanFactory.initializeBean(AbstractAutowireCapableBeanFactory.java:1813)
	at org.springframework.beans.factory.support.AbstractAutowireCapableBeanFactory.doCreateBean(AbstractAutowireCapableBeanFactory.java:603)
	at org.springframework.beans.factory.support.AbstractAutowireCapableBeanFactory.createBean(AbstractAutowireCapableBeanFactory.java:525)
	at org.springframework.beans.factory.support.AbstractBeanFactory.lambda$doGetBean$0(AbstractBeanFactory.java:333)
	at org.springframework.beans.factory.support.DefaultSingletonBeanRegistry.getSingleton(DefaultSingletonBeanRegistry.java:371)
	at org.springframework.beans.factory.support.AbstractBeanFactory.doGetBean(AbstractBeanFactory.java:331)
	at org.springframework.beans.factory.support.AbstractBeanFactory.getBean(AbstractBeanFactory.java:201)
	at org.springframework.context.support.AbstractApplicationContext.finishBeanFactoryInitialization(AbstractApplicationContext.java:977)
	at org.springframework.context.support.AbstractApplicationContext.refresh(AbstractApplicationContext.java:621)
	at org.springframework.boot.web.server.servlet.context.ServletWebServerApplicationContext.refresh(ServletWebServerApplicationContext.java:143)
	at org.springframework.boot.SpringApplication.refresh(SpringApplication.java:756)
	at org.springframework.boot.SpringApplication.refreshContext(SpringApplication.java:445)
	at org.springframework.boot.SpringApplication.run(SpringApplication.java:321)
	at org.springframework.boot.SpringApplication.run(SpringApplication.java:1365)
	at org.springframework.boot.SpringApplication.run(SpringApplication.java:1354)
	at com.example.attendance.AttendanceSystemApplication.main(AttendanceSystemApplication.java:12)
Caused by: com.microsoft.sqlserver.jdbc.SQLServerException: 对象'PK__attendan__3213E83F505AAD30' 依赖于 列'id'。
	at com.microsoft.sqlserver.jdbc.SQLServerException.makeFromDatabaseError(SQLServerException.java:278)
	at com.microsoft.sqlserver.jdbc.SQLServerStatement.getNextResult(SQLServerStatement.java:1788)
	at com.microsoft.sqlserver.jdbc.SQLServerStatement.doExecuteStatement(SQLServerStatement.java:975)
	at com.microsoft.sqlserver.jdbc.SQLServerStatement$StmtExecCmd.doExecute(SQLServerStatement.java:869)
	at com.microsoft.sqlserver.jdbc.TDSCommand.execute(IOBuffer.java:7825)
	at com.microsoft.sqlserver.jdbc.SQLServerConnection.executeCommand(SQLServerConnection.java:4828)
	at com.microsoft.sqlserver.jdbc.SQLServerStatement.executeCommand(SQLServerStatement.java:321)
	at com.microsoft.sqlserver.jdbc.SQLServerStatement.executeStatement(SQLServerStatement.java:253)
	at com.microsoft.sqlserver.jdbc.SQLServerStatement.execute(SQLServerStatement.java:842)
	at com.zaxxer.hikari.pool.ProxyStatement.execute(ProxyStatement.java:95)
	at com.zaxxer.hikari.pool.HikariProxyStatement.execute(HikariProxyStatement.java)
	at org.hibernate.tool.schema.internal.exec.GenerationTargetToDatabase.accept(GenerationTargetToDatabase.java:76)
	... 38 common frames omitted
2026-06-09 14:05:28.748 [main] DEBUG org.hibernate.SQL - 
    alter table attendance 
       alter column student_status tinyint default 1
2026-06-09 14:05:28.748 [main] WARN  o.h.t.s.i.ExceptionHandlerLoggedImpl - GenerationTarget encountered exception accepting command : Error executing DDL "
    alter table attendance 
       alter column student_status tinyint default 1" via JDBC [关键字 'default' 附近有语法错误。]
org.hibernate.tool.schema.spi.CommandAcceptanceException: Error executing DDL "
    alter table attendance 
       alter column student_status tinyint default 1" via JDBC [关键字 'default' 附近有语法错误。]
	at org.hibernate.tool.schema.internal.exec.GenerationTargetToDatabase.accept(GenerationTargetToDatabase.java:81)
	at org.hibernate.tool.schema.internal.AbstractSchemaMigrator.applySqlString(AbstractSchemaMigrator.java:566)
	at org.hibernate.tool.schema.internal.AbstractSchemaMigrator.applySqlStrings(AbstractSchemaMigrator.java:506)
	at org.hibernate.tool.schema.internal.AbstractSchemaMigrator.migrateTable(AbstractSchemaMigrator.java:324)
	at org.hibernate.tool.schema.internal.GroupedSchemaMigratorImpl.performTablesMigration(GroupedSchemaMigratorImpl.java:84)
	at org.hibernate.tool.schema.internal.AbstractSchemaMigrator.performMigration(AbstractSchemaMigrator.java:220)
	at org.hibernate.tool.schema.internal.AbstractSchemaMigrator.doMigration(AbstractSchemaMigrator.java:96)
	at org.hibernate.tool.schema.spi.SchemaManagementToolCoordinator.performDatabaseAction(SchemaManagementToolCoordinator.java:269)
	at org.hibernate.tool.schema.spi.SchemaManagementToolCoordinator.lambda$process$1(SchemaManagementToolCoordinator.java:101)
	at java.base/java.util.HashMap.forEach(HashMap.java:1429)
	at org.hibernate.tool.schema.spi.SchemaManagementToolCoordinator.process(SchemaManagementToolCoordinator.java:100)
	at org.hibernate.boot.internal.SessionFactoryObserverForSchemaExport.sessionFactoryCreated(SessionFactoryObserverForSchemaExport.java:35)
	at org.hibernate.internal.SessionFactoryObserverChain.sessionFactoryCreated(SessionFactoryObserverChain.java:33)
	at org.hibernate.internal.SessionFactoryImpl.<init>(SessionFactoryImpl.java:323)
	at org.hibernate.internal.SessionFactoryRegistry.instantiateSessionFactory(SessionFactoryRegistry.java:64)
	at org.hibernate.boot.internal.SessionFactoryBuilderImpl.build(SessionFactoryBuilderImpl.java:437)
	at org.hibernate.jpa.boot.internal.EntityManagerFactoryBuilderImpl.build(EntityManagerFactoryBuilderImpl.java:1456)
	at org.springframework.orm.jpa.vendor.SpringHibernateJpaPersistenceProvider.createContainerEntityManagerFactory(SpringHibernateJpaPersistenceProvider.java:93)
	at org.springframework.orm.jpa.LocalContainerEntityManagerFactoryBean.createNativeEntityManagerFactory(LocalContainerEntityManagerFactoryBean.java:443)
	at org.springframework.orm.jpa.AbstractEntityManagerFactoryBean.buildNativeEntityManagerFactory(AbstractEntityManagerFactoryBean.java:436)
	at org.springframework.orm.jpa.AbstractEntityManagerFactoryBean.afterPropertiesSet(AbstractEntityManagerFactoryBean.java:411)
	at org.springframework.orm.jpa.LocalContainerEntityManagerFactoryBean.afterPropertiesSet(LocalContainerEntityManagerFactoryBean.java:419)
	at org.springframework.beans.factory.support.AbstractAutowireCapableBeanFactory.invokeInitMethods(AbstractAutowireCapableBeanFactory.java:1864)
	at org.springframework.beans.factory.support.AbstractAutowireCapableBeanFactory.initializeBean(AbstractAutowireCapableBeanFactory.java:1813)
	at org.springframework.beans.factory.support.AbstractAutowireCapableBeanFactory.doCreateBean(AbstractAutowireCapableBeanFactory.java:603)
	at org.springframework.beans.factory.support.AbstractAutowireCapableBeanFactory.createBean(AbstractAutowireCapableBeanFactory.java:525)
	at org.springframework.beans.factory.support.AbstractBeanFactory.lambda$doGetBean$0(AbstractBeanFactory.java:333)
	at org.springframework.beans.factory.support.DefaultSingletonBeanRegistry.getSingleton(DefaultSingletonBeanRegistry.java:371)
	at org.springframework.beans.factory.support.AbstractBeanFactory.doGetBean(AbstractBeanFactory.java:331)
	at org.springframework.beans.factory.support.AbstractBeanFactory.getBean(AbstractBeanFactory.java:201)
	at org.springframework.context.support.AbstractApplicationContext.finishBeanFactoryInitialization(AbstractApplicationContext.java:977)
	at org.springframework.context.support.AbstractApplicationContext.refresh(AbstractApplicationContext.java:621)
	at org.springframework.boot.web.server.servlet.context.ServletWebServerApplicationContext.refresh(ServletWebServerApplicationContext.java:143)
	at org.springframework.boot.SpringApplication.refresh(SpringApplication.java:756)
	at org.springframework.boot.SpringApplication.refreshContext(SpringApplication.java:445)
	at org.springframework.boot.SpringApplication.run(SpringApplication.java:321)
	at org.springframework.boot.SpringApplication.run(SpringApplication.java:1365)
	at org.springframework.boot.SpringApplication.run(SpringApplication.java:1354)
	at com.example.attendance.AttendanceSystemApplication.main(AttendanceSystemApplication.java:12)
Caused by: com.microsoft.sqlserver.jdbc.SQLServerException: 关键字 'default' 附近有语法错误。
	at com.microsoft.sqlserver.jdbc.SQLServerException.makeFromDatabaseError(SQLServerException.java:278)
	at com.microsoft.sqlserver.jdbc.SQLServerStatement.getNextResult(SQLServerStatement.java:1788)
	at com.microsoft.sqlserver.jdbc.SQLServerStatement.doExecuteStatement(SQLServerStatement.java:975)
	at com.microsoft.sqlserver.jdbc.SQLServerStatement$StmtExecCmd.doExecute(SQLServerStatement.java:869)
	at com.microsoft.sqlserver.jdbc.TDSCommand.execute(IOBuffer.java:7825)
	at com.microsoft.sqlserver.jdbc.SQLServerConnection.executeCommand(SQLServerConnection.java:4828)
	at com.microsoft.sqlserver.jdbc.SQLServerStatement.executeCommand(SQLServerStatement.java:321)
	at com.microsoft.sqlserver.jdbc.SQLServerStatement.executeStatement(SQLServerStatement.java:253)
	at com.microsoft.sqlserver.jdbc.SQLServerStatement.execute(SQLServerStatement.java:842)
	at com.zaxxer.hikari.pool.ProxyStatement.execute(ProxyStatement.java:95)
	at com.zaxxer.hikari.pool.HikariProxyStatement.execute(HikariProxyStatement.java)
	at org.hibernate.tool.schema.internal.exec.GenerationTargetToDatabase.accept(GenerationTargetToDatabase.java:76)
	... 38 common frames omitted
2026-06-09 14:05:28.749 [main] DEBUG org.hibernate.SQL - 
    alter table course_selection 
       alter column id bigint
2026-06-09 14:05:28.754 [main] WARN  o.h.t.s.i.ExceptionHandlerLoggedImpl - GenerationTarget encountered exception accepting command : Error executing DDL "
    alter table course_selection 
       alter column id bigint" via JDBC [对象'PK__course_s__3213E83FDFE3484D' 依赖于 列'id'。]
org.hibernate.tool.schema.spi.CommandAcceptanceException: Error executing DDL "
    alter table course_selection 
       alter column id bigint" via JDBC [对象'PK__course_s__3213E83FDFE3484D' 依赖于 列'id'。]
	at org.hibernate.tool.schema.internal.exec.GenerationTargetToDatabase.accept(GenerationTargetToDatabase.java:81)
	at org.hibernate.tool.schema.internal.AbstractSchemaMigrator.applySqlString(AbstractSchemaMigrator.java:566)
	at org.hibernate.tool.schema.internal.AbstractSchemaMigrator.applySqlStrings(AbstractSchemaMigrator.java:506)
	at org.hibernate.tool.schema.internal.AbstractSchemaMigrator.migrateTable(AbstractSchemaMigrator.java:324)
	at org.hibernate.tool.schema.internal.GroupedSchemaMigratorImpl.performTablesMigration(GroupedSchemaMigratorImpl.java:84)
	at org.hibernate.tool.schema.internal.AbstractSchemaMigrator.performMigration(AbstractSchemaMigrator.java:220)
	at org.hibernate.tool.schema.internal.AbstractSchemaMigrator.doMigration(AbstractSchemaMigrator.java:96)
	at org.hibernate.tool.schema.spi.SchemaManagementToolCoordinator.performDatabaseAction(SchemaManagementToolCoordinator.java:269)
	at org.hibernate.tool.schema.spi.SchemaManagementToolCoordinator.lambda$process$1(SchemaManagementToolCoordinator.java:101)
	at java.base/java.util.HashMap.forEach(HashMap.java:1429)
	at org.hibernate.tool.schema.spi.SchemaManagementToolCoordinator.process(SchemaManagementToolCoordinator.java:100)
	at org.hibernate.boot.internal.SessionFactoryObserverForSchemaExport.sessionFactoryCreated(SessionFactoryObserverForSchemaExport.java:35)
	at org.hibernate.internal.SessionFactoryObserverChain.sessionFactoryCreated(SessionFactoryObserverChain.java:33)
	at org.hibernate.internal.SessionFactoryImpl.<init>(SessionFactoryImpl.java:323)
	at org.hibernate.internal.SessionFactoryRegistry.instantiateSessionFactory(SessionFactoryRegistry.java:64)
	at org.hibernate.boot.internal.SessionFactoryBuilderImpl.build(SessionFactoryBuilderImpl.java:437)
	at org.hibernate.jpa.boot.internal.EntityManagerFactoryBuilderImpl.build(EntityManagerFactoryBuilderImpl.java:1456)
	at org.springframework.orm.jpa.vendor.SpringHibernateJpaPersistenceProvider.createContainerEntityManagerFactory(SpringHibernateJpaPersistenceProvider.java:93)
	at org.springframework.orm.jpa.LocalContainerEntityManagerFactoryBean.createNativeEntityManagerFactory(LocalContainerEntityManagerFactoryBean.java:443)
	at org.springframework.orm.jpa.AbstractEntityManagerFactoryBean.buildNativeEntityManagerFactory(AbstractEntityManagerFactoryBean.java:436)
	at org.springframework.orm.jpa.AbstractEntityManagerFactoryBean.afterPropertiesSet(AbstractEntityManagerFactoryBean.java:411)
	at org.springframework.orm.jpa.LocalContainerEntityManagerFactoryBean.afterPropertiesSet(LocalContainerEntityManagerFactoryBean.java:419)
	at org.springframework.beans.factory.support.AbstractAutowireCapableBeanFactory.invokeInitMethods(AbstractAutowireCapableBeanFactory.java:1864)
	at org.springframework.beans.factory.support.AbstractAutowireCapableBeanFactory.initializeBean(AbstractAutowireCapableBeanFactory.java:1813)
	at org.springframework.beans.factory.support.AbstractAutowireCapableBeanFactory.doCreateBean(AbstractAutowireCapableBeanFactory.java:603)
	at org.springframework.beans.factory.support.AbstractAutowireCapableBeanFactory.createBean(AbstractAutowireCapableBeanFactory.java:525)
	at org.springframework.beans.factory.support.AbstractBeanFactory.lambda$doGetBean$0(AbstractBeanFactory.java:333)
	at org.springframework.beans.factory.support.DefaultSingletonBeanRegistry.getSingleton(DefaultSingletonBeanRegistry.java:371)
	at org.springframework.beans.factory.support.AbstractBeanFactory.doGetBean(AbstractBeanFactory.java:331)
	at org.springframework.beans.factory.support.AbstractBeanFactory.getBean(AbstractBeanFactory.java:201)
	at org.springframework.context.support.AbstractApplicationContext.finishBeanFactoryInitialization(AbstractApplicationContext.java:977)
	at org.springframework.context.support.AbstractApplicationContext.refresh(AbstractApplicationContext.java:621)
	at org.springframework.boot.web.server.servlet.context.ServletWebServerApplicationContext.refresh(ServletWebServerApplicationContext.java:143)
	at org.springframework.boot.SpringApplication.refresh(SpringApplication.java:756)
	at org.springframework.boot.SpringApplication.refreshContext(SpringApplication.java:445)
	at org.springframework.boot.SpringApplication.run(SpringApplication.java:321)
	at org.springframework.boot.SpringApplication.run(SpringApplication.java:1365)
	at org.springframework.boot.SpringApplication.run(SpringApplication.java:1354)
	at com.example.attendance.AttendanceSystemApplication.main(AttendanceSystemApplication.java:12)
Caused by: com.microsoft.sqlserver.jdbc.SQLServerException: 对象'PK__course_s__3213E83FDFE3484D' 依赖于 列'id'。
	at com.microsoft.sqlserver.jdbc.SQLServerException.makeFromDatabaseError(SQLServerException.java:278)
	at com.microsoft.sqlserver.jdbc.SQLServerStatement.getNextResult(SQLServerStatement.java:1788)
	at com.microsoft.sqlserver.jdbc.SQLServerStatement.doExecuteStatement(SQLServerStatement.java:975)
	at com.microsoft.sqlserver.jdbc.SQLServerStatement$StmtExecCmd.doExecute(SQLServerStatement.java:869)
	at com.microsoft.sqlserver.jdbc.TDSCommand.execute(IOBuffer.java:7825)
	at com.microsoft.sqlserver.jdbc.SQLServerConnection.executeCommand(SQLServerConnection.java:4828)
	at com.microsoft.sqlserver.jdbc.SQLServerStatement.executeCommand(SQLServerStatement.java:321)
	at com.microsoft.sqlserver.jdbc.SQLServerStatement.executeStatement(SQLServerStatement.java:253)
	at com.microsoft.sqlserver.jdbc.SQLServerStatement.execute(SQLServerStatement.java:842)
	at com.zaxxer.hikari.pool.ProxyStatement.execute(ProxyStatement.java:95)
	at com.zaxxer.hikari.pool.HikariProxyStatement.execute(HikariProxyStatement.java)
	at org.hibernate.tool.schema.internal.exec.GenerationTargetToDatabase.accept(GenerationTargetToDatabase.java:76)
	... 38 common frames omitted
2026-06-09 14:05:28.754 [main] DEBUG org.hibernate.SQL - 
    alter table course_selection 
       alter column status tinyint default 1
2026-06-09 14:05:28.761 [main] WARN  o.h.t.s.i.ExceptionHandlerLoggedImpl - GenerationTarget encountered exception accepting command : Error executing DDL "
    alter table course_selection 
       alter column status tinyint default 1" via JDBC [关键字 'default' 附近有语法错误。]
org.hibernate.tool.schema.spi.CommandAcceptanceException: Error executing DDL "
    alter table course_selection 
       alter column status tinyint default 1" via JDBC [关键字 'default' 附近有语法错误。]
	at org.hibernate.tool.schema.internal.exec.GenerationTargetToDatabase.accept(GenerationTargetToDatabase.java:81)
	at org.hibernate.tool.schema.internal.AbstractSchemaMigrator.applySqlString(AbstractSchemaMigrator.java:566)
	at org.hibernate.tool.schema.internal.AbstractSchemaMigrator.applySqlStrings(AbstractSchemaMigrator.java:506)
	at org.hibernate.tool.schema.internal.AbstractSchemaMigrator.migrateTable(AbstractSchemaMigrator.java:324)
	at org.hibernate.tool.schema.internal.GroupedSchemaMigratorImpl.performTablesMigration(GroupedSchemaMigratorImpl.java:84)
	at org.hibernate.tool.schema.internal.AbstractSchemaMigrator.performMigration(AbstractSchemaMigrator.java:220)
	at org.hibernate.tool.schema.internal.AbstractSchemaMigrator.doMigration(AbstractSchemaMigrator.java:96)
	at org.hibernate.tool.schema.spi.SchemaManagementToolCoordinator.performDatabaseAction(SchemaManagementToolCoordinator.java:269)
	at org.hibernate.tool.schema.spi.SchemaManagementToolCoordinator.lambda$process$1(SchemaManagementToolCoordinator.java:101)
	at java.base/java.util.HashMap.forEach(HashMap.java:1429)
	at org.hibernate.tool.schema.spi.SchemaManagementToolCoordinator.process(SchemaManagementToolCoordinator.java:100)
	at org.hibernate.boot.internal.SessionFactoryObserverForSchemaExport.sessionFactoryCreated(SessionFactoryObserverForSchemaExport.java:35)
	at org.hibernate.internal.SessionFactoryObserverChain.sessionFactoryCreated(SessionFactoryObserverChain.java:33)
	at org.hibernate.internal.SessionFactoryImpl.<init>(SessionFactoryImpl.java:323)
	at org.hibernate.internal.SessionFactoryRegistry.instantiateSessionFactory(SessionFactoryRegistry.java:64)
	at org.hibernate.boot.internal.SessionFactoryBuilderImpl.build(SessionFactoryBuilderImpl.java:437)
	at org.hibernate.jpa.boot.internal.EntityManagerFactoryBuilderImpl.build(EntityManagerFactoryBuilderImpl.java:1456)
	at org.springframework.orm.jpa.vendor.SpringHibernateJpaPersistenceProvider.createContainerEntityManagerFactory(SpringHibernateJpaPersistenceProvider.java:93)
	at org.springframework.orm.jpa.LocalContainerEntityManagerFactoryBean.createNativeEntityManagerFactory(LocalContainerEntityManagerFactoryBean.java:443)
	at org.springframework.orm.jpa.AbstractEntityManagerFactoryBean.buildNativeEntityManagerFactory(AbstractEntityManagerFactoryBean.java:436)
	at org.springframework.orm.jpa.AbstractEntityManagerFactoryBean.afterPropertiesSet(AbstractEntityManagerFactoryBean.java:411)
	at org.springframework.orm.jpa.LocalContainerEntityManagerFactoryBean.afterPropertiesSet(LocalContainerEntityManagerFactoryBean.java:419)
	at org.springframework.beans.factory.support.AbstractAutowireCapableBeanFactory.invokeInitMethods(AbstractAutowireCapableBeanFactory.java:1864)
	at org.springframework.beans.factory.support.AbstractAutowireCapableBeanFactory.initializeBean(AbstractAutowireCapableBeanFactory.java:1813)
	at org.springframework.beans.factory.support.AbstractAutowireCapableBeanFactory.doCreateBean(AbstractAutowireCapableBeanFactory.java:603)
	at org.springframework.beans.factory.support.AbstractAutowireCapableBeanFactory.createBean(AbstractAutowireCapableBeanFactory.java:525)
	at org.springframework.beans.factory.support.AbstractBeanFactory.lambda$doGetBean$0(AbstractBeanFactory.java:333)
	at org.springframework.beans.factory.support.DefaultSingletonBeanRegistry.getSingleton(DefaultSingletonBeanRegistry.java:371)
	at org.springframework.beans.factory.support.AbstractBeanFactory.doGetBean(AbstractBeanFactory.java:331)
	at org.springframework.beans.factory.support.AbstractBeanFactory.getBean(AbstractBeanFactory.java:201)
	at org.springframework.context.support.AbstractApplicationContext.finishBeanFactoryInitialization(AbstractApplicationContext.java:977)
	at org.springframework.context.support.AbstractApplicationContext.refresh(AbstractApplicationContext.java:621)
	at org.springframework.boot.web.server.servlet.context.ServletWebServerApplicationContext.refresh(ServletWebServerApplicationContext.java:143)
	at org.springframework.boot.SpringApplication.refresh(SpringApplication.java:756)
	at org.springframework.boot.SpringApplication.refreshContext(SpringApplication.java:445)
	at org.springframework.boot.SpringApplication.run(SpringApplication.java:321)
	at org.springframework.boot.SpringApplication.run(SpringApplication.java:1365)
	at org.springframework.boot.SpringApplication.run(SpringApplication.java:1354)
	at com.example.attendance.AttendanceSystemApplication.main(AttendanceSystemApplication.java:12)
Caused by: com.microsoft.sqlserver.jdbc.SQLServerException: 关键字 'default' 附近有语法错误。
	at com.microsoft.sqlserver.jdbc.SQLServerException.makeFromDatabaseError(SQLServerException.java:278)
	at com.microsoft.sqlserver.jdbc.SQLServerStatement.getNextResult(SQLServerStatement.java:1788)
	at com.microsoft.sqlserver.jdbc.SQLServerStatement.doExecuteStatement(SQLServerStatement.java:975)
	at com.microsoft.sqlserver.jdbc.SQLServerStatement$StmtExecCmd.doExecute(SQLServerStatement.java:869)
	at com.microsoft.sqlserver.jdbc.TDSCommand.execute(IOBuffer.java:7825)
	at com.microsoft.sqlserver.jdbc.SQLServerConnection.executeCommand(SQLServerConnection.java:4828)
	at com.microsoft.sqlserver.jdbc.SQLServerStatement.executeCommand(SQLServerStatement.java:321)
	at com.microsoft.sqlserver.jdbc.SQLServerStatement.executeStatement(SQLServerStatement.java:253)
	at com.microsoft.sqlserver.jdbc.SQLServerStatement.execute(SQLServerStatement.java:842)
	at com.zaxxer.hikari.pool.ProxyStatement.execute(ProxyStatement.java:95)
	at com.zaxxer.hikari.pool.HikariProxyStatement.execute(HikariProxyStatement.java)
	at org.hibernate.tool.schema.internal.exec.GenerationTargetToDatabase.accept(GenerationTargetToDatabase.java:76)
	... 38 common frames omitted
2026-06-09 14:05:28.763 [main] INFO  o.s.o.j.LocalContainerEntityManagerFactoryBean - Initialized JPA EntityManagerFactory for persistence unit 'default'
2026-06-09 14:05:28.808 [main] INFO  o.s.d.j.r.q.QueryEnhancerFactories - Hibernate is in classpath; If applicable, HQL parser will be used.
2026-06-09 14:05:29.610 [main] WARN  o.s.b.j.a.JpaBaseConfiguration$JpaWebConfiguration - spring.jpa.open-in-view is enabled by default. Therefore, database queries may be performed during view rendering. Explicitly configure spring.jpa.open-in-view to disable this warning
2026-06-09 14:05:29.646 [main] INFO  o.s.s.c.a.a.c.InitializeUserDetailsBeanManagerConfigurer$InitializeUserDetailsManagerConfigurer - Global AuthenticationManager configured with UserDetailsService bean with name myUserDetailsServiceImpl
2026-06-09 14:05:29.734 [main] INFO  o.s.b.w.a.WelcomePageHandlerMapping - Adding welcome page template: index
2026-06-09 14:05:30.916 [main] INFO  o.s.cloud.commons.util.InetUtils - Cannot determine local hostname
2026-06-09 14:05:30.943 [main] INFO  o.a.coyote.http11.Http11NioProtocol - Starting ProtocolHandler ["http-nio-0.0.0.0-8080"]
2026-06-09 14:05:30.956 [main] INFO  o.s.boot.tomcat.TomcatWebServer - Tomcat started on port 8080 (http) with context path '/'
2026-06-09 14:05:31.972 [main] INFO  o.s.cloud.commons.util.InetUtils - Cannot determine local hostname
2026-06-09 14:05:31.975 [main] INFO  c.e.a.AttendanceSystemApplication - Started AttendanceSystemApplication in 8.024 seconds (process running for 8.519)
2026-06-09 14:05:32.880 [http-nio-0.0.0.0-8080-exec-3] INFO  o.a.c.c.C.[Tomcat].[localhost].[/] - Initializing Spring DispatcherServlet 'dispatcherServlet'
2026-06-09 14:05:32.880 [http-nio-0.0.0.0-8080-exec-3] INFO  o.s.web.servlet.DispatcherServlet - Initializing Servlet 'dispatcherServlet'
2026-06-09 14:05:32.881 [http-nio-0.0.0.0-8080-exec-3] INFO  o.s.web.servlet.DispatcherServlet - Completed initialization in 1 ms
2026-06-09 14:05:33.070 [http-nio-0.0.0.0-8080-exec-7] DEBUG org.hibernate.SQL - 
    select
        u1_0.id,
        u1_0.class_name,
        u1_0.create_time,
        u1_0.gender,
        u1_0.real_name,
        u1_0.username,
        u1_0.userpassword,
        u1_0.userrole 
    from
        my_user u1_0 
    where
        u1_0.username=?
2026-06-09 14:05:33.091 [http-nio-0.0.0.0-8080-exec-7] DEBUG org.hibernate.SQL - 
    select
        c1_0.id,
        c1_0.class_name,
        c1_0.course_id,
        c1_0.course_name,
        c1_0.create_time,
        c1_0.location,
        c1_0.teacher_id,
        c1_0.teacher_name,
        c1_0.time_slot,
        c1_0.week_day 
    from
        course c1_0 
    where
        c1_0.teacher_id=?
2026-06-09 14:05:33.097 [http-nio-0.0.0.0-8080-exec-7] DEBUG org.hibernate.SQL - 
    select
        count_big(distinct cs1_0.student_id) 
    from
        course_selection cs1_0 
    where
        cs1_0.course_id in (?) 
        and cs1_0.status=1
2026-06-09 14:05:33.100 [http-nio-0.0.0.0-8080-exec-7] DEBUG org.hibernate.SQL - 
    select
        a1_0.id,
        a1_0.check_in_time,
        a1_0.course_id,
        a1_0.create_time,
        a1_0.ip_address,
        a1_0.reason,
        a1_0.sign_in_id,
        a1_0.student_id,
        a1_0.student_name,
        a1_0.student_status,
        a1_0.update_time 
    from
        attendance a1_0 
    where
        a1_0.course_id=?
2026-06-09 14:05:35.471 [http-nio-0.0.0.0-8080-exec-8] DEBUG org.hibernate.SQL - 
    select
        c1_0.id,
        c1_0.class_name,
        c1_0.course_id,
        c1_0.course_name,
        c1_0.create_time,
        c1_0.location,
        c1_0.teacher_id,
        c1_0.teacher_name,
        c1_0.time_slot,
        c1_0.week_day 
    from
        course c1_0 
    where
        c1_0.teacher_id=?
2026-06-09 14:05:35.477 [http-nio-0.0.0.0-8080-exec-8] DEBUG org.hibernate.SQL - 
    select
        distinct s1_0.student_id,
        s1_0.age,
        s1_0.birth_date,
        s1_0.class_name,
        s1_0.email,
        s1_0.gender,
        s1_0.student_name,
        s1_0.phone 
    from
        student s1_0 
    join
        course_selection cs1_0 
            on s1_0.student_id=cs1_0.student_id 
    where
        cs1_0.course_id in (?) 
        and cs1_0.status=1
2026-06-09 14:05:36.936 [http-nio-0.0.0.0-8080-exec-9] DEBUG org.hibernate.SQL - 
    select
        u1_0.id,
        u1_0.class_name,
        u1_0.create_time,
        u1_0.gender,
        u1_0.real_name,
        u1_0.username,
        u1_0.userpassword,
        u1_0.userrole 
    from
        my_user u1_0 
    where
        u1_0.username=?
2026-06-09 14:05:36.943 [http-nio-0.0.0.0-8080-exec-9] DEBUG org.hibernate.SQL - 
    select
        c1_0.id,
        c1_0.class_name,
        c1_0.course_id,
        c1_0.course_name,
        c1_0.create_time,
        c1_0.location,
        c1_0.teacher_id,
        c1_0.teacher_name,
        c1_0.time_slot,
        c1_0.week_day 
    from
        course c1_0 
    where
        c1_0.teacher_id=?
2026-06-09 14:05:36.946 [http-nio-0.0.0.0-8080-exec-9] DEBUG org.hibernate.SQL - 
    select
        count_big(distinct cs1_0.student_id) 
    from
        course_selection cs1_0 
    where
        cs1_0.course_id in (?) 
        and cs1_0.status=1
2026-06-09 14:05:36.946 [http-nio-0.0.0.0-8080-exec-9] DEBUG org.hibernate.SQL - 
    select
        a1_0.id,
        a1_0.check_in_time,
        a1_0.course_id,
        a1_0.create_time,
        a1_0.ip_address,
        a1_0.reason,
        a1_0.sign_in_id,
        a1_0.student_id,
        a1_0.student_name,
        a1_0.student_status,
        a1_0.update_time 
    from
        attendance a1_0 
    where
        a1_0.course_id=?
2026-06-09 14:05:38.541 [http-nio-0.0.0.0-8080-exec-5] DEBUG c.e.a.s.impl.AttendanceServiceImpl - 按条件查询考勤记录，学生ID: null, 课程ID: null, 状态: null
2026-06-09 14:05:38.602 [http-nio-0.0.0.0-8080-exec-5] DEBUG org.hibernate.SQL - 
    select
        a1_0.id,
        a1_0.check_in_time,
        a1_0.course_id,
        a1_0.create_time,
        a1_0.ip_address,
        a1_0.reason,
        a1_0.sign_in_id,
        a1_0.student_id,
        a1_0.student_name,
        a1_0.student_status,
        a1_0.update_time 
    from
        attendance a1_0 
    where
        1=1 
    order by
        a1_0.check_in_time desc 
    offset
        ? rows 
    fetch
        first ? rows only
2026-06-09 14:05:38.625 [http-nio-0.0.0.0-8080-exec-5] DEBUG org.hibernate.SQL - 
    select
        count_big(a1_0.id) 
    from
        attendance a1_0 
    where
        1=1
2026-06-09 14:05:38.640 [http-nio-0.0.0.0-8080-exec-5] INFO  c.e.a.s.impl.AttendanceServiceImpl - 条件查询考勤记录完成，总数: 29
2026-06-09 14:05:38.646 [http-nio-0.0.0.0-8080-exec-5] WARN  o.s.d.w.c.SpringDataJackson3Configuration$PageModule$WarningLoggingModifier - Serializing PageImpl instances as-is is not supported, meaning that there is no guarantee about the stability of the resulting JSON structure!
	For a stable JSON structure, please use Spring Data's PagedModel (globally via @EnableSpringDataWebSupport(pageSerializationMode = VIA_DTO))
	or Spring HATEOAS and Spring Data's PagedResourcesAssembler as documented in https://docs.spring.io/spring-data/commons/reference/repositories/core-extensions.html#core.web.pageables.

2026-06-09 14:05:49.982 [http-nio-0.0.0.0-8080-exec-10] DEBUG org.hibernate.SQL - 
    select
        u1_0.id,
        u1_0.class_name,
        u1_0.create_time,
        u1_0.gender,
        u1_0.real_name,
        u1_0.username,
        u1_0.userpassword,
        u1_0.userrole 
    from
        my_user u1_0 
    where
        u1_0.username=?
2026-06-09 14:05:49.996 [http-nio-0.0.0.0-8080-exec-10] DEBUG org.hibernate.SQL - 
    select
        c1_0.id,
        c1_0.class_name,
        c1_0.course_id,
        c1_0.course_name,
        c1_0.create_time,
        c1_0.location,
        c1_0.teacher_id,
        c1_0.teacher_name,
        c1_0.time_slot,
        c1_0.week_day 
    from
        course c1_0 
    where
        c1_0.teacher_id=?
2026-06-09 14:05:50.000 [http-nio-0.0.0.0-8080-exec-10] DEBUG org.hibernate.SQL - 
    select
        count_big(distinct cs1_0.student_id) 
    from
        course_selection cs1_0 
    where
        cs1_0.course_id in (?) 
        and cs1_0.status=1
2026-06-09 14:05:50.011 [http-nio-0.0.0.0-8080-exec-10] DEBUG org.hibernate.SQL - 
    select
        a1_0.id,
        a1_0.check_in_time,
        a1_0.course_id,
        a1_0.create_time,
        a1_0.ip_address,
        a1_0.reason,
        a1_0.sign_in_id,
        a1_0.student_id,
        a1_0.student_name,
        a1_0.student_status,
        a1_0.update_time 
    from
        attendance a1_0 
    where
        a1_0.course_id=?
2026-06-09 14:05:53.110 [http-nio-0.0.0.0-8080-exec-4] DEBUG org.hibernate.SQL - 
    select
        u1_0.id,
        u1_0.class_name,
        u1_0.create_time,
        u1_0.gender,
        u1_0.real_name,
        u1_0.username,
        u1_0.userpassword,
        u1_0.userrole 
    from
        my_user u1_0 
    where
        u1_0.username=?
2026-06-09 14:05:53.113 [http-nio-0.0.0.0-8080-exec-4] DEBUG org.hibernate.SQL - 
    select
        c1_0.id,
        c1_0.class_name,
        c1_0.course_id,
        c1_0.course_name,
        c1_0.create_time,
        c1_0.location,
        c1_0.teacher_id,
        c1_0.teacher_name,
        c1_0.time_slot,
        c1_0.week_day 
    from
        course c1_0 
    where
        c1_0.teacher_id=?
2026-06-09 14:05:53.115 [http-nio-0.0.0.0-8080-exec-3] DEBUG c.e.a.s.impl.AttendanceServiceImpl - 按条件查询考勤记录，学生ID: null, 课程ID: null, 状态: null
2026-06-09 14:05:53.115 [http-nio-0.0.0.0-8080-exec-4] DEBUG org.hibernate.SQL - 
    select
        count_big(distinct cs1_0.student_id) 
    from
        course_selection cs1_0 
    where
        cs1_0.course_id in (?) 
        and cs1_0.status=1
2026-06-09 14:05:53.115 [http-nio-0.0.0.0-8080-exec-4] DEBUG org.hibernate.SQL - 
    select
        a1_0.id,
        a1_0.check_in_time,
        a1_0.course_id,
        a1_0.create_time,
        a1_0.ip_address,
        a1_0.reason,
        a1_0.sign_in_id,
        a1_0.student_id,
        a1_0.student_name,
        a1_0.student_status,
        a1_0.update_time 
    from
        attendance a1_0 
    where
        a1_0.course_id=?
2026-06-09 14:05:53.120 [http-nio-0.0.0.0-8080-exec-3] DEBUG org.hibernate.SQL - 
    select
        a1_0.id,
        a1_0.check_in_time,
        a1_0.course_id,
        a1_0.create_time,
        a1_0.ip_address,
        a1_0.reason,
        a1_0.sign_in_id,
        a1_0.student_id,
        a1_0.student_name,
        a1_0.student_status,
        a1_0.update_time 
    from
        attendance a1_0 
    where
        1=1 
    order by
        a1_0.check_in_time desc 
    offset
        ? rows 
    fetch
        first ? rows only
2026-06-09 14:05:53.126 [http-nio-0.0.0.0-8080-exec-3] DEBUG org.hibernate.SQL - 
    select
        count_big(a1_0.id) 
    from
        attendance a1_0 
    where
        1=1
2026-06-09 14:05:53.130 [http-nio-0.0.0.0-8080-exec-3] INFO  c.e.a.s.impl.AttendanceServiceImpl - 条件查询考勤记录完成，总数: 29
2026-06-09 14:05:55.446 [http-nio-0.0.0.0-8080-exec-7] DEBUG c.e.a.s.impl.AttendanceServiceImpl - 按条件查询考勤记录，学生ID: null, 课程ID: null, 状态: null
2026-06-09 14:05:55.459 [http-nio-0.0.0.0-8080-exec-7] DEBUG org.hibernate.SQL - 
    select
        a1_0.id,
        a1_0.check_in_time,
        a1_0.course_id,
        a1_0.create_time,
        a1_0.ip_address,
        a1_0.reason,
        a1_0.sign_in_id,
        a1_0.student_id,
        a1_0.student_name,
        a1_0.student_status,
        a1_0.update_time 
    from
        attendance a1_0 
    where
        1=1 
    order by
        a1_0.check_in_time desc 
    offset
        ? rows 
    fetch
        first ? rows only
2026-06-09 14:05:55.464 [http-nio-0.0.0.0-8080-exec-7] DEBUG org.hibernate.SQL - 
    select
        count_big(a1_0.id) 
    from
        attendance a1_0 
    where
        1=1
2026-06-09 14:05:55.465 [http-nio-0.0.0.0-8080-exec-7] INFO  c.e.a.s.impl.AttendanceServiceImpl - 条件查询考勤记录完成，总数: 29
2026-06-09 14:05:56.991 [http-nio-0.0.0.0-8080-exec-6] DEBUG org.hibernate.SQL - 
    select
        u1_0.id,
        u1_0.class_name,
        u1_0.create_time,
        u1_0.gender,
        u1_0.real_name,
        u1_0.username,
        u1_0.userpassword,
        u1_0.userrole 
    from
        my_user u1_0 
    where
        u1_0.username=?
2026-06-09 14:05:56.995 [http-nio-0.0.0.0-8080-exec-6] DEBUG org.hibernate.SQL - 
    select
        c1_0.id,
        c1_0.class_name,
        c1_0.course_id,
        c1_0.course_name,
        c1_0.create_time,
        c1_0.location,
        c1_0.teacher_id,
        c1_0.teacher_name,
        c1_0.time_slot,
        c1_0.week_day 
    from
        course c1_0 
    where
        c1_0.teacher_id=?
2026-06-09 14:05:56.997 [http-nio-0.0.0.0-8080-exec-6] DEBUG org.hibernate.SQL - 
    select
        count_big(distinct cs1_0.student_id) 
    from
        course_selection cs1_0 
    where
        cs1_0.course_id in (?) 
        and cs1_0.status=1
2026-06-09 14:05:56.998 [http-nio-0.0.0.0-8080-exec-6] DEBUG org.hibernate.SQL - 
    select
        a1_0.id,
        a1_0.check_in_time,
        a1_0.course_id,
        a1_0.create_time,
        a1_0.ip_address,
        a1_0.reason,
        a1_0.sign_in_id,
        a1_0.student_id,
        a1_0.student_name,
        a1_0.student_status,
        a1_0.update_time 
    from
        attendance a1_0 
    where
        a1_0.course_id=?
2026-06-09 14:06:04.069 [http-nio-0.0.0.0-8080-exec-2] DEBUG org.hibernate.SQL - 
    select
        u1_0.id,
        u1_0.class_name,
        u1_0.create_time,
        u1_0.gender,
        u1_0.real_name,
        u1_0.username,
        u1_0.userpassword,
        u1_0.userrole 
    from
        my_user u1_0 
    where
        u1_0.username=?
2026-06-09 14:06:05.668 [http-nio-0.0.0.0-8080-exec-1] DEBUG org.hibernate.SQL - 
    select
        u1_0.id,
        u1_0.class_name,
        u1_0.create_time,
        u1_0.gender,
        u1_0.real_name,
        u1_0.username,
        u1_0.userpassword,
        u1_0.userrole 
    from
        my_user u1_0 
    where
        u1_0.username=?
2026-06-09 14:06:05.670 [http-nio-0.0.0.0-8080-exec-1] DEBUG org.hibernate.SQL - 
    select
        c1_0.id,
        c1_0.class_name,
        c1_0.course_id,
        c1_0.course_name,
        c1_0.create_time,
        c1_0.location,
        c1_0.teacher_id,
        c1_0.teacher_name,
        c1_0.time_slot,
        c1_0.week_day 
    from
        course c1_0 
    where
        c1_0.teacher_id=?
2026-06-09 14:06:05.673 [http-nio-0.0.0.0-8080-exec-1] DEBUG org.hibernate.SQL - 
    select
        count_big(distinct cs1_0.student_id) 
    from
        course_selection cs1_0 
    where
        cs1_0.course_id in (?, ?, ?) 
        and cs1_0.status=1
2026-06-09 14:06:05.683 [http-nio-0.0.0.0-8080-exec-1] DEBUG org.hibernate.SQL - 
    select
        a1_0.id,
        a1_0.check_in_time,
        a1_0.course_id,
        a1_0.create_time,
        a1_0.ip_address,
        a1_0.reason,
        a1_0.sign_in_id,
        a1_0.student_id,
        a1_0.student_name,
        a1_0.student_status,
        a1_0.update_time 
    from
        attendance a1_0 
    where
        a1_0.course_id=?
2026-06-09 14:06:05.685 [http-nio-0.0.0.0-8080-exec-1] DEBUG org.hibernate.SQL - 
    select
        a1_0.id,
        a1_0.check_in_time,
        a1_0.course_id,
        a1_0.create_time,
        a1_0.ip_address,
        a1_0.reason,
        a1_0.sign_in_id,
        a1_0.student_id,
        a1_0.student_name,
        a1_0.student_status,
        a1_0.update_time 
    from
        attendance a1_0 
    where
        a1_0.course_id=?
2026-06-09 14:06:05.688 [http-nio-0.0.0.0-8080-exec-1] DEBUG org.hibernate.SQL - 
    select
        a1_0.id,
        a1_0.check_in_time,
        a1_0.course_id,
        a1_0.create_time,
        a1_0.ip_address,
        a1_0.reason,
        a1_0.sign_in_id,
        a1_0.student_id,
        a1_0.student_name,
        a1_0.student_status,
        a1_0.update_time 
    from
        attendance a1_0 
    where
        a1_0.course_id=?
2026-06-09 14:06:07.648 [http-nio-0.0.0.0-8080-exec-4] DEBUG c.e.a.s.impl.AttendanceServiceImpl - 按条件查询考勤记录，学生ID: null, 课程ID: null, 状态: null
2026-06-09 14:06:07.660 [http-nio-0.0.0.0-8080-exec-4] DEBUG org.hibernate.SQL - 
    select
        a1_0.id,
        a1_0.check_in_time,
        a1_0.course_id,
        a1_0.create_time,
        a1_0.ip_address,
        a1_0.reason,
        a1_0.sign_in_id,
        a1_0.student_id,
        a1_0.student_name,
        a1_0.student_status,
        a1_0.update_time 
    from
        attendance a1_0 
    where
        1=1 
    order by
        a1_0.check_in_time desc 
    offset
        ? rows 
    fetch
        first ? rows only
2026-06-09 14:06:07.662 [http-nio-0.0.0.0-8080-exec-4] DEBUG org.hibernate.SQL - 
    select
        count_big(a1_0.id) 
    from
        attendance a1_0 
    where
        1=1
2026-06-09 14:06:07.663 [http-nio-0.0.0.0-8080-exec-4] INFO  c.e.a.s.impl.AttendanceServiceImpl - 条件查询考勤记录完成，总数: 29
2026-06-09 14:06:08.880 [http-nio-0.0.0.0-8080-exec-7] DEBUG org.hibernate.SQL - 
    select
        u1_0.id,
        u1_0.class_name,
        u1_0.create_time,
        u1_0.gender,
        u1_0.real_name,
        u1_0.username,
        u1_0.userpassword,
        u1_0.userrole 
    from
        my_user u1_0 
    where
        u1_0.username=?
2026-06-09 14:06:08.885 [http-nio-0.0.0.0-8080-exec-7] DEBUG org.hibernate.SQL - 
    select
        c1_0.id,
        c1_0.class_name,
        c1_0.course_id,
        c1_0.course_name,
        c1_0.create_time,
        c1_0.location,
        c1_0.teacher_id,
        c1_0.teacher_name,
        c1_0.time_slot,
        c1_0.week_day 
    from
        course c1_0 
    where
        c1_0.teacher_id=?
2026-06-09 14:06:08.888 [http-nio-0.0.0.0-8080-exec-7] DEBUG org.hibernate.SQL - 
    select
        count_big(distinct cs1_0.student_id) 
    from
        course_selection cs1_0 
    where
        cs1_0.course_id in (?, ?, ?) 
        and cs1_0.status=1
2026-06-09 14:06:08.890 [http-nio-0.0.0.0-8080-exec-7] DEBUG org.hibernate.SQL - 
    select
        a1_0.id,
        a1_0.check_in_time,
        a1_0.course_id,
        a1_0.create_time,
        a1_0.ip_address,
        a1_0.reason,
        a1_0.sign_in_id,
        a1_0.student_id,
        a1_0.student_name,
        a1_0.student_status,
        a1_0.update_time 
    from
        attendance a1_0 
    where
        a1_0.course_id=?
2026-06-09 14:06:08.892 [http-nio-0.0.0.0-8080-exec-7] DEBUG org.hibernate.SQL - 
    select
        a1_0.id,
        a1_0.check_in_time,
        a1_0.course_id,
        a1_0.create_time,
        a1_0.ip_address,
        a1_0.reason,
        a1_0.sign_in_id,
        a1_0.student_id,
        a1_0.student_name,
        a1_0.student_status,
        a1_0.update_time 
    from
        attendance a1_0 
    where
        a1_0.course_id=?
2026-06-09 14:06:08.893 [http-nio-0.0.0.0-8080-exec-7] DEBUG org.hibernate.SQL - 
    select
        a1_0.id,
        a1_0.check_in_time,
        a1_0.course_id,
        a1_0.create_time,
        a1_0.ip_address,
        a1_0.reason,
        a1_0.sign_in_id,
        a1_0.student_id,
        a1_0.student_name,
        a1_0.student_status,
        a1_0.update_time 
    from
        attendance a1_0 
    where
        a1_0.course_id=?
2026-06-09 14:06:10.982 [http-nio-0.0.0.0-8080-exec-8] DEBUG org.hibernate.SQL - 
    select
        c1_0.id,
        c1_0.class_name,
        c1_0.course_id,
        c1_0.course_name,
        c1_0.create_time,
        c1_0.location,
        c1_0.teacher_id,
        c1_0.teacher_name,
        c1_0.time_slot,
        c1_0.week_day 
    from
        course c1_0 
    where
        c1_0.teacher_id=?
2026-06-09 14:06:10.985 [http-nio-0.0.0.0-8080-exec-8] DEBUG org.hibernate.SQL - 
    select
        distinct s1_0.student_id,
        s1_0.age,
        s1_0.birth_date,
        s1_0.class_name,
        s1_0.email,
        s1_0.gender,
        s1_0.student_name,
        s1_0.phone 
    from
        student s1_0 
    join
        course_selection cs1_0 
            on s1_0.student_id=cs1_0.student_id 
    where
        cs1_0.course_id in (?, ?, ?) 
        and cs1_0.status=1
2026-06-09 14:06:13.988 [http-nio-0.0.0.0-8080-exec-9] DEBUG org.hibernate.SQL - 
    select
        u1_0.id,
        u1_0.class_name,
        u1_0.create_time,
        u1_0.gender,
        u1_0.real_name,
        u1_0.username,
        u1_0.userpassword,
        u1_0.userrole 
    from
        my_user u1_0 
    where
        u1_0.username=?
2026-06-09 14:06:13.991 [http-nio-0.0.0.0-8080-exec-9] DEBUG org.hibernate.SQL - 
    select
        c1_0.id,
        c1_0.class_name,
        c1_0.course_id,
        c1_0.course_name,
        c1_0.create_time,
        c1_0.location,
        c1_0.teacher_id,
        c1_0.teacher_name,
        c1_0.time_slot,
        c1_0.week_day 
    from
        course c1_0 
    where
        c1_0.teacher_id=?
2026-06-09 14:06:13.994 [http-nio-0.0.0.0-8080-exec-9] DEBUG org.hibernate.SQL - 
    select
        count_big(distinct cs1_0.student_id) 
    from
        course_selection cs1_0 
    where
        cs1_0.course_id in (?, ?, ?) 
        and cs1_0.status=1
2026-06-09 14:06:13.996 [http-nio-0.0.0.0-8080-exec-9] DEBUG org.hibernate.SQL - 
    select
        a1_0.id,
        a1_0.check_in_time,
        a1_0.course_id,
        a1_0.create_time,
        a1_0.ip_address,
        a1_0.reason,
        a1_0.sign_in_id,
        a1_0.student_id,
        a1_0.student_name,
        a1_0.student_status,
        a1_0.update_time 
    from
        attendance a1_0 
    where
        a1_0.course_id=?
2026-06-09 14:06:13.997 [http-nio-0.0.0.0-8080-exec-9] DEBUG org.hibernate.SQL - 
    select
        a1_0.id,
        a1_0.check_in_time,
        a1_0.course_id,
        a1_0.create_time,
        a1_0.ip_address,
        a1_0.reason,
        a1_0.sign_in_id,
        a1_0.student_id,
        a1_0.student_name,
        a1_0.student_status,
        a1_0.update_time 
    from
        attendance a1_0 
    where
        a1_0.course_id=?
2026-06-09 14:06:13.998 [http-nio-0.0.0.0-8080-exec-9] DEBUG org.hibernate.SQL - 
    select
        a1_0.id,
        a1_0.check_in_time,
        a1_0.course_id,
        a1_0.create_time,
        a1_0.ip_address,
        a1_0.reason,
        a1_0.sign_in_id,
        a1_0.student_id,
        a1_0.student_name,
        a1_0.student_status,
        a1_0.update_time 
    from
        attendance a1_0 
    where
        a1_0.course_id=?
2026-06-09 14:06:16.833 [http-nio-0.0.0.0-8080-exec-5] DEBUG c.e.a.s.impl.AttendanceServiceImpl - 按条件查询考勤记录，学生ID: null, 课程ID: null, 状态: null
2026-06-09 14:06:16.835 [http-nio-0.0.0.0-8080-exec-5] DEBUG org.hibernate.SQL - 
    select
        a1_0.id,
        a1_0.check_in_time,
        a1_0.course_id,
        a1_0.create_time,
        a1_0.ip_address,
        a1_0.reason,
        a1_0.sign_in_id,
        a1_0.student_id,
        a1_0.student_name,
        a1_0.student_status,
        a1_0.update_time 
    from
        attendance a1_0 
    where
        1=1 
    order by
        a1_0.check_in_time desc 
    offset
        ? rows 
    fetch
        first ? rows only
2026-06-09 14:06:16.838 [http-nio-0.0.0.0-8080-exec-5] DEBUG org.hibernate.SQL - 
    select
        count_big(a1_0.id) 
    from
        attendance a1_0 
    where
        1=1
2026-06-09 14:06:16.840 [http-nio-0.0.0.0-8080-exec-5] INFO  c.e.a.s.impl.AttendanceServiceImpl - 条件查询考勤记录完成，总数: 29
2026-06-09 14:06:18.194 [http-nio-0.0.0.0-8080-exec-10] DEBUG org.hibernate.SQL - 
    select
        u1_0.id,
        u1_0.class_name,
        u1_0.create_time,
        u1_0.gender,
        u1_0.real_name,
        u1_0.username,
        u1_0.userpassword,
        u1_0.userrole 
    from
        my_user u1_0 
    where
        u1_0.username=?
2026-06-09 14:06:18.197 [http-nio-0.0.0.0-8080-exec-10] DEBUG org.hibernate.SQL - 
    select
        c1_0.id,
        c1_0.class_name,
        c1_0.course_id,
        c1_0.course_name,
        c1_0.create_time,
        c1_0.location,
        c1_0.teacher_id,
        c1_0.teacher_name,
        c1_0.time_slot,
        c1_0.week_day 
    from
        course c1_0 
    where
        c1_0.teacher_id=?
2026-06-09 14:06:18.200 [http-nio-0.0.0.0-8080-exec-10] DEBUG org.hibernate.SQL - 
    select
        count_big(distinct cs1_0.student_id) 
    from
        course_selection cs1_0 
    where
        cs1_0.course_id in (?, ?, ?) 
        and cs1_0.status=1
2026-06-09 14:06:18.201 [http-nio-0.0.0.0-8080-exec-10] DEBUG org.hibernate.SQL - 
    select
        a1_0.id,
        a1_0.check_in_time,
        a1_0.course_id,
        a1_0.create_time,
        a1_0.ip_address,
        a1_0.reason,
        a1_0.sign_in_id,
        a1_0.student_id,
        a1_0.student_name,
        a1_0.student_status,
        a1_0.update_time 
    from
        attendance a1_0 
    where
        a1_0.course_id=?
2026-06-09 14:06:18.203 [http-nio-0.0.0.0-8080-exec-10] DEBUG org.hibernate.SQL - 
    select
        a1_0.id,
        a1_0.check_in_time,
        a1_0.course_id,
        a1_0.create_time,
        a1_0.ip_address,
        a1_0.reason,
        a1_0.sign_in_id,
        a1_0.student_id,
        a1_0.student_name,
        a1_0.student_status,
        a1_0.update_time 
    from
        attendance a1_0 
    where
        a1_0.course_id=?
2026-06-09 14:06:18.213 [http-nio-0.0.0.0-8080-exec-10] DEBUG org.hibernate.SQL - 
    select
        a1_0.id,
        a1_0.check_in_time,
        a1_0.course_id,
        a1_0.create_time,
        a1_0.ip_address,
        a1_0.reason,
        a1_0.sign_in_id,
        a1_0.student_id,
        a1_0.student_name,
        a1_0.student_status,
        a1_0.update_time 
    from
        attendance a1_0 
    where
        a1_0.course_id=?
2026-06-09 14:06:26.150 [http-nio-0.0.0.0-8080-exec-3] DEBUG org.hibernate.SQL - 
    select
        u1_0.id,
        u1_0.class_name,
        u1_0.create_time,
        u1_0.gender,
        u1_0.real_name,
        u1_0.username,
        u1_0.userpassword,
        u1_0.userrole 
    from
        my_user u1_0 
    where
        u1_0.username=?
2026-06-09 14:06:26.157 [http-nio-0.0.0.0-8080-exec-3] WARN  o.s.s.c.bcrypt.BCryptPasswordEncoder - Encoded password does not look like BCrypt
2026-06-09 14:06:26.227 [http-nio-0.0.0.0-8080-exec-3] DEBUG org.hibernate.SQL - 
    update
        my_user 
    set
        class_name=?,
        create_time=?,
        gender=?,
        real_name=?,
        username=?,
        userpassword=?,
        userrole=? 
    where
        id=?
2026-06-09 14:06:27.786 [http-nio-0.0.0.0-8080-exec-8] DEBUG org.hibernate.SQL - 
    select
        u1_0.id,
        u1_0.class_name,
        u1_0.create_time,
        u1_0.gender,
        u1_0.real_name,
        u1_0.username,
        u1_0.userpassword,
        u1_0.userrole 
    from
        my_user u1_0 
    where
        u1_0.username=?
2026-06-09 14:06:27.790 [http-nio-0.0.0.0-8080-exec-8] DEBUG org.hibernate.SQL - 
    select
        c1_0.id,
        c1_0.class_name,
        c1_0.course_id,
        c1_0.course_name,
        c1_0.create_time,
        c1_0.location,
        c1_0.teacher_id,
        c1_0.teacher_name,
        c1_0.time_slot,
        c1_0.week_day 
    from
        course c1_0 
    where
        c1_0.teacher_id=?
2026-06-09 14:06:30.943 [http-nio-0.0.0.0-8080-exec-6] DEBUG c.e.a.s.impl.AttendanceServiceImpl - 按条件查询考勤记录，学生ID: null, 课程ID: null, 状态: null
2026-06-09 14:06:30.946 [http-nio-0.0.0.0-8080-exec-6] DEBUG org.hibernate.SQL - 
    select
        a1_0.id,
        a1_0.check_in_time,
        a1_0.course_id,
        a1_0.create_time,
        a1_0.ip_address,
        a1_0.reason,
        a1_0.sign_in_id,
        a1_0.student_id,
        a1_0.student_name,
        a1_0.student_status,
        a1_0.update_time 
    from
        attendance a1_0 
    where
        1=1 
    order by
        a1_0.check_in_time desc 
    offset
        ? rows 
    fetch
        first ? rows only
2026-06-09 14:06:30.948 [http-nio-0.0.0.0-8080-exec-6] DEBUG org.hibernate.SQL - 
    select
        count_big(a1_0.id) 
    from
        attendance a1_0 
    where
        1=1
2026-06-09 14:06:30.949 [http-nio-0.0.0.0-8080-exec-6] INFO  c.e.a.s.impl.AttendanceServiceImpl - 条件查询考勤记录完成，总数: 29
2026-06-09 14:06:32.083 [http-nio-0.0.0.0-8080-exec-5] DEBUG org.hibernate.SQL - 
    select
        u1_0.id,
        u1_0.class_name,
        u1_0.create_time,
        u1_0.gender,
        u1_0.real_name,
        u1_0.username,
        u1_0.userpassword,
        u1_0.userrole 
    from
        my_user u1_0 
    where
        u1_0.username=?
2026-06-09 14:06:32.086 [http-nio-0.0.0.0-8080-exec-5] DEBUG org.hibernate.SQL - 
    select
        c1_0.id,
        c1_0.class_name,
        c1_0.course_id,
        c1_0.course_name,
        c1_0.create_time,
        c1_0.location,
        c1_0.teacher_id,
        c1_0.teacher_name,
        c1_0.time_slot,
        c1_0.week_day 
    from
        course c1_0 
    where
        c1_0.teacher_id=?
2026-06-09 14:06:33.674 [http-nio-0.0.0.0-8080-exec-2] DEBUG org.hibernate.SQL - 
    select
        c1_0.id,
        c1_0.class_name,
        c1_0.course_id,
        c1_0.course_name,
        c1_0.create_time,
        c1_0.location,
        c1_0.teacher_id,
        c1_0.teacher_name,
        c1_0.time_slot,
        c1_0.week_day 
    from
        course c1_0 
    where
        c1_0.teacher_id=?
2026-06-09 14:06:35.059 [http-nio-0.0.0.0-8080-exec-1] DEBUG org.hibernate.SQL - 
    select
        u1_0.id,
        u1_0.class_name,
        u1_0.create_time,
        u1_0.gender,
        u1_0.real_name,
        u1_0.username,
        u1_0.userpassword,
        u1_0.userrole 
    from
        my_user u1_0 
    where
        u1_0.username=?
2026-06-09 14:06:35.062 [http-nio-0.0.0.0-8080-exec-1] DEBUG org.hibernate.SQL - 
    select
        c1_0.id,
        c1_0.class_name,
        c1_0.course_id,
        c1_0.course_name,
        c1_0.create_time,
        c1_0.location,
        c1_0.teacher_id,
        c1_0.teacher_name,
        c1_0.time_slot,
        c1_0.week_day 
    from
        course c1_0 
    where
        c1_0.teacher_id=?
2026-06-09 14:06:38.078 [http-nio-0.0.0.0-8080-exec-3] DEBUG org.hibernate.SQL - 
    select
        u1_0.id,
        u1_0.class_name,
        u1_0.create_time,
        u1_0.gender,
        u1_0.real_name,
        u1_0.username,
        u1_0.userpassword,
        u1_0.userrole 
    from
        my_user u1_0 
    where
        u1_0.username=?
2026-06-09 14:06:38.084 [http-nio-0.0.0.0-8080-exec-3] DEBUG org.hibernate.SQL - 
    select
        c1_0.id,
        c1_0.class_name,
        c1_0.course_id,
        c1_0.course_name,
        c1_0.create_time,
        c1_0.location,
        c1_0.teacher_id,
        c1_0.teacher_name,
        c1_0.time_slot,
        c1_0.week_day 
    from
        course c1_0 
    where
        c1_0.teacher_id=?
2026-06-09 14:06:38.091 [http-nio-0.0.0.0-8080-exec-7] DEBUG org.hibernate.SQL - 
    select
        c1_0.id,
        c1_0.class_name,
        c1_0.course_id,
        c1_0.course_name,
        c1_0.create_time,
        c1_0.location,
        c1_0.teacher_id,
        c1_0.teacher_name,
        c1_0.time_slot,
        c1_0.week_day 
    from
        course c1_0 
    where
        c1_0.teacher_id=?
2026-06-09 14:06:38.104 [http-nio-0.0.0.0-8080-exec-8] DEBUG org.hibernate.SQL - 
    select
        u1_0.id,
        u1_0.class_name,
        u1_0.create_time,
        u1_0.gender,
        u1_0.real_name,
        u1_0.username,
        u1_0.userpassword,
        u1_0.userrole 
    from
        my_user u1_0 
    where
        u1_0.username=?
2026-06-09 14:06:38.106 [http-nio-0.0.0.0-8080-exec-8] DEBUG org.hibernate.SQL - 
    select
        c1_0.id,
        c1_0.class_name,
        c1_0.course_id,
        c1_0.course_name,
        c1_0.create_time,
        c1_0.location,
        c1_0.teacher_id,
        c1_0.teacher_name,
        c1_0.time_slot,
        c1_0.week_day 
    from
        course c1_0 
    where
        c1_0.teacher_id=?
2026-06-09 14:06:39.904 [http-nio-0.0.0.0-8080-exec-6] DEBUG org.hibernate.SQL - 
    select
        u1_0.id,
        u1_0.class_name,
        u1_0.create_time,
        u1_0.gender,
        u1_0.real_name,
        u1_0.username,
        u1_0.userpassword,
        u1_0.userrole 
    from
        my_user u1_0 
    where
        u1_0.username=?
2026-06-09 14:06:39.906 [http-nio-0.0.0.0-8080-exec-6] DEBUG org.hibernate.SQL - 
    select
        c1_0.id,
        c1_0.class_name,
        c1_0.course_id,
        c1_0.course_name,
        c1_0.create_time,
        c1_0.location,
        c1_0.teacher_id,
        c1_0.teacher_name,
        c1_0.time_slot,
        c1_0.week_day 
    from
        course c1_0 
    where
        c1_0.teacher_id=?
2026-06-09 14:06:44.847 [http-nio-0.0.0.0-8080-exec-9] DEBUG org.hibernate.SQL - 
    select
        u1_0.id,
        u1_0.class_name,
        u1_0.create_time,
        u1_0.gender,
        u1_0.real_name,
        u1_0.username,
        u1_0.userpassword,
        u1_0.userrole 
    from
        my_user u1_0 
    where
        u1_0.username=?
2026-06-09 14:06:44.850 [http-nio-0.0.0.0-8080-exec-9] DEBUG org.hibernate.SQL - 
    select
        c1_0.id,
        c1_0.class_name,
        c1_0.course_id,
        c1_0.course_name,
        c1_0.create_time,
        c1_0.location,
        c1_0.teacher_id,
        c1_0.teacher_name,
        c1_0.time_slot,
        c1_0.week_day 
    from
        course c1_0 
    where
        c1_0.teacher_id=?
2026-06-09 14:06:48.773 [http-nio-0.0.0.0-8080-exec-2] DEBUG org.hibernate.SQL - 
    select
        u1_0.id,
        u1_0.class_name,
        u1_0.create_time,
        u1_0.gender,
        u1_0.real_name,
        u1_0.username,
        u1_0.userpassword,
        u1_0.userrole 
    from
        my_user u1_0 
    where
        u1_0.username=?
2026-06-09 14:06:48.800 [http-nio-0.0.0.0-8080-exec-2] DEBUG org.hibernate.SQL - 
    select
        c1_0.id,
        c1_0.class_name,
        c1_0.course_id,
        c1_0.course_name,
        c1_0.create_time,
        c1_0.location,
        c1_0.teacher_id,
        c1_0.teacher_name,
        c1_0.time_slot,
        c1_0.week_day 
    from
        course c1_0 
    where
        c1_0.teacher_id=?
2026-06-09 14:07:49.492 [http-nio-0.0.0.0-8080-exec-3] DEBUG org.hibernate.SQL - 
    select
        u1_0.id,
        u1_0.class_name,
        u1_0.create_time,
        u1_0.gender,
        u1_0.real_name,
        u1_0.username,
        u1_0.userpassword,
        u1_0.userrole 
    from
        my_user u1_0 
    where
        u1_0.username=?
2026-06-09 14:07:51.258 [http-nio-0.0.0.0-8080-exec-8] DEBUG org.hibernate.SQL - 
    select
        u1_0.id,
        u1_0.class_name,
        u1_0.create_time,
        u1_0.gender,
        u1_0.real_name,
        u1_0.username,
        u1_0.userpassword,
        u1_0.userrole 
    from
        my_user u1_0 
    where
        u1_0.username=?
2026-06-09 14:07:51.281 [http-nio-0.0.0.0-8080-exec-8] DEBUG org.hibernate.SQL - 
    select
        cs1_0.id,
        cs1_0.class_name,
        cs1_0.course_id,
        cs1_0.course_name,
        cs1_0.create_time,
        cs1_0.status,
        cs1_0.student_id,
        cs1_0.student_name 
    from
        course_selection cs1_0 
    where
        cs1_0.student_id=? 
        and cs1_0.status=?
2026-06-09 14:07:51.295 [http-nio-0.0.0.0-8080-exec-8] DEBUG org.hibernate.SQL - 
    select
        c1_0.id,
        c1_0.class_name,
        c1_0.course_id,
        c1_0.course_name,
        c1_0.create_time,
        c1_0.location,
        c1_0.teacher_id,
        c1_0.teacher_name,
        c1_0.time_slot,
        c1_0.week_day 
    from
        course c1_0 
    where
        c1_0.course_id=?
2026-06-09 14:07:51.302 [http-nio-0.0.0.0-8080-exec-8] DEBUG org.hibernate.SQL - 
    select
        cs1_0.id,
        cs1_0.class_name,
        cs1_0.course_id,
        cs1_0.course_name,
        cs1_0.create_time,
        cs1_0.status,
        cs1_0.student_id,
        cs1_0.student_name 
    from
        course_selection cs1_0 
    where
        cs1_0.student_id=? 
        and cs1_0.status=?
2026-06-09 14:07:51.308 [http-nio-0.0.0.0-8080-exec-8] DEBUG org.hibernate.SQL - 
    select
        a1_0.id,
        a1_0.check_in_time,
        a1_0.course_id,
        a1_0.create_time,
        a1_0.ip_address,
        a1_0.reason,
        a1_0.sign_in_id,
        a1_0.student_id,
        a1_0.student_name,
        a1_0.student_status,
        a1_0.update_time 
    from
        attendance a1_0 
    where
        a1_0.student_id=?
2026-06-09 14:07:52.897 [http-nio-0.0.0.0-8080-exec-6] DEBUG org.hibernate.SQL - 
    select
        s1_0.student_id,
        s1_0.age,
        s1_0.birth_date,
        s1_0.class_name,
        s1_0.email,
        s1_0.gender,
        s1_0.student_name,
        s1_0.phone 
    from
        student s1_0 
    where
        s1_0.student_id=?
2026-06-09 14:07:58.664 [http-nio-0.0.0.0-8080-exec-9] DEBUG org.hibernate.SQL - 
    select
        s1_0.student_id,
        s1_0.age,
        s1_0.birth_date,
        s1_0.class_name,
        s1_0.email,
        s1_0.gender,
        s1_0.student_name,
        s1_0.phone 
    from
        student s1_0 
    where
        s1_0.student_id=?
2026-06-09 14:09:29.727 [SpringApplicationShutdownHook] INFO  o.s.boot.tomcat.GracefulShutdown - Commencing graceful shutdown. Waiting for active requests to complete
2026-06-09 14:09:29.740 [tomcat-shutdown] INFO  o.s.boot.tomcat.GracefulShutdown - Graceful shutdown complete
2026-06-09 14:09:29.744 [SpringApplicationShutdownHook] INFO  o.s.o.j.LocalContainerEntityManagerFactoryBean - Closing JPA EntityManagerFactory for persistence unit 'default'
2026-06-09 14:09:29.745 [SpringApplicationShutdownHook] INFO  com.zaxxer.hikari.HikariDataSource - HikariPool-1 - Shutdown initiated...
2026-06-09 14:09:29.746 [SpringApplicationShutdownHook] INFO  com.zaxxer.hikari.HikariDataSource - HikariPool-1 - Shutdown completed.
2026-06-09 14:09:32.631 [main] INFO  c.e.a.AttendanceSystemApplication - Starting AttendanceSystemApplication using Java 21.0.2 with PID 35016 (D:\Java\springboot_pj\attendance-system\target\classes started by l in D:\Java\springboot_pj\attendance-system)
2026-06-09 14:09:32.633 [main] DEBUG c.e.a.AttendanceSystemApplication - Running with Spring Boot v4.0.3, Spring v7.0.5
2026-06-09 14:09:32.633 [main] INFO  c.e.a.AttendanceSystemApplication - No active profile set, falling back to 1 default profile: "default"
2026-06-09 14:09:33.031 [main] INFO  o.s.d.r.c.RepositoryConfigurationDelegate - Bootstrapping Spring Data JPA repositories in DEFAULT mode.
2026-06-09 14:09:33.070 [main] INFO  o.s.d.r.c.RepositoryConfigurationDelegate - Finished Spring Data repository scanning in 34 ms. Found 5 JPA repository interfaces.
2026-06-09 14:09:33.180 [main] INFO  o.s.cloud.context.scope.GenericScope - BeanFactory id=d6250731-036a-36ea-b8f9-8d612c972637
2026-06-09 14:09:33.353 [main] INFO  o.s.boot.tomcat.TomcatWebServer - Tomcat initialized with port 8080 (http)
2026-06-09 14:09:33.360 [main] INFO  o.a.coyote.http11.Http11NioProtocol - Initializing ProtocolHandler ["http-nio-0.0.0.0-8080"]
2026-06-09 14:09:33.361 [main] INFO  o.a.catalina.core.StandardService - Starting service [Tomcat]
2026-06-09 14:09:33.361 [main] INFO  o.a.catalina.core.StandardEngine - Starting Servlet engine: [Apache Tomcat/11.0.18]
2026-06-09 14:09:33.391 [main] INFO  o.s.b.w.c.s.WebApplicationContextInitializer - Root WebApplicationContext: initialization completed in 731 ms
2026-06-09 14:09:33.505 [main] INFO  org.hibernate.orm.jpa - HHH008540: Processing PersistenceUnitInfo [name: default]
2026-06-09 14:09:33.531 [main] INFO  org.hibernate.orm.core - HHH000001: Hibernate ORM core version 7.2.4.Final
2026-06-09 14:09:33.764 [main] INFO  o.s.o.j.p.SpringPersistenceUnitInfo - No LoadTimeWeaver setup: ignoring JPA class transformer
2026-06-09 14:09:33.781 [main] INFO  com.zaxxer.hikari.HikariDataSource - HikariPool-1 - Starting...
2026-06-09 14:09:34.252 [main] INFO  com.zaxxer.hikari.pool.HikariPool - HikariPool-1 - Added connection ConnectionID:1 ClientConnectionId: e2c89302-0451-46a9-ad9e-409cab76f760
2026-06-09 14:09:34.258 [main] INFO  com.zaxxer.hikari.HikariDataSource - HikariPool-1 - Start completed.
2026-06-09 14:09:34.381 [main] WARN  org.hibernate.orm.deprecation - HHH90000025: SQLServerDialect does not need to be specified explicitly using 'hibernate.dialect' (remove the property setting and it will be selected by default)
2026-06-09 14:09:34.394 [main] INFO  o.hibernate.orm.connections.pooling - HHH10001005: Database info:
	Database JDBC URL [jdbc:sqlserver://localhost:1433;concatNullYieldsNull=ON;quotedIdentifier=ON;connectRetryInterval=10;connectRetryCount=1;maxResultBuffer=-1;sendTemporalDataTypesAsStringForBulkCopy=true;delayLoadingLobs=true;useFmtOnly=false;vectorTypeSupport=v1;cacheBulkCopyMetadata=false;bulkCopyForBatchInsertAllowEncryptedValueModifications=false;bulkCopyForBatchInsertTableLock=false;bulkCopyForBatchInsertKeepNulls=false;bulkCopyForBatchInsertKeepIdentity=false;bulkCopyForBatchInsertFireTriggers=false;bulkCopyForBatchInsertCheckConstraints=false;bulkCopyForBatchInsertBatchSize=0;useBulkCopyForBatchInsert=false;cancelQueryTimeout=-1;sslProtocol=TLS;calcBigDecimalPrecision=false;useDefaultJaasConfig=false;jaasConfigurationName=SQLJDBCDriver;statementPoolingCacheSize=0;serverPreparedStatementDiscardThreshold=10;enablePrepareOnFirstPreparedStatementCall=false;fips=false;socketTimeout=0;authentication=NotSpecified;authenticationScheme=nativeAuthentication;xopenStates=false;datetimeParameterType=datetime2;sendTimeAsDatetime=true;replication=false;trustStoreType=JKS;trustServerCertificate=true;TransparentNetworkIPResolution=true;iPAddressPreference=IPv4First;serverNameAsACE=false;sendStringParametersAsUnicode=true;selectMethod=direct;responseBuffering=adaptive;queryTimeout=-1;packetSize=8000;multiSubnetFailover=false;loginTimeout=30;lockTimeout=-1;lastUpdateCount=true;useDefaultGSSCredential=false;prepareMethod=prepexec;encrypt=false;disableStatementPooling=true;databaseName=attendance_system;columnEncryptionSetting=Disabled;applicationName=Microsoft JDBC Driver for SQL Server;applicationIntent=readwrite;]
	Database driver: Microsoft JDBC Driver 13.2 for SQL Server
	Database dialect: SQLServerDialect
	Database version: 17.0
	Default catalog/schema: attendance_system/dbo
	Autocommit mode: undefined/unknown
	Isolation level: READ_COMMITTED [default READ_COMMITTED]
	JDBC fetch size: 128
	Pool: DataSourceConnectionProvider
	Minimum pool size: undefined/unknown
	Maximum pool size: undefined/unknown
2026-06-09 14:09:34.866 [main] INFO  org.hibernate.orm.core - HHH000489: No JTA platform available (set 'hibernate.transaction.jta.platform' to enable JTA platform integration)
2026-06-09 14:09:36.060 [main] DEBUG org.hibernate.SQL - 
    alter table attendance 
       alter column id bigint
2026-06-09 14:09:36.063 [main] WARN  o.h.t.s.i.ExceptionHandlerLoggedImpl - GenerationTarget encountered exception accepting command : Error executing DDL "
    alter table attendance 
       alter column id bigint" via JDBC [对象'PK__attendan__3213E83F505AAD30' 依赖于 列'id'。]
org.hibernate.tool.schema.spi.CommandAcceptanceException: Error executing DDL "
    alter table attendance 
       alter column id bigint" via JDBC [对象'PK__attendan__3213E83F505AAD30' 依赖于 列'id'。]
	at org.hibernate.tool.schema.internal.exec.GenerationTargetToDatabase.accept(GenerationTargetToDatabase.java:81)
	at org.hibernate.tool.schema.internal.AbstractSchemaMigrator.applySqlString(AbstractSchemaMigrator.java:566)
	at org.hibernate.tool.schema.internal.AbstractSchemaMigrator.applySqlStrings(AbstractSchemaMigrator.java:506)
	at org.hibernate.tool.schema.internal.AbstractSchemaMigrator.migrateTable(AbstractSchemaMigrator.java:324)
	at org.hibernate.tool.schema.internal.GroupedSchemaMigratorImpl.performTablesMigration(GroupedSchemaMigratorImpl.java:84)
	at org.hibernate.tool.schema.internal.AbstractSchemaMigrator.performMigration(AbstractSchemaMigrator.java:220)
	at org.hibernate.tool.schema.internal.AbstractSchemaMigrator.doMigration(AbstractSchemaMigrator.java:96)
	at org.hibernate.tool.schema.spi.SchemaManagementToolCoordinator.performDatabaseAction(SchemaManagementToolCoordinator.java:269)
	at org.hibernate.tool.schema.spi.SchemaManagementToolCoordinator.lambda$process$1(SchemaManagementToolCoordinator.java:101)
	at java.base/java.util.HashMap.forEach(HashMap.java:1429)
	at org.hibernate.tool.schema.spi.SchemaManagementToolCoordinator.process(SchemaManagementToolCoordinator.java:100)
	at org.hibernate.boot.internal.SessionFactoryObserverForSchemaExport.sessionFactoryCreated(SessionFactoryObserverForSchemaExport.java:35)
	at org.hibernate.internal.SessionFactoryObserverChain.sessionFactoryCreated(SessionFactoryObserverChain.java:33)
	at org.hibernate.internal.SessionFactoryImpl.<init>(SessionFactoryImpl.java:323)
	at org.hibernate.internal.SessionFactoryRegistry.instantiateSessionFactory(SessionFactoryRegistry.java:64)
	at org.hibernate.boot.internal.SessionFactoryBuilderImpl.build(SessionFactoryBuilderImpl.java:437)
	at org.hibernate.jpa.boot.internal.EntityManagerFactoryBuilderImpl.build(EntityManagerFactoryBuilderImpl.java:1456)
	at org.springframework.orm.jpa.vendor.SpringHibernateJpaPersistenceProvider.createContainerEntityManagerFactory(SpringHibernateJpaPersistenceProvider.java:93)
	at org.springframework.orm.jpa.LocalContainerEntityManagerFactoryBean.createNativeEntityManagerFactory(LocalContainerEntityManagerFactoryBean.java:443)
	at org.springframework.orm.jpa.AbstractEntityManagerFactoryBean.buildNativeEntityManagerFactory(AbstractEntityManagerFactoryBean.java:436)
	at org.springframework.orm.jpa.AbstractEntityManagerFactoryBean.afterPropertiesSet(AbstractEntityManagerFactoryBean.java:411)
	at org.springframework.orm.jpa.LocalContainerEntityManagerFactoryBean.afterPropertiesSet(LocalContainerEntityManagerFactoryBean.java:419)
	at org.springframework.beans.factory.support.AbstractAutowireCapableBeanFactory.invokeInitMethods(AbstractAutowireCapableBeanFactory.java:1864)
	at org.springframework.beans.factory.support.AbstractAutowireCapableBeanFactory.initializeBean(AbstractAutowireCapableBeanFactory.java:1813)
	at org.springframework.beans.factory.support.AbstractAutowireCapableBeanFactory.doCreateBean(AbstractAutowireCapableBeanFactory.java:603)
	at org.springframework.beans.factory.support.AbstractAutowireCapableBeanFactory.createBean(AbstractAutowireCapableBeanFactory.java:525)
	at org.springframework.beans.factory.support.AbstractBeanFactory.lambda$doGetBean$0(AbstractBeanFactory.java:333)
	at org.springframework.beans.factory.support.DefaultSingletonBeanRegistry.getSingleton(DefaultSingletonBeanRegistry.java:371)
	at org.springframework.beans.factory.support.AbstractBeanFactory.doGetBean(AbstractBeanFactory.java:331)
	at org.springframework.beans.factory.support.AbstractBeanFactory.getBean(AbstractBeanFactory.java:201)
	at org.springframework.context.support.AbstractApplicationContext.finishBeanFactoryInitialization(AbstractApplicationContext.java:977)
	at org.springframework.context.support.AbstractApplicationContext.refresh(AbstractApplicationContext.java:621)
	at org.springframework.boot.web.server.servlet.context.ServletWebServerApplicationContext.refresh(ServletWebServerApplicationContext.java:143)
	at org.springframework.boot.SpringApplication.refresh(SpringApplication.java:756)
	at org.springframework.boot.SpringApplication.refreshContext(SpringApplication.java:445)
	at org.springframework.boot.SpringApplication.run(SpringApplication.java:321)
	at org.springframework.boot.SpringApplication.run(SpringApplication.java:1365)
	at org.springframework.boot.SpringApplication.run(SpringApplication.java:1354)
	at com.example.attendance.AttendanceSystemApplication.main(AttendanceSystemApplication.java:12)
Caused by: com.microsoft.sqlserver.jdbc.SQLServerException: 对象'PK__attendan__3213E83F505AAD30' 依赖于 列'id'。
	at com.microsoft.sqlserver.jdbc.SQLServerException.makeFromDatabaseError(SQLServerException.java:278)
	at com.microsoft.sqlserver.jdbc.SQLServerStatement.getNextResult(SQLServerStatement.java:1788)
	at com.microsoft.sqlserver.jdbc.SQLServerStatement.doExecuteStatement(SQLServerStatement.java:975)
	at com.microsoft.sqlserver.jdbc.SQLServerStatement$StmtExecCmd.doExecute(SQLServerStatement.java:869)
	at com.microsoft.sqlserver.jdbc.TDSCommand.execute(IOBuffer.java:7825)
	at com.microsoft.sqlserver.jdbc.SQLServerConnection.executeCommand(SQLServerConnection.java:4828)
	at com.microsoft.sqlserver.jdbc.SQLServerStatement.executeCommand(SQLServerStatement.java:321)
	at com.microsoft.sqlserver.jdbc.SQLServerStatement.executeStatement(SQLServerStatement.java:253)
	at com.microsoft.sqlserver.jdbc.SQLServerStatement.execute(SQLServerStatement.java:842)
	at com.zaxxer.hikari.pool.ProxyStatement.execute(ProxyStatement.java:95)
	at com.zaxxer.hikari.pool.HikariProxyStatement.execute(HikariProxyStatement.java)
	at org.hibernate.tool.schema.internal.exec.GenerationTargetToDatabase.accept(GenerationTargetToDatabase.java:76)
	... 38 common frames omitted
2026-06-09 14:09:36.065 [main] DEBUG org.hibernate.SQL - 
    alter table attendance 
       alter column student_status tinyint default 1
2026-06-09 14:09:36.067 [main] WARN  o.h.t.s.i.ExceptionHandlerLoggedImpl - GenerationTarget encountered exception accepting command : Error executing DDL "
    alter table attendance 
       alter column student_status tinyint default 1" via JDBC [关键字 'default' 附近有语法错误。]
org.hibernate.tool.schema.spi.CommandAcceptanceException: Error executing DDL "
    alter table attendance 
       alter column student_status tinyint default 1" via JDBC [关键字 'default' 附近有语法错误。]
	at org.hibernate.tool.schema.internal.exec.GenerationTargetToDatabase.accept(GenerationTargetToDatabase.java:81)
	at org.hibernate.tool.schema.internal.AbstractSchemaMigrator.applySqlString(AbstractSchemaMigrator.java:566)
	at org.hibernate.tool.schema.internal.AbstractSchemaMigrator.applySqlStrings(AbstractSchemaMigrator.java:506)
	at org.hibernate.tool.schema.internal.AbstractSchemaMigrator.migrateTable(AbstractSchemaMigrator.java:324)
	at org.hibernate.tool.schema.internal.GroupedSchemaMigratorImpl.performTablesMigration(GroupedSchemaMigratorImpl.java:84)
	at org.hibernate.tool.schema.internal.AbstractSchemaMigrator.performMigration(AbstractSchemaMigrator.java:220)
	at org.hibernate.tool.schema.internal.AbstractSchemaMigrator.doMigration(AbstractSchemaMigrator.java:96)
	at org.hibernate.tool.schema.spi.SchemaManagementToolCoordinator.performDatabaseAction(SchemaManagementToolCoordinator.java:269)
	at org.hibernate.tool.schema.spi.SchemaManagementToolCoordinator.lambda$process$1(SchemaManagementToolCoordinator.java:101)
	at java.base/java.util.HashMap.forEach(HashMap.java:1429)
	at org.hibernate.tool.schema.spi.SchemaManagementToolCoordinator.process(SchemaManagementToolCoordinator.java:100)
	at org.hibernate.boot.internal.SessionFactoryObserverForSchemaExport.sessionFactoryCreated(SessionFactoryObserverForSchemaExport.java:35)
	at org.hibernate.internal.SessionFactoryObserverChain.sessionFactoryCreated(SessionFactoryObserverChain.java:33)
	at org.hibernate.internal.SessionFactoryImpl.<init>(SessionFactoryImpl.java:323)
	at org.hibernate.internal.SessionFactoryRegistry.instantiateSessionFactory(SessionFactoryRegistry.java:64)
	at org.hibernate.boot.internal.SessionFactoryBuilderImpl.build(SessionFactoryBuilderImpl.java:437)
	at org.hibernate.jpa.boot.internal.EntityManagerFactoryBuilderImpl.build(EntityManagerFactoryBuilderImpl.java:1456)
	at org.springframework.orm.jpa.vendor.SpringHibernateJpaPersistenceProvider.createContainerEntityManagerFactory(SpringHibernateJpaPersistenceProvider.java:93)
	at org.springframework.orm.jpa.LocalContainerEntityManagerFactoryBean.createNativeEntityManagerFactory(LocalContainerEntityManagerFactoryBean.java:443)
	at org.springframework.orm.jpa.AbstractEntityManagerFactoryBean.buildNativeEntityManagerFactory(AbstractEntityManagerFactoryBean.java:436)
	at org.springframework.orm.jpa.AbstractEntityManagerFactoryBean.afterPropertiesSet(AbstractEntityManagerFactoryBean.java:411)
	at org.springframework.orm.jpa.LocalContainerEntityManagerFactoryBean.afterPropertiesSet(LocalContainerEntityManagerFactoryBean.java:419)
	at org.springframework.beans.factory.support.AbstractAutowireCapableBeanFactory.invokeInitMethods(AbstractAutowireCapableBeanFactory.java:1864)
	at org.springframework.beans.factory.support.AbstractAutowireCapableBeanFactory.initializeBean(AbstractAutowireCapableBeanFactory.java:1813)
	at org.springframework.beans.factory.support.AbstractAutowireCapableBeanFactory.doCreateBean(AbstractAutowireCapableBeanFactory.java:603)
	at org.springframework.beans.factory.support.AbstractAutowireCapableBeanFactory.createBean(AbstractAutowireCapableBeanFactory.java:525)
	at org.springframework.beans.factory.support.AbstractBeanFactory.lambda$doGetBean$0(AbstractBeanFactory.java:333)
	at org.springframework.beans.factory.support.DefaultSingletonBeanRegistry.getSingleton(DefaultSingletonBeanRegistry.java:371)
	at org.springframework.beans.factory.support.AbstractBeanFactory.doGetBean(AbstractBeanFactory.java:331)
	at org.springframework.beans.factory.support.AbstractBeanFactory.getBean(AbstractBeanFactory.java:201)
	at org.springframework.context.support.AbstractApplicationContext.finishBeanFactoryInitialization(AbstractApplicationContext.java:977)
	at org.springframework.context.support.AbstractApplicationContext.refresh(AbstractApplicationContext.java:621)
	at org.springframework.boot.web.server.servlet.context.ServletWebServerApplicationContext.refresh(ServletWebServerApplicationContext.java:143)
	at org.springframework.boot.SpringApplication.refresh(SpringApplication.java:756)
	at org.springframework.boot.SpringApplication.refreshContext(SpringApplication.java:445)
	at org.springframework.boot.SpringApplication.run(SpringApplication.java:321)
	at org.springframework.boot.SpringApplication.run(SpringApplication.java:1365)
	at org.springframework.boot.SpringApplication.run(SpringApplication.java:1354)
	at com.example.attendance.AttendanceSystemApplication.main(AttendanceSystemApplication.java:12)
Caused by: com.microsoft.sqlserver.jdbc.SQLServerException: 关键字 'default' 附近有语法错误。
	at com.microsoft.sqlserver.jdbc.SQLServerException.makeFromDatabaseError(SQLServerException.java:278)
	at com.microsoft.sqlserver.jdbc.SQLServerStatement.getNextResult(SQLServerStatement.java:1788)
	at com.microsoft.sqlserver.jdbc.SQLServerStatement.doExecuteStatement(SQLServerStatement.java:975)
	at com.microsoft.sqlserver.jdbc.SQLServerStatement$StmtExecCmd.doExecute(SQLServerStatement.java:869)
	at com.microsoft.sqlserver.jdbc.TDSCommand.execute(IOBuffer.java:7825)
	at com.microsoft.sqlserver.jdbc.SQLServerConnection.executeCommand(SQLServerConnection.java:4828)
	at com.microsoft.sqlserver.jdbc.SQLServerStatement.executeCommand(SQLServerStatement.java:321)
	at com.microsoft.sqlserver.jdbc.SQLServerStatement.executeStatement(SQLServerStatement.java:253)
	at com.microsoft.sqlserver.jdbc.SQLServerStatement.execute(SQLServerStatement.java:842)
	at com.zaxxer.hikari.pool.ProxyStatement.execute(ProxyStatement.java:95)
	at com.zaxxer.hikari.pool.HikariProxyStatement.execute(HikariProxyStatement.java)
	at org.hibernate.tool.schema.internal.exec.GenerationTargetToDatabase.accept(GenerationTargetToDatabase.java:76)
	... 38 common frames omitted
2026-06-09 14:09:36.069 [main] DEBUG org.hibernate.SQL - 
    alter table course_selection 
       alter column id bigint
2026-06-09 14:09:36.069 [main] WARN  o.h.t.s.i.ExceptionHandlerLoggedImpl - GenerationTarget encountered exception accepting command : Error executing DDL "
    alter table course_selection 
       alter column id bigint" via JDBC [对象'PK__course_s__3213E83FDFE3484D' 依赖于 列'id'。]
org.hibernate.tool.schema.spi.CommandAcceptanceException: Error executing DDL "
    alter table course_selection 
       alter column id bigint" via JDBC [对象'PK__course_s__3213E83FDFE3484D' 依赖于 列'id'。]
	at org.hibernate.tool.schema.internal.exec.GenerationTargetToDatabase.accept(GenerationTargetToDatabase.java:81)
	at org.hibernate.tool.schema.internal.AbstractSchemaMigrator.applySqlString(AbstractSchemaMigrator.java:566)
	at org.hibernate.tool.schema.internal.AbstractSchemaMigrator.applySqlStrings(AbstractSchemaMigrator.java:506)
	at org.hibernate.tool.schema.internal.AbstractSchemaMigrator.migrateTable(AbstractSchemaMigrator.java:324)
	at org.hibernate.tool.schema.internal.GroupedSchemaMigratorImpl.performTablesMigration(GroupedSchemaMigratorImpl.java:84)
	at org.hibernate.tool.schema.internal.AbstractSchemaMigrator.performMigration(AbstractSchemaMigrator.java:220)
	at org.hibernate.tool.schema.internal.AbstractSchemaMigrator.doMigration(AbstractSchemaMigrator.java:96)
	at org.hibernate.tool.schema.spi.SchemaManagementToolCoordinator.performDatabaseAction(SchemaManagementToolCoordinator.java:269)
	at org.hibernate.tool.schema.spi.SchemaManagementToolCoordinator.lambda$process$1(SchemaManagementToolCoordinator.java:101)
	at java.base/java.util.HashMap.forEach(HashMap.java:1429)
	at org.hibernate.tool.schema.spi.SchemaManagementToolCoordinator.process(SchemaManagementToolCoordinator.java:100)
	at org.hibernate.boot.internal.SessionFactoryObserverForSchemaExport.sessionFactoryCreated(SessionFactoryObserverForSchemaExport.java:35)
	at org.hibernate.internal.SessionFactoryObserverChain.sessionFactoryCreated(SessionFactoryObserverChain.java:33)
	at org.hibernate.internal.SessionFactoryImpl.<init>(SessionFactoryImpl.java:323)
	at org.hibernate.internal.SessionFactoryRegistry.instantiateSessionFactory(SessionFactoryRegistry.java:64)
	at org.hibernate.boot.internal.SessionFactoryBuilderImpl.build(SessionFactoryBuilderImpl.java:437)
	at org.hibernate.jpa.boot.internal.EntityManagerFactoryBuilderImpl.build(EntityManagerFactoryBuilderImpl.java:1456)
	at org.springframework.orm.jpa.vendor.SpringHibernateJpaPersistenceProvider.createContainerEntityManagerFactory(SpringHibernateJpaPersistenceProvider.java:93)
	at org.springframework.orm.jpa.LocalContainerEntityManagerFactoryBean.createNativeEntityManagerFactory(LocalContainerEntityManagerFactoryBean.java:443)
	at org.springframework.orm.jpa.AbstractEntityManagerFactoryBean.buildNativeEntityManagerFactory(AbstractEntityManagerFactoryBean.java:436)
	at org.springframework.orm.jpa.AbstractEntityManagerFactoryBean.afterPropertiesSet(AbstractEntityManagerFactoryBean.java:411)
	at org.springframework.orm.jpa.LocalContainerEntityManagerFactoryBean.afterPropertiesSet(LocalContainerEntityManagerFactoryBean.java:419)
	at org.springframework.beans.factory.support.AbstractAutowireCapableBeanFactory.invokeInitMethods(AbstractAutowireCapableBeanFactory.java:1864)
	at org.springframework.beans.factory.support.AbstractAutowireCapableBeanFactory.initializeBean(AbstractAutowireCapableBeanFactory.java:1813)
	at org.springframework.beans.factory.support.AbstractAutowireCapableBeanFactory.doCreateBean(AbstractAutowireCapableBeanFactory.java:603)
	at org.springframework.beans.factory.support.AbstractAutowireCapableBeanFactory.createBean(AbstractAutowireCapableBeanFactory.java:525)
	at org.springframework.beans.factory.support.AbstractBeanFactory.lambda$doGetBean$0(AbstractBeanFactory.java:333)
	at org.springframework.beans.factory.support.DefaultSingletonBeanRegistry.getSingleton(DefaultSingletonBeanRegistry.java:371)
	at org.springframework.beans.factory.support.AbstractBeanFactory.doGetBean(AbstractBeanFactory.java:331)
	at org.springframework.beans.factory.support.AbstractBeanFactory.getBean(AbstractBeanFactory.java:201)
	at org.springframework.context.support.AbstractApplicationContext.finishBeanFactoryInitialization(AbstractApplicationContext.java:977)
	at org.springframework.context.support.AbstractApplicationContext.refresh(AbstractApplicationContext.java:621)
	at org.springframework.boot.web.server.servlet.context.ServletWebServerApplicationContext.refresh(ServletWebServerApplicationContext.java:143)
	at org.springframework.boot.SpringApplication.refresh(SpringApplication.java:756)
	at org.springframework.boot.SpringApplication.refreshContext(SpringApplication.java:445)
	at org.springframework.boot.SpringApplication.run(SpringApplication.java:321)
	at org.springframework.boot.SpringApplication.run(SpringApplication.java:1365)
	at org.springframework.boot.SpringApplication.run(SpringApplication.java:1354)
	at com.example.attendance.AttendanceSystemApplication.main(AttendanceSystemApplication.java:12)
Caused by: com.microsoft.sqlserver.jdbc.SQLServerException: 对象'PK__course_s__3213E83FDFE3484D' 依赖于 列'id'。
	at com.microsoft.sqlserver.jdbc.SQLServerException.makeFromDatabaseError(SQLServerException.java:278)
	at com.microsoft.sqlserver.jdbc.SQLServerStatement.getNextResult(SQLServerStatement.java:1788)
	at com.microsoft.sqlserver.jdbc.SQLServerStatement.doExecuteStatement(SQLServerStatement.java:975)
	at com.microsoft.sqlserver.jdbc.SQLServerStatement$StmtExecCmd.doExecute(SQLServerStatement.java:869)
	at com.microsoft.sqlserver.jdbc.TDSCommand.execute(IOBuffer.java:7825)
	at com.microsoft.sqlserver.jdbc.SQLServerConnection.executeCommand(SQLServerConnection.java:4828)
	at com.microsoft.sqlserver.jdbc.SQLServerStatement.executeCommand(SQLServerStatement.java:321)
	at com.microsoft.sqlserver.jdbc.SQLServerStatement.executeStatement(SQLServerStatement.java:253)
	at com.microsoft.sqlserver.jdbc.SQLServerStatement.execute(SQLServerStatement.java:842)
	at com.zaxxer.hikari.pool.ProxyStatement.execute(ProxyStatement.java:95)
	at com.zaxxer.hikari.pool.HikariProxyStatement.execute(HikariProxyStatement.java)
	at org.hibernate.tool.schema.internal.exec.GenerationTargetToDatabase.accept(GenerationTargetToDatabase.java:76)
	... 38 common frames omitted
2026-06-09 14:09:36.071 [main] DEBUG org.hibernate.SQL - 
    alter table course_selection 
       alter column status tinyint default 1
2026-06-09 14:09:36.071 [main] WARN  o.h.t.s.i.ExceptionHandlerLoggedImpl - GenerationTarget encountered exception accepting command : Error executing DDL "
    alter table course_selection 
       alter column status tinyint default 1" via JDBC [关键字 'default' 附近有语法错误。]
org.hibernate.tool.schema.spi.CommandAcceptanceException: Error executing DDL "
    alter table course_selection 
       alter column status tinyint default 1" via JDBC [关键字 'default' 附近有语法错误。]
	at org.hibernate.tool.schema.internal.exec.GenerationTargetToDatabase.accept(GenerationTargetToDatabase.java:81)
	at org.hibernate.tool.schema.internal.AbstractSchemaMigrator.applySqlString(AbstractSchemaMigrator.java:566)
	at org.hibernate.tool.schema.internal.AbstractSchemaMigrator.applySqlStrings(AbstractSchemaMigrator.java:506)
	at org.hibernate.tool.schema.internal.AbstractSchemaMigrator.migrateTable(AbstractSchemaMigrator.java:324)
	at org.hibernate.tool.schema.internal.GroupedSchemaMigratorImpl.performTablesMigration(GroupedSchemaMigratorImpl.java:84)
	at org.hibernate.tool.schema.internal.AbstractSchemaMigrator.performMigration(AbstractSchemaMigrator.java:220)
	at org.hibernate.tool.schema.internal.AbstractSchemaMigrator.doMigration(AbstractSchemaMigrator.java:96)
	at org.hibernate.tool.schema.spi.SchemaManagementToolCoordinator.performDatabaseAction(SchemaManagementToolCoordinator.java:269)
	at org.hibernate.tool.schema.spi.SchemaManagementToolCoordinator.lambda$process$1(SchemaManagementToolCoordinator.java:101)
	at java.base/java.util.HashMap.forEach(HashMap.java:1429)
	at org.hibernate.tool.schema.spi.SchemaManagementToolCoordinator.process(SchemaManagementToolCoordinator.java:100)
	at org.hibernate.boot.internal.SessionFactoryObserverForSchemaExport.sessionFactoryCreated(SessionFactoryObserverForSchemaExport.java:35)
	at org.hibernate.internal.SessionFactoryObserverChain.sessionFactoryCreated(SessionFactoryObserverChain.java:33)
	at org.hibernate.internal.SessionFactoryImpl.<init>(SessionFactoryImpl.java:323)
	at org.hibernate.internal.SessionFactoryRegistry.instantiateSessionFactory(SessionFactoryRegistry.java:64)
	at org.hibernate.boot.internal.SessionFactoryBuilderImpl.build(SessionFactoryBuilderImpl.java:437)
	at org.hibernate.jpa.boot.internal.EntityManagerFactoryBuilderImpl.build(EntityManagerFactoryBuilderImpl.java:1456)
	at org.springframework.orm.jpa.vendor.SpringHibernateJpaPersistenceProvider.createContainerEntityManagerFactory(SpringHibernateJpaPersistenceProvider.java:93)
	at org.springframework.orm.jpa.LocalContainerEntityManagerFactoryBean.createNativeEntityManagerFactory(LocalContainerEntityManagerFactoryBean.java:443)
	at org.springframework.orm.jpa.AbstractEntityManagerFactoryBean.buildNativeEntityManagerFactory(AbstractEntityManagerFactoryBean.java:436)
	at org.springframework.orm.jpa.AbstractEntityManagerFactoryBean.afterPropertiesSet(AbstractEntityManagerFactoryBean.java:411)
	at org.springframework.orm.jpa.LocalContainerEntityManagerFactoryBean.afterPropertiesSet(LocalContainerEntityManagerFactoryBean.java:419)
	at org.springframework.beans.factory.support.AbstractAutowireCapableBeanFactory.invokeInitMethods(AbstractAutowireCapableBeanFactory.java:1864)
	at org.springframework.beans.factory.support.AbstractAutowireCapableBeanFactory.initializeBean(AbstractAutowireCapableBeanFactory.java:1813)
	at org.springframework.beans.factory.support.AbstractAutowireCapableBeanFactory.doCreateBean(AbstractAutowireCapableBeanFactory.java:603)
	at org.springframework.beans.factory.support.AbstractAutowireCapableBeanFactory.createBean(AbstractAutowireCapableBeanFactory.java:525)
	at org.springframework.beans.factory.support.AbstractBeanFactory.lambda$doGetBean$0(AbstractBeanFactory.java:333)
	at org.springframework.beans.factory.support.DefaultSingletonBeanRegistry.getSingleton(DefaultSingletonBeanRegistry.java:371)
	at org.springframework.beans.factory.support.AbstractBeanFactory.doGetBean(AbstractBeanFactory.java:331)
	at org.springframework.beans.factory.support.AbstractBeanFactory.getBean(AbstractBeanFactory.java:201)
	at org.springframework.context.support.AbstractApplicationContext.finishBeanFactoryInitialization(AbstractApplicationContext.java:977)
	at org.springframework.context.support.AbstractApplicationContext.refresh(AbstractApplicationContext.java:621)
	at org.springframework.boot.web.server.servlet.context.ServletWebServerApplicationContext.refresh(ServletWebServerApplicationContext.java:143)
	at org.springframework.boot.SpringApplication.refresh(SpringApplication.java:756)
	at org.springframework.boot.SpringApplication.refreshContext(SpringApplication.java:445)
	at org.springframework.boot.SpringApplication.run(SpringApplication.java:321)
	at org.springframework.boot.SpringApplication.run(SpringApplication.java:1365)
	at org.springframework.boot.SpringApplication.run(SpringApplication.java:1354)
	at com.example.attendance.AttendanceSystemApplication.main(AttendanceSystemApplication.java:12)
Caused by: com.microsoft.sqlserver.jdbc.SQLServerException: 关键字 'default' 附近有语法错误。
	at com.microsoft.sqlserver.jdbc.SQLServerException.makeFromDatabaseError(SQLServerException.java:278)
	at com.microsoft.sqlserver.jdbc.SQLServerStatement.getNextResult(SQLServerStatement.java:1788)
	at com.microsoft.sqlserver.jdbc.SQLServerStatement.doExecuteStatement(SQLServerStatement.java:975)
	at com.microsoft.sqlserver.jdbc.SQLServerStatement$StmtExecCmd.doExecute(SQLServerStatement.java:869)
	at com.microsoft.sqlserver.jdbc.TDSCommand.execute(IOBuffer.java:7825)
	at com.microsoft.sqlserver.jdbc.SQLServerConnection.executeCommand(SQLServerConnection.java:4828)
	at com.microsoft.sqlserver.jdbc.SQLServerStatement.executeCommand(SQLServerStatement.java:321)
	at com.microsoft.sqlserver.jdbc.SQLServerStatement.executeStatement(SQLServerStatement.java:253)
	at com.microsoft.sqlserver.jdbc.SQLServerStatement.execute(SQLServerStatement.java:842)
	at com.zaxxer.hikari.pool.ProxyStatement.execute(ProxyStatement.java:95)
	at com.zaxxer.hikari.pool.HikariProxyStatement.execute(HikariProxyStatement.java)
	at org.hibernate.tool.schema.internal.exec.GenerationTargetToDatabase.accept(GenerationTargetToDatabase.java:76)
	... 38 common frames omitted
2026-06-09 14:09:36.072 [main] INFO  o.s.o.j.LocalContainerEntityManagerFactoryBean - Initialized JPA EntityManagerFactory for persistence unit 'default'
2026-06-09 14:09:36.117 [main] INFO  o.s.d.j.r.q.QueryEnhancerFactories - Hibernate is in classpath; If applicable, HQL parser will be used.
2026-06-09 14:09:36.955 [main] WARN  o.s.b.j.a.JpaBaseConfiguration$JpaWebConfiguration - spring.jpa.open-in-view is enabled by default. Therefore, database queries may be performed during view rendering. Explicitly configure spring.jpa.open-in-view to disable this warning
2026-06-09 14:09:36.995 [main] INFO  o.s.s.c.a.a.c.InitializeUserDetailsBeanManagerConfigurer$InitializeUserDetailsManagerConfigurer - Global AuthenticationManager configured with UserDetailsService bean with name myUserDetailsServiceImpl
2026-06-09 14:09:37.089 [main] INFO  o.s.b.w.a.WelcomePageHandlerMapping - Adding welcome page template: index
2026-06-09 14:09:38.265 [main] INFO  o.s.cloud.commons.util.InetUtils - Cannot determine local hostname
2026-06-09 14:09:38.294 [main] INFO  o.a.coyote.http11.Http11NioProtocol - Starting ProtocolHandler ["http-nio-0.0.0.0-8080"]
2026-06-09 14:09:38.305 [main] INFO  o.s.boot.tomcat.TomcatWebServer - Tomcat started on port 8080 (http) with context path '/'
2026-06-09 14:09:39.321 [main] INFO  o.s.cloud.commons.util.InetUtils - Cannot determine local hostname
2026-06-09 14:09:39.325 [main] INFO  c.e.a.AttendanceSystemApplication - Started AttendanceSystemApplication in 8.001 seconds (process running for 8.475)
2026-06-09 14:09:39.684 [http-nio-0.0.0.0-8080-exec-1] INFO  o.a.c.c.C.[Tomcat].[localhost].[/] - Initializing Spring DispatcherServlet 'dispatcherServlet'
2026-06-09 14:09:39.684 [http-nio-0.0.0.0-8080-exec-1] INFO  o.s.web.servlet.DispatcherServlet - Initializing Servlet 'dispatcherServlet'
2026-06-09 14:09:39.685 [http-nio-0.0.0.0-8080-exec-1] INFO  o.s.web.servlet.DispatcherServlet - Completed initialization in 1 ms
2026-06-09 14:09:39.884 [http-nio-0.0.0.0-8080-exec-2] DEBUG org.hibernate.SQL - 
    select
        u1_0.id,
        u1_0.class_name,
        u1_0.create_time,
        u1_0.gender,
        u1_0.real_name,
        u1_0.username,
        u1_0.userpassword,
        u1_0.userrole 
    from
        my_user u1_0 
    where
        u1_0.username=?
2026-06-09 14:09:39.912 [http-nio-0.0.0.0-8080-exec-2] DEBUG org.hibernate.SQL - 
    select
        cs1_0.id,
        cs1_0.class_name,
        cs1_0.course_id,
        cs1_0.course_name,
        cs1_0.create_time,
        cs1_0.status,
        cs1_0.student_id,
        cs1_0.student_name 
    from
        course_selection cs1_0 
    where
        cs1_0.student_id=? 
        and cs1_0.status=?
2026-06-09 14:09:39.918 [http-nio-0.0.0.0-8080-exec-2] DEBUG org.hibernate.SQL - 
    select
        c1_0.id,
        c1_0.class_name,
        c1_0.course_id,
        c1_0.course_name,
        c1_0.create_time,
        c1_0.location,
        c1_0.teacher_id,
        c1_0.teacher_name,
        c1_0.time_slot,
        c1_0.week_day 
    from
        course c1_0 
    where
        c1_0.course_id=?
2026-06-09 14:09:39.921 [http-nio-0.0.0.0-8080-exec-2] DEBUG org.hibernate.SQL - 
    select
        cs1_0.id,
        cs1_0.class_name,
        cs1_0.course_id,
        cs1_0.course_name,
        cs1_0.create_time,
        cs1_0.status,
        cs1_0.student_id,
        cs1_0.student_name 
    from
        course_selection cs1_0 
    where
        cs1_0.student_id=? 
        and cs1_0.status=?
2026-06-09 14:09:39.923 [http-nio-0.0.0.0-8080-exec-2] DEBUG org.hibernate.SQL - 
    select
        a1_0.id,
        a1_0.check_in_time,
        a1_0.course_id,
        a1_0.create_time,
        a1_0.ip_address,
        a1_0.reason,
        a1_0.sign_in_id,
        a1_0.student_id,
        a1_0.student_name,
        a1_0.student_status,
        a1_0.update_time 
    from
        attendance a1_0 
    where
        a1_0.student_id=?
2026-06-09 14:09:40.320 [http-nio-0.0.0.0-8080-exec-5] DEBUG org.hibernate.SQL - 
    select
        u1_0.id,
        u1_0.class_name,
        u1_0.create_time,
        u1_0.gender,
        u1_0.real_name,
        u1_0.username,
        u1_0.userpassword,
        u1_0.userrole 
    from
        my_user u1_0 
    where
        u1_0.username=?
2026-06-09 14:09:40.321 [http-nio-0.0.0.0-8080-exec-5] DEBUG org.hibernate.SQL - 
    select
        cs1_0.id,
        cs1_0.class_name,
        cs1_0.course_id,
        cs1_0.course_name,
        cs1_0.create_time,
        cs1_0.status,
        cs1_0.student_id,
        cs1_0.student_name 
    from
        course_selection cs1_0 
    where
        cs1_0.student_id=? 
        and cs1_0.status=?
2026-06-09 14:09:40.324 [http-nio-0.0.0.0-8080-exec-5] DEBUG org.hibernate.SQL - 
    select
        c1_0.id,
        c1_0.class_name,
        c1_0.course_id,
        c1_0.course_name,
        c1_0.create_time,
        c1_0.location,
        c1_0.teacher_id,
        c1_0.teacher_name,
        c1_0.time_slot,
        c1_0.week_day 
    from
        course c1_0 
    where
        c1_0.course_id=?
2026-06-09 14:09:40.327 [http-nio-0.0.0.0-8080-exec-5] DEBUG org.hibernate.SQL - 
    select
        cs1_0.id,
        cs1_0.class_name,
        cs1_0.course_id,
        cs1_0.course_name,
        cs1_0.create_time,
        cs1_0.status,
        cs1_0.student_id,
        cs1_0.student_name 
    from
        course_selection cs1_0 
    where
        cs1_0.student_id=? 
        and cs1_0.status=?
2026-06-09 14:09:40.329 [http-nio-0.0.0.0-8080-exec-5] DEBUG org.hibernate.SQL - 
    select
        a1_0.id,
        a1_0.check_in_time,
        a1_0.course_id,
        a1_0.create_time,
        a1_0.ip_address,
        a1_0.reason,
        a1_0.sign_in_id,
        a1_0.student_id,
        a1_0.student_name,
        a1_0.student_status,
        a1_0.update_time 
    from
        attendance a1_0 
    where
        a1_0.student_id=?
2026-06-09 14:09:41.236 [http-nio-0.0.0.0-8080-exec-6] DEBUG org.hibernate.SQL - 
    select
        u1_0.id,
        u1_0.class_name,
        u1_0.create_time,
        u1_0.gender,
        u1_0.real_name,
        u1_0.username,
        u1_0.userpassword,
        u1_0.userrole 
    from
        my_user u1_0 
    where
        u1_0.username=?
2026-06-09 14:09:41.241 [http-nio-0.0.0.0-8080-exec-6] DEBUG org.hibernate.SQL - 
    select
        cs1_0.id,
        cs1_0.class_name,
        cs1_0.course_id,
        cs1_0.course_name,
        cs1_0.create_time,
        cs1_0.status,
        cs1_0.student_id,
        cs1_0.student_name 
    from
        course_selection cs1_0 
    where
        cs1_0.student_id=? 
        and cs1_0.status=?
2026-06-09 14:09:41.243 [http-nio-0.0.0.0-8080-exec-6] DEBUG org.hibernate.SQL - 
    select
        c1_0.id,
        c1_0.class_name,
        c1_0.course_id,
        c1_0.course_name,
        c1_0.create_time,
        c1_0.location,
        c1_0.teacher_id,
        c1_0.teacher_name,
        c1_0.time_slot,
        c1_0.week_day 
    from
        course c1_0 
    where
        c1_0.course_id=?
2026-06-09 14:09:41.244 [http-nio-0.0.0.0-8080-exec-6] DEBUG org.hibernate.SQL - 
    select
        cs1_0.id,
        cs1_0.class_name,
        cs1_0.course_id,
        cs1_0.course_name,
        cs1_0.create_time,
        cs1_0.status,
        cs1_0.student_id,
        cs1_0.student_name 
    from
        course_selection cs1_0 
    where
        cs1_0.student_id=? 
        and cs1_0.status=?
2026-06-09 14:09:41.246 [http-nio-0.0.0.0-8080-exec-6] DEBUG org.hibernate.SQL - 
    select
        a1_0.id,
        a1_0.check_in_time,
        a1_0.course_id,
        a1_0.create_time,
        a1_0.ip_address,
        a1_0.reason,
        a1_0.sign_in_id,
        a1_0.student_id,
        a1_0.student_name,
        a1_0.student_status,
        a1_0.update_time 
    from
        attendance a1_0 
    where
        a1_0.student_id=?
2026-06-09 14:09:41.677 [http-nio-0.0.0.0-8080-exec-8] DEBUG org.hibernate.SQL - 
    select
        u1_0.id,
        u1_0.class_name,
        u1_0.create_time,
        u1_0.gender,
        u1_0.real_name,
        u1_0.username,
        u1_0.userpassword,
        u1_0.userrole 
    from
        my_user u1_0 
    where
        u1_0.username=?
2026-06-09 14:09:41.682 [http-nio-0.0.0.0-8080-exec-8] DEBUG org.hibernate.SQL - 
    select
        cs1_0.id,
        cs1_0.class_name,
        cs1_0.course_id,
        cs1_0.course_name,
        cs1_0.create_time,
        cs1_0.status,
        cs1_0.student_id,
        cs1_0.student_name 
    from
        course_selection cs1_0 
    where
        cs1_0.student_id=? 
        and cs1_0.status=?
2026-06-09 14:09:41.684 [http-nio-0.0.0.0-8080-exec-8] DEBUG org.hibernate.SQL - 
    select
        c1_0.id,
        c1_0.class_name,
        c1_0.course_id,
        c1_0.course_name,
        c1_0.create_time,
        c1_0.location,
        c1_0.teacher_id,
        c1_0.teacher_name,
        c1_0.time_slot,
        c1_0.week_day 
    from
        course c1_0 
    where
        c1_0.course_id=?
2026-06-09 14:09:41.686 [http-nio-0.0.0.0-8080-exec-8] DEBUG org.hibernate.SQL - 
    select
        cs1_0.id,
        cs1_0.class_name,
        cs1_0.course_id,
        cs1_0.course_name,
        cs1_0.create_time,
        cs1_0.status,
        cs1_0.student_id,
        cs1_0.student_name 
    from
        course_selection cs1_0 
    where
        cs1_0.student_id=? 
        and cs1_0.status=?
2026-06-09 14:09:41.688 [http-nio-0.0.0.0-8080-exec-8] DEBUG org.hibernate.SQL - 
    select
        a1_0.id,
        a1_0.check_in_time,
        a1_0.course_id,
        a1_0.create_time,
        a1_0.ip_address,
        a1_0.reason,
        a1_0.sign_in_id,
        a1_0.student_id,
        a1_0.student_name,
        a1_0.student_status,
        a1_0.update_time 
    from
        attendance a1_0 
    where
        a1_0.student_id=?
2026-06-09 14:09:42.764 [http-nio-0.0.0.0-8080-exec-10] DEBUG org.hibernate.SQL - 
    select
        u1_0.id,
        u1_0.class_name,
        u1_0.create_time,
        u1_0.gender,
        u1_0.real_name,
        u1_0.username,
        u1_0.userpassword,
        u1_0.userrole 
    from
        my_user u1_0 
    where
        u1_0.username=?
2026-06-09 14:09:42.772 [http-nio-0.0.0.0-8080-exec-10] DEBUG org.hibernate.SQL - 
    select
        cs1_0.id,
        cs1_0.class_name,
        cs1_0.course_id,
        cs1_0.course_name,
        cs1_0.create_time,
        cs1_0.status,
        cs1_0.student_id,
        cs1_0.student_name 
    from
        course_selection cs1_0 
    where
        cs1_0.student_id=? 
        and cs1_0.status=?
2026-06-09 14:09:42.774 [http-nio-0.0.0.0-8080-exec-10] DEBUG org.hibernate.SQL - 
    select
        c1_0.id,
        c1_0.class_name,
        c1_0.course_id,
        c1_0.course_name,
        c1_0.create_time,
        c1_0.location,
        c1_0.teacher_id,
        c1_0.teacher_name,
        c1_0.time_slot,
        c1_0.week_day 
    from
        course c1_0 
    where
        c1_0.course_id=?
2026-06-09 14:09:42.775 [http-nio-0.0.0.0-8080-exec-10] DEBUG org.hibernate.SQL - 
    select
        cs1_0.id,
        cs1_0.class_name,
        cs1_0.course_id,
        cs1_0.course_name,
        cs1_0.create_time,
        cs1_0.status,
        cs1_0.student_id,
        cs1_0.student_name 
    from
        course_selection cs1_0 
    where
        cs1_0.student_id=? 
        and cs1_0.status=?
2026-06-09 14:09:42.778 [http-nio-0.0.0.0-8080-exec-10] DEBUG org.hibernate.SQL - 
    select
        a1_0.id,
        a1_0.check_in_time,
        a1_0.course_id,
        a1_0.create_time,
        a1_0.ip_address,
        a1_0.reason,
        a1_0.sign_in_id,
        a1_0.student_id,
        a1_0.student_name,
        a1_0.student_status,
        a1_0.update_time 
    from
        attendance a1_0 
    where
        a1_0.student_id=?
2026-06-09 14:09:43.759 [http-nio-0.0.0.0-8080-exec-1] DEBUG c.e.a.s.impl.AttendanceServiceImpl - 按学生ID查询考勤记录，学生ID: 42411114
2026-06-09 14:09:43.772 [http-nio-0.0.0.0-8080-exec-1] DEBUG org.hibernate.SQL - 
    select
        top (?) a1_0.id,
        a1_0.check_in_time,
        a1_0.course_id,
        a1_0.create_time,
        a1_0.ip_address,
        a1_0.reason,
        a1_0.sign_in_id,
        a1_0.student_id,
        a1_0.student_name,
        a1_0.student_status,
        a1_0.update_time 
    from
        attendance a1_0 
    where
        a1_0.student_id=? 
    order by
        a1_0.check_in_time desc
2026-06-09 14:09:43.789 [http-nio-0.0.0.0-8080-exec-1] INFO  c.e.a.s.impl.AttendanceServiceImpl - 学生 42411114 考勤记录查询完成，总数: 1
2026-06-09 14:09:43.797 [http-nio-0.0.0.0-8080-exec-1] WARN  o.s.d.w.c.SpringDataJackson3Configuration$PageModule$WarningLoggingModifier - Serializing PageImpl instances as-is is not supported, meaning that there is no guarantee about the stability of the resulting JSON structure!
	For a stable JSON structure, please use Spring Data's PagedModel (globally via @EnableSpringDataWebSupport(pageSerializationMode = VIA_DTO))
	or Spring HATEOAS and Spring Data's PagedResourcesAssembler as documented in https://docs.spring.io/spring-data/commons/reference/repositories/core-extensions.html#core.web.pageables.

2026-06-09 14:09:47.927 [http-nio-0.0.0.0-8080-exec-3] DEBUG org.hibernate.SQL - 
    select
        u1_0.id,
        u1_0.class_name,
        u1_0.create_time,
        u1_0.gender,
        u1_0.real_name,
        u1_0.username,
        u1_0.userpassword,
        u1_0.userrole 
    from
        my_user u1_0 
    where
        u1_0.username=?
2026-06-09 14:09:47.931 [http-nio-0.0.0.0-8080-exec-3] DEBUG org.hibernate.SQL - 
    select
        cs1_0.id,
        cs1_0.class_name,
        cs1_0.course_id,
        cs1_0.course_name,
        cs1_0.create_time,
        cs1_0.status,
        cs1_0.student_id,
        cs1_0.student_name 
    from
        course_selection cs1_0 
    where
        cs1_0.student_id=? 
        and cs1_0.status=?
2026-06-09 14:09:47.931 [http-nio-0.0.0.0-8080-exec-3] DEBUG org.hibernate.SQL - 
    select
        c1_0.id,
        c1_0.class_name,
        c1_0.course_id,
        c1_0.course_name,
        c1_0.create_time,
        c1_0.location,
        c1_0.teacher_id,
        c1_0.teacher_name,
        c1_0.time_slot,
        c1_0.week_day 
    from
        course c1_0 
    where
        c1_0.course_id=?
2026-06-09 14:09:47.937 [http-nio-0.0.0.0-8080-exec-3] DEBUG org.hibernate.SQL - 
    select
        cs1_0.id,
        cs1_0.class_name,
        cs1_0.course_id,
        cs1_0.course_name,
        cs1_0.create_time,
        cs1_0.status,
        cs1_0.student_id,
        cs1_0.student_name 
    from
        course_selection cs1_0 
    where
        cs1_0.student_id=? 
        and cs1_0.status=?
2026-06-09 14:09:47.941 [http-nio-0.0.0.0-8080-exec-3] DEBUG org.hibernate.SQL - 
    select
        a1_0.id,
        a1_0.check_in_time,
        a1_0.course_id,
        a1_0.create_time,
        a1_0.ip_address,
        a1_0.reason,
        a1_0.sign_in_id,
        a1_0.student_id,
        a1_0.student_name,
        a1_0.student_status,
        a1_0.update_time 
    from
        attendance a1_0 
    where
        a1_0.student_id=?
2026-06-09 14:09:58.121 [http-nio-0.0.0.0-8080-exec-6] DEBUG org.hibernate.SQL - 
    select
        u1_0.id,
        u1_0.class_name,
        u1_0.create_time,
        u1_0.gender,
        u1_0.real_name,
        u1_0.username,
        u1_0.userpassword,
        u1_0.userrole 
    from
        my_user u1_0 
    where
        u1_0.username=?
2026-06-09 14:10:01.948 [http-nio-0.0.0.0-8080-exec-7] DEBUG org.hibernate.SQL - 
    select
        u1_0.id,
        u1_0.class_name,
        u1_0.create_time,
        u1_0.gender,
        u1_0.real_name,
        u1_0.username,
        u1_0.userpassword,
        u1_0.userrole 
    from
        my_user u1_0 
    where
        u1_0.username=?
2026-06-09 14:10:03.699 [http-nio-0.0.0.0-8080-exec-9] DEBUG org.hibernate.SQL - 
    select
        u1_0.id,
        u1_0.class_name,
        u1_0.create_time,
        u1_0.gender,
        u1_0.real_name,
        u1_0.username,
        u1_0.userpassword,
        u1_0.userrole 
    from
        my_user u1_0 
    where
        u1_0.username=?
2026-06-09 14:10:03.708 [http-nio-0.0.0.0-8080-exec-9] DEBUG org.hibernate.SQL - 
    select
        c1_0.id,
        c1_0.class_name,
        c1_0.course_id,
        c1_0.course_name,
        c1_0.create_time,
        c1_0.location,
        c1_0.teacher_id,
        c1_0.teacher_name,
        c1_0.time_slot,
        c1_0.week_day 
    from
        course c1_0 
    where
        c1_0.teacher_id=?
2026-06-09 14:10:03.732 [http-nio-0.0.0.0-8080-exec-9] DEBUG org.hibernate.SQL - 
    select
        count_big(distinct cs1_0.student_id) 
    from
        course_selection cs1_0 
    where
        cs1_0.course_id in (?) 
        and cs1_0.status=1
2026-06-09 14:10:03.745 [http-nio-0.0.0.0-8080-exec-9] DEBUG org.hibernate.SQL - 
    select
        a1_0.id,
        a1_0.check_in_time,
        a1_0.course_id,
        a1_0.create_time,
        a1_0.ip_address,
        a1_0.reason,
        a1_0.sign_in_id,
        a1_0.student_id,
        a1_0.student_name,
        a1_0.student_status,
        a1_0.update_time 
    from
        attendance a1_0 
    where
        a1_0.course_id=?
2026-06-09 14:10:06.703 [http-nio-0.0.0.0-8080-exec-10] DEBUG org.hibernate.SQL - 
    select
        c1_0.id,
        c1_0.class_name,
        c1_0.course_id,
        c1_0.course_name,
        c1_0.create_time,
        c1_0.location,
        c1_0.teacher_id,
        c1_0.teacher_name,
        c1_0.time_slot,
        c1_0.week_day 
    from
        course c1_0 
    where
        c1_0.teacher_id=?
2026-06-09 14:10:06.725 [http-nio-0.0.0.0-8080-exec-10] DEBUG c.e.a.s.impl.AttendanceServiceImpl - 按条件查询考勤记录，学生ID: null, 课程ID: null, 状态: null, courseIds: [HUM102]
2026-06-09 14:10:06.781 [http-nio-0.0.0.0-8080-exec-10] DEBUG org.hibernate.SQL - 
    select
        a1_0.id,
        a1_0.check_in_time,
        a1_0.course_id,
        a1_0.create_time,
        a1_0.ip_address,
        a1_0.reason,
        a1_0.sign_in_id,
        a1_0.student_id,
        a1_0.student_name,
        a1_0.student_status,
        a1_0.update_time 
    from
        attendance a1_0 
    where
        a1_0.course_id in (?) 
    order by
        a1_0.check_in_time desc 
    offset
        ? rows 
    fetch
        first ? rows only
2026-06-09 14:10:06.851 [http-nio-0.0.0.0-8080-exec-10] INFO  c.e.a.s.impl.AttendanceServiceImpl - 条件查询考勤记录完成，总数: 0
2026-06-09 14:10:08.373 [http-nio-0.0.0.0-8080-exec-2] DEBUG org.hibernate.SQL - 
    select
        u1_0.id,
        u1_0.class_name,
        u1_0.create_time,
        u1_0.gender,
        u1_0.real_name,
        u1_0.username,
        u1_0.userpassword,
        u1_0.userrole 
    from
        my_user u1_0 
    where
        u1_0.username=?
2026-06-09 14:10:08.388 [http-nio-0.0.0.0-8080-exec-2] DEBUG org.hibernate.SQL - 
    select
        c1_0.id,
        c1_0.class_name,
        c1_0.course_id,
        c1_0.course_name,
        c1_0.create_time,
        c1_0.location,
        c1_0.teacher_id,
        c1_0.teacher_name,
        c1_0.time_slot,
        c1_0.week_day 
    from
        course c1_0 
    where
        c1_0.teacher_id=?
2026-06-09 14:10:08.396 [http-nio-0.0.0.0-8080-exec-2] DEBUG org.hibernate.SQL - 
    select
        count_big(distinct cs1_0.student_id) 
    from
        course_selection cs1_0 
    where
        cs1_0.course_id in (?) 
        and cs1_0.status=1
2026-06-09 14:10:08.410 [http-nio-0.0.0.0-8080-exec-2] DEBUG org.hibernate.SQL - 
    select
        a1_0.id,
        a1_0.check_in_time,
        a1_0.course_id,
        a1_0.create_time,
        a1_0.ip_address,
        a1_0.reason,
        a1_0.sign_in_id,
        a1_0.student_id,
        a1_0.student_name,
        a1_0.student_status,
        a1_0.update_time 
    from
        attendance a1_0 
    where
        a1_0.course_id=?
2026-06-09 14:10:09.781 [http-nio-0.0.0.0-8080-exec-3] DEBUG org.hibernate.SQL - 
    select
        c1_0.id,
        c1_0.class_name,
        c1_0.course_id,
        c1_0.course_name,
        c1_0.create_time,
        c1_0.location,
        c1_0.teacher_id,
        c1_0.teacher_name,
        c1_0.time_slot,
        c1_0.week_day 
    from
        course c1_0 
    where
        c1_0.teacher_id=?
2026-06-09 14:10:09.821 [http-nio-0.0.0.0-8080-exec-3] DEBUG org.hibernate.SQL - 
    select
        distinct s1_0.student_id,
        s1_0.age,
        s1_0.birth_date,
        s1_0.class_name,
        s1_0.email,
        s1_0.gender,
        s1_0.student_name,
        s1_0.phone 
    from
        student s1_0 
    join
        course_selection cs1_0 
            on s1_0.student_id=cs1_0.student_id 
    where
        cs1_0.course_id in (?) 
        and cs1_0.status=1
2026-06-09 14:10:11.194 [http-nio-0.0.0.0-8080-exec-4] DEBUG org.hibernate.SQL - 
    select
        u1_0.id,
        u1_0.class_name,
        u1_0.create_time,
        u1_0.gender,
        u1_0.real_name,
        u1_0.username,
        u1_0.userpassword,
        u1_0.userrole 
    from
        my_user u1_0 
    where
        u1_0.username=?
2026-06-09 14:10:11.209 [http-nio-0.0.0.0-8080-exec-4] DEBUG org.hibernate.SQL - 
    select
        c1_0.id,
        c1_0.class_name,
        c1_0.course_id,
        c1_0.course_name,
        c1_0.create_time,
        c1_0.location,
        c1_0.teacher_id,
        c1_0.teacher_name,
        c1_0.time_slot,
        c1_0.week_day 
    from
        course c1_0 
    where
        c1_0.teacher_id=?
2026-06-09 14:10:11.211 [http-nio-0.0.0.0-8080-exec-4] DEBUG org.hibernate.SQL - 
    select
        count_big(distinct cs1_0.student_id) 
    from
        course_selection cs1_0 
    where
        cs1_0.course_id in (?) 
        and cs1_0.status=1
2026-06-09 14:10:11.221 [http-nio-0.0.0.0-8080-exec-4] DEBUG org.hibernate.SQL - 
    select
        a1_0.id,
        a1_0.check_in_time,
        a1_0.course_id,
        a1_0.create_time,
        a1_0.ip_address,
        a1_0.reason,
        a1_0.sign_in_id,
        a1_0.student_id,
        a1_0.student_name,
        a1_0.student_status,
        a1_0.update_time 
    from
        attendance a1_0 
    where
        a1_0.course_id=?
2026-06-09 14:10:12.694 [http-nio-0.0.0.0-8080-exec-8] DEBUG c.e.a.s.impl.AttendanceServiceImpl - 按条件查询考勤记录，学生ID: null, 课程ID: null, 状态: null, courseIds: null
2026-06-09 14:10:12.695 [http-nio-0.0.0.0-8080-exec-7] DEBUG org.hibernate.SQL - 
    select
        u1_0.id,
        u1_0.class_name,
        u1_0.create_time,
        u1_0.gender,
        u1_0.real_name,
        u1_0.username,
        u1_0.userpassword,
        u1_0.userrole 
    from
        my_user u1_0 
    where
        u1_0.username=?
2026-06-09 14:10:12.702 [http-nio-0.0.0.0-8080-exec-8] DEBUG org.hibernate.SQL - 
    select
        a1_0.id,
        a1_0.check_in_time,
        a1_0.course_id,
        a1_0.create_time,
        a1_0.ip_address,
        a1_0.reason,
        a1_0.sign_in_id,
        a1_0.student_id,
        a1_0.student_name,
        a1_0.student_status,
        a1_0.update_time 
    from
        attendance a1_0 
    where
        1=1 
    order by
        a1_0.check_in_time desc 
    offset
        ? rows 
    fetch
        first ? rows only
2026-06-09 14:10:12.703 [http-nio-0.0.0.0-8080-exec-7] DEBUG org.hibernate.SQL - 
    select
        c1_0.id,
        c1_0.class_name,
        c1_0.course_id,
        c1_0.course_name,
        c1_0.create_time,
        c1_0.location,
        c1_0.teacher_id,
        c1_0.teacher_name,
        c1_0.time_slot,
        c1_0.week_day 
    from
        course c1_0 
    where
        c1_0.teacher_id=?
2026-06-09 14:10:12.708 [http-nio-0.0.0.0-8080-exec-7] DEBUG org.hibernate.SQL - 
    select
        count_big(distinct cs1_0.student_id) 
    from
        course_selection cs1_0 
    where
        cs1_0.course_id in (?) 
        and cs1_0.status=1
2026-06-09 14:10:12.712 [http-nio-0.0.0.0-8080-exec-7] DEBUG org.hibernate.SQL - 
    select
        a1_0.id,
        a1_0.check_in_time,
        a1_0.course_id,
        a1_0.create_time,
        a1_0.ip_address,
        a1_0.reason,
        a1_0.sign_in_id,
        a1_0.student_id,
        a1_0.student_name,
        a1_0.student_status,
        a1_0.update_time 
    from
        attendance a1_0 
    where
        a1_0.course_id=?
2026-06-09 14:10:12.717 [http-nio-0.0.0.0-8080-exec-8] DEBUG org.hibernate.SQL - 
    select
        count_big(a1_0.id) 
    from
        attendance a1_0 
    where
        1=1
2026-06-09 14:10:12.722 [http-nio-0.0.0.0-8080-exec-8] INFO  c.e.a.s.impl.AttendanceServiceImpl - 条件查询考勤记录完成，总数: 29
2026-06-09 14:10:13.895 [http-nio-0.0.0.0-8080-exec-9] DEBUG c.e.a.s.impl.AttendanceServiceImpl - 按条件查询考勤记录，学生ID: null, 课程ID: null, 状态: null, courseIds: null
2026-06-09 14:10:13.899 [http-nio-0.0.0.0-8080-exec-9] DEBUG org.hibernate.SQL - 
    select
        a1_0.id,
        a1_0.check_in_time,
        a1_0.course_id,
        a1_0.create_time,
        a1_0.ip_address,
        a1_0.reason,
        a1_0.sign_in_id,
        a1_0.student_id,
        a1_0.student_name,
        a1_0.student_status,
        a1_0.update_time 
    from
        attendance a1_0 
    where
        1=1 
    order by
        a1_0.check_in_time desc 
    offset
        ? rows 
    fetch
        first ? rows only
2026-06-09 14:10:13.907 [http-nio-0.0.0.0-8080-exec-9] DEBUG org.hibernate.SQL - 
    select
        count_big(a1_0.id) 
    from
        attendance a1_0 
    where
        1=1
2026-06-09 14:10:13.911 [http-nio-0.0.0.0-8080-exec-9] INFO  c.e.a.s.impl.AttendanceServiceImpl - 条件查询考勤记录完成，总数: 29
2026-06-09 14:10:18.874 [http-nio-0.0.0.0-8080-exec-1] DEBUG org.hibernate.SQL - 
    select
        u1_0.id,
        u1_0.class_name,
        u1_0.create_time,
        u1_0.gender,
        u1_0.real_name,
        u1_0.username,
        u1_0.userpassword,
        u1_0.userrole 
    from
        my_user u1_0 
    where
        u1_0.username=?
2026-06-09 14:10:18.880 [http-nio-0.0.0.0-8080-exec-1] DEBUG org.hibernate.SQL - 
    select
        c1_0.id,
        c1_0.class_name,
        c1_0.course_id,
        c1_0.course_name,
        c1_0.create_time,
        c1_0.location,
        c1_0.teacher_id,
        c1_0.teacher_name,
        c1_0.time_slot,
        c1_0.week_day 
    from
        course c1_0 
    where
        c1_0.teacher_id=?
2026-06-09 14:10:18.882 [http-nio-0.0.0.0-8080-exec-1] DEBUG org.hibernate.SQL - 
    select
        count_big(distinct cs1_0.student_id) 
    from
        course_selection cs1_0 
    where
        cs1_0.course_id in (?) 
        and cs1_0.status=1
2026-06-09 14:10:18.886 [http-nio-0.0.0.0-8080-exec-1] DEBUG org.hibernate.SQL - 
    select
        a1_0.id,
        a1_0.check_in_time,
        a1_0.course_id,
        a1_0.create_time,
        a1_0.ip_address,
        a1_0.reason,
        a1_0.sign_in_id,
        a1_0.student_id,
        a1_0.student_name,
        a1_0.student_status,
        a1_0.update_time 
    from
        attendance a1_0 
    where
        a1_0.course_id=?
2026-06-09 14:10:20.590 [http-nio-0.0.0.0-8080-exec-3] DEBUG org.hibernate.SQL - 
    select
        u1_0.id,
        u1_0.class_name,
        u1_0.create_time,
        u1_0.gender,
        u1_0.real_name,
        u1_0.username,
        u1_0.userpassword,
        u1_0.userrole 
    from
        my_user u1_0 
    where
        u1_0.username=?
2026-06-09 14:10:20.590 [http-nio-0.0.0.0-8080-exec-5] DEBUG c.e.a.s.impl.AttendanceServiceImpl - 按条件查询考勤记录，学生ID: null, 课程ID: null, 状态: null, courseIds: null
2026-06-09 14:10:20.591 [http-nio-0.0.0.0-8080-exec-3] DEBUG org.hibernate.SQL - 
    select
        c1_0.id,
        c1_0.class_name,
        c1_0.course_id,
        c1_0.course_name,
        c1_0.create_time,
        c1_0.location,
        c1_0.teacher_id,
        c1_0.teacher_name,
        c1_0.time_slot,
        c1_0.week_day 
    from
        course c1_0 
    where
        c1_0.teacher_id=?
2026-06-09 14:10:20.591 [http-nio-0.0.0.0-8080-exec-5] DEBUG org.hibernate.SQL - 
    select
        a1_0.id,
        a1_0.check_in_time,
        a1_0.course_id,
        a1_0.create_time,
        a1_0.ip_address,
        a1_0.reason,
        a1_0.sign_in_id,
        a1_0.student_id,
        a1_0.student_name,
        a1_0.student_status,
        a1_0.update_time 
    from
        attendance a1_0 
    where
        1=1 
    order by
        a1_0.check_in_time desc 
    offset
        ? rows 
    fetch
        first ? rows only
2026-06-09 14:10:20.598 [http-nio-0.0.0.0-8080-exec-3] DEBUG org.hibernate.SQL - 
    select
        count_big(distinct cs1_0.student_id) 
    from
        course_selection cs1_0 
    where
        cs1_0.course_id in (?) 
        and cs1_0.status=1
2026-06-09 14:10:20.602 [http-nio-0.0.0.0-8080-exec-5] DEBUG org.hibernate.SQL - 
    select
        count_big(a1_0.id) 
    from
        attendance a1_0 
    where
        1=1
2026-06-09 14:10:20.604 [http-nio-0.0.0.0-8080-exec-3] DEBUG org.hibernate.SQL - 
    select
        a1_0.id,
        a1_0.check_in_time,
        a1_0.course_id,
        a1_0.create_time,
        a1_0.ip_address,
        a1_0.reason,
        a1_0.sign_in_id,
        a1_0.student_id,
        a1_0.student_name,
        a1_0.student_status,
        a1_0.update_time 
    from
        attendance a1_0 
    where
        a1_0.course_id=?
2026-06-09 14:10:20.605 [http-nio-0.0.0.0-8080-exec-5] INFO  c.e.a.s.impl.AttendanceServiceImpl - 条件查询考勤记录完成，总数: 29
2026-06-09 14:10:21.812 [http-nio-0.0.0.0-8080-exec-4] DEBUG c.e.a.s.impl.AttendanceServiceImpl - 按条件查询考勤记录，学生ID: null, 课程ID: null, 状态: null, courseIds: null
2026-06-09 14:10:21.819 [http-nio-0.0.0.0-8080-exec-4] DEBUG org.hibernate.SQL - 
    select
        a1_0.id,
        a1_0.check_in_time,
        a1_0.course_id,
        a1_0.create_time,
        a1_0.ip_address,
        a1_0.reason,
        a1_0.sign_in_id,
        a1_0.student_id,
        a1_0.student_name,
        a1_0.student_status,
        a1_0.update_time 
    from
        attendance a1_0 
    where
        1=1 
    order by
        a1_0.check_in_time desc 
    offset
        ? rows 
    fetch
        first ? rows only
2026-06-09 14:10:21.826 [http-nio-0.0.0.0-8080-exec-4] DEBUG org.hibernate.SQL - 
    select
        count_big(a1_0.id) 
    from
        attendance a1_0 
    where
        1=1
2026-06-09 14:10:21.829 [http-nio-0.0.0.0-8080-exec-4] INFO  c.e.a.s.impl.AttendanceServiceImpl - 条件查询考勤记录完成，总数: 29
2026-06-09 14:10:52.283 [http-nio-0.0.0.0-8080-exec-7] DEBUG org.hibernate.SQL - 
    select
        u1_0.id,
        u1_0.class_name,
        u1_0.create_time,
        u1_0.gender,
        u1_0.real_name,
        u1_0.username,
        u1_0.userpassword,
        u1_0.userrole 
    from
        my_user u1_0 
    where
        u1_0.username=?
2026-06-09 14:10:52.297 [http-nio-0.0.0.0-8080-exec-7] DEBUG org.hibernate.SQL - 
    select
        c1_0.id,
        c1_0.class_name,
        c1_0.course_id,
        c1_0.course_name,
        c1_0.create_time,
        c1_0.location,
        c1_0.teacher_id,
        c1_0.teacher_name,
        c1_0.time_slot,
        c1_0.week_day 
    from
        course c1_0 
    where
        c1_0.teacher_id=?
2026-06-09 14:10:52.298 [http-nio-0.0.0.0-8080-exec-7] DEBUG org.hibernate.SQL - 
    select
        count_big(distinct cs1_0.student_id) 
    from
        course_selection cs1_0 
    where
        cs1_0.course_id in (?) 
        and cs1_0.status=1
2026-06-09 14:10:52.299 [http-nio-0.0.0.0-8080-exec-7] DEBUG org.hibernate.SQL - 
    select
        a1_0.id,
        a1_0.check_in_time,
        a1_0.course_id,
        a1_0.create_time,
        a1_0.ip_address,
        a1_0.reason,
        a1_0.sign_in_id,
        a1_0.student_id,
        a1_0.student_name,
        a1_0.student_status,
        a1_0.update_time 
    from
        attendance a1_0 
    where
        a1_0.course_id=?
2026-06-09 14:10:58.382 [http-nio-0.0.0.0-8080-exec-10] DEBUG org.hibernate.SQL - 
    select
        u1_0.id,
        u1_0.class_name,
        u1_0.create_time,
        u1_0.gender,
        u1_0.real_name,
        u1_0.username,
        u1_0.userpassword,
        u1_0.userrole 
    from
        my_user u1_0 
    where
        u1_0.username=?
2026-06-09 14:10:59.991 [http-nio-0.0.0.0-8080-exec-2] DEBUG org.hibernate.SQL - 
    select
        u1_0.id,
        u1_0.class_name,
        u1_0.create_time,
        u1_0.gender,
        u1_0.real_name,
        u1_0.username,
        u1_0.userpassword,
        u1_0.userrole 
    from
        my_user u1_0 
    where
        u1_0.username=?
2026-06-09 14:10:59.996 [http-nio-0.0.0.0-8080-exec-2] DEBUG org.hibernate.SQL - 
    select
        c1_0.id,
        c1_0.class_name,
        c1_0.course_id,
        c1_0.course_name,
        c1_0.create_time,
        c1_0.location,
        c1_0.teacher_id,
        c1_0.teacher_name,
        c1_0.time_slot,
        c1_0.week_day 
    from
        course c1_0
2026-06-09 14:11:00.004 [http-nio-0.0.0.0-8080-exec-2] DEBUG org.hibernate.SQL - 
    select
        count_big(*) 
    from
        student s1_0
2026-06-09 14:11:00.019 [http-nio-0.0.0.0-8080-exec-2] DEBUG org.hibernate.SQL - 
    select
        count_big(u1_0.id) 
    from
        my_user u1_0 
    where
        upper(u1_0.userrole)=upper(?)
2026-06-09 14:11:00.033 [http-nio-0.0.0.0-8080-exec-2] DEBUG org.hibernate.SQL - 
    select
        count_big(*) 
    from
        course c1_0
2026-06-09 14:11:00.036 [http-nio-0.0.0.0-8080-exec-2] DEBUG org.hibernate.SQL - 
    select
        a1_0.id,
        a1_0.check_in_time,
        a1_0.course_id,
        a1_0.create_time,
        a1_0.ip_address,
        a1_0.reason,
        a1_0.sign_in_id,
        a1_0.student_id,
        a1_0.student_name,
        a1_0.student_status,
        a1_0.update_time 
    from
        attendance a1_0 
    where
        a1_0.course_id=?
2026-06-09 14:11:00.038 [http-nio-0.0.0.0-8080-exec-2] DEBUG org.hibernate.SQL - 
    select
        a1_0.id,
        a1_0.check_in_time,
        a1_0.course_id,
        a1_0.create_time,
        a1_0.ip_address,
        a1_0.reason,
        a1_0.sign_in_id,
        a1_0.student_id,
        a1_0.student_name,
        a1_0.student_status,
        a1_0.update_time 
    from
        attendance a1_0 
    where
        a1_0.course_id=?
2026-06-09 14:11:00.039 [http-nio-0.0.0.0-8080-exec-2] DEBUG org.hibernate.SQL - 
    select
        a1_0.id,
        a1_0.check_in_time,
        a1_0.course_id,
        a1_0.create_time,
        a1_0.ip_address,
        a1_0.reason,
        a1_0.sign_in_id,
        a1_0.student_id,
        a1_0.student_name,
        a1_0.student_status,
        a1_0.update_time 
    from
        attendance a1_0 
    where
        a1_0.course_id=?
2026-06-09 14:11:00.041 [http-nio-0.0.0.0-8080-exec-2] DEBUG org.hibernate.SQL - 
    select
        a1_0.id,
        a1_0.check_in_time,
        a1_0.course_id,
        a1_0.create_time,
        a1_0.ip_address,
        a1_0.reason,
        a1_0.sign_in_id,
        a1_0.student_id,
        a1_0.student_name,
        a1_0.student_status,
        a1_0.update_time 
    from
        attendance a1_0 
    where
        a1_0.course_id=?
2026-06-09 14:11:02.492 [http-nio-0.0.0.0-8080-exec-3] DEBUG org.hibernate.SQL - 
    select
        c1_0.id,
        c1_0.class_name,
        c1_0.course_id,
        c1_0.course_name,
        c1_0.create_time,
        c1_0.location,
        c1_0.teacher_id,
        c1_0.teacher_name,
        c1_0.time_slot,
        c1_0.week_day 
    from
        course c1_0
2026-06-09 14:11:05.575 [http-nio-0.0.0.0-8080-exec-4] DEBUG org.hibernate.SQL - 
    select
        u1_0.id,
        u1_0.class_name,
        u1_0.create_time,
        u1_0.gender,
        u1_0.real_name,
        u1_0.username,
        u1_0.userpassword,
        u1_0.userrole 
    from
        my_user u1_0 
    where
        u1_0.username=?
2026-06-09 14:11:05.578 [http-nio-0.0.0.0-8080-exec-4] DEBUG org.hibernate.SQL - 
    select
        c1_0.id,
        c1_0.class_name,
        c1_0.course_id,
        c1_0.course_name,
        c1_0.create_time,
        c1_0.location,
        c1_0.teacher_id,
        c1_0.teacher_name,
        c1_0.time_slot,
        c1_0.week_day 
    from
        course c1_0
2026-06-09 14:11:05.581 [http-nio-0.0.0.0-8080-exec-4] DEBUG org.hibernate.SQL - 
    select
        count_big(*) 
    from
        student s1_0
2026-06-09 14:11:05.584 [http-nio-0.0.0.0-8080-exec-4] DEBUG org.hibernate.SQL - 
    select
        count_big(u1_0.id) 
    from
        my_user u1_0 
    where
        upper(u1_0.userrole)=upper(?)
2026-06-09 14:11:05.585 [http-nio-0.0.0.0-8080-exec-4] DEBUG org.hibernate.SQL - 
    select
        count_big(*) 
    from
        course c1_0
2026-06-09 14:11:05.586 [http-nio-0.0.0.0-8080-exec-4] DEBUG org.hibernate.SQL - 
    select
        a1_0.id,
        a1_0.check_in_time,
        a1_0.course_id,
        a1_0.create_time,
        a1_0.ip_address,
        a1_0.reason,
        a1_0.sign_in_id,
        a1_0.student_id,
        a1_0.student_name,
        a1_0.student_status,
        a1_0.update_time 
    from
        attendance a1_0 
    where
        a1_0.course_id=?
2026-06-09 14:11:05.587 [http-nio-0.0.0.0-8080-exec-4] DEBUG org.hibernate.SQL - 
    select
        a1_0.id,
        a1_0.check_in_time,
        a1_0.course_id,
        a1_0.create_time,
        a1_0.ip_address,
        a1_0.reason,
        a1_0.sign_in_id,
        a1_0.student_id,
        a1_0.student_name,
        a1_0.student_status,
        a1_0.update_time 
    from
        attendance a1_0 
    where
        a1_0.course_id=?
2026-06-09 14:11:05.588 [http-nio-0.0.0.0-8080-exec-4] DEBUG org.hibernate.SQL - 
    select
        a1_0.id,
        a1_0.check_in_time,
        a1_0.course_id,
        a1_0.create_time,
        a1_0.ip_address,
        a1_0.reason,
        a1_0.sign_in_id,
        a1_0.student_id,
        a1_0.student_name,
        a1_0.student_status,
        a1_0.update_time 
    from
        attendance a1_0 
    where
        a1_0.course_id=?
2026-06-09 14:11:05.591 [http-nio-0.0.0.0-8080-exec-4] DEBUG org.hibernate.SQL - 
    select
        a1_0.id,
        a1_0.check_in_time,
        a1_0.course_id,
        a1_0.create_time,
        a1_0.ip_address,
        a1_0.reason,
        a1_0.sign_in_id,
        a1_0.student_id,
        a1_0.student_name,
        a1_0.student_status,
        a1_0.update_time 
    from
        attendance a1_0 
    where
        a1_0.course_id=?
2026-06-09 14:11:07.763 [http-nio-0.0.0.0-8080-exec-6] DEBUG c.e.a.service.impl.UserServiceImpl - 查询所有用户列表
2026-06-09 14:11:07.766 [http-nio-0.0.0.0-8080-exec-6] DEBUG org.hibernate.SQL - 
    select
        u1_0.id,
        u1_0.class_name,
        u1_0.create_time,
        u1_0.gender,
        u1_0.real_name,
        u1_0.username,
        u1_0.userpassword,
        u1_0.userrole 
    from
        my_user u1_0
2026-06-09 14:11:07.771 [http-nio-0.0.0.0-8080-exec-6] INFO  c.e.a.service.impl.UserServiceImpl - 查询到 74 个用户
2026-06-09 14:11:16.624 [http-nio-0.0.0.0-8080-exec-8] DEBUG org.hibernate.SQL - 
    select
        u1_0.id,
        u1_0.class_name,
        u1_0.create_time,
        u1_0.gender,
        u1_0.real_name,
        u1_0.username,
        u1_0.userpassword,
        u1_0.userrole 
    from
        my_user u1_0 
    where
        u1_0.username=?
2026-06-09 14:11:16.635 [http-nio-0.0.0.0-8080-exec-8] DEBUG org.hibernate.SQL - 
    select
        c1_0.id,
        c1_0.class_name,
        c1_0.course_id,
        c1_0.course_name,
        c1_0.create_time,
        c1_0.location,
        c1_0.teacher_id,
        c1_0.teacher_name,
        c1_0.time_slot,
        c1_0.week_day 
    from
        course c1_0
2026-06-09 14:11:16.639 [http-nio-0.0.0.0-8080-exec-8] DEBUG org.hibernate.SQL - 
    select
        count_big(*) 
    from
        student s1_0
2026-06-09 14:11:16.645 [http-nio-0.0.0.0-8080-exec-8] DEBUG org.hibernate.SQL - 
    select
        count_big(u1_0.id) 
    from
        my_user u1_0 
    where
        upper(u1_0.userrole)=upper(?)
2026-06-09 14:11:16.649 [http-nio-0.0.0.0-8080-exec-8] DEBUG org.hibernate.SQL - 
    select
        count_big(*) 
    from
        course c1_0
2026-06-09 14:11:16.651 [http-nio-0.0.0.0-8080-exec-8] DEBUG org.hibernate.SQL - 
    select
        a1_0.id,
        a1_0.check_in_time,
        a1_0.course_id,
        a1_0.create_time,
        a1_0.ip_address,
        a1_0.reason,
        a1_0.sign_in_id,
        a1_0.student_id,
        a1_0.student_name,
        a1_0.student_status,
        a1_0.update_time 
    from
        attendance a1_0 
    where
        a1_0.course_id=?
2026-06-09 14:11:16.656 [http-nio-0.0.0.0-8080-exec-8] DEBUG org.hibernate.SQL - 
    select
        a1_0.id,
        a1_0.check_in_time,
        a1_0.course_id,
        a1_0.create_time,
        a1_0.ip_address,
        a1_0.reason,
        a1_0.sign_in_id,
        a1_0.student_id,
        a1_0.student_name,
        a1_0.student_status,
        a1_0.update_time 
    from
        attendance a1_0 
    where
        a1_0.course_id=?
2026-06-09 14:11:16.657 [http-nio-0.0.0.0-8080-exec-8] DEBUG org.hibernate.SQL - 
    select
        a1_0.id,
        a1_0.check_in_time,
        a1_0.course_id,
        a1_0.create_time,
        a1_0.ip_address,
        a1_0.reason,
        a1_0.sign_in_id,
        a1_0.student_id,
        a1_0.student_name,
        a1_0.student_status,
        a1_0.update_time 
    from
        attendance a1_0 
    where
        a1_0.course_id=?
2026-06-09 14:11:16.660 [http-nio-0.0.0.0-8080-exec-8] DEBUG org.hibernate.SQL - 
    select
        a1_0.id,
        a1_0.check_in_time,
        a1_0.course_id,
        a1_0.create_time,
        a1_0.ip_address,
        a1_0.reason,
        a1_0.sign_in_id,
        a1_0.student_id,
        a1_0.student_name,
        a1_0.student_status,
        a1_0.update_time 
    from
        attendance a1_0 
    where
        a1_0.course_id=?
2026-06-09 14:11:18.877 [http-nio-0.0.0.0-8080-exec-10] DEBUG org.hibernate.SQL - 
    select
        u1_0.id,
        u1_0.class_name,
        u1_0.create_time,
        u1_0.gender,
        u1_0.real_name,
        u1_0.username,
        u1_0.userpassword,
        u1_0.userrole 
    from
        my_user u1_0 
    where
        u1_0.username=?
2026-06-09 14:11:18.877 [http-nio-0.0.0.0-8080-exec-1] DEBUG c.e.a.s.impl.AttendanceServiceImpl - 分页查询考勤记录，页码: 0, 每页数量: 10
2026-06-09 14:11:18.881 [http-nio-0.0.0.0-8080-exec-10] DEBUG org.hibernate.SQL - 
    select
        c1_0.id,
        c1_0.class_name,
        c1_0.course_id,
        c1_0.course_name,
        c1_0.create_time,
        c1_0.location,
        c1_0.teacher_id,
        c1_0.teacher_name,
        c1_0.time_slot,
        c1_0.week_day 
    from
        course c1_0
2026-06-09 14:11:18.883 [http-nio-0.0.0.0-8080-exec-1] DEBUG org.hibernate.SQL - 
    select
        a1_0.id,
        a1_0.check_in_time,
        a1_0.course_id,
        a1_0.create_time,
        a1_0.ip_address,
        a1_0.reason,
        a1_0.sign_in_id,
        a1_0.student_id,
        a1_0.student_name,
        a1_0.student_status,
        a1_0.update_time 
    from
        attendance a1_0 
    order by
        a1_0.check_in_time desc 
    offset
        ? rows 
    fetch
        first ? rows only
2026-06-09 14:11:18.884 [http-nio-0.0.0.0-8080-exec-10] DEBUG org.hibernate.SQL - 
    select
        count_big(*) 
    from
        student s1_0
2026-06-09 14:11:18.885 [http-nio-0.0.0.0-8080-exec-10] DEBUG org.hibernate.SQL - 
    select
        count_big(u1_0.id) 
    from
        my_user u1_0 
    where
        upper(u1_0.userrole)=upper(?)
2026-06-09 14:11:18.886 [http-nio-0.0.0.0-8080-exec-1] DEBUG org.hibernate.SQL - 
    select
        count_big(a1_0.id) 
    from
        attendance a1_0
2026-06-09 14:11:18.887 [http-nio-0.0.0.0-8080-exec-10] DEBUG org.hibernate.SQL - 
    select
        count_big(*) 
    from
        course c1_0
2026-06-09 14:11:18.888 [http-nio-0.0.0.0-8080-exec-10] DEBUG org.hibernate.SQL - 
    select
        a1_0.id,
        a1_0.check_in_time,
        a1_0.course_id,
        a1_0.create_time,
        a1_0.ip_address,
        a1_0.reason,
        a1_0.sign_in_id,
        a1_0.student_id,
        a1_0.student_name,
        a1_0.student_status,
        a1_0.update_time 
    from
        attendance a1_0 
    where
        a1_0.course_id=?
2026-06-09 14:11:18.890 [http-nio-0.0.0.0-8080-exec-1] INFO  c.e.a.s.impl.AttendanceServiceImpl - 考勤记录分页查询完成，总数: 29
2026-06-09 14:11:18.890 [http-nio-0.0.0.0-8080-exec-10] DEBUG org.hibernate.SQL - 
    select
        a1_0.id,
        a1_0.check_in_time,
        a1_0.course_id,
        a1_0.create_time,
        a1_0.ip_address,
        a1_0.reason,
        a1_0.sign_in_id,
        a1_0.student_id,
        a1_0.student_name,
        a1_0.student_status,
        a1_0.update_time 
    from
        attendance a1_0 
    where
        a1_0.course_id=?
2026-06-09 14:11:18.891 [http-nio-0.0.0.0-8080-exec-10] DEBUG org.hibernate.SQL - 
    select
        a1_0.id,
        a1_0.check_in_time,
        a1_0.course_id,
        a1_0.create_time,
        a1_0.ip_address,
        a1_0.reason,
        a1_0.sign_in_id,
        a1_0.student_id,
        a1_0.student_name,
        a1_0.student_status,
        a1_0.update_time 
    from
        attendance a1_0 
    where
        a1_0.course_id=?
2026-06-09 14:11:18.892 [http-nio-0.0.0.0-8080-exec-10] DEBUG org.hibernate.SQL - 
    select
        a1_0.id,
        a1_0.check_in_time,
        a1_0.course_id,
        a1_0.create_time,
        a1_0.ip_address,
        a1_0.reason,
        a1_0.sign_in_id,
        a1_0.student_id,
        a1_0.student_name,
        a1_0.student_status,
        a1_0.update_time 
    from
        attendance a1_0 
    where
        a1_0.course_id=?
2026-06-09 14:11:20.485 [http-nio-0.0.0.0-8080-exec-2] DEBUG c.e.a.s.impl.AttendanceServiceImpl - 分页查询考勤记录，页码: 0, 每页数量: 10
2026-06-09 14:11:20.487 [http-nio-0.0.0.0-8080-exec-2] DEBUG org.hibernate.SQL - 
    select
        a1_0.id,
        a1_0.check_in_time,
        a1_0.course_id,
        a1_0.create_time,
        a1_0.ip_address,
        a1_0.reason,
        a1_0.sign_in_id,
        a1_0.student_id,
        a1_0.student_name,
        a1_0.student_status,
        a1_0.update_time 
    from
        attendance a1_0 
    order by
        a1_0.check_in_time desc 
    offset
        ? rows 
    fetch
        first ? rows only
2026-06-09 14:11:20.489 [http-nio-0.0.0.0-8080-exec-2] DEBUG org.hibernate.SQL - 
    select
        count_big(a1_0.id) 
    from
        attendance a1_0
2026-06-09 14:11:20.493 [http-nio-0.0.0.0-8080-exec-2] INFO  c.e.a.s.impl.AttendanceServiceImpl - 考勤记录分页查询完成，总数: 29
2026-06-09 14:12:42.554 [SpringApplicationShutdownHook] INFO  o.s.boot.tomcat.GracefulShutdown - Commencing graceful shutdown. Waiting for active requests to complete
2026-06-09 14:12:42.575 [tomcat-shutdown] INFO  o.s.boot.tomcat.GracefulShutdown - Graceful shutdown complete
2026-06-09 14:12:42.584 [SpringApplicationShutdownHook] INFO  o.s.o.j.LocalContainerEntityManagerFactoryBean - Closing JPA EntityManagerFactory for persistence unit 'default'
2026-06-09 14:12:42.588 [SpringApplicationShutdownHook] INFO  com.zaxxer.hikari.HikariDataSource - HikariPool-1 - Shutdown initiated...
2026-06-09 14:12:42.594 [SpringApplicationShutdownHook] INFO  com.zaxxer.hikari.HikariDataSource - HikariPool-1 - Shutdown completed.
2026-06-09 14:12:59.136 [main] INFO  c.e.a.AttendanceSystemApplication - Starting AttendanceSystemApplication using Java 21.0.2 with PID 3420 (D:\Java\springboot_pj\attendance-system\target\classes started by l in D:\Java\springboot_pj\attendance-system)
2026-06-09 14:12:59.137 [main] DEBUG c.e.a.AttendanceSystemApplication - Running with Spring Boot v4.0.3, Spring v7.0.5
2026-06-09 14:12:59.137 [main] INFO  c.e.a.AttendanceSystemApplication - No active profile set, falling back to 1 default profile: "default"
2026-06-09 14:12:59.498 [main] INFO  o.s.d.r.c.RepositoryConfigurationDelegate - Bootstrapping Spring Data JPA repositories in DEFAULT mode.
2026-06-09 14:12:59.546 [main] INFO  o.s.d.r.c.RepositoryConfigurationDelegate - Finished Spring Data repository scanning in 38 ms. Found 5 JPA repository interfaces.
2026-06-09 14:12:59.648 [main] INFO  o.s.cloud.context.scope.GenericScope - BeanFactory id=d6250731-036a-36ea-b8f9-8d612c972637
2026-06-09 14:12:59.824 [main] INFO  o.s.boot.tomcat.TomcatWebServer - Tomcat initialized with port 8080 (http)
2026-06-09 14:12:59.829 [main] INFO  o.a.coyote.http11.Http11NioProtocol - Initializing ProtocolHandler ["http-nio-0.0.0.0-8080"]
2026-06-09 14:12:59.829 [main] INFO  o.a.catalina.core.StandardService - Starting service [Tomcat]
2026-06-09 14:12:59.829 [main] INFO  o.a.catalina.core.StandardEngine - Starting Servlet engine: [Apache Tomcat/11.0.18]
2026-06-09 14:12:59.858 [main] INFO  o.s.b.w.c.s.WebApplicationContextInitializer - Root WebApplicationContext: initialization completed in 694 ms
2026-06-09 14:12:59.966 [main] INFO  org.hibernate.orm.jpa - HHH008540: Processing PersistenceUnitInfo [name: default]
2026-06-09 14:12:59.994 [main] INFO  org.hibernate.orm.core - HHH000001: Hibernate ORM core version 7.2.4.Final
2026-06-09 14:13:00.216 [main] INFO  o.s.o.j.p.SpringPersistenceUnitInfo - No LoadTimeWeaver setup: ignoring JPA class transformer
2026-06-09 14:13:00.235 [main] INFO  com.zaxxer.hikari.HikariDataSource - HikariPool-1 - Starting...
2026-06-09 14:13:00.756 [main] INFO  com.zaxxer.hikari.pool.HikariPool - HikariPool-1 - Added connection ConnectionID:1 ClientConnectionId: e7ecddf4-4b03-4d0a-a1d9-e0379a98ee53
2026-06-09 14:13:00.756 [main] INFO  com.zaxxer.hikari.HikariDataSource - HikariPool-1 - Start completed.
2026-06-09 14:13:00.879 [main] WARN  org.hibernate.orm.deprecation - HHH90000025: SQLServerDialect does not need to be specified explicitly using 'hibernate.dialect' (remove the property setting and it will be selected by default)
2026-06-09 14:13:00.887 [main] INFO  o.hibernate.orm.connections.pooling - HHH10001005: Database info:
	Database JDBC URL [jdbc:sqlserver://localhost:1433;concatNullYieldsNull=ON;quotedIdentifier=ON;connectRetryInterval=10;connectRetryCount=1;maxResultBuffer=-1;sendTemporalDataTypesAsStringForBulkCopy=true;delayLoadingLobs=true;useFmtOnly=false;vectorTypeSupport=v1;cacheBulkCopyMetadata=false;bulkCopyForBatchInsertAllowEncryptedValueModifications=false;bulkCopyForBatchInsertTableLock=false;bulkCopyForBatchInsertKeepNulls=false;bulkCopyForBatchInsertKeepIdentity=false;bulkCopyForBatchInsertFireTriggers=false;bulkCopyForBatchInsertCheckConstraints=false;bulkCopyForBatchInsertBatchSize=0;useBulkCopyForBatchInsert=false;cancelQueryTimeout=-1;sslProtocol=TLS;calcBigDecimalPrecision=false;useDefaultJaasConfig=false;jaasConfigurationName=SQLJDBCDriver;statementPoolingCacheSize=0;serverPreparedStatementDiscardThreshold=10;enablePrepareOnFirstPreparedStatementCall=false;fips=false;socketTimeout=0;authentication=NotSpecified;authenticationScheme=nativeAuthentication;xopenStates=false;datetimeParameterType=datetime2;sendTimeAsDatetime=true;replication=false;trustStoreType=JKS;trustServerCertificate=true;TransparentNetworkIPResolution=true;iPAddressPreference=IPv4First;serverNameAsACE=false;sendStringParametersAsUnicode=true;selectMethod=direct;responseBuffering=adaptive;queryTimeout=-1;packetSize=8000;multiSubnetFailover=false;loginTimeout=30;lockTimeout=-1;lastUpdateCount=true;useDefaultGSSCredential=false;prepareMethod=prepexec;encrypt=false;disableStatementPooling=true;databaseName=attendance_system;columnEncryptionSetting=Disabled;applicationName=Microsoft JDBC Driver for SQL Server;applicationIntent=readwrite;]
	Database driver: Microsoft JDBC Driver 13.2 for SQL Server
	Database dialect: SQLServerDialect
	Database version: 17.0
	Default catalog/schema: attendance_system/dbo
	Autocommit mode: undefined/unknown
	Isolation level: READ_COMMITTED [default READ_COMMITTED]
	JDBC fetch size: 128
	Pool: DataSourceConnectionProvider
	Minimum pool size: undefined/unknown
	Maximum pool size: undefined/unknown
2026-06-09 14:13:01.387 [main] INFO  org.hibernate.orm.core - HHH000489: No JTA platform available (set 'hibernate.transaction.jta.platform' to enable JTA platform integration)
2026-06-09 14:13:02.475 [main] DEBUG org.hibernate.SQL - 
    alter table attendance 
       alter column id bigint
2026-06-09 14:13:02.480 [main] WARN  o.h.t.s.i.ExceptionHandlerLoggedImpl - GenerationTarget encountered exception accepting command : Error executing DDL "
    alter table attendance 
       alter column id bigint" via JDBC [对象'PK__attendan__3213E83F505AAD30' 依赖于 列'id'。]
org.hibernate.tool.schema.spi.CommandAcceptanceException: Error executing DDL "
    alter table attendance 
       alter column id bigint" via JDBC [对象'PK__attendan__3213E83F505AAD30' 依赖于 列'id'。]
	at org.hibernate.tool.schema.internal.exec.GenerationTargetToDatabase.accept(GenerationTargetToDatabase.java:81)
	at org.hibernate.tool.schema.internal.AbstractSchemaMigrator.applySqlString(AbstractSchemaMigrator.java:566)
	at org.hibernate.tool.schema.internal.AbstractSchemaMigrator.applySqlStrings(AbstractSchemaMigrator.java:506)
	at org.hibernate.tool.schema.internal.AbstractSchemaMigrator.migrateTable(AbstractSchemaMigrator.java:324)
	at org.hibernate.tool.schema.internal.GroupedSchemaMigratorImpl.performTablesMigration(GroupedSchemaMigratorImpl.java:84)
	at org.hibernate.tool.schema.internal.AbstractSchemaMigrator.performMigration(AbstractSchemaMigrator.java:220)
	at org.hibernate.tool.schema.internal.AbstractSchemaMigrator.doMigration(AbstractSchemaMigrator.java:96)
	at org.hibernate.tool.schema.spi.SchemaManagementToolCoordinator.performDatabaseAction(SchemaManagementToolCoordinator.java:269)
	at org.hibernate.tool.schema.spi.SchemaManagementToolCoordinator.lambda$process$1(SchemaManagementToolCoordinator.java:101)
	at java.base/java.util.HashMap.forEach(HashMap.java:1429)
	at org.hibernate.tool.schema.spi.SchemaManagementToolCoordinator.process(SchemaManagementToolCoordinator.java:100)
	at org.hibernate.boot.internal.SessionFactoryObserverForSchemaExport.sessionFactoryCreated(SessionFactoryObserverForSchemaExport.java:35)
	at org.hibernate.internal.SessionFactoryObserverChain.sessionFactoryCreated(SessionFactoryObserverChain.java:33)
	at org.hibernate.internal.SessionFactoryImpl.<init>(SessionFactoryImpl.java:323)
	at org.hibernate.internal.SessionFactoryRegistry.instantiateSessionFactory(SessionFactoryRegistry.java:64)
	at org.hibernate.boot.internal.SessionFactoryBuilderImpl.build(SessionFactoryBuilderImpl.java:437)
	at org.hibernate.jpa.boot.internal.EntityManagerFactoryBuilderImpl.build(EntityManagerFactoryBuilderImpl.java:1456)
	at org.springframework.orm.jpa.vendor.SpringHibernateJpaPersistenceProvider.createContainerEntityManagerFactory(SpringHibernateJpaPersistenceProvider.java:93)
	at org.springframework.orm.jpa.LocalContainerEntityManagerFactoryBean.createNativeEntityManagerFactory(LocalContainerEntityManagerFactoryBean.java:443)
	at org.springframework.orm.jpa.AbstractEntityManagerFactoryBean.buildNativeEntityManagerFactory(AbstractEntityManagerFactoryBean.java:436)
	at org.springframework.orm.jpa.AbstractEntityManagerFactoryBean.afterPropertiesSet(AbstractEntityManagerFactoryBean.java:411)
	at org.springframework.orm.jpa.LocalContainerEntityManagerFactoryBean.afterPropertiesSet(LocalContainerEntityManagerFactoryBean.java:419)
	at org.springframework.beans.factory.support.AbstractAutowireCapableBeanFactory.invokeInitMethods(AbstractAutowireCapableBeanFactory.java:1864)
	at org.springframework.beans.factory.support.AbstractAutowireCapableBeanFactory.initializeBean(AbstractAutowireCapableBeanFactory.java:1813)
	at org.springframework.beans.factory.support.AbstractAutowireCapableBeanFactory.doCreateBean(AbstractAutowireCapableBeanFactory.java:603)
	at org.springframework.beans.factory.support.AbstractAutowireCapableBeanFactory.createBean(AbstractAutowireCapableBeanFactory.java:525)
	at org.springframework.beans.factory.support.AbstractBeanFactory.lambda$doGetBean$0(AbstractBeanFactory.java:333)
	at org.springframework.beans.factory.support.DefaultSingletonBeanRegistry.getSingleton(DefaultSingletonBeanRegistry.java:371)
	at org.springframework.beans.factory.support.AbstractBeanFactory.doGetBean(AbstractBeanFactory.java:331)
	at org.springframework.beans.factory.support.AbstractBeanFactory.getBean(AbstractBeanFactory.java:201)
	at org.springframework.context.support.AbstractApplicationContext.finishBeanFactoryInitialization(AbstractApplicationContext.java:977)
	at org.springframework.context.support.AbstractApplicationContext.refresh(AbstractApplicationContext.java:621)
	at org.springframework.boot.web.server.servlet.context.ServletWebServerApplicationContext.refresh(ServletWebServerApplicationContext.java:143)
	at org.springframework.boot.SpringApplication.refresh(SpringApplication.java:756)
	at org.springframework.boot.SpringApplication.refreshContext(SpringApplication.java:445)
	at org.springframework.boot.SpringApplication.run(SpringApplication.java:321)
	at org.springframework.boot.SpringApplication.run(SpringApplication.java:1365)
	at org.springframework.boot.SpringApplication.run(SpringApplication.java:1354)
	at com.example.attendance.AttendanceSystemApplication.main(AttendanceSystemApplication.java:12)
Caused by: com.microsoft.sqlserver.jdbc.SQLServerException: 对象'PK__attendan__3213E83F505AAD30' 依赖于 列'id'。
	at com.microsoft.sqlserver.jdbc.SQLServerException.makeFromDatabaseError(SQLServerException.java:278)
	at com.microsoft.sqlserver.jdbc.SQLServerStatement.getNextResult(SQLServerStatement.java:1788)
	at com.microsoft.sqlserver.jdbc.SQLServerStatement.doExecuteStatement(SQLServerStatement.java:975)
	at com.microsoft.sqlserver.jdbc.SQLServerStatement$StmtExecCmd.doExecute(SQLServerStatement.java:869)
	at com.microsoft.sqlserver.jdbc.TDSCommand.execute(IOBuffer.java:7825)
	at com.microsoft.sqlserver.jdbc.SQLServerConnection.executeCommand(SQLServerConnection.java:4828)
	at com.microsoft.sqlserver.jdbc.SQLServerStatement.executeCommand(SQLServerStatement.java:321)
	at com.microsoft.sqlserver.jdbc.SQLServerStatement.executeStatement(SQLServerStatement.java:253)
	at com.microsoft.sqlserver.jdbc.SQLServerStatement.execute(SQLServerStatement.java:842)
	at com.zaxxer.hikari.pool.ProxyStatement.execute(ProxyStatement.java:95)
	at com.zaxxer.hikari.pool.HikariProxyStatement.execute(HikariProxyStatement.java)
	at org.hibernate.tool.schema.internal.exec.GenerationTargetToDatabase.accept(GenerationTargetToDatabase.java:76)
	... 38 common frames omitted
2026-06-09 14:13:02.484 [main] DEBUG org.hibernate.SQL - 
    alter table attendance 
       alter column student_status tinyint default 1
2026-06-09 14:13:02.484 [main] WARN  o.h.t.s.i.ExceptionHandlerLoggedImpl - GenerationTarget encountered exception accepting command : Error executing DDL "
    alter table attendance 
       alter column student_status tinyint default 1" via JDBC [关键字 'default' 附近有语法错误。]
org.hibernate.tool.schema.spi.CommandAcceptanceException: Error executing DDL "
    alter table attendance 
       alter column student_status tinyint default 1" via JDBC [关键字 'default' 附近有语法错误。]
	at org.hibernate.tool.schema.internal.exec.GenerationTargetToDatabase.accept(GenerationTargetToDatabase.java:81)
	at org.hibernate.tool.schema.internal.AbstractSchemaMigrator.applySqlString(AbstractSchemaMigrator.java:566)
	at org.hibernate.tool.schema.internal.AbstractSchemaMigrator.applySqlStrings(AbstractSchemaMigrator.java:506)
	at org.hibernate.tool.schema.internal.AbstractSchemaMigrator.migrateTable(AbstractSchemaMigrator.java:324)
	at org.hibernate.tool.schema.internal.GroupedSchemaMigratorImpl.performTablesMigration(GroupedSchemaMigratorImpl.java:84)
	at org.hibernate.tool.schema.internal.AbstractSchemaMigrator.performMigration(AbstractSchemaMigrator.java:220)
	at org.hibernate.tool.schema.internal.AbstractSchemaMigrator.doMigration(AbstractSchemaMigrator.java:96)
	at org.hibernate.tool.schema.spi.SchemaManagementToolCoordinator.performDatabaseAction(SchemaManagementToolCoordinator.java:269)
	at org.hibernate.tool.schema.spi.SchemaManagementToolCoordinator.lambda$process$1(SchemaManagementToolCoordinator.java:101)
	at java.base/java.util.HashMap.forEach(HashMap.java:1429)
	at org.hibernate.tool.schema.spi.SchemaManagementToolCoordinator.process(SchemaManagementToolCoordinator.java:100)
	at org.hibernate.boot.internal.SessionFactoryObserverForSchemaExport.sessionFactoryCreated(SessionFactoryObserverForSchemaExport.java:35)
	at org.hibernate.internal.SessionFactoryObserverChain.sessionFactoryCreated(SessionFactoryObserverChain.java:33)
	at org.hibernate.internal.SessionFactoryImpl.<init>(SessionFactoryImpl.java:323)
	at org.hibernate.internal.SessionFactoryRegistry.instantiateSessionFactory(SessionFactoryRegistry.java:64)
	at org.hibernate.boot.internal.SessionFactoryBuilderImpl.build(SessionFactoryBuilderImpl.java:437)
	at org.hibernate.jpa.boot.internal.EntityManagerFactoryBuilderImpl.build(EntityManagerFactoryBuilderImpl.java:1456)
	at org.springframework.orm.jpa.vendor.SpringHibernateJpaPersistenceProvider.createContainerEntityManagerFactory(SpringHibernateJpaPersistenceProvider.java:93)
	at org.springframework.orm.jpa.LocalContainerEntityManagerFactoryBean.createNativeEntityManagerFactory(LocalContainerEntityManagerFactoryBean.java:443)
	at org.springframework.orm.jpa.AbstractEntityManagerFactoryBean.buildNativeEntityManagerFactory(AbstractEntityManagerFactoryBean.java:436)
	at org.springframework.orm.jpa.AbstractEntityManagerFactoryBean.afterPropertiesSet(AbstractEntityManagerFactoryBean.java:411)
	at org.springframework.orm.jpa.LocalContainerEntityManagerFactoryBean.afterPropertiesSet(LocalContainerEntityManagerFactoryBean.java:419)
	at org.springframework.beans.factory.support.AbstractAutowireCapableBeanFactory.invokeInitMethods(AbstractAutowireCapableBeanFactory.java:1864)
	at org.springframework.beans.factory.support.AbstractAutowireCapableBeanFactory.initializeBean(AbstractAutowireCapableBeanFactory.java:1813)
	at org.springframework.beans.factory.support.AbstractAutowireCapableBeanFactory.doCreateBean(AbstractAutowireCapableBeanFactory.java:603)
	at org.springframework.beans.factory.support.AbstractAutowireCapableBeanFactory.createBean(AbstractAutowireCapableBeanFactory.java:525)
	at org.springframework.beans.factory.support.AbstractBeanFactory.lambda$doGetBean$0(AbstractBeanFactory.java:333)
	at org.springframework.beans.factory.support.DefaultSingletonBeanRegistry.getSingleton(DefaultSingletonBeanRegistry.java:371)
	at org.springframework.beans.factory.support.AbstractBeanFactory.doGetBean(AbstractBeanFactory.java:331)
	at org.springframework.beans.factory.support.AbstractBeanFactory.getBean(AbstractBeanFactory.java:201)
	at org.springframework.context.support.AbstractApplicationContext.finishBeanFactoryInitialization(AbstractApplicationContext.java:977)
	at org.springframework.context.support.AbstractApplicationContext.refresh(AbstractApplicationContext.java:621)
	at org.springframework.boot.web.server.servlet.context.ServletWebServerApplicationContext.refresh(ServletWebServerApplicationContext.java:143)
	at org.springframework.boot.SpringApplication.refresh(SpringApplication.java:756)
	at org.springframework.boot.SpringApplication.refreshContext(SpringApplication.java:445)
	at org.springframework.boot.SpringApplication.run(SpringApplication.java:321)
	at org.springframework.boot.SpringApplication.run(SpringApplication.java:1365)
	at org.springframework.boot.SpringApplication.run(SpringApplication.java:1354)
	at com.example.attendance.AttendanceSystemApplication.main(AttendanceSystemApplication.java:12)
Caused by: com.microsoft.sqlserver.jdbc.SQLServerException: 关键字 'default' 附近有语法错误。
	at com.microsoft.sqlserver.jdbc.SQLServerException.makeFromDatabaseError(SQLServerException.java:278)
	at com.microsoft.sqlserver.jdbc.SQLServerStatement.getNextResult(SQLServerStatement.java:1788)
	at com.microsoft.sqlserver.jdbc.SQLServerStatement.doExecuteStatement(SQLServerStatement.java:975)
	at com.microsoft.sqlserver.jdbc.SQLServerStatement$StmtExecCmd.doExecute(SQLServerStatement.java:869)
	at com.microsoft.sqlserver.jdbc.TDSCommand.execute(IOBuffer.java:7825)
	at com.microsoft.sqlserver.jdbc.SQLServerConnection.executeCommand(SQLServerConnection.java:4828)
	at com.microsoft.sqlserver.jdbc.SQLServerStatement.executeCommand(SQLServerStatement.java:321)
	at com.microsoft.sqlserver.jdbc.SQLServerStatement.executeStatement(SQLServerStatement.java:253)
	at com.microsoft.sqlserver.jdbc.SQLServerStatement.execute(SQLServerStatement.java:842)
	at com.zaxxer.hikari.pool.ProxyStatement.execute(ProxyStatement.java:95)
	at com.zaxxer.hikari.pool.HikariProxyStatement.execute(HikariProxyStatement.java)
	at org.hibernate.tool.schema.internal.exec.GenerationTargetToDatabase.accept(GenerationTargetToDatabase.java:76)
	... 38 common frames omitted
2026-06-09 14:13:02.484 [main] DEBUG org.hibernate.SQL - 
    alter table course_selection 
       alter column id bigint
2026-06-09 14:13:02.484 [main] WARN  o.h.t.s.i.ExceptionHandlerLoggedImpl - GenerationTarget encountered exception accepting command : Error executing DDL "
    alter table course_selection 
       alter column id bigint" via JDBC [对象'PK__course_s__3213E83FDFE3484D' 依赖于 列'id'。]
org.hibernate.tool.schema.spi.CommandAcceptanceException: Error executing DDL "
    alter table course_selection 
       alter column id bigint" via JDBC [对象'PK__course_s__3213E83FDFE3484D' 依赖于 列'id'。]
	at org.hibernate.tool.schema.internal.exec.GenerationTargetToDatabase.accept(GenerationTargetToDatabase.java:81)
	at org.hibernate.tool.schema.internal.AbstractSchemaMigrator.applySqlString(AbstractSchemaMigrator.java:566)
	at org.hibernate.tool.schema.internal.AbstractSchemaMigrator.applySqlStrings(AbstractSchemaMigrator.java:506)
	at org.hibernate.tool.schema.internal.AbstractSchemaMigrator.migrateTable(AbstractSchemaMigrator.java:324)
	at org.hibernate.tool.schema.internal.GroupedSchemaMigratorImpl.performTablesMigration(GroupedSchemaMigratorImpl.java:84)
	at org.hibernate.tool.schema.internal.AbstractSchemaMigrator.performMigration(AbstractSchemaMigrator.java:220)
	at org.hibernate.tool.schema.internal.AbstractSchemaMigrator.doMigration(AbstractSchemaMigrator.java:96)
	at org.hibernate.tool.schema.spi.SchemaManagementToolCoordinator.performDatabaseAction(SchemaManagementToolCoordinator.java:269)
	at org.hibernate.tool.schema.spi.SchemaManagementToolCoordinator.lambda$process$1(SchemaManagementToolCoordinator.java:101)
	at java.base/java.util.HashMap.forEach(HashMap.java:1429)
	at org.hibernate.tool.schema.spi.SchemaManagementToolCoordinator.process(SchemaManagementToolCoordinator.java:100)
	at org.hibernate.boot.internal.SessionFactoryObserverForSchemaExport.sessionFactoryCreated(SessionFactoryObserverForSchemaExport.java:35)
	at org.hibernate.internal.SessionFactoryObserverChain.sessionFactoryCreated(SessionFactoryObserverChain.java:33)
	at org.hibernate.internal.SessionFactoryImpl.<init>(SessionFactoryImpl.java:323)
	at org.hibernate.internal.SessionFactoryRegistry.instantiateSessionFactory(SessionFactoryRegistry.java:64)
	at org.hibernate.boot.internal.SessionFactoryBuilderImpl.build(SessionFactoryBuilderImpl.java:437)
	at org.hibernate.jpa.boot.internal.EntityManagerFactoryBuilderImpl.build(EntityManagerFactoryBuilderImpl.java:1456)
	at org.springframework.orm.jpa.vendor.SpringHibernateJpaPersistenceProvider.createContainerEntityManagerFactory(SpringHibernateJpaPersistenceProvider.java:93)
	at org.springframework.orm.jpa.LocalContainerEntityManagerFactoryBean.createNativeEntityManagerFactory(LocalContainerEntityManagerFactoryBean.java:443)
	at org.springframework.orm.jpa.AbstractEntityManagerFactoryBean.buildNativeEntityManagerFactory(AbstractEntityManagerFactoryBean.java:436)
	at org.springframework.orm.jpa.AbstractEntityManagerFactoryBean.afterPropertiesSet(AbstractEntityManagerFactoryBean.java:411)
	at org.springframework.orm.jpa.LocalContainerEntityManagerFactoryBean.afterPropertiesSet(LocalContainerEntityManagerFactoryBean.java:419)
	at org.springframework.beans.factory.support.AbstractAutowireCapableBeanFactory.invokeInitMethods(AbstractAutowireCapableBeanFactory.java:1864)
	at org.springframework.beans.factory.support.AbstractAutowireCapableBeanFactory.initializeBean(AbstractAutowireCapableBeanFactory.java:1813)
	at org.springframework.beans.factory.support.AbstractAutowireCapableBeanFactory.doCreateBean(AbstractAutowireCapableBeanFactory.java:603)
	at org.springframework.beans.factory.support.AbstractAutowireCapableBeanFactory.createBean(AbstractAutowireCapableBeanFactory.java:525)
	at org.springframework.beans.factory.support.AbstractBeanFactory.lambda$doGetBean$0(AbstractBeanFactory.java:333)
	at org.springframework.beans.factory.support.DefaultSingletonBeanRegistry.getSingleton(DefaultSingletonBeanRegistry.java:371)
	at org.springframework.beans.factory.support.AbstractBeanFactory.doGetBean(AbstractBeanFactory.java:331)
	at org.springframework.beans.factory.support.AbstractBeanFactory.getBean(AbstractBeanFactory.java:201)
	at org.springframework.context.support.AbstractApplicationContext.finishBeanFactoryInitialization(AbstractApplicationContext.java:977)
	at org.springframework.context.support.AbstractApplicationContext.refresh(AbstractApplicationContext.java:621)
	at org.springframework.boot.web.server.servlet.context.ServletWebServerApplicationContext.refresh(ServletWebServerApplicationContext.java:143)
	at org.springframework.boot.SpringApplication.refresh(SpringApplication.java:756)
	at org.springframework.boot.SpringApplication.refreshContext(SpringApplication.java:445)
	at org.springframework.boot.SpringApplication.run(SpringApplication.java:321)
	at org.springframework.boot.SpringApplication.run(SpringApplication.java:1365)
	at org.springframework.boot.SpringApplication.run(SpringApplication.java:1354)
	at com.example.attendance.AttendanceSystemApplication.main(AttendanceSystemApplication.java:12)
Caused by: com.microsoft.sqlserver.jdbc.SQLServerException: 对象'PK__course_s__3213E83FDFE3484D' 依赖于 列'id'。
	at com.microsoft.sqlserver.jdbc.SQLServerException.makeFromDatabaseError(SQLServerException.java:278)
	at com.microsoft.sqlserver.jdbc.SQLServerStatement.getNextResult(SQLServerStatement.java:1788)
	at com.microsoft.sqlserver.jdbc.SQLServerStatement.doExecuteStatement(SQLServerStatement.java:975)
	at com.microsoft.sqlserver.jdbc.SQLServerStatement$StmtExecCmd.doExecute(SQLServerStatement.java:869)
	at com.microsoft.sqlserver.jdbc.TDSCommand.execute(IOBuffer.java:7825)
	at com.microsoft.sqlserver.jdbc.SQLServerConnection.executeCommand(SQLServerConnection.java:4828)
	at com.microsoft.sqlserver.jdbc.SQLServerStatement.executeCommand(SQLServerStatement.java:321)
	at com.microsoft.sqlserver.jdbc.SQLServerStatement.executeStatement(SQLServerStatement.java:253)
	at com.microsoft.sqlserver.jdbc.SQLServerStatement.execute(SQLServerStatement.java:842)
	at com.zaxxer.hikari.pool.ProxyStatement.execute(ProxyStatement.java:95)
	at com.zaxxer.hikari.pool.HikariProxyStatement.execute(HikariProxyStatement.java)
	at org.hibernate.tool.schema.internal.exec.GenerationTargetToDatabase.accept(GenerationTargetToDatabase.java:76)
	... 38 common frames omitted
2026-06-09 14:13:02.484 [main] DEBUG org.hibernate.SQL - 
    alter table course_selection 
       alter column status tinyint default 1
2026-06-09 14:13:02.484 [main] WARN  o.h.t.s.i.ExceptionHandlerLoggedImpl - GenerationTarget encountered exception accepting command : Error executing DDL "
    alter table course_selection 
       alter column status tinyint default 1" via JDBC [关键字 'default' 附近有语法错误。]
org.hibernate.tool.schema.spi.CommandAcceptanceException: Error executing DDL "
    alter table course_selection 
       alter column status tinyint default 1" via JDBC [关键字 'default' 附近有语法错误。]
	at org.hibernate.tool.schema.internal.exec.GenerationTargetToDatabase.accept(GenerationTargetToDatabase.java:81)
	at org.hibernate.tool.schema.internal.AbstractSchemaMigrator.applySqlString(AbstractSchemaMigrator.java:566)
	at org.hibernate.tool.schema.internal.AbstractSchemaMigrator.applySqlStrings(AbstractSchemaMigrator.java:506)
	at org.hibernate.tool.schema.internal.AbstractSchemaMigrator.migrateTable(AbstractSchemaMigrator.java:324)
	at org.hibernate.tool.schema.internal.GroupedSchemaMigratorImpl.performTablesMigration(GroupedSchemaMigratorImpl.java:84)
	at org.hibernate.tool.schema.internal.AbstractSchemaMigrator.performMigration(AbstractSchemaMigrator.java:220)
	at org.hibernate.tool.schema.internal.AbstractSchemaMigrator.doMigration(AbstractSchemaMigrator.java:96)
	at org.hibernate.tool.schema.spi.SchemaManagementToolCoordinator.performDatabaseAction(SchemaManagementToolCoordinator.java:269)
	at org.hibernate.tool.schema.spi.SchemaManagementToolCoordinator.lambda$process$1(SchemaManagementToolCoordinator.java:101)
	at java.base/java.util.HashMap.forEach(HashMap.java:1429)
	at org.hibernate.tool.schema.spi.SchemaManagementToolCoordinator.process(SchemaManagementToolCoordinator.java:100)
	at org.hibernate.boot.internal.SessionFactoryObserverForSchemaExport.sessionFactoryCreated(SessionFactoryObserverForSchemaExport.java:35)
	at org.hibernate.internal.SessionFactoryObserverChain.sessionFactoryCreated(SessionFactoryObserverChain.java:33)
	at org.hibernate.internal.SessionFactoryImpl.<init>(SessionFactoryImpl.java:323)
	at org.hibernate.internal.SessionFactoryRegistry.instantiateSessionFactory(SessionFactoryRegistry.java:64)
	at org.hibernate.boot.internal.SessionFactoryBuilderImpl.build(SessionFactoryBuilderImpl.java:437)
	at org.hibernate.jpa.boot.internal.EntityManagerFactoryBuilderImpl.build(EntityManagerFactoryBuilderImpl.java:1456)
	at org.springframework.orm.jpa.vendor.SpringHibernateJpaPersistenceProvider.createContainerEntityManagerFactory(SpringHibernateJpaPersistenceProvider.java:93)
	at org.springframework.orm.jpa.LocalContainerEntityManagerFactoryBean.createNativeEntityManagerFactory(LocalContainerEntityManagerFactoryBean.java:443)
	at org.springframework.orm.jpa.AbstractEntityManagerFactoryBean.buildNativeEntityManagerFactory(AbstractEntityManagerFactoryBean.java:436)
	at org.springframework.orm.jpa.AbstractEntityManagerFactoryBean.afterPropertiesSet(AbstractEntityManagerFactoryBean.java:411)
	at org.springframework.orm.jpa.LocalContainerEntityManagerFactoryBean.afterPropertiesSet(LocalContainerEntityManagerFactoryBean.java:419)
	at org.springframework.beans.factory.support.AbstractAutowireCapableBeanFactory.invokeInitMethods(AbstractAutowireCapableBeanFactory.java:1864)
	at org.springframework.beans.factory.support.AbstractAutowireCapableBeanFactory.initializeBean(AbstractAutowireCapableBeanFactory.java:1813)
	at org.springframework.beans.factory.support.AbstractAutowireCapableBeanFactory.doCreateBean(AbstractAutowireCapableBeanFactory.java:603)
	at org.springframework.beans.factory.support.AbstractAutowireCapableBeanFactory.createBean(AbstractAutowireCapableBeanFactory.java:525)
	at org.springframework.beans.factory.support.AbstractBeanFactory.lambda$doGetBean$0(AbstractBeanFactory.java:333)
	at org.springframework.beans.factory.support.DefaultSingletonBeanRegistry.getSingleton(DefaultSingletonBeanRegistry.java:371)
	at org.springframework.beans.factory.support.AbstractBeanFactory.doGetBean(AbstractBeanFactory.java:331)
	at org.springframework.beans.factory.support.AbstractBeanFactory.getBean(AbstractBeanFactory.java:201)
	at org.springframework.context.support.AbstractApplicationContext.finishBeanFactoryInitialization(AbstractApplicationContext.java:977)
	at org.springframework.context.support.AbstractApplicationContext.refresh(AbstractApplicationContext.java:621)
	at org.springframework.boot.web.server.servlet.context.ServletWebServerApplicationContext.refresh(ServletWebServerApplicationContext.java:143)
	at org.springframework.boot.SpringApplication.refresh(SpringApplication.java:756)
	at org.springframework.boot.SpringApplication.refreshContext(SpringApplication.java:445)
	at org.springframework.boot.SpringApplication.run(SpringApplication.java:321)
	at org.springframework.boot.SpringApplication.run(SpringApplication.java:1365)
	at org.springframework.boot.SpringApplication.run(SpringApplication.java:1354)
	at com.example.attendance.AttendanceSystemApplication.main(AttendanceSystemApplication.java:12)
Caused by: com.microsoft.sqlserver.jdbc.SQLServerException: 关键字 'default' 附近有语法错误。
	at com.microsoft.sqlserver.jdbc.SQLServerException.makeFromDatabaseError(SQLServerException.java:278)
	at com.microsoft.sqlserver.jdbc.SQLServerStatement.getNextResult(SQLServerStatement.java:1788)
	at com.microsoft.sqlserver.jdbc.SQLServerStatement.doExecuteStatement(SQLServerStatement.java:975)
	at com.microsoft.sqlserver.jdbc.SQLServerStatement$StmtExecCmd.doExecute(SQLServerStatement.java:869)
	at com.microsoft.sqlserver.jdbc.TDSCommand.execute(IOBuffer.java:7825)
	at com.microsoft.sqlserver.jdbc.SQLServerConnection.executeCommand(SQLServerConnection.java:4828)
	at com.microsoft.sqlserver.jdbc.SQLServerStatement.executeCommand(SQLServerStatement.java:321)
	at com.microsoft.sqlserver.jdbc.SQLServerStatement.executeStatement(SQLServerStatement.java:253)
	at com.microsoft.sqlserver.jdbc.SQLServerStatement.execute(SQLServerStatement.java:842)
	at com.zaxxer.hikari.pool.ProxyStatement.execute(ProxyStatement.java:95)
	at com.zaxxer.hikari.pool.HikariProxyStatement.execute(HikariProxyStatement.java)
	at org.hibernate.tool.schema.internal.exec.GenerationTargetToDatabase.accept(GenerationTargetToDatabase.java:76)
	... 38 common frames omitted
2026-06-09 14:13:02.490 [main] INFO  o.s.o.j.LocalContainerEntityManagerFactoryBean - Initialized JPA EntityManagerFactory for persistence unit 'default'
2026-06-09 14:13:02.534 [main] INFO  o.s.d.j.r.q.QueryEnhancerFactories - Hibernate is in classpath; If applicable, HQL parser will be used.
2026-06-09 14:13:03.340 [main] WARN  o.s.b.j.a.JpaBaseConfiguration$JpaWebConfiguration - spring.jpa.open-in-view is enabled by default. Therefore, database queries may be performed during view rendering. Explicitly configure spring.jpa.open-in-view to disable this warning
2026-06-09 14:13:03.377 [main] INFO  o.s.s.c.a.a.c.InitializeUserDetailsBeanManagerConfigurer$InitializeUserDetailsManagerConfigurer - Global AuthenticationManager configured with UserDetailsService bean with name myUserDetailsServiceImpl
2026-06-09 14:13:03.473 [main] INFO  o.s.b.w.a.WelcomePageHandlerMapping - Adding welcome page template: index
2026-06-09 14:13:04.660 [main] INFO  o.s.cloud.commons.util.InetUtils - Cannot determine local hostname
2026-06-09 14:13:04.679 [main] INFO  o.a.coyote.http11.Http11NioProtocol - Starting ProtocolHandler ["http-nio-0.0.0.0-8080"]
2026-06-09 14:13:04.698 [main] INFO  o.s.boot.tomcat.TomcatWebServer - Tomcat started on port 8080 (http) with context path '/'
2026-06-09 14:13:04.905 [http-nio-0.0.0.0-8080-exec-1] INFO  o.a.c.c.C.[Tomcat].[localhost].[/] - Initializing Spring DispatcherServlet 'dispatcherServlet'
2026-06-09 14:13:04.905 [http-nio-0.0.0.0-8080-exec-1] INFO  o.s.web.servlet.DispatcherServlet - Initializing Servlet 'dispatcherServlet'
2026-06-09 14:13:04.905 [http-nio-0.0.0.0-8080-exec-1] INFO  o.s.web.servlet.DispatcherServlet - Completed initialization in 0 ms
2026-06-09 14:13:05.712 [main] INFO  o.s.cloud.commons.util.InetUtils - Cannot determine local hostname
2026-06-09 14:13:05.725 [main] INFO  c.e.a.AttendanceSystemApplication - Started AttendanceSystemApplication in 7.911 seconds (process running for 8.37)
2026-06-09 14:13:13.488 [http-nio-0.0.0.0-8080-exec-8] DEBUG org.hibernate.SQL - 
    select
        u1_0.id,
        u1_0.class_name,
        u1_0.create_time,
        u1_0.gender,
        u1_0.real_name,
        u1_0.username,
        u1_0.userpassword,
        u1_0.userrole 
    from
        my_user u1_0 
    where
        u1_0.username=?
2026-06-09 14:13:15.464 [http-nio-0.0.0.0-8080-exec-5] DEBUG org.hibernate.SQL - 
    select
        u1_0.id,
        u1_0.class_name,
        u1_0.create_time,
        u1_0.gender,
        u1_0.real_name,
        u1_0.username,
        u1_0.userpassword,
        u1_0.userrole 
    from
        my_user u1_0 
    where
        u1_0.username=?
2026-06-09 14:13:15.468 [http-nio-0.0.0.0-8080-exec-5] DEBUG org.hibernate.SQL - 
    select
        c1_0.id,
        c1_0.class_name,
        c1_0.course_id,
        c1_0.course_name,
        c1_0.create_time,
        c1_0.location,
        c1_0.teacher_id,
        c1_0.teacher_name,
        c1_0.time_slot,
        c1_0.week_day 
    from
        course c1_0 
    where
        c1_0.teacher_id=?
2026-06-09 14:13:15.497 [http-nio-0.0.0.0-8080-exec-5] DEBUG org.hibernate.SQL - 
    select
        count_big(distinct cs1_0.student_id) 
    from
        course_selection cs1_0 
    where
        cs1_0.course_id in (?) 
        and cs1_0.status=1
2026-06-09 14:13:15.510 [http-nio-0.0.0.0-8080-exec-5] DEBUG org.hibernate.SQL - 
    select
        a1_0.id,
        a1_0.check_in_time,
        a1_0.course_id,
        a1_0.create_time,
        a1_0.ip_address,
        a1_0.reason,
        a1_0.sign_in_id,
        a1_0.student_id,
        a1_0.student_name,
        a1_0.student_status,
        a1_0.update_time 
    from
        attendance a1_0 
    where
        a1_0.course_id=?
2026-06-09 14:13:18.262 [http-nio-0.0.0.0-8080-exec-7] DEBUG org.hibernate.SQL - 
    select
        u1_0.id,
        u1_0.class_name,
        u1_0.create_time,
        u1_0.gender,
        u1_0.real_name,
        u1_0.username,
        u1_0.userpassword,
        u1_0.userrole 
    from
        my_user u1_0 
    where
        u1_0.username=?
2026-06-09 14:13:18.269 [http-nio-0.0.0.0-8080-exec-7] DEBUG org.hibernate.SQL - 
    select
        c1_0.id,
        c1_0.class_name,
        c1_0.course_id,
        c1_0.course_name,
        c1_0.create_time,
        c1_0.location,
        c1_0.teacher_id,
        c1_0.teacher_name,
        c1_0.time_slot,
        c1_0.week_day 
    from
        course c1_0 
    where
        c1_0.teacher_id=?
2026-06-09 14:13:18.270 [http-nio-0.0.0.0-8080-exec-7] DEBUG org.hibernate.SQL - 
    select
        count_big(distinct cs1_0.student_id) 
    from
        course_selection cs1_0 
    where
        cs1_0.course_id in (?) 
        and cs1_0.status=1
2026-06-09 14:13:18.275 [http-nio-0.0.0.0-8080-exec-4] DEBUG org.hibernate.SQL - 
    select
        c1_0.id,
        c1_0.class_name,
        c1_0.course_id,
        c1_0.course_name,
        c1_0.create_time,
        c1_0.location,
        c1_0.teacher_id,
        c1_0.teacher_name,
        c1_0.time_slot,
        c1_0.week_day 
    from
        course c1_0 
    where
        c1_0.teacher_id=?
2026-06-09 14:13:18.277 [http-nio-0.0.0.0-8080-exec-7] DEBUG org.hibernate.SQL - 
    select
        a1_0.id,
        a1_0.check_in_time,
        a1_0.course_id,
        a1_0.create_time,
        a1_0.ip_address,
        a1_0.reason,
        a1_0.sign_in_id,
        a1_0.student_id,
        a1_0.student_name,
        a1_0.student_status,
        a1_0.update_time 
    from
        attendance a1_0 
    where
        a1_0.course_id=?
2026-06-09 14:13:18.288 [http-nio-0.0.0.0-8080-exec-4] DEBUG c.e.a.s.impl.AttendanceServiceImpl - 按条件查询考勤记录，学生ID: null, 课程ID: null, 状态: null, courseIds: [HUM102]
2026-06-09 14:13:18.361 [http-nio-0.0.0.0-8080-exec-4] DEBUG org.hibernate.SQL - 
    select
        a1_0.id,
        a1_0.check_in_time,
        a1_0.course_id,
        a1_0.create_time,
        a1_0.ip_address,
        a1_0.reason,
        a1_0.sign_in_id,
        a1_0.student_id,
        a1_0.student_name,
        a1_0.student_status,
        a1_0.update_time 
    from
        attendance a1_0 
    where
        a1_0.course_id in (?) 
    order by
        a1_0.check_in_time desc 
    offset
        ? rows 
    fetch
        first ? rows only
2026-06-09 14:13:18.408 [http-nio-0.0.0.0-8080-exec-4] INFO  c.e.a.s.impl.AttendanceServiceImpl - 条件查询考勤记录完成，总数: 0
2026-06-09 14:13:18.419 [http-nio-0.0.0.0-8080-exec-4] WARN  o.s.d.w.c.SpringDataJackson3Configuration$PageModule$WarningLoggingModifier - Serializing PageImpl instances as-is is not supported, meaning that there is no guarantee about the stability of the resulting JSON structure!
	For a stable JSON structure, please use Spring Data's PagedModel (globally via @EnableSpringDataWebSupport(pageSerializationMode = VIA_DTO))
	or Spring HATEOAS and Spring Data's PagedResourcesAssembler as documented in https://docs.spring.io/spring-data/commons/reference/repositories/core-extensions.html#core.web.pageables.

2026-06-09 14:13:19.648 [http-nio-0.0.0.0-8080-exec-9] DEBUG org.hibernate.SQL - 
    select
        c1_0.id,
        c1_0.class_name,
        c1_0.course_id,
        c1_0.course_name,
        c1_0.create_time,
        c1_0.location,
        c1_0.teacher_id,
        c1_0.teacher_name,
        c1_0.time_slot,
        c1_0.week_day 
    from
        course c1_0 
    where
        c1_0.teacher_id=?
2026-06-09 14:13:19.652 [http-nio-0.0.0.0-8080-exec-9] DEBUG c.e.a.s.impl.AttendanceServiceImpl - 按条件查询考勤记录，学生ID: null, 课程ID: null, 状态: null, courseIds: [HUM102]
2026-06-09 14:13:19.657 [http-nio-0.0.0.0-8080-exec-9] DEBUG org.hibernate.SQL - 
    select
        a1_0.id,
        a1_0.check_in_time,
        a1_0.course_id,
        a1_0.create_time,
        a1_0.ip_address,
        a1_0.reason,
        a1_0.sign_in_id,
        a1_0.student_id,
        a1_0.student_name,
        a1_0.student_status,
        a1_0.update_time 
    from
        attendance a1_0 
    where
        a1_0.course_id in (?) 
    order by
        a1_0.check_in_time desc 
    offset
        ? rows 
    fetch
        first ? rows only
2026-06-09 14:13:19.661 [http-nio-0.0.0.0-8080-exec-9] INFO  c.e.a.s.impl.AttendanceServiceImpl - 条件查询考勤记录完成，总数: 0
2026-06-09 14:13:22.584 [http-nio-0.0.0.0-8080-exec-10] DEBUG org.hibernate.SQL - 
    select
        c1_0.id,
        c1_0.class_name,
        c1_0.course_id,
        c1_0.course_name,
        c1_0.create_time,
        c1_0.location,
        c1_0.teacher_id,
        c1_0.teacher_name,
        c1_0.time_slot,
        c1_0.week_day 
    from
        course c1_0 
    where
        c1_0.teacher_id=?
2026-06-09 14:13:22.597 [http-nio-0.0.0.0-8080-exec-10] DEBUG c.e.a.s.impl.AttendanceServiceImpl - 按条件查询考勤记录，学生ID: null, 课程ID: null, 状态: null, courseIds: [HUM102]
2026-06-09 14:13:22.600 [http-nio-0.0.0.0-8080-exec-10] DEBUG org.hibernate.SQL - 
    select
        a1_0.id,
        a1_0.check_in_time,
        a1_0.course_id,
        a1_0.create_time,
        a1_0.ip_address,
        a1_0.reason,
        a1_0.sign_in_id,
        a1_0.student_id,
        a1_0.student_name,
        a1_0.student_status,
        a1_0.update_time 
    from
        attendance a1_0 
    where
        a1_0.course_id in (?) 
    order by
        a1_0.check_in_time desc 
    offset
        ? rows 
    fetch
        first ? rows only
2026-06-09 14:13:22.610 [http-nio-0.0.0.0-8080-exec-10] INFO  c.e.a.s.impl.AttendanceServiceImpl - 条件查询考勤记录完成，总数: 0
2026-06-09 14:13:23.983 [http-nio-0.0.0.0-8080-exec-2] DEBUG org.hibernate.SQL - 
    select
        u1_0.id,
        u1_0.class_name,
        u1_0.create_time,
        u1_0.gender,
        u1_0.real_name,
        u1_0.username,
        u1_0.userpassword,
        u1_0.userrole 
    from
        my_user u1_0 
    where
        u1_0.username=?
2026-06-09 14:13:23.995 [http-nio-0.0.0.0-8080-exec-2] DEBUG org.hibernate.SQL - 
    select
        c1_0.id,
        c1_0.class_name,
        c1_0.course_id,
        c1_0.course_name,
        c1_0.create_time,
        c1_0.location,
        c1_0.teacher_id,
        c1_0.teacher_name,
        c1_0.time_slot,
        c1_0.week_day 
    from
        course c1_0 
    where
        c1_0.teacher_id=?
2026-06-09 14:13:23.998 [http-nio-0.0.0.0-8080-exec-2] DEBUG org.hibernate.SQL - 
    select
        count_big(distinct cs1_0.student_id) 
    from
        course_selection cs1_0 
    where
        cs1_0.course_id in (?) 
        and cs1_0.status=1
2026-06-09 14:13:24.015 [http-nio-0.0.0.0-8080-exec-2] DEBUG org.hibernate.SQL - 
    select
        a1_0.id,
        a1_0.check_in_time,
        a1_0.course_id,
        a1_0.create_time,
        a1_0.ip_address,
        a1_0.reason,
        a1_0.sign_in_id,
        a1_0.student_id,
        a1_0.student_name,
        a1_0.student_status,
        a1_0.update_time 
    from
        attendance a1_0 
    where
        a1_0.course_id=?
2026-06-09 14:13:25.499 [http-nio-0.0.0.0-8080-exec-8] DEBUG org.hibernate.SQL - 
    select
        c1_0.id,
        c1_0.class_name,
        c1_0.course_id,
        c1_0.course_name,
        c1_0.create_time,
        c1_0.location,
        c1_0.teacher_id,
        c1_0.teacher_name,
        c1_0.time_slot,
        c1_0.week_day 
    from
        course c1_0 
    where
        c1_0.teacher_id=?
2026-06-09 14:13:25.516 [http-nio-0.0.0.0-8080-exec-8] DEBUG c.e.a.s.impl.AttendanceServiceImpl - 按条件查询考勤记录，学生ID: null, 课程ID: null, 状态: null, courseIds: [HUM102]
2026-06-09 14:13:25.522 [http-nio-0.0.0.0-8080-exec-8] DEBUG org.hibernate.SQL - 
    select
        a1_0.id,
        a1_0.check_in_time,
        a1_0.course_id,
        a1_0.create_time,
        a1_0.ip_address,
        a1_0.reason,
        a1_0.sign_in_id,
        a1_0.student_id,
        a1_0.student_name,
        a1_0.student_status,
        a1_0.update_time 
    from
        attendance a1_0 
    where
        a1_0.course_id in (?) 
    order by
        a1_0.check_in_time desc 
    offset
        ? rows 
    fetch
        first ? rows only
2026-06-09 14:13:25.555 [http-nio-0.0.0.0-8080-exec-8] INFO  c.e.a.s.impl.AttendanceServiceImpl - 条件查询考勤记录完成，总数: 0
2026-06-09 14:13:26.979 [http-nio-0.0.0.0-8080-exec-5] DEBUG org.hibernate.SQL - 
    select
        u1_0.id,
        u1_0.class_name,
        u1_0.create_time,
        u1_0.gender,
        u1_0.real_name,
        u1_0.username,
        u1_0.userpassword,
        u1_0.userrole 
    from
        my_user u1_0 
    where
        u1_0.username=?
2026-06-09 14:13:26.997 [http-nio-0.0.0.0-8080-exec-5] DEBUG org.hibernate.SQL - 
    select
        c1_0.id,
        c1_0.class_name,
        c1_0.course_id,
        c1_0.course_name,
        c1_0.create_time,
        c1_0.location,
        c1_0.teacher_id,
        c1_0.teacher_name,
        c1_0.time_slot,
        c1_0.week_day 
    from
        course c1_0 
    where
        c1_0.teacher_id=?
2026-06-09 14:13:27.005 [http-nio-0.0.0.0-8080-exec-5] DEBUG org.hibernate.SQL - 
    select
        count_big(distinct cs1_0.student_id) 
    from
        course_selection cs1_0 
    where
        cs1_0.course_id in (?) 
        and cs1_0.status=1
2026-06-09 14:13:27.019 [http-nio-0.0.0.0-8080-exec-5] DEBUG org.hibernate.SQL - 
    select
        a1_0.id,
        a1_0.check_in_time,
        a1_0.course_id,
        a1_0.create_time,
        a1_0.ip_address,
        a1_0.reason,
        a1_0.sign_in_id,
        a1_0.student_id,
        a1_0.student_name,
        a1_0.student_status,
        a1_0.update_time 
    from
        attendance a1_0 
    where
        a1_0.course_id=?
2026-06-09 14:13:33.836 [http-nio-0.0.0.0-8080-exec-4] DEBUG org.hibernate.SQL - 
    select
        u1_0.id,
        u1_0.class_name,
        u1_0.create_time,
        u1_0.gender,
        u1_0.real_name,
        u1_0.username,
        u1_0.userpassword,
        u1_0.userrole 
    from
        my_user u1_0 
    where
        u1_0.username=?
2026-06-09 14:13:35.592 [http-nio-0.0.0.0-8080-exec-10] DEBUG org.hibernate.SQL - 
    select
        u1_0.id,
        u1_0.class_name,
        u1_0.create_time,
        u1_0.gender,
        u1_0.real_name,
        u1_0.username,
        u1_0.userpassword,
        u1_0.userrole 
    from
        my_user u1_0 
    where
        u1_0.username=?
2026-06-09 14:13:35.598 [http-nio-0.0.0.0-8080-exec-10] DEBUG org.hibernate.SQL - 
    select
        c1_0.id,
        c1_0.class_name,
        c1_0.course_id,
        c1_0.course_name,
        c1_0.create_time,
        c1_0.location,
        c1_0.teacher_id,
        c1_0.teacher_name,
        c1_0.time_slot,
        c1_0.week_day 
    from
        course c1_0
2026-06-09 14:13:35.622 [http-nio-0.0.0.0-8080-exec-10] DEBUG org.hibernate.SQL - 
    select
        count_big(*) 
    from
        student s1_0
2026-06-09 14:13:35.657 [http-nio-0.0.0.0-8080-exec-10] DEBUG org.hibernate.SQL - 
    select
        count_big(u1_0.id) 
    from
        my_user u1_0 
    where
        upper(u1_0.userrole)=upper(?)
2026-06-09 14:13:35.666 [http-nio-0.0.0.0-8080-exec-10] DEBUG org.hibernate.SQL - 
    select
        count_big(*) 
    from
        course c1_0
2026-06-09 14:13:35.671 [http-nio-0.0.0.0-8080-exec-10] DEBUG org.hibernate.SQL - 
    select
        a1_0.id,
        a1_0.check_in_time,
        a1_0.course_id,
        a1_0.create_time,
        a1_0.ip_address,
        a1_0.reason,
        a1_0.sign_in_id,
        a1_0.student_id,
        a1_0.student_name,
        a1_0.student_status,
        a1_0.update_time 
    from
        attendance a1_0 
    where
        a1_0.course_id=?
2026-06-09 14:13:35.678 [http-nio-0.0.0.0-8080-exec-10] DEBUG org.hibernate.SQL - 
    select
        a1_0.id,
        a1_0.check_in_time,
        a1_0.course_id,
        a1_0.create_time,
        a1_0.ip_address,
        a1_0.reason,
        a1_0.sign_in_id,
        a1_0.student_id,
        a1_0.student_name,
        a1_0.student_status,
        a1_0.update_time 
    from
        attendance a1_0 
    where
        a1_0.course_id=?
2026-06-09 14:13:35.683 [http-nio-0.0.0.0-8080-exec-10] DEBUG org.hibernate.SQL - 
    select
        a1_0.id,
        a1_0.check_in_time,
        a1_0.course_id,
        a1_0.create_time,
        a1_0.ip_address,
        a1_0.reason,
        a1_0.sign_in_id,
        a1_0.student_id,
        a1_0.student_name,
        a1_0.student_status,
        a1_0.update_time 
    from
        attendance a1_0 
    where
        a1_0.course_id=?
2026-06-09 14:13:35.695 [http-nio-0.0.0.0-8080-exec-10] DEBUG org.hibernate.SQL - 
    select
        a1_0.id,
        a1_0.check_in_time,
        a1_0.course_id,
        a1_0.create_time,
        a1_0.ip_address,
        a1_0.reason,
        a1_0.sign_in_id,
        a1_0.student_id,
        a1_0.student_name,
        a1_0.student_status,
        a1_0.update_time 
    from
        attendance a1_0 
    where
        a1_0.course_id=?
2026-06-09 14:13:37.132 [http-nio-0.0.0.0-8080-exec-1] DEBUG c.e.a.service.impl.UserServiceImpl - 查询所有用户列表
2026-06-09 14:13:37.139 [http-nio-0.0.0.0-8080-exec-1] DEBUG org.hibernate.SQL - 
    select
        u1_0.id,
        u1_0.class_name,
        u1_0.create_time,
        u1_0.gender,
        u1_0.real_name,
        u1_0.username,
        u1_0.userpassword,
        u1_0.userrole 
    from
        my_user u1_0
2026-06-09 14:13:37.169 [http-nio-0.0.0.0-8080-exec-1] INFO  c.e.a.service.impl.UserServiceImpl - 查询到 74 个用户
2026-06-09 14:13:38.523 [http-nio-0.0.0.0-8080-exec-8] DEBUG org.hibernate.SQL - 
    select
        u1_0.id,
        u1_0.class_name,
        u1_0.create_time,
        u1_0.gender,
        u1_0.real_name,
        u1_0.username,
        u1_0.userpassword,
        u1_0.userrole 
    from
        my_user u1_0 
    where
        u1_0.username=?
2026-06-09 14:13:38.534 [http-nio-0.0.0.0-8080-exec-8] DEBUG org.hibernate.SQL - 
    select
        c1_0.id,
        c1_0.class_name,
        c1_0.course_id,
        c1_0.course_name,
        c1_0.create_time,
        c1_0.location,
        c1_0.teacher_id,
        c1_0.teacher_name,
        c1_0.time_slot,
        c1_0.week_day 
    from
        course c1_0
2026-06-09 14:13:38.541 [http-nio-0.0.0.0-8080-exec-8] DEBUG org.hibernate.SQL - 
    select
        count_big(*) 
    from
        student s1_0
2026-06-09 14:13:38.545 [http-nio-0.0.0.0-8080-exec-8] DEBUG org.hibernate.SQL - 
    select
        count_big(u1_0.id) 
    from
        my_user u1_0 
    where
        upper(u1_0.userrole)=upper(?)
2026-06-09 14:13:38.550 [http-nio-0.0.0.0-8080-exec-8] DEBUG org.hibernate.SQL - 
    select
        count_big(*) 
    from
        course c1_0
2026-06-09 14:13:38.552 [http-nio-0.0.0.0-8080-exec-8] DEBUG org.hibernate.SQL - 
    select
        a1_0.id,
        a1_0.check_in_time,
        a1_0.course_id,
        a1_0.create_time,
        a1_0.ip_address,
        a1_0.reason,
        a1_0.sign_in_id,
        a1_0.student_id,
        a1_0.student_name,
        a1_0.student_status,
        a1_0.update_time 
    from
        attendance a1_0 
    where
        a1_0.course_id=?
2026-06-09 14:13:38.562 [http-nio-0.0.0.0-8080-exec-8] DEBUG org.hibernate.SQL - 
    select
        a1_0.id,
        a1_0.check_in_time,
        a1_0.course_id,
        a1_0.create_time,
        a1_0.ip_address,
        a1_0.reason,
        a1_0.sign_in_id,
        a1_0.student_id,
        a1_0.student_name,
        a1_0.student_status,
        a1_0.update_time 
    from
        attendance a1_0 
    where
        a1_0.course_id=?
2026-06-09 14:13:38.566 [http-nio-0.0.0.0-8080-exec-8] DEBUG org.hibernate.SQL - 
    select
        a1_0.id,
        a1_0.check_in_time,
        a1_0.course_id,
        a1_0.create_time,
        a1_0.ip_address,
        a1_0.reason,
        a1_0.sign_in_id,
        a1_0.student_id,
        a1_0.student_name,
        a1_0.student_status,
        a1_0.update_time 
    from
        attendance a1_0 
    where
        a1_0.course_id=?
2026-06-09 14:13:38.575 [http-nio-0.0.0.0-8080-exec-8] DEBUG org.hibernate.SQL - 
    select
        a1_0.id,
        a1_0.check_in_time,
        a1_0.course_id,
        a1_0.create_time,
        a1_0.ip_address,
        a1_0.reason,
        a1_0.sign_in_id,
        a1_0.student_id,
        a1_0.student_name,
        a1_0.student_status,
        a1_0.update_time 
    from
        attendance a1_0 
    where
        a1_0.course_id=?
2026-06-09 14:13:40.764 [http-nio-0.0.0.0-8080-exec-5] DEBUG org.hibernate.SQL - 
    select
        u1_0.id,
        u1_0.class_name,
        u1_0.create_time,
        u1_0.gender,
        u1_0.real_name,
        u1_0.username,
        u1_0.userpassword,
        u1_0.userrole 
    from
        my_user u1_0 
    where
        u1_0.username=?
2026-06-09 14:13:40.767 [http-nio-0.0.0.0-8080-exec-6] DEBUG c.e.a.s.impl.AttendanceServiceImpl - 分页查询考勤记录，页码: 0, 每页数量: 10
2026-06-09 14:13:40.772 [http-nio-0.0.0.0-8080-exec-6] DEBUG org.hibernate.SQL - 
    select
        a1_0.id,
        a1_0.check_in_time,
        a1_0.course_id,
        a1_0.create_time,
        a1_0.ip_address,
        a1_0.reason,
        a1_0.sign_in_id,
        a1_0.student_id,
        a1_0.student_name,
        a1_0.student_status,
        a1_0.update_time 
    from
        attendance a1_0 
    order by
        a1_0.check_in_time desc 
    offset
        ? rows 
    fetch
        first ? rows only
2026-06-09 14:13:40.772 [http-nio-0.0.0.0-8080-exec-5] DEBUG org.hibernate.SQL - 
    select
        c1_0.id,
        c1_0.class_name,
        c1_0.course_id,
        c1_0.course_name,
        c1_0.create_time,
        c1_0.location,
        c1_0.teacher_id,
        c1_0.teacher_name,
        c1_0.time_slot,
        c1_0.week_day 
    from
        course c1_0
2026-06-09 14:13:40.779 [http-nio-0.0.0.0-8080-exec-5] DEBUG org.hibernate.SQL - 
    select
        count_big(*) 
    from
        student s1_0
2026-06-09 14:13:40.783 [http-nio-0.0.0.0-8080-exec-6] DEBUG org.hibernate.SQL - 
    select
        count_big(a1_0.id) 
    from
        attendance a1_0
2026-06-09 14:13:40.785 [http-nio-0.0.0.0-8080-exec-5] DEBUG org.hibernate.SQL - 
    select
        count_big(u1_0.id) 
    from
        my_user u1_0 
    where
        upper(u1_0.userrole)=upper(?)
2026-06-09 14:13:40.787 [http-nio-0.0.0.0-8080-exec-6] INFO  c.e.a.s.impl.AttendanceServiceImpl - 考勤记录分页查询完成，总数: 29
2026-06-09 14:13:40.788 [http-nio-0.0.0.0-8080-exec-5] DEBUG org.hibernate.SQL - 
    select
        count_big(*) 
    from
        course c1_0
2026-06-09 14:13:40.794 [http-nio-0.0.0.0-8080-exec-5] DEBUG org.hibernate.SQL - 
    select
        a1_0.id,
        a1_0.check_in_time,
        a1_0.course_id,
        a1_0.create_time,
        a1_0.ip_address,
        a1_0.reason,
        a1_0.sign_in_id,
        a1_0.student_id,
        a1_0.student_name,
        a1_0.student_status,
        a1_0.update_time 
    from
        attendance a1_0 
    where
        a1_0.course_id=?
2026-06-09 14:13:40.797 [http-nio-0.0.0.0-8080-exec-5] DEBUG org.hibernate.SQL - 
    select
        a1_0.id,
        a1_0.check_in_time,
        a1_0.course_id,
        a1_0.create_time,
        a1_0.ip_address,
        a1_0.reason,
        a1_0.sign_in_id,
        a1_0.student_id,
        a1_0.student_name,
        a1_0.student_status,
        a1_0.update_time 
    from
        attendance a1_0 
    where
        a1_0.course_id=?
2026-06-09 14:13:40.799 [http-nio-0.0.0.0-8080-exec-5] DEBUG org.hibernate.SQL - 
    select
        a1_0.id,
        a1_0.check_in_time,
        a1_0.course_id,
        a1_0.create_time,
        a1_0.ip_address,
        a1_0.reason,
        a1_0.sign_in_id,
        a1_0.student_id,
        a1_0.student_name,
        a1_0.student_status,
        a1_0.update_time 
    from
        attendance a1_0 
    where
        a1_0.course_id=?
2026-06-09 14:13:40.807 [http-nio-0.0.0.0-8080-exec-5] DEBUG org.hibernate.SQL - 
    select
        a1_0.id,
        a1_0.check_in_time,
        a1_0.course_id,
        a1_0.create_time,
        a1_0.ip_address,
        a1_0.reason,
        a1_0.sign_in_id,
        a1_0.student_id,
        a1_0.student_name,
        a1_0.student_status,
        a1_0.update_time 
    from
        attendance a1_0 
    where
        a1_0.course_id=?
2026-06-09 14:13:42.281 [http-nio-0.0.0.0-8080-exec-7] DEBUG c.e.a.s.impl.AttendanceServiceImpl - 分页查询考勤记录，页码: 0, 每页数量: 10
2026-06-09 14:13:42.287 [http-nio-0.0.0.0-8080-exec-7] DEBUG org.hibernate.SQL - 
    select
        a1_0.id,
        a1_0.check_in_time,
        a1_0.course_id,
        a1_0.create_time,
        a1_0.ip_address,
        a1_0.reason,
        a1_0.sign_in_id,
        a1_0.student_id,
        a1_0.student_name,
        a1_0.student_status,
        a1_0.update_time 
    from
        attendance a1_0 
    order by
        a1_0.check_in_time desc 
    offset
        ? rows 
    fetch
        first ? rows only
2026-06-09 14:13:42.294 [http-nio-0.0.0.0-8080-exec-7] DEBUG org.hibernate.SQL - 
    select
        count_big(a1_0.id) 
    from
        attendance a1_0
2026-06-09 14:13:42.296 [http-nio-0.0.0.0-8080-exec-7] INFO  c.e.a.s.impl.AttendanceServiceImpl - 考勤记录分页查询完成，总数: 29
2026-06-09 14:13:47.066 [http-nio-0.0.0.0-8080-exec-9] DEBUG org.hibernate.SQL - 
    select
        u1_0.id,
        u1_0.class_name,
        u1_0.create_time,
        u1_0.gender,
        u1_0.real_name,
        u1_0.username,
        u1_0.userpassword,
        u1_0.userrole 
    from
        my_user u1_0 
    where
        u1_0.username=?
2026-06-09 14:13:47.070 [http-nio-0.0.0.0-8080-exec-9] DEBUG org.hibernate.SQL - 
    select
        c1_0.id,
        c1_0.class_name,
        c1_0.course_id,
        c1_0.course_name,
        c1_0.create_time,
        c1_0.location,
        c1_0.teacher_id,
        c1_0.teacher_name,
        c1_0.time_slot,
        c1_0.week_day 
    from
        course c1_0
2026-06-09 14:13:47.078 [http-nio-0.0.0.0-8080-exec-9] DEBUG org.hibernate.SQL - 
    select
        count_big(*) 
    from
        student s1_0
2026-06-09 14:13:47.080 [http-nio-0.0.0.0-8080-exec-9] DEBUG org.hibernate.SQL - 
    select
        count_big(u1_0.id) 
    from
        my_user u1_0 
    where
        upper(u1_0.userrole)=upper(?)
2026-06-09 14:13:47.082 [http-nio-0.0.0.0-8080-exec-9] DEBUG org.hibernate.SQL - 
    select
        count_big(*) 
    from
        course c1_0
2026-06-09 14:13:47.087 [http-nio-0.0.0.0-8080-exec-9] DEBUG org.hibernate.SQL - 
    select
        a1_0.id,
        a1_0.check_in_time,
        a1_0.course_id,
        a1_0.create_time,
        a1_0.ip_address,
        a1_0.reason,
        a1_0.sign_in_id,
        a1_0.student_id,
        a1_0.student_name,
        a1_0.student_status,
        a1_0.update_time 
    from
        attendance a1_0 
    where
        a1_0.course_id=?
2026-06-09 14:13:47.089 [http-nio-0.0.0.0-8080-exec-9] DEBUG org.hibernate.SQL - 
    select
        a1_0.id,
        a1_0.check_in_time,
        a1_0.course_id,
        a1_0.create_time,
        a1_0.ip_address,
        a1_0.reason,
        a1_0.sign_in_id,
        a1_0.student_id,
        a1_0.student_name,
        a1_0.student_status,
        a1_0.update_time 
    from
        attendance a1_0 
    where
        a1_0.course_id=?
2026-06-09 14:13:47.093 [http-nio-0.0.0.0-8080-exec-9] DEBUG org.hibernate.SQL - 
    select
        a1_0.id,
        a1_0.check_in_time,
        a1_0.course_id,
        a1_0.create_time,
        a1_0.ip_address,
        a1_0.reason,
        a1_0.sign_in_id,
        a1_0.student_id,
        a1_0.student_name,
        a1_0.student_status,
        a1_0.update_time 
    from
        attendance a1_0 
    where
        a1_0.course_id=?
2026-06-09 14:13:47.103 [http-nio-0.0.0.0-8080-exec-9] DEBUG org.hibernate.SQL - 
    select
        a1_0.id,
        a1_0.check_in_time,
        a1_0.course_id,
        a1_0.create_time,
        a1_0.ip_address,
        a1_0.reason,
        a1_0.sign_in_id,
        a1_0.student_id,
        a1_0.student_name,
        a1_0.student_status,
        a1_0.update_time 
    from
        attendance a1_0 
    where
        a1_0.course_id=?
2026-06-09 14:13:53.838 [http-nio-0.0.0.0-8080-exec-2] DEBUG org.hibernate.SQL - 
    select
        u1_0.id,
        u1_0.class_name,
        u1_0.create_time,
        u1_0.gender,
        u1_0.real_name,
        u1_0.username,
        u1_0.userpassword,
        u1_0.userrole 
    from
        my_user u1_0 
    where
        u1_0.username=?
2026-06-09 14:13:55.550 [http-nio-0.0.0.0-8080-exec-3] DEBUG org.hibernate.SQL - 
    select
        u1_0.id,
        u1_0.class_name,
        u1_0.create_time,
        u1_0.gender,
        u1_0.real_name,
        u1_0.username,
        u1_0.userpassword,
        u1_0.userrole 
    from
        my_user u1_0 
    where
        u1_0.username=?
2026-06-09 14:13:55.554 [http-nio-0.0.0.0-8080-exec-3] DEBUG org.hibernate.SQL - 
    select
        c1_0.id,
        c1_0.class_name,
        c1_0.course_id,
        c1_0.course_name,
        c1_0.create_time,
        c1_0.location,
        c1_0.teacher_id,
        c1_0.teacher_name,
        c1_0.time_slot,
        c1_0.week_day 
    from
        course c1_0 
    where
        c1_0.teacher_id=?
2026-06-09 14:13:57.298 [http-nio-0.0.0.0-8080-exec-6] DEBUG org.hibernate.SQL - 
    select
        c1_0.id,
        c1_0.class_name,
        c1_0.course_id,
        c1_0.course_name,
        c1_0.create_time,
        c1_0.location,
        c1_0.teacher_id,
        c1_0.teacher_name,
        c1_0.time_slot,
        c1_0.week_day 
    from
        course c1_0 
    where
        c1_0.teacher_id=?
2026-06-09 14:13:57.306 [http-nio-0.0.0.0-8080-exec-6] DEBUG c.e.a.s.impl.AttendanceServiceImpl - 按条件查询考勤记录，学生ID: null, 课程ID: null, 状态: null, courseIds: []
2026-06-09 14:13:57.315 [http-nio-0.0.0.0-8080-exec-6] DEBUG org.hibernate.SQL - 
    select
        a1_0.id,
        a1_0.check_in_time,
        a1_0.course_id,
        a1_0.create_time,
        a1_0.ip_address,
        a1_0.reason,
        a1_0.sign_in_id,
        a1_0.student_id,
        a1_0.student_name,
        a1_0.student_status,
        a1_0.update_time 
    from
        attendance a1_0 
    where
        1=1 
    order by
        a1_0.check_in_time desc 
    offset
        ? rows 
    fetch
        first ? rows only
2026-06-09 14:13:57.328 [http-nio-0.0.0.0-8080-exec-6] DEBUG org.hibernate.SQL - 
    select
        count_big(a1_0.id) 
    from
        attendance a1_0 
    where
        1=1
2026-06-09 14:13:57.340 [http-nio-0.0.0.0-8080-exec-6] INFO  c.e.a.s.impl.AttendanceServiceImpl - 条件查询考勤记录完成，总数: 29
2026-06-09 14:13:59.839 [http-nio-0.0.0.0-8080-exec-7] DEBUG org.hibernate.SQL - 
    select
        u1_0.id,
        u1_0.class_name,
        u1_0.create_time,
        u1_0.gender,
        u1_0.real_name,
        u1_0.username,
        u1_0.userpassword,
        u1_0.userrole 
    from
        my_user u1_0 
    where
        u1_0.username=?
2026-06-09 14:13:59.840 [http-nio-0.0.0.0-8080-exec-7] DEBUG org.hibernate.SQL - 
    select
        c1_0.id,
        c1_0.class_name,
        c1_0.course_id,
        c1_0.course_name,
        c1_0.create_time,
        c1_0.location,
        c1_0.teacher_id,
        c1_0.teacher_name,
        c1_0.time_slot,
        c1_0.week_day 
    from
        course c1_0 
    where
        c1_0.teacher_id=?
2026-06-09 14:14:20.575 [http-nio-0.0.0.0-8080-exec-10] DEBUG org.hibernate.SQL - 
    select
        u1_0.id,
        u1_0.class_name,
        u1_0.create_time,
        u1_0.gender,
        u1_0.real_name,
        u1_0.username,
        u1_0.userpassword,
        u1_0.userrole 
    from
        my_user u1_0 
    where
        u1_0.username=?
2026-06-09 14:14:20.577 [http-nio-0.0.0.0-8080-exec-1] DEBUG org.hibernate.SQL - 
    select
        c1_0.id,
        c1_0.class_name,
        c1_0.course_id,
        c1_0.course_name,
        c1_0.create_time,
        c1_0.location,
        c1_0.teacher_id,
        c1_0.teacher_name,
        c1_0.time_slot,
        c1_0.week_day 
    from
        course c1_0 
    where
        c1_0.teacher_id=?
2026-06-09 14:14:20.588 [http-nio-0.0.0.0-8080-exec-1] DEBUG c.e.a.s.impl.AttendanceServiceImpl - 按条件查询考勤记录，学生ID: null, 课程ID: null, 状态: null, courseIds: []
2026-06-09 14:14:20.591 [http-nio-0.0.0.0-8080-exec-10] DEBUG org.hibernate.SQL - 
    select
        c1_0.id,
        c1_0.class_name,
        c1_0.course_id,
        c1_0.course_name,
        c1_0.create_time,
        c1_0.location,
        c1_0.teacher_id,
        c1_0.teacher_name,
        c1_0.time_slot,
        c1_0.week_day 
    from
        course c1_0 
    where
        c1_0.teacher_id=?
2026-06-09 14:14:20.593 [http-nio-0.0.0.0-8080-exec-1] DEBUG org.hibernate.SQL - 
    select
        a1_0.id,
        a1_0.check_in_time,
        a1_0.course_id,
        a1_0.create_time,
        a1_0.ip_address,
        a1_0.reason,
        a1_0.sign_in_id,
        a1_0.student_id,
        a1_0.student_name,
        a1_0.student_status,
        a1_0.update_time 
    from
        attendance a1_0 
    where
        1=1 
    order by
        a1_0.check_in_time desc 
    offset
        ? rows 
    fetch
        first ? rows only
2026-06-09 14:14:20.597 [http-nio-0.0.0.0-8080-exec-1] DEBUG org.hibernate.SQL - 
    select
        count_big(a1_0.id) 
    from
        attendance a1_0 
    where
        1=1
2026-06-09 14:14:20.600 [http-nio-0.0.0.0-8080-exec-1] INFO  c.e.a.s.impl.AttendanceServiceImpl - 条件查询考勤记录完成，总数: 29
2026-06-09 14:14:21.739 [http-nio-0.0.0.0-8080-exec-2] DEBUG org.hibernate.SQL - 
    select
        c1_0.id,
        c1_0.class_name,
        c1_0.course_id,
        c1_0.course_name,
        c1_0.create_time,
        c1_0.location,
        c1_0.teacher_id,
        c1_0.teacher_name,
        c1_0.time_slot,
        c1_0.week_day 
    from
        course c1_0 
    where
        c1_0.teacher_id=?
2026-06-09 14:14:21.742 [http-nio-0.0.0.0-8080-exec-2] DEBUG c.e.a.s.impl.AttendanceServiceImpl - 按条件查询考勤记录，学生ID: null, 课程ID: null, 状态: null, courseIds: []
2026-06-09 14:14:21.745 [http-nio-0.0.0.0-8080-exec-2] DEBUG org.hibernate.SQL - 
    select
        a1_0.id,
        a1_0.check_in_time,
        a1_0.course_id,
        a1_0.create_time,
        a1_0.ip_address,
        a1_0.reason,
        a1_0.sign_in_id,
        a1_0.student_id,
        a1_0.student_name,
        a1_0.student_status,
        a1_0.update_time 
    from
        attendance a1_0 
    where
        1=1 
    order by
        a1_0.check_in_time desc 
    offset
        ? rows 
    fetch
        first ? rows only
2026-06-09 14:14:21.751 [http-nio-0.0.0.0-8080-exec-2] DEBUG org.hibernate.SQL - 
    select
        count_big(a1_0.id) 
    from
        attendance a1_0 
    where
        1=1
2026-06-09 14:14:21.753 [http-nio-0.0.0.0-8080-exec-2] INFO  c.e.a.s.impl.AttendanceServiceImpl - 条件查询考勤记录完成，总数: 29
2026-06-09 14:14:23.604 [http-nio-0.0.0.0-8080-exec-3] DEBUG org.hibernate.SQL - 
    select
        u1_0.id,
        u1_0.class_name,
        u1_0.create_time,
        u1_0.gender,
        u1_0.real_name,
        u1_0.username,
        u1_0.userpassword,
        u1_0.userrole 
    from
        my_user u1_0 
    where
        u1_0.username=?
2026-06-09 14:14:23.610 [http-nio-0.0.0.0-8080-exec-3] DEBUG org.hibernate.SQL - 
    select
        c1_0.id,
        c1_0.class_name,
        c1_0.course_id,
        c1_0.course_name,
        c1_0.create_time,
        c1_0.location,
        c1_0.teacher_id,
        c1_0.teacher_name,
        c1_0.time_slot,
        c1_0.week_day 
    from
        course c1_0 
    where
        c1_0.teacher_id=?
2026-06-09 14:14:26.228 [http-nio-0.0.0.0-8080-exec-5] DEBUG org.hibernate.SQL - 
    select
        u1_0.id,
        u1_0.class_name,
        u1_0.create_time,
        u1_0.gender,
        u1_0.real_name,
        u1_0.username,
        u1_0.userpassword,
        u1_0.userrole 
    from
        my_user u1_0 
    where
        u1_0.username=?
2026-06-09 14:14:26.233 [http-nio-0.0.0.0-8080-exec-5] DEBUG org.hibernate.SQL - 
    select
        c1_0.id,
        c1_0.class_name,
        c1_0.course_id,
        c1_0.course_name,
        c1_0.create_time,
        c1_0.location,
        c1_0.teacher_id,
        c1_0.teacher_name,
        c1_0.time_slot,
        c1_0.week_day 
    from
        course c1_0 
    where
        c1_0.teacher_id=?
2026-06-09 14:14:26.518 [http-nio-0.0.0.0-8080-exec-4] DEBUG org.hibernate.SQL - 
    select
        u1_0.id,
        u1_0.class_name,
        u1_0.create_time,
        u1_0.gender,
        u1_0.real_name,
        u1_0.username,
        u1_0.userpassword,
        u1_0.userrole 
    from
        my_user u1_0 
    where
        u1_0.username=?
2026-06-09 14:14:26.524 [http-nio-0.0.0.0-8080-exec-4] DEBUG org.hibernate.SQL - 
    select
        c1_0.id,
        c1_0.class_name,
        c1_0.course_id,
        c1_0.course_name,
        c1_0.create_time,
        c1_0.location,
        c1_0.teacher_id,
        c1_0.teacher_name,
        c1_0.time_slot,
        c1_0.week_day 
    from
        course c1_0 
    where
        c1_0.teacher_id=?
2026-06-09 14:14:26.760 [http-nio-0.0.0.0-8080-exec-10] DEBUG org.hibernate.SQL - 
    select
        u1_0.id,
        u1_0.class_name,
        u1_0.create_time,
        u1_0.gender,
        u1_0.real_name,
        u1_0.username,
        u1_0.userpassword,
        u1_0.userrole 
    from
        my_user u1_0 
    where
        u1_0.username=?
2026-06-09 14:14:26.764 [http-nio-0.0.0.0-8080-exec-10] DEBUG org.hibernate.SQL - 
    select
        c1_0.id,
        c1_0.class_name,
        c1_0.course_id,
        c1_0.course_name,
        c1_0.create_time,
        c1_0.location,
        c1_0.teacher_id,
        c1_0.teacher_name,
        c1_0.time_slot,
        c1_0.week_day 
    from
        course c1_0 
    where
        c1_0.teacher_id=?
2026-06-09 14:14:28.021 [http-nio-0.0.0.0-8080-exec-2] DEBUG org.hibernate.SQL - 
    select
        u1_0.id,
        u1_0.class_name,
        u1_0.create_time,
        u1_0.gender,
        u1_0.real_name,
        u1_0.username,
        u1_0.userpassword,
        u1_0.userrole 
    from
        my_user u1_0 
    where
        u1_0.username=?
2026-06-09 14:14:28.024 [http-nio-0.0.0.0-8080-exec-8] DEBUG org.hibernate.SQL - 
    select
        c1_0.id,
        c1_0.class_name,
        c1_0.course_id,
        c1_0.course_name,
        c1_0.create_time,
        c1_0.location,
        c1_0.teacher_id,
        c1_0.teacher_name,
        c1_0.time_slot,
        c1_0.week_day 
    from
        course c1_0 
    where
        c1_0.teacher_id=?
2026-06-09 14:14:28.037 [http-nio-0.0.0.0-8080-exec-2] DEBUG org.hibernate.SQL - 
    select
        c1_0.id,
        c1_0.class_name,
        c1_0.course_id,
        c1_0.course_name,
        c1_0.create_time,
        c1_0.location,
        c1_0.teacher_id,
        c1_0.teacher_name,
        c1_0.time_slot,
        c1_0.week_day 
    from
        course c1_0 
    where
        c1_0.teacher_id=?
2026-06-09 14:14:28.037 [http-nio-0.0.0.0-8080-exec-8] DEBUG c.e.a.s.impl.AttendanceServiceImpl - 按条件查询考勤记录，学生ID: null, 课程ID: null, 状态: null, courseIds: []
2026-06-09 14:14:28.041 [http-nio-0.0.0.0-8080-exec-8] DEBUG org.hibernate.SQL - 
    select
        a1_0.id,
        a1_0.check_in_time,
        a1_0.course_id,
        a1_0.create_time,
        a1_0.ip_address,
        a1_0.reason,
        a1_0.sign_in_id,
        a1_0.student_id,
        a1_0.student_name,
        a1_0.student_status,
        a1_0.update_time 
    from
        attendance a1_0 
    where
        1=1 
    order by
        a1_0.check_in_time desc 
    offset
        ? rows 
    fetch
        first ? rows only
2026-06-09 14:14:28.054 [http-nio-0.0.0.0-8080-exec-8] DEBUG org.hibernate.SQL - 
    select
        count_big(a1_0.id) 
    from
        attendance a1_0 
    where
        1=1
2026-06-09 14:14:28.060 [http-nio-0.0.0.0-8080-exec-8] INFO  c.e.a.s.impl.AttendanceServiceImpl - 条件查询考勤记录完成，总数: 29
2026-06-09 14:14:29.241 [http-nio-0.0.0.0-8080-exec-3] DEBUG org.hibernate.SQL - 
    select
        c1_0.id,
        c1_0.class_name,
        c1_0.course_id,
        c1_0.course_name,
        c1_0.create_time,
        c1_0.location,
        c1_0.teacher_id,
        c1_0.teacher_name,
        c1_0.time_slot,
        c1_0.week_day 
    from
        course c1_0 
    where
        c1_0.teacher_id=?
2026-06-09 14:14:29.254 [http-nio-0.0.0.0-8080-exec-3] DEBUG c.e.a.s.impl.AttendanceServiceImpl - 按条件查询考勤记录，学生ID: null, 课程ID: null, 状态: null, courseIds: []
2026-06-09 14:14:29.258 [http-nio-0.0.0.0-8080-exec-3] DEBUG org.hibernate.SQL - 
    select
        a1_0.id,
        a1_0.check_in_time,
        a1_0.course_id,
        a1_0.create_time,
        a1_0.ip_address,
        a1_0.reason,
        a1_0.sign_in_id,
        a1_0.student_id,
        a1_0.student_name,
        a1_0.student_status,
        a1_0.update_time 
    from
        attendance a1_0 
    where
        1=1 
    order by
        a1_0.check_in_time desc 
    offset
        ? rows 
    fetch
        first ? rows only
2026-06-09 14:14:29.272 [http-nio-0.0.0.0-8080-exec-3] DEBUG org.hibernate.SQL - 
    select
        count_big(a1_0.id) 
    from
        attendance a1_0 
    where
        1=1
2026-06-09 14:14:29.276 [http-nio-0.0.0.0-8080-exec-3] INFO  c.e.a.s.impl.AttendanceServiceImpl - 条件查询考勤记录完成，总数: 29
2026-06-09 14:14:33.522 [http-nio-0.0.0.0-8080-exec-5] DEBUG org.hibernate.SQL - 
    select
        u1_0.id,
        u1_0.class_name,
        u1_0.create_time,
        u1_0.gender,
        u1_0.real_name,
        u1_0.username,
        u1_0.userpassword,
        u1_0.userrole 
    from
        my_user u1_0 
    where
        u1_0.username=?
2026-06-09 14:14:33.541 [http-nio-0.0.0.0-8080-exec-5] DEBUG org.hibernate.SQL - 
    select
        c1_0.id,
        c1_0.class_name,
        c1_0.course_id,
        c1_0.course_name,
        c1_0.create_time,
        c1_0.location,
        c1_0.teacher_id,
        c1_0.teacher_name,
        c1_0.time_slot,
        c1_0.week_day 
    from
        course c1_0 
    where
        c1_0.teacher_id=?
2026-06-09 14:14:51.516 [http-nio-0.0.0.0-8080-exec-9] DEBUG org.hibernate.SQL - 
    select
        u1_0.id,
        u1_0.class_name,
        u1_0.create_time,
        u1_0.gender,
        u1_0.real_name,
        u1_0.username,
        u1_0.userpassword,
        u1_0.userrole 
    from
        my_user u1_0 
    where
        u1_0.username=?
2026-06-09 14:14:53.251 [http-nio-0.0.0.0-8080-exec-1] DEBUG org.hibernate.SQL - 
    select
        u1_0.id,
        u1_0.class_name,
        u1_0.create_time,
        u1_0.gender,
        u1_0.real_name,
        u1_0.username,
        u1_0.userpassword,
        u1_0.userrole 
    from
        my_user u1_0 
    where
        u1_0.username=?
2026-06-09 14:14:53.269 [http-nio-0.0.0.0-8080-exec-1] DEBUG org.hibernate.SQL - 
    select
        c1_0.id,
        c1_0.class_name,
        c1_0.course_id,
        c1_0.course_name,
        c1_0.create_time,
        c1_0.location,
        c1_0.teacher_id,
        c1_0.teacher_name,
        c1_0.time_slot,
        c1_0.week_day 
    from
        course c1_0 
    where
        c1_0.teacher_id=?
2026-06-09 14:14:53.274 [http-nio-0.0.0.0-8080-exec-1] DEBUG org.hibernate.SQL - 
    select
        count_big(distinct cs1_0.student_id) 
    from
        course_selection cs1_0 
    where
        cs1_0.course_id in (?) 
        and cs1_0.status=1
2026-06-09 14:14:53.290 [http-nio-0.0.0.0-8080-exec-1] DEBUG org.hibernate.SQL - 
    select
        a1_0.id,
        a1_0.check_in_time,
        a1_0.course_id,
        a1_0.create_time,
        a1_0.ip_address,
        a1_0.reason,
        a1_0.sign_in_id,
        a1_0.student_id,
        a1_0.student_name,
        a1_0.student_status,
        a1_0.update_time 
    from
        attendance a1_0 
    where
        a1_0.course_id=?
2026-06-09 14:14:54.766 [http-nio-0.0.0.0-8080-exec-8] DEBUG org.hibernate.SQL - 
    select
        u1_0.id,
        u1_0.class_name,
        u1_0.create_time,
        u1_0.gender,
        u1_0.real_name,
        u1_0.username,
        u1_0.userpassword,
        u1_0.userrole 
    from
        my_user u1_0 
    where
        u1_0.username=?
2026-06-09 14:14:54.768 [http-nio-0.0.0.0-8080-exec-3] DEBUG org.hibernate.SQL - 
    select
        c1_0.id,
        c1_0.class_name,
        c1_0.course_id,
        c1_0.course_name,
        c1_0.create_time,
        c1_0.location,
        c1_0.teacher_id,
        c1_0.teacher_name,
        c1_0.time_slot,
        c1_0.week_day 
    from
        course c1_0 
    where
        c1_0.teacher_id=?
2026-06-09 14:14:54.771 [http-nio-0.0.0.0-8080-exec-3] DEBUG c.e.a.s.impl.AttendanceServiceImpl - 按条件查询考勤记录，学生ID: null, 课程ID: null, 状态: null, courseIds: [HUM102]
2026-06-09 14:14:54.771 [http-nio-0.0.0.0-8080-exec-8] DEBUG org.hibernate.SQL - 
    select
        c1_0.id,
        c1_0.class_name,
        c1_0.course_id,
        c1_0.course_name,
        c1_0.create_time,
        c1_0.location,
        c1_0.teacher_id,
        c1_0.teacher_name,
        c1_0.time_slot,
        c1_0.week_day 
    from
        course c1_0 
    where
        c1_0.teacher_id=?
2026-06-09 14:14:54.771 [http-nio-0.0.0.0-8080-exec-8] DEBUG org.hibernate.SQL - 
    select
        count_big(distinct cs1_0.student_id) 
    from
        course_selection cs1_0 
    where
        cs1_0.course_id in (?) 
        and cs1_0.status=1
2026-06-09 14:14:54.771 [http-nio-0.0.0.0-8080-exec-3] DEBUG org.hibernate.SQL - 
    select
        a1_0.id,
        a1_0.check_in_time,
        a1_0.course_id,
        a1_0.create_time,
        a1_0.ip_address,
        a1_0.reason,
        a1_0.sign_in_id,
        a1_0.student_id,
        a1_0.student_name,
        a1_0.student_status,
        a1_0.update_time 
    from
        attendance a1_0 
    where
        a1_0.course_id in (?) 
    order by
        a1_0.check_in_time desc 
    offset
        ? rows 
    fetch
        first ? rows only
2026-06-09 14:14:54.777 [http-nio-0.0.0.0-8080-exec-8] DEBUG org.hibernate.SQL - 
    select
        a1_0.id,
        a1_0.check_in_time,
        a1_0.course_id,
        a1_0.create_time,
        a1_0.ip_address,
        a1_0.reason,
        a1_0.sign_in_id,
        a1_0.student_id,
        a1_0.student_name,
        a1_0.student_status,
        a1_0.update_time 
    from
        attendance a1_0 
    where
        a1_0.course_id=?
2026-06-09 14:14:54.787 [http-nio-0.0.0.0-8080-exec-3] INFO  c.e.a.s.impl.AttendanceServiceImpl - 条件查询考勤记录完成，总数: 0
2026-06-09 14:14:55.976 [http-nio-0.0.0.0-8080-exec-6] DEBUG org.hibernate.SQL - 
    select
        c1_0.id,
        c1_0.class_name,
        c1_0.course_id,
        c1_0.course_name,
        c1_0.create_time,
        c1_0.location,
        c1_0.teacher_id,
        c1_0.teacher_name,
        c1_0.time_slot,
        c1_0.week_day 
    from
        course c1_0 
    where
        c1_0.teacher_id=?
2026-06-09 14:14:55.980 [http-nio-0.0.0.0-8080-exec-6] DEBUG c.e.a.s.impl.AttendanceServiceImpl - 按条件查询考勤记录，学生ID: null, 课程ID: null, 状态: null, courseIds: [HUM102]
2026-06-09 14:14:55.985 [http-nio-0.0.0.0-8080-exec-6] DEBUG org.hibernate.SQL - 
    select
        a1_0.id,
        a1_0.check_in_time,
        a1_0.course_id,
        a1_0.create_time,
        a1_0.ip_address,
        a1_0.reason,
        a1_0.sign_in_id,
        a1_0.student_id,
        a1_0.student_name,
        a1_0.student_status,
        a1_0.update_time 
    from
        attendance a1_0 
    where
        a1_0.course_id in (?) 
    order by
        a1_0.check_in_time desc 
    offset
        ? rows 
    fetch
        first ? rows only
2026-06-09 14:14:55.991 [http-nio-0.0.0.0-8080-exec-6] INFO  c.e.a.s.impl.AttendanceServiceImpl - 条件查询考勤记录完成，总数: 0
2026-06-09 14:14:58.090 [http-nio-0.0.0.0-8080-exec-5] DEBUG org.hibernate.SQL - 
    select
        c1_0.id,
        c1_0.class_name,
        c1_0.course_id,
        c1_0.course_name,
        c1_0.create_time,
        c1_0.location,
        c1_0.teacher_id,
        c1_0.teacher_name,
        c1_0.time_slot,
        c1_0.week_day 
    from
        course c1_0 
    where
        c1_0.teacher_id=?
2026-06-09 14:14:58.109 [http-nio-0.0.0.0-8080-exec-5] DEBUG c.e.a.s.impl.AttendanceServiceImpl - 按条件查询考勤记录，学生ID: null, 课程ID: null, 状态: null, courseIds: [HUM102]
2026-06-09 14:14:58.117 [http-nio-0.0.0.0-8080-exec-5] DEBUG org.hibernate.SQL - 
    select
        a1_0.id,
        a1_0.check_in_time,
        a1_0.course_id,
        a1_0.create_time,
        a1_0.ip_address,
        a1_0.reason,
        a1_0.sign_in_id,
        a1_0.student_id,
        a1_0.student_name,
        a1_0.student_status,
        a1_0.update_time 
    from
        attendance a1_0 
    where
        a1_0.course_id in (?) 
    order by
        a1_0.check_in_time desc 
    offset
        ? rows 
    fetch
        first ? rows only
2026-06-09 14:14:58.120 [http-nio-0.0.0.0-8080-exec-5] INFO  c.e.a.s.impl.AttendanceServiceImpl - 条件查询考勤记录完成，总数: 0
2026-06-09 14:15:22.747 [http-nio-0.0.0.0-8080-exec-9] DEBUG org.hibernate.SQL - 
    select
        u1_0.id,
        u1_0.class_name,
        u1_0.create_time,
        u1_0.gender,
        u1_0.real_name,
        u1_0.username,
        u1_0.userpassword,
        u1_0.userrole 
    from
        my_user u1_0 
    where
        u1_0.username=?
2026-06-09 14:15:24.492 [http-nio-0.0.0.0-8080-exec-1] DEBUG org.hibernate.SQL - 
    select
        u1_0.id,
        u1_0.class_name,
        u1_0.create_time,
        u1_0.gender,
        u1_0.real_name,
        u1_0.username,
        u1_0.userpassword,
        u1_0.userrole 
    from
        my_user u1_0 
    where
        u1_0.username=?
2026-06-09 14:15:24.503 [http-nio-0.0.0.0-8080-exec-1] DEBUG org.hibernate.SQL - 
    select
        c1_0.id,
        c1_0.class_name,
        c1_0.course_id,
        c1_0.course_name,
        c1_0.create_time,
        c1_0.location,
        c1_0.teacher_id,
        c1_0.teacher_name,
        c1_0.time_slot,
        c1_0.week_day 
    from
        course c1_0 
    where
        c1_0.teacher_id=?
2026-06-09 14:15:24.506 [http-nio-0.0.0.0-8080-exec-1] DEBUG org.hibernate.SQL - 
    select
        count_big(distinct cs1_0.student_id) 
    from
        course_selection cs1_0 
    where
        cs1_0.course_id in (?, ?, ?) 
        and cs1_0.status=1
2026-06-09 14:15:24.517 [http-nio-0.0.0.0-8080-exec-1] DEBUG org.hibernate.SQL - 
    select
        a1_0.id,
        a1_0.check_in_time,
        a1_0.course_id,
        a1_0.create_time,
        a1_0.ip_address,
        a1_0.reason,
        a1_0.sign_in_id,
        a1_0.student_id,
        a1_0.student_name,
        a1_0.student_status,
        a1_0.update_time 
    from
        attendance a1_0 
    where
        a1_0.course_id=?
2026-06-09 14:15:24.519 [http-nio-0.0.0.0-8080-exec-1] DEBUG org.hibernate.SQL - 
    select
        a1_0.id,
        a1_0.check_in_time,
        a1_0.course_id,
        a1_0.create_time,
        a1_0.ip_address,
        a1_0.reason,
        a1_0.sign_in_id,
        a1_0.student_id,
        a1_0.student_name,
        a1_0.student_status,
        a1_0.update_time 
    from
        attendance a1_0 
    where
        a1_0.course_id=?
2026-06-09 14:15:24.521 [http-nio-0.0.0.0-8080-exec-1] DEBUG org.hibernate.SQL - 
    select
        a1_0.id,
        a1_0.check_in_time,
        a1_0.course_id,
        a1_0.create_time,
        a1_0.ip_address,
        a1_0.reason,
        a1_0.sign_in_id,
        a1_0.student_id,
        a1_0.student_name,
        a1_0.student_status,
        a1_0.update_time 
    from
        attendance a1_0 
    where
        a1_0.course_id=?
2026-06-09 14:15:26.330 [http-nio-0.0.0.0-8080-exec-8] DEBUG org.hibernate.SQL - 
    select
        u1_0.id,
        u1_0.class_name,
        u1_0.create_time,
        u1_0.gender,
        u1_0.real_name,
        u1_0.username,
        u1_0.userpassword,
        u1_0.userrole 
    from
        my_user u1_0 
    where
        u1_0.username=?
2026-06-09 14:15:26.335 [http-nio-0.0.0.0-8080-exec-8] DEBUG org.hibernate.SQL - 
    select
        c1_0.id,
        c1_0.class_name,
        c1_0.course_id,
        c1_0.course_name,
        c1_0.create_time,
        c1_0.location,
        c1_0.teacher_id,
        c1_0.teacher_name,
        c1_0.time_slot,
        c1_0.week_day 
    from
        course c1_0 
    where
        c1_0.teacher_id=?
2026-06-09 14:15:26.335 [http-nio-0.0.0.0-8080-exec-3] DEBUG org.hibernate.SQL - 
    select
        c1_0.id,
        c1_0.class_name,
        c1_0.course_id,
        c1_0.course_name,
        c1_0.create_time,
        c1_0.location,
        c1_0.teacher_id,
        c1_0.teacher_name,
        c1_0.time_slot,
        c1_0.week_day 
    from
        course c1_0 
    where
        c1_0.teacher_id=?
2026-06-09 14:15:26.336 [http-nio-0.0.0.0-8080-exec-3] DEBUG c.e.a.s.impl.AttendanceServiceImpl - 按条件查询考勤记录，学生ID: null, 课程ID: null, 状态: null, courseIds: [COURSE001, COURSE002, COURSE027]
2026-06-09 14:15:26.336 [http-nio-0.0.0.0-8080-exec-8] DEBUG org.hibernate.SQL - 
    select
        count_big(distinct cs1_0.student_id) 
    from
        course_selection cs1_0 
    where
        cs1_0.course_id in (?, ?, ?) 
        and cs1_0.status=1
2026-06-09 14:15:26.336 [http-nio-0.0.0.0-8080-exec-8] DEBUG org.hibernate.SQL - 
    select
        a1_0.id,
        a1_0.check_in_time,
        a1_0.course_id,
        a1_0.create_time,
        a1_0.ip_address,
        a1_0.reason,
        a1_0.sign_in_id,
        a1_0.student_id,
        a1_0.student_name,
        a1_0.student_status,
        a1_0.update_time 
    from
        attendance a1_0 
    where
        a1_0.course_id=?
2026-06-09 14:15:26.342 [http-nio-0.0.0.0-8080-exec-3] DEBUG org.hibernate.SQL - 
    select
        a1_0.id,
        a1_0.check_in_time,
        a1_0.course_id,
        a1_0.create_time,
        a1_0.ip_address,
        a1_0.reason,
        a1_0.sign_in_id,
        a1_0.student_id,
        a1_0.student_name,
        a1_0.student_status,
        a1_0.update_time 
    from
        attendance a1_0 
    where
        a1_0.course_id in (?, ?, ?) 
    order by
        a1_0.check_in_time desc 
    offset
        ? rows 
    fetch
        first ? rows only
2026-06-09 14:15:26.369 [http-nio-0.0.0.0-8080-exec-8] DEBUG org.hibernate.SQL - 
    select
        a1_0.id,
        a1_0.check_in_time,
        a1_0.course_id,
        a1_0.create_time,
        a1_0.ip_address,
        a1_0.reason,
        a1_0.sign_in_id,
        a1_0.student_id,
        a1_0.student_name,
        a1_0.student_status,
        a1_0.update_time 
    from
        attendance a1_0 
    where
        a1_0.course_id=?
2026-06-09 14:15:26.373 [http-nio-0.0.0.0-8080-exec-8] DEBUG org.hibernate.SQL - 
    select
        a1_0.id,
        a1_0.check_in_time,
        a1_0.course_id,
        a1_0.create_time,
        a1_0.ip_address,
        a1_0.reason,
        a1_0.sign_in_id,
        a1_0.student_id,
        a1_0.student_name,
        a1_0.student_status,
        a1_0.update_time 
    from
        attendance a1_0 
    where
        a1_0.course_id=?
2026-06-09 14:15:26.386 [http-nio-0.0.0.0-8080-exec-3] DEBUG org.hibernate.SQL - 
    select
        count_big(a1_0.id) 
    from
        attendance a1_0 
    where
        a1_0.course_id in (?, ?, ?)
2026-06-09 14:15:26.429 [http-nio-0.0.0.0-8080-exec-3] INFO  c.e.a.s.impl.AttendanceServiceImpl - 条件查询考勤记录完成，总数: 29
2026-06-09 14:15:27.741 [http-nio-0.0.0.0-8080-exec-6] DEBUG org.hibernate.SQL - 
    select
        c1_0.id,
        c1_0.class_name,
        c1_0.course_id,
        c1_0.course_name,
        c1_0.create_time,
        c1_0.location,
        c1_0.teacher_id,
        c1_0.teacher_name,
        c1_0.time_slot,
        c1_0.week_day 
    from
        course c1_0 
    where
        c1_0.teacher_id=?
2026-06-09 14:15:27.744 [http-nio-0.0.0.0-8080-exec-6] DEBUG c.e.a.s.impl.AttendanceServiceImpl - 按条件查询考勤记录，学生ID: null, 课程ID: null, 状态: null, courseIds: [COURSE001, COURSE002, COURSE027]
2026-06-09 14:15:27.747 [http-nio-0.0.0.0-8080-exec-6] DEBUG org.hibernate.SQL - 
    select
        a1_0.id,
        a1_0.check_in_time,
        a1_0.course_id,
        a1_0.create_time,
        a1_0.ip_address,
        a1_0.reason,
        a1_0.sign_in_id,
        a1_0.student_id,
        a1_0.student_name,
        a1_0.student_status,
        a1_0.update_time 
    from
        attendance a1_0 
    where
        a1_0.course_id in (?, ?, ?) 
    order by
        a1_0.check_in_time desc 
    offset
        ? rows 
    fetch
        first ? rows only
2026-06-09 14:15:27.753 [http-nio-0.0.0.0-8080-exec-6] DEBUG org.hibernate.SQL - 
    select
        count_big(a1_0.id) 
    from
        attendance a1_0 
    where
        a1_0.course_id in (?, ?, ?)
2026-06-09 14:15:27.757 [http-nio-0.0.0.0-8080-exec-6] INFO  c.e.a.s.impl.AttendanceServiceImpl - 条件查询考勤记录完成，总数: 29
2026-06-09 14:15:32.682 [http-nio-0.0.0.0-8080-exec-7] DEBUG org.hibernate.SQL - 
    select
        u1_0.id,
        u1_0.class_name,
        u1_0.create_time,
        u1_0.gender,
        u1_0.real_name,
        u1_0.username,
        u1_0.userpassword,
        u1_0.userrole 
    from
        my_user u1_0 
    where
        u1_0.username=?
2026-06-09 14:15:32.685 [http-nio-0.0.0.0-8080-exec-7] DEBUG org.hibernate.SQL - 
    select
        c1_0.id,
        c1_0.class_name,
        c1_0.course_id,
        c1_0.course_name,
        c1_0.create_time,
        c1_0.location,
        c1_0.teacher_id,
        c1_0.teacher_name,
        c1_0.time_slot,
        c1_0.week_day 
    from
        course c1_0 
    where
        c1_0.teacher_id=?
2026-06-09 14:15:32.687 [http-nio-0.0.0.0-8080-exec-7] DEBUG org.hibernate.SQL - 
    select
        count_big(distinct cs1_0.student_id) 
    from
        course_selection cs1_0 
    where
        cs1_0.course_id in (?, ?, ?) 
        and cs1_0.status=1
2026-06-09 14:15:32.692 [http-nio-0.0.0.0-8080-exec-7] DEBUG org.hibernate.SQL - 
    select
        a1_0.id,
        a1_0.check_in_time,
        a1_0.course_id,
        a1_0.create_time,
        a1_0.ip_address,
        a1_0.reason,
        a1_0.sign_in_id,
        a1_0.student_id,
        a1_0.student_name,
        a1_0.student_status,
        a1_0.update_time 
    from
        attendance a1_0 
    where
        a1_0.course_id=?
2026-06-09 14:15:32.694 [http-nio-0.0.0.0-8080-exec-7] DEBUG org.hibernate.SQL - 
    select
        a1_0.id,
        a1_0.check_in_time,
        a1_0.course_id,
        a1_0.create_time,
        a1_0.ip_address,
        a1_0.reason,
        a1_0.sign_in_id,
        a1_0.student_id,
        a1_0.student_name,
        a1_0.student_status,
        a1_0.update_time 
    from
        attendance a1_0 
    where
        a1_0.course_id=?
2026-06-09 14:15:32.696 [http-nio-0.0.0.0-8080-exec-7] DEBUG org.hibernate.SQL - 
    select
        a1_0.id,
        a1_0.check_in_time,
        a1_0.course_id,
        a1_0.create_time,
        a1_0.ip_address,
        a1_0.reason,
        a1_0.sign_in_id,
        a1_0.student_id,
        a1_0.student_name,
        a1_0.student_status,
        a1_0.update_time 
    from
        attendance a1_0 
    where
        a1_0.course_id=?
2026-06-09 14:15:41.682 [http-nio-0.0.0.0-8080-exec-10] DEBUG org.hibernate.SQL - 
    select
        u1_0.id,
        u1_0.class_name,
        u1_0.create_time,
        u1_0.gender,
        u1_0.real_name,
        u1_0.username,
        u1_0.userpassword,
        u1_0.userrole 
    from
        my_user u1_0 
    where
        u1_0.username=?
2026-06-09 14:15:41.697 [http-nio-0.0.0.0-8080-exec-10] WARN  o.s.s.c.bcrypt.BCryptPasswordEncoder - Encoded password does not look like BCrypt
2026-06-09 14:15:41.936 [http-nio-0.0.0.0-8080-exec-10] DEBUG org.hibernate.SQL - 
    update
        my_user 
    set
        class_name=?,
        create_time=?,
        gender=?,
        real_name=?,
        username=?,
        userpassword=?,
        userrole=? 
    where
        id=?
2026-06-09 14:15:43.529 [http-nio-0.0.0.0-8080-exec-2] DEBUG org.hibernate.SQL - 
    select
        u1_0.id,
        u1_0.class_name,
        u1_0.create_time,
        u1_0.gender,
        u1_0.real_name,
        u1_0.username,
        u1_0.userpassword,
        u1_0.userrole 
    from
        my_user u1_0 
    where
        u1_0.username=?
2026-06-09 14:15:43.533 [http-nio-0.0.0.0-8080-exec-2] DEBUG org.hibernate.SQL - 
    select
        c1_0.id,
        c1_0.class_name,
        c1_0.course_id,
        c1_0.course_name,
        c1_0.create_time,
        c1_0.location,
        c1_0.teacher_id,
        c1_0.teacher_name,
        c1_0.time_slot,
        c1_0.week_day 
    from
        course c1_0 
    where
        c1_0.teacher_id=?
2026-06-09 14:15:45.129 [http-nio-0.0.0.0-8080-exec-3] DEBUG org.hibernate.SQL - 
    select
        u1_0.id,
        u1_0.class_name,
        u1_0.create_time,
        u1_0.gender,
        u1_0.real_name,
        u1_0.username,
        u1_0.userpassword,
        u1_0.userrole 
    from
        my_user u1_0 
    where
        u1_0.username=?
2026-06-09 14:15:45.131 [http-nio-0.0.0.0-8080-exec-6] DEBUG org.hibernate.SQL - 
    select
        c1_0.id,
        c1_0.class_name,
        c1_0.course_id,
        c1_0.course_name,
        c1_0.create_time,
        c1_0.location,
        c1_0.teacher_id,
        c1_0.teacher_name,
        c1_0.time_slot,
        c1_0.week_day 
    from
        course c1_0 
    where
        c1_0.teacher_id=?
2026-06-09 14:15:45.133 [http-nio-0.0.0.0-8080-exec-3] DEBUG org.hibernate.SQL - 
    select
        c1_0.id,
        c1_0.class_name,
        c1_0.course_id,
        c1_0.course_name,
        c1_0.create_time,
        c1_0.location,
        c1_0.teacher_id,
        c1_0.teacher_name,
        c1_0.time_slot,
        c1_0.week_day 
    from
        course c1_0 
    where
        c1_0.teacher_id=?
2026-06-09 14:15:45.143 [http-nio-0.0.0.0-8080-exec-6] DEBUG c.e.a.s.impl.AttendanceServiceImpl - 按条件查询考勤记录，学生ID: null, 课程ID: null, 状态: null, courseIds: []
2026-06-09 14:15:45.145 [http-nio-0.0.0.0-8080-exec-6] DEBUG org.hibernate.SQL - 
    select
        a1_0.id,
        a1_0.check_in_time,
        a1_0.course_id,
        a1_0.create_time,
        a1_0.ip_address,
        a1_0.reason,
        a1_0.sign_in_id,
        a1_0.student_id,
        a1_0.student_name,
        a1_0.student_status,
        a1_0.update_time 
    from
        attendance a1_0 
    where
        1=1 
    order by
        a1_0.check_in_time desc 
    offset
        ? rows 
    fetch
        first ? rows only
2026-06-09 14:15:45.165 [http-nio-0.0.0.0-8080-exec-6] DEBUG org.hibernate.SQL - 
    select
        count_big(a1_0.id) 
    from
        attendance a1_0 
    where
        1=1
2026-06-09 14:15:45.169 [http-nio-0.0.0.0-8080-exec-6] INFO  c.e.a.s.impl.AttendanceServiceImpl - 条件查询考勤记录完成，总数: 29
2026-06-09 14:15:46.411 [http-nio-0.0.0.0-8080-exec-5] DEBUG org.hibernate.SQL - 
    select
        c1_0.id,
        c1_0.class_name,
        c1_0.course_id,
        c1_0.course_name,
        c1_0.create_time,
        c1_0.location,
        c1_0.teacher_id,
        c1_0.teacher_name,
        c1_0.time_slot,
        c1_0.week_day 
    from
        course c1_0 
    where
        c1_0.teacher_id=?
2026-06-09 14:15:46.414 [http-nio-0.0.0.0-8080-exec-5] DEBUG c.e.a.s.impl.AttendanceServiceImpl - 按条件查询考勤记录，学生ID: null, 课程ID: null, 状态: null, courseIds: []
2026-06-09 14:15:46.416 [http-nio-0.0.0.0-8080-exec-5] DEBUG org.hibernate.SQL - 
    select
        a1_0.id,
        a1_0.check_in_time,
        a1_0.course_id,
        a1_0.create_time,
        a1_0.ip_address,
        a1_0.reason,
        a1_0.sign_in_id,
        a1_0.student_id,
        a1_0.student_name,
        a1_0.student_status,
        a1_0.update_time 
    from
        attendance a1_0 
    where
        1=1 
    order by
        a1_0.check_in_time desc 
    offset
        ? rows 
    fetch
        first ? rows only
2026-06-09 14:15:46.423 [http-nio-0.0.0.0-8080-exec-5] DEBUG org.hibernate.SQL - 
    select
        count_big(a1_0.id) 
    from
        attendance a1_0 
    where
        1=1
2026-06-09 14:15:46.427 [http-nio-0.0.0.0-8080-exec-5] INFO  c.e.a.s.impl.AttendanceServiceImpl - 条件查询考勤记录完成，总数: 29
2026-06-09 14:15:49.258 [http-nio-0.0.0.0-8080-exec-9] DEBUG org.hibernate.SQL - 
    select
        c1_0.id,
        c1_0.class_name,
        c1_0.course_id,
        c1_0.course_name,
        c1_0.create_time,
        c1_0.location,
        c1_0.teacher_id,
        c1_0.teacher_name,
        c1_0.time_slot,
        c1_0.week_day 
    from
        course c1_0 
    where
        c1_0.teacher_id=?
2026-06-09 14:15:49.258 [http-nio-0.0.0.0-8080-exec-4] DEBUG org.hibernate.SQL - 
    select
        u1_0.id,
        u1_0.class_name,
        u1_0.create_time,
        u1_0.gender,
        u1_0.real_name,
        u1_0.username,
        u1_0.userpassword,
        u1_0.userrole 
    from
        my_user u1_0 
    where
        u1_0.username=?
2026-06-09 14:15:49.259 [http-nio-0.0.0.0-8080-exec-9] DEBUG c.e.a.s.impl.AttendanceServiceImpl - 按条件查询考勤记录，学生ID: null, 课程ID: null, 状态: null, courseIds: []
2026-06-09 14:15:49.259 [http-nio-0.0.0.0-8080-exec-4] DEBUG org.hibernate.SQL - 
    select
        c1_0.id,
        c1_0.class_name,
        c1_0.course_id,
        c1_0.course_name,
        c1_0.create_time,
        c1_0.location,
        c1_0.teacher_id,
        c1_0.teacher_name,
        c1_0.time_slot,
        c1_0.week_day 
    from
        course c1_0 
    where
        c1_0.teacher_id=?
2026-06-09 14:15:49.259 [http-nio-0.0.0.0-8080-exec-9] DEBUG org.hibernate.SQL - 
    select
        a1_0.id,
        a1_0.check_in_time,
        a1_0.course_id,
        a1_0.create_time,
        a1_0.ip_address,
        a1_0.reason,
        a1_0.sign_in_id,
        a1_0.student_id,
        a1_0.student_name,
        a1_0.student_status,
        a1_0.update_time 
    from
        attendance a1_0 
    where
        1=1 
    order by
        a1_0.check_in_time desc 
    offset
        ? rows 
    fetch
        first ? rows only
2026-06-09 14:15:49.267 [http-nio-0.0.0.0-8080-exec-9] DEBUG org.hibernate.SQL - 
    select
        count_big(a1_0.id) 
    from
        attendance a1_0 
    where
        1=1
2026-06-09 14:15:49.271 [http-nio-0.0.0.0-8080-exec-9] INFO  c.e.a.s.impl.AttendanceServiceImpl - 条件查询考勤记录完成，总数: 29
2026-06-09 14:15:49.532 [http-nio-0.0.0.0-8080-exec-1] DEBUG org.hibernate.SQL - 
    select
        u1_0.id,
        u1_0.class_name,
        u1_0.create_time,
        u1_0.gender,
        u1_0.real_name,
        u1_0.username,
        u1_0.userpassword,
        u1_0.userrole 
    from
        my_user u1_0 
    where
        u1_0.username=?
2026-06-09 14:15:49.534 [http-nio-0.0.0.0-8080-exec-1] DEBUG org.hibernate.SQL - 
    select
        c1_0.id,
        c1_0.class_name,
        c1_0.course_id,
        c1_0.course_name,
        c1_0.create_time,
        c1_0.location,
        c1_0.teacher_id,
        c1_0.teacher_name,
        c1_0.time_slot,
        c1_0.week_day 
    from
        course c1_0 
    where
        c1_0.teacher_id=?
2026-06-09 14:15:49.536 [http-nio-0.0.0.0-8080-exec-2] DEBUG org.hibernate.SQL - 
    select
        c1_0.id,
        c1_0.class_name,
        c1_0.course_id,
        c1_0.course_name,
        c1_0.create_time,
        c1_0.location,
        c1_0.teacher_id,
        c1_0.teacher_name,
        c1_0.time_slot,
        c1_0.week_day 
    from
        course c1_0 
    where
        c1_0.teacher_id=?
2026-06-09 14:15:49.538 [http-nio-0.0.0.0-8080-exec-2] DEBUG c.e.a.s.impl.AttendanceServiceImpl - 按条件查询考勤记录，学生ID: null, 课程ID: null, 状态: null, courseIds: []
2026-06-09 14:15:49.542 [http-nio-0.0.0.0-8080-exec-2] DEBUG org.hibernate.SQL - 
    select
        a1_0.id,
        a1_0.check_in_time,
        a1_0.course_id,
        a1_0.create_time,
        a1_0.ip_address,
        a1_0.reason,
        a1_0.sign_in_id,
        a1_0.student_id,
        a1_0.student_name,
        a1_0.student_status,
        a1_0.update_time 
    from
        attendance a1_0 
    where
        1=1 
    order by
        a1_0.check_in_time desc 
    offset
        ? rows 
    fetch
        first ? rows only
2026-06-09 14:15:49.548 [http-nio-0.0.0.0-8080-exec-2] DEBUG org.hibernate.SQL - 
    select
        count_big(a1_0.id) 
    from
        attendance a1_0 
    where
        1=1
2026-06-09 14:15:49.552 [http-nio-0.0.0.0-8080-exec-2] INFO  c.e.a.s.impl.AttendanceServiceImpl - 条件查询考勤记录完成，总数: 29
2026-06-09 14:15:49.874 [http-nio-0.0.0.0-8080-exec-3] DEBUG org.hibernate.SQL - 
    select
        u1_0.id,
        u1_0.class_name,
        u1_0.create_time,
        u1_0.gender,
        u1_0.real_name,
        u1_0.username,
        u1_0.userpassword,
        u1_0.userrole 
    from
        my_user u1_0 
    where
        u1_0.username=?
2026-06-09 14:15:49.874 [http-nio-0.0.0.0-8080-exec-6] DEBUG org.hibernate.SQL - 
    select
        c1_0.id,
        c1_0.class_name,
        c1_0.course_id,
        c1_0.course_name,
        c1_0.create_time,
        c1_0.location,
        c1_0.teacher_id,
        c1_0.teacher_name,
        c1_0.time_slot,
        c1_0.week_day 
    from
        course c1_0 
    where
        c1_0.teacher_id=?
2026-06-09 14:15:49.877 [http-nio-0.0.0.0-8080-exec-6] DEBUG c.e.a.s.impl.AttendanceServiceImpl - 按条件查询考勤记录，学生ID: null, 课程ID: null, 状态: null, courseIds: []
2026-06-09 14:15:49.878 [http-nio-0.0.0.0-8080-exec-3] DEBUG org.hibernate.SQL - 
    select
        c1_0.id,
        c1_0.class_name,
        c1_0.course_id,
        c1_0.course_name,
        c1_0.create_time,
        c1_0.location,
        c1_0.teacher_id,
        c1_0.teacher_name,
        c1_0.time_slot,
        c1_0.week_day 
    from
        course c1_0 
    where
        c1_0.teacher_id=?
2026-06-09 14:15:49.878 [http-nio-0.0.0.0-8080-exec-6] DEBUG org.hibernate.SQL - 
    select
        a1_0.id,
        a1_0.check_in_time,
        a1_0.course_id,
        a1_0.create_time,
        a1_0.ip_address,
        a1_0.reason,
        a1_0.sign_in_id,
        a1_0.student_id,
        a1_0.student_name,
        a1_0.student_status,
        a1_0.update_time 
    from
        attendance a1_0 
    where
        1=1 
    order by
        a1_0.check_in_time desc 
    offset
        ? rows 
    fetch
        first ? rows only
2026-06-09 14:15:49.878 [http-nio-0.0.0.0-8080-exec-6] DEBUG org.hibernate.SQL - 
    select
        count_big(a1_0.id) 
    from
        attendance a1_0 
    where
        1=1
2026-06-09 14:15:49.889 [http-nio-0.0.0.0-8080-exec-6] INFO  c.e.a.s.impl.AttendanceServiceImpl - 条件查询考勤记录完成，总数: 29
2026-06-09 14:15:50.158 [http-nio-0.0.0.0-8080-exec-7] DEBUG org.hibernate.SQL - 
    select
        u1_0.id,
        u1_0.class_name,
        u1_0.create_time,
        u1_0.gender,
        u1_0.real_name,
        u1_0.username,
        u1_0.userpassword,
        u1_0.userrole 
    from
        my_user u1_0 
    where
        u1_0.username=?
2026-06-09 14:15:50.159 [http-nio-0.0.0.0-8080-exec-4] DEBUG org.hibernate.SQL - 
    select
        c1_0.id,
        c1_0.class_name,
        c1_0.course_id,
        c1_0.course_name,
        c1_0.create_time,
        c1_0.location,
        c1_0.teacher_id,
        c1_0.teacher_name,
        c1_0.time_slot,
        c1_0.week_day 
    from
        course c1_0 
    where
        c1_0.teacher_id=?
2026-06-09 14:15:50.159 [http-nio-0.0.0.0-8080-exec-4] DEBUG c.e.a.s.impl.AttendanceServiceImpl - 按条件查询考勤记录，学生ID: null, 课程ID: null, 状态: null, courseIds: []
2026-06-09 14:15:50.159 [http-nio-0.0.0.0-8080-exec-7] DEBUG org.hibernate.SQL - 
    select
        c1_0.id,
        c1_0.class_name,
        c1_0.course_id,
        c1_0.course_name,
        c1_0.create_time,
        c1_0.location,
        c1_0.teacher_id,
        c1_0.teacher_name,
        c1_0.time_slot,
        c1_0.week_day 
    from
        course c1_0 
    where
        c1_0.teacher_id=?
2026-06-09 14:15:50.159 [http-nio-0.0.0.0-8080-exec-4] DEBUG org.hibernate.SQL - 
    select
        a1_0.id,
        a1_0.check_in_time,
        a1_0.course_id,
        a1_0.create_time,
        a1_0.ip_address,
        a1_0.reason,
        a1_0.sign_in_id,
        a1_0.student_id,
        a1_0.student_name,
        a1_0.student_status,
        a1_0.update_time 
    from
        attendance a1_0 
    where
        1=1 
    order by
        a1_0.check_in_time desc 
    offset
        ? rows 
    fetch
        first ? rows only
2026-06-09 14:15:50.169 [http-nio-0.0.0.0-8080-exec-4] DEBUG org.hibernate.SQL - 
    select
        count_big(a1_0.id) 
    from
        attendance a1_0 
    where
        1=1
2026-06-09 14:15:50.173 [http-nio-0.0.0.0-8080-exec-4] INFO  c.e.a.s.impl.AttendanceServiceImpl - 条件查询考勤记录完成，总数: 29
2026-06-09 14:15:51.060 [http-nio-0.0.0.0-8080-exec-9] DEBUG org.hibernate.SQL - 
    select
        c1_0.id,
        c1_0.class_name,
        c1_0.course_id,
        c1_0.course_name,
        c1_0.create_time,
        c1_0.location,
        c1_0.teacher_id,
        c1_0.teacher_name,
        c1_0.time_slot,
        c1_0.week_day 
    from
        course c1_0 
    where
        c1_0.teacher_id=?
2026-06-09 14:15:51.063 [http-nio-0.0.0.0-8080-exec-9] DEBUG c.e.a.s.impl.AttendanceServiceImpl - 按条件查询考勤记录，学生ID: null, 课程ID: null, 状态: null, courseIds: []
2026-06-09 14:15:51.073 [http-nio-0.0.0.0-8080-exec-9] DEBUG org.hibernate.SQL - 
    select
        a1_0.id,
        a1_0.check_in_time,
        a1_0.course_id,
        a1_0.create_time,
        a1_0.ip_address,
        a1_0.reason,
        a1_0.sign_in_id,
        a1_0.student_id,
        a1_0.student_name,
        a1_0.student_status,
        a1_0.update_time 
    from
        attendance a1_0 
    where
        1=1 
    order by
        a1_0.check_in_time desc 
    offset
        ? rows 
    fetch
        first ? rows only
2026-06-09 14:15:51.110 [http-nio-0.0.0.0-8080-exec-9] DEBUG org.hibernate.SQL - 
    select
        count_big(a1_0.id) 
    from
        attendance a1_0 
    where
        1=1
2026-06-09 14:15:51.110 [http-nio-0.0.0.0-8080-exec-9] INFO  c.e.a.s.impl.AttendanceServiceImpl - 条件查询考勤记录完成，总数: 29
2026-06-09 14:16:16.610 [http-nio-0.0.0.0-8080-exec-2] DEBUG org.hibernate.SQL - 
    select
        u1_0.id,
        u1_0.class_name,
        u1_0.create_time,
        u1_0.gender,
        u1_0.real_name,
        u1_0.username,
        u1_0.userpassword,
        u1_0.userrole 
    from
        my_user u1_0 
    where
        u1_0.username=?
2026-06-09 14:16:16.616 [http-nio-0.0.0.0-8080-exec-2] DEBUG org.hibernate.SQL - 
    select
        c1_0.id,
        c1_0.class_name,
        c1_0.course_id,
        c1_0.course_name,
        c1_0.create_time,
        c1_0.location,
        c1_0.teacher_id,
        c1_0.teacher_name,
        c1_0.time_slot,
        c1_0.week_day 
    from
        course c1_0 
    where
        c1_0.teacher_id=?
2026-06-09 14:16:18.002 [http-nio-0.0.0.0-8080-exec-8] DEBUG org.hibernate.SQL - 
    select
        c1_0.id,
        c1_0.class_name,
        c1_0.course_id,
        c1_0.course_name,
        c1_0.create_time,
        c1_0.location,
        c1_0.teacher_id,
        c1_0.teacher_name,
        c1_0.time_slot,
        c1_0.week_day 
    from
        course c1_0 
    where
        c1_0.teacher_id=?
2026-06-09 14:16:18.012 [http-nio-0.0.0.0-8080-exec-8] DEBUG c.e.a.s.impl.AttendanceServiceImpl - 按条件查询考勤记录，学生ID: null, 课程ID: null, 状态: null, courseIds: []
2026-06-09 14:16:18.013 [http-nio-0.0.0.0-8080-exec-8] DEBUG org.hibernate.SQL - 
    select
        a1_0.id,
        a1_0.check_in_time,
        a1_0.course_id,
        a1_0.create_time,
        a1_0.ip_address,
        a1_0.reason,
        a1_0.sign_in_id,
        a1_0.student_id,
        a1_0.student_name,
        a1_0.student_status,
        a1_0.update_time 
    from
        attendance a1_0 
    where
        1=1 
    order by
        a1_0.check_in_time desc 
    offset
        ? rows 
    fetch
        first ? rows only
2026-06-09 14:16:18.015 [http-nio-0.0.0.0-8080-exec-8] DEBUG org.hibernate.SQL - 
    select
        count_big(a1_0.id) 
    from
        attendance a1_0 
    where
        1=1
2026-06-09 14:16:18.016 [http-nio-0.0.0.0-8080-exec-8] INFO  c.e.a.s.impl.AttendanceServiceImpl - 条件查询考勤记录完成，总数: 29
2026-06-09 14:16:41.347 [http-nio-0.0.0.0-8080-exec-6] DEBUG org.hibernate.SQL - 
    select
        u1_0.id,
        u1_0.class_name,
        u1_0.create_time,
        u1_0.gender,
        u1_0.real_name,
        u1_0.username,
        u1_0.userpassword,
        u1_0.userrole 
    from
        my_user u1_0 
    where
        u1_0.username=?
2026-06-09 14:16:41.364 [http-nio-0.0.0.0-8080-exec-6] DEBUG org.hibernate.SQL - 
    select
        c1_0.id,
        c1_0.class_name,
        c1_0.course_id,
        c1_0.course_name,
        c1_0.create_time,
        c1_0.location,
        c1_0.teacher_id,
        c1_0.teacher_name,
        c1_0.time_slot,
        c1_0.week_day 
    from
        course c1_0 
    where
        c1_0.teacher_id=?
2026-06-09 14:16:42.785 [http-nio-0.0.0.0-8080-exec-5] DEBUG org.hibernate.SQL - 
    select
        c1_0.id,
        c1_0.class_name,
        c1_0.course_id,
        c1_0.course_name,
        c1_0.create_time,
        c1_0.location,
        c1_0.teacher_id,
        c1_0.teacher_name,
        c1_0.time_slot,
        c1_0.week_day 
    from
        course c1_0 
    where
        c1_0.teacher_id=?
2026-06-09 14:17:54.095 [http-nio-0.0.0.0-8080-exec-10] DEBUG org.hibernate.SQL - 
    select
        u1_0.id,
        u1_0.class_name,
        u1_0.create_time,
        u1_0.gender,
        u1_0.real_name,
        u1_0.username,
        u1_0.userpassword,
        u1_0.userrole 
    from
        my_user u1_0 
    where
        u1_0.username=?
2026-06-09 14:17:54.110 [http-nio-0.0.0.0-8080-exec-10] DEBUG org.hibernate.SQL - 
    select
        c1_0.id,
        c1_0.class_name,
        c1_0.course_id,
        c1_0.course_name,
        c1_0.create_time,
        c1_0.location,
        c1_0.teacher_id,
        c1_0.teacher_name,
        c1_0.time_slot,
        c1_0.week_day 
    from
        course c1_0 
    where
        c1_0.teacher_id=?
2026-06-09 14:17:54.493 [http-nio-0.0.0.0-8080-exec-2] DEBUG org.hibernate.SQL - 
    select
        u1_0.id,
        u1_0.class_name,
        u1_0.create_time,
        u1_0.gender,
        u1_0.real_name,
        u1_0.username,
        u1_0.userpassword,
        u1_0.userrole 
    from
        my_user u1_0 
    where
        u1_0.username=?
2026-06-09 14:17:54.494 [http-nio-0.0.0.0-8080-exec-2] DEBUG org.hibernate.SQL - 
    select
        c1_0.id,
        c1_0.class_name,
        c1_0.course_id,
        c1_0.course_name,
        c1_0.create_time,
        c1_0.location,
        c1_0.teacher_id,
        c1_0.teacher_name,
        c1_0.time_slot,
        c1_0.week_day 
    from
        course c1_0 
    where
        c1_0.teacher_id=?
2026-06-09 14:17:56.670 [http-nio-0.0.0.0-8080-exec-3] DEBUG org.hibernate.SQL - 
    select
        u1_0.id,
        u1_0.class_name,
        u1_0.create_time,
        u1_0.gender,
        u1_0.real_name,
        u1_0.username,
        u1_0.userpassword,
        u1_0.userrole 
    from
        my_user u1_0 
    where
        u1_0.username=?
2026-06-09 14:17:56.670 [http-nio-0.0.0.0-8080-exec-6] DEBUG org.hibernate.SQL - 
    select
        c1_0.id,
        c1_0.class_name,
        c1_0.course_id,
        c1_0.course_name,
        c1_0.create_time,
        c1_0.location,
        c1_0.teacher_id,
        c1_0.teacher_name,
        c1_0.time_slot,
        c1_0.week_day 
    from
        course c1_0 
    where
        c1_0.teacher_id=?
2026-06-09 14:17:56.671 [http-nio-0.0.0.0-8080-exec-3] DEBUG org.hibernate.SQL - 
    select
        c1_0.id,
        c1_0.class_name,
        c1_0.course_id,
        c1_0.course_name,
        c1_0.create_time,
        c1_0.location,
        c1_0.teacher_id,
        c1_0.teacher_name,
        c1_0.time_slot,
        c1_0.week_day 
    from
        course c1_0 
    where
        c1_0.teacher_id=?
2026-06-09 14:17:56.689 [http-nio-0.0.0.0-8080-exec-6] DEBUG c.e.a.s.impl.AttendanceServiceImpl - 按条件查询考勤记录，学生ID: null, 课程ID: null, 状态: null, courseIds: []
2026-06-09 14:17:56.690 [http-nio-0.0.0.0-8080-exec-6] DEBUG org.hibernate.SQL - 
    select
        a1_0.id,
        a1_0.check_in_time,
        a1_0.course_id,
        a1_0.create_time,
        a1_0.ip_address,
        a1_0.reason,
        a1_0.sign_in_id,
        a1_0.student_id,
        a1_0.student_name,
        a1_0.student_status,
        a1_0.update_time 
    from
        attendance a1_0 
    where
        1=1 
    order by
        a1_0.check_in_time desc 
    offset
        ? rows 
    fetch
        first ? rows only
2026-06-09 14:17:56.697 [http-nio-0.0.0.0-8080-exec-6] DEBUG org.hibernate.SQL - 
    select
        count_big(a1_0.id) 
    from
        attendance a1_0 
    where
        1=1
2026-06-09 14:17:56.699 [http-nio-0.0.0.0-8080-exec-6] INFO  c.e.a.s.impl.AttendanceServiceImpl - 条件查询考勤记录完成，总数: 29
2026-06-09 14:17:57.980 [http-nio-0.0.0.0-8080-exec-5] DEBUG org.hibernate.SQL - 
    select
        c1_0.id,
        c1_0.class_name,
        c1_0.course_id,
        c1_0.course_name,
        c1_0.create_time,
        c1_0.location,
        c1_0.teacher_id,
        c1_0.teacher_name,
        c1_0.time_slot,
        c1_0.week_day 
    from
        course c1_0 
    where
        c1_0.teacher_id=?
2026-06-09 14:17:57.986 [http-nio-0.0.0.0-8080-exec-5] DEBUG c.e.a.s.impl.AttendanceServiceImpl - 按条件查询考勤记录，学生ID: null, 课程ID: null, 状态: null, courseIds: []
2026-06-09 14:17:57.989 [http-nio-0.0.0.0-8080-exec-5] DEBUG org.hibernate.SQL - 
    select
        a1_0.id,
        a1_0.check_in_time,
        a1_0.course_id,
        a1_0.create_time,
        a1_0.ip_address,
        a1_0.reason,
        a1_0.sign_in_id,
        a1_0.student_id,
        a1_0.student_name,
        a1_0.student_status,
        a1_0.update_time 
    from
        attendance a1_0 
    where
        1=1 
    order by
        a1_0.check_in_time desc 
    offset
        ? rows 
    fetch
        first ? rows only
2026-06-09 14:17:58.005 [http-nio-0.0.0.0-8080-exec-5] DEBUG org.hibernate.SQL - 
    select
        count_big(a1_0.id) 
    from
        attendance a1_0 
    where
        1=1
2026-06-09 14:17:58.008 [http-nio-0.0.0.0-8080-exec-5] INFO  c.e.a.s.impl.AttendanceServiceImpl - 条件查询考勤记录完成，总数: 29
2026-06-09 14:18:04.495 [SpringApplicationShutdownHook] INFO  o.s.boot.tomcat.GracefulShutdown - Commencing graceful shutdown. Waiting for active requests to complete
2026-06-09 14:18:04.508 [tomcat-shutdown] INFO  o.s.boot.tomcat.GracefulShutdown - Graceful shutdown complete
2026-06-09 14:18:04.511 [SpringApplicationShutdownHook] INFO  o.s.o.j.LocalContainerEntityManagerFactoryBean - Closing JPA EntityManagerFactory for persistence unit 'default'
2026-06-09 14:18:04.512 [SpringApplicationShutdownHook] INFO  com.zaxxer.hikari.HikariDataSource - HikariPool-1 - Shutdown initiated...
2026-06-09 14:18:04.515 [SpringApplicationShutdownHook] INFO  com.zaxxer.hikari.HikariDataSource - HikariPool-1 - Shutdown completed.
2026-06-09 14:18:08.818 [main] INFO  c.e.a.AttendanceSystemApplication - Starting AttendanceSystemApplication using Java 21.0.2 with PID 32532 (D:\Java\springboot_pj\attendance-system\target\classes started by l in D:\Java\springboot_pj\attendance-system)
2026-06-09 14:18:08.819 [main] DEBUG c.e.a.AttendanceSystemApplication - Running with Spring Boot v4.0.3, Spring v7.0.5
2026-06-09 14:18:08.820 [main] INFO  c.e.a.AttendanceSystemApplication - No active profile set, falling back to 1 default profile: "default"
2026-06-09 14:18:09.189 [main] INFO  o.s.d.r.c.RepositoryConfigurationDelegate - Bootstrapping Spring Data JPA repositories in DEFAULT mode.
2026-06-09 14:18:09.232 [main] INFO  o.s.d.r.c.RepositoryConfigurationDelegate - Finished Spring Data repository scanning in 38 ms. Found 5 JPA repository interfaces.
2026-06-09 14:18:09.331 [main] INFO  o.s.cloud.context.scope.GenericScope - BeanFactory id=d6250731-036a-36ea-b8f9-8d612c972637
2026-06-09 14:18:09.498 [main] INFO  o.s.boot.tomcat.TomcatWebServer - Tomcat initialized with port 8080 (http)
2026-06-09 14:18:09.505 [main] INFO  o.a.coyote.http11.Http11NioProtocol - Initializing ProtocolHandler ["http-nio-0.0.0.0-8080"]
2026-06-09 14:18:09.506 [main] INFO  o.a.catalina.core.StandardService - Starting service [Tomcat]
2026-06-09 14:18:09.506 [main] INFO  o.a.catalina.core.StandardEngine - Starting Servlet engine: [Apache Tomcat/11.0.18]
2026-06-09 14:18:09.535 [main] INFO  o.s.b.w.c.s.WebApplicationContextInitializer - Root WebApplicationContext: initialization completed in 694 ms
2026-06-09 14:18:09.640 [main] INFO  org.hibernate.orm.jpa - HHH008540: Processing PersistenceUnitInfo [name: default]
2026-06-09 14:18:09.665 [main] INFO  org.hibernate.orm.core - HHH000001: Hibernate ORM core version 7.2.4.Final
2026-06-09 14:18:09.895 [main] INFO  o.s.o.j.p.SpringPersistenceUnitInfo - No LoadTimeWeaver setup: ignoring JPA class transformer
2026-06-09 14:18:09.913 [main] INFO  com.zaxxer.hikari.HikariDataSource - HikariPool-1 - Starting...
2026-06-09 14:18:10.435 [main] INFO  com.zaxxer.hikari.pool.HikariPool - HikariPool-1 - Added connection ConnectionID:1 ClientConnectionId: 60fe58c4-1fc3-479b-914b-9382f0a0f042
2026-06-09 14:18:10.436 [main] INFO  com.zaxxer.hikari.HikariDataSource - HikariPool-1 - Start completed.
2026-06-09 14:18:10.539 [main] WARN  org.hibernate.orm.deprecation - HHH90000025: SQLServerDialect does not need to be specified explicitly using 'hibernate.dialect' (remove the property setting and it will be selected by default)
2026-06-09 14:18:10.551 [main] INFO  o.hibernate.orm.connections.pooling - HHH10001005: Database info:
	Database JDBC URL [jdbc:sqlserver://localhost:1433;concatNullYieldsNull=ON;quotedIdentifier=ON;connectRetryInterval=10;connectRetryCount=1;maxResultBuffer=-1;sendTemporalDataTypesAsStringForBulkCopy=true;delayLoadingLobs=true;useFmtOnly=false;vectorTypeSupport=v1;cacheBulkCopyMetadata=false;bulkCopyForBatchInsertAllowEncryptedValueModifications=false;bulkCopyForBatchInsertTableLock=false;bulkCopyForBatchInsertKeepNulls=false;bulkCopyForBatchInsertKeepIdentity=false;bulkCopyForBatchInsertFireTriggers=false;bulkCopyForBatchInsertCheckConstraints=false;bulkCopyForBatchInsertBatchSize=0;useBulkCopyForBatchInsert=false;cancelQueryTimeout=-1;sslProtocol=TLS;calcBigDecimalPrecision=false;useDefaultJaasConfig=false;jaasConfigurationName=SQLJDBCDriver;statementPoolingCacheSize=0;serverPreparedStatementDiscardThreshold=10;enablePrepareOnFirstPreparedStatementCall=false;fips=false;socketTimeout=0;authentication=NotSpecified;authenticationScheme=nativeAuthentication;xopenStates=false;datetimeParameterType=datetime2;sendTimeAsDatetime=true;replication=false;trustStoreType=JKS;trustServerCertificate=true;TransparentNetworkIPResolution=true;iPAddressPreference=IPv4First;serverNameAsACE=false;sendStringParametersAsUnicode=true;selectMethod=direct;responseBuffering=adaptive;queryTimeout=-1;packetSize=8000;multiSubnetFailover=false;loginTimeout=30;lockTimeout=-1;lastUpdateCount=true;useDefaultGSSCredential=false;prepareMethod=prepexec;encrypt=false;disableStatementPooling=true;databaseName=attendance_system;columnEncryptionSetting=Disabled;applicationName=Microsoft JDBC Driver for SQL Server;applicationIntent=readwrite;]
	Database driver: Microsoft JDBC Driver 13.2 for SQL Server
	Database dialect: SQLServerDialect
	Database version: 17.0
	Default catalog/schema: attendance_system/dbo
	Autocommit mode: undefined/unknown
	Isolation level: READ_COMMITTED [default READ_COMMITTED]
	JDBC fetch size: 128
	Pool: DataSourceConnectionProvider
	Minimum pool size: undefined/unknown
	Maximum pool size: undefined/unknown
2026-06-09 14:18:10.999 [main] INFO  org.hibernate.orm.core - HHH000489: No JTA platform available (set 'hibernate.transaction.jta.platform' to enable JTA platform integration)
2026-06-09 14:18:11.886 [main] DEBUG org.hibernate.SQL - 
    alter table attendance 
       alter column id bigint
2026-06-09 14:18:11.891 [main] WARN  o.h.t.s.i.ExceptionHandlerLoggedImpl - GenerationTarget encountered exception accepting command : Error executing DDL "
    alter table attendance 
       alter column id bigint" via JDBC [对象'PK__attendan__3213E83F505AAD30' 依赖于 列'id'。]
org.hibernate.tool.schema.spi.CommandAcceptanceException: Error executing DDL "
    alter table attendance 
       alter column id bigint" via JDBC [对象'PK__attendan__3213E83F505AAD30' 依赖于 列'id'。]
	at org.hibernate.tool.schema.internal.exec.GenerationTargetToDatabase.accept(GenerationTargetToDatabase.java:81)
	at org.hibernate.tool.schema.internal.AbstractSchemaMigrator.applySqlString(AbstractSchemaMigrator.java:566)
	at org.hibernate.tool.schema.internal.AbstractSchemaMigrator.applySqlStrings(AbstractSchemaMigrator.java:506)
	at org.hibernate.tool.schema.internal.AbstractSchemaMigrator.migrateTable(AbstractSchemaMigrator.java:324)
	at org.hibernate.tool.schema.internal.GroupedSchemaMigratorImpl.performTablesMigration(GroupedSchemaMigratorImpl.java:84)
	at org.hibernate.tool.schema.internal.AbstractSchemaMigrator.performMigration(AbstractSchemaMigrator.java:220)
	at org.hibernate.tool.schema.internal.AbstractSchemaMigrator.doMigration(AbstractSchemaMigrator.java:96)
	at org.hibernate.tool.schema.spi.SchemaManagementToolCoordinator.performDatabaseAction(SchemaManagementToolCoordinator.java:269)
	at org.hibernate.tool.schema.spi.SchemaManagementToolCoordinator.lambda$process$1(SchemaManagementToolCoordinator.java:101)
	at java.base/java.util.HashMap.forEach(HashMap.java:1429)
	at org.hibernate.tool.schema.spi.SchemaManagementToolCoordinator.process(SchemaManagementToolCoordinator.java:100)
	at org.hibernate.boot.internal.SessionFactoryObserverForSchemaExport.sessionFactoryCreated(SessionFactoryObserverForSchemaExport.java:35)
	at org.hibernate.internal.SessionFactoryObserverChain.sessionFactoryCreated(SessionFactoryObserverChain.java:33)
	at org.hibernate.internal.SessionFactoryImpl.<init>(SessionFactoryImpl.java:323)
	at org.hibernate.internal.SessionFactoryRegistry.instantiateSessionFactory(SessionFactoryRegistry.java:64)
	at org.hibernate.boot.internal.SessionFactoryBuilderImpl.build(SessionFactoryBuilderImpl.java:437)
	at org.hibernate.jpa.boot.internal.EntityManagerFactoryBuilderImpl.build(EntityManagerFactoryBuilderImpl.java:1456)
	at org.springframework.orm.jpa.vendor.SpringHibernateJpaPersistenceProvider.createContainerEntityManagerFactory(SpringHibernateJpaPersistenceProvider.java:93)
	at org.springframework.orm.jpa.LocalContainerEntityManagerFactoryBean.createNativeEntityManagerFactory(LocalContainerEntityManagerFactoryBean.java:443)
	at org.springframework.orm.jpa.AbstractEntityManagerFactoryBean.buildNativeEntityManagerFactory(AbstractEntityManagerFactoryBean.java:436)
	at org.springframework.orm.jpa.AbstractEntityManagerFactoryBean.afterPropertiesSet(AbstractEntityManagerFactoryBean.java:411)
	at org.springframework.orm.jpa.LocalContainerEntityManagerFactoryBean.afterPropertiesSet(LocalContainerEntityManagerFactoryBean.java:419)
	at org.springframework.beans.factory.support.AbstractAutowireCapableBeanFactory.invokeInitMethods(AbstractAutowireCapableBeanFactory.java:1864)
	at org.springframework.beans.factory.support.AbstractAutowireCapableBeanFactory.initializeBean(AbstractAutowireCapableBeanFactory.java:1813)
	at org.springframework.beans.factory.support.AbstractAutowireCapableBeanFactory.doCreateBean(AbstractAutowireCapableBeanFactory.java:603)
	at org.springframework.beans.factory.support.AbstractAutowireCapableBeanFactory.createBean(AbstractAutowireCapableBeanFactory.java:525)
	at org.springframework.beans.factory.support.AbstractBeanFactory.lambda$doGetBean$0(AbstractBeanFactory.java:333)
	at org.springframework.beans.factory.support.DefaultSingletonBeanRegistry.getSingleton(DefaultSingletonBeanRegistry.java:371)
	at org.springframework.beans.factory.support.AbstractBeanFactory.doGetBean(AbstractBeanFactory.java:331)
	at org.springframework.beans.factory.support.AbstractBeanFactory.getBean(AbstractBeanFactory.java:201)
	at org.springframework.context.support.AbstractApplicationContext.finishBeanFactoryInitialization(AbstractApplicationContext.java:977)
	at org.springframework.context.support.AbstractApplicationContext.refresh(AbstractApplicationContext.java:621)
	at org.springframework.boot.web.server.servlet.context.ServletWebServerApplicationContext.refresh(ServletWebServerApplicationContext.java:143)
	at org.springframework.boot.SpringApplication.refresh(SpringApplication.java:756)
	at org.springframework.boot.SpringApplication.refreshContext(SpringApplication.java:445)
	at org.springframework.boot.SpringApplication.run(SpringApplication.java:321)
	at org.springframework.boot.SpringApplication.run(SpringApplication.java:1365)
	at org.springframework.boot.SpringApplication.run(SpringApplication.java:1354)
	at com.example.attendance.AttendanceSystemApplication.main(AttendanceSystemApplication.java:12)
Caused by: com.microsoft.sqlserver.jdbc.SQLServerException: 对象'PK__attendan__3213E83F505AAD30' 依赖于 列'id'。
	at com.microsoft.sqlserver.jdbc.SQLServerException.makeFromDatabaseError(SQLServerException.java:278)
	at com.microsoft.sqlserver.jdbc.SQLServerStatement.getNextResult(SQLServerStatement.java:1788)
	at com.microsoft.sqlserver.jdbc.SQLServerStatement.doExecuteStatement(SQLServerStatement.java:975)
	at com.microsoft.sqlserver.jdbc.SQLServerStatement$StmtExecCmd.doExecute(SQLServerStatement.java:869)
	at com.microsoft.sqlserver.jdbc.TDSCommand.execute(IOBuffer.java:7825)
	at com.microsoft.sqlserver.jdbc.SQLServerConnection.executeCommand(SQLServerConnection.java:4828)
	at com.microsoft.sqlserver.jdbc.SQLServerStatement.executeCommand(SQLServerStatement.java:321)
	at com.microsoft.sqlserver.jdbc.SQLServerStatement.executeStatement(SQLServerStatement.java:253)
	at com.microsoft.sqlserver.jdbc.SQLServerStatement.execute(SQLServerStatement.java:842)
	at com.zaxxer.hikari.pool.ProxyStatement.execute(ProxyStatement.java:95)
	at com.zaxxer.hikari.pool.HikariProxyStatement.execute(HikariProxyStatement.java)
	at org.hibernate.tool.schema.internal.exec.GenerationTargetToDatabase.accept(GenerationTargetToDatabase.java:76)
	... 38 common frames omitted
2026-06-09 14:18:11.892 [main] DEBUG org.hibernate.SQL - 
    alter table attendance 
       alter column student_status tinyint default 1
2026-06-09 14:18:11.893 [main] WARN  o.h.t.s.i.ExceptionHandlerLoggedImpl - GenerationTarget encountered exception accepting command : Error executing DDL "
    alter table attendance 
       alter column student_status tinyint default 1" via JDBC [关键字 'default' 附近有语法错误。]
org.hibernate.tool.schema.spi.CommandAcceptanceException: Error executing DDL "
    alter table attendance 
       alter column student_status tinyint default 1" via JDBC [关键字 'default' 附近有语法错误。]
	at org.hibernate.tool.schema.internal.exec.GenerationTargetToDatabase.accept(GenerationTargetToDatabase.java:81)
	at org.hibernate.tool.schema.internal.AbstractSchemaMigrator.applySqlString(AbstractSchemaMigrator.java:566)
	at org.hibernate.tool.schema.internal.AbstractSchemaMigrator.applySqlStrings(AbstractSchemaMigrator.java:506)
	at org.hibernate.tool.schema.internal.AbstractSchemaMigrator.migrateTable(AbstractSchemaMigrator.java:324)
	at org.hibernate.tool.schema.internal.GroupedSchemaMigratorImpl.performTablesMigration(GroupedSchemaMigratorImpl.java:84)
	at org.hibernate.tool.schema.internal.AbstractSchemaMigrator.performMigration(AbstractSchemaMigrator.java:220)
	at org.hibernate.tool.schema.internal.AbstractSchemaMigrator.doMigration(AbstractSchemaMigrator.java:96)
	at org.hibernate.tool.schema.spi.SchemaManagementToolCoordinator.performDatabaseAction(SchemaManagementToolCoordinator.java:269)
	at org.hibernate.tool.schema.spi.SchemaManagementToolCoordinator.lambda$process$1(SchemaManagementToolCoordinator.java:101)
	at java.base/java.util.HashMap.forEach(HashMap.java:1429)
	at org.hibernate.tool.schema.spi.SchemaManagementToolCoordinator.process(SchemaManagementToolCoordinator.java:100)
	at org.hibernate.boot.internal.SessionFactoryObserverForSchemaExport.sessionFactoryCreated(SessionFactoryObserverForSchemaExport.java:35)
	at org.hibernate.internal.SessionFactoryObserverChain.sessionFactoryCreated(SessionFactoryObserverChain.java:33)
	at org.hibernate.internal.SessionFactoryImpl.<init>(SessionFactoryImpl.java:323)
	at org.hibernate.internal.SessionFactoryRegistry.instantiateSessionFactory(SessionFactoryRegistry.java:64)
	at org.hibernate.boot.internal.SessionFactoryBuilderImpl.build(SessionFactoryBuilderImpl.java:437)
	at org.hibernate.jpa.boot.internal.EntityManagerFactoryBuilderImpl.build(EntityManagerFactoryBuilderImpl.java:1456)
	at org.springframework.orm.jpa.vendor.SpringHibernateJpaPersistenceProvider.createContainerEntityManagerFactory(SpringHibernateJpaPersistenceProvider.java:93)
	at org.springframework.orm.jpa.LocalContainerEntityManagerFactoryBean.createNativeEntityManagerFactory(LocalContainerEntityManagerFactoryBean.java:443)
	at org.springframework.orm.jpa.AbstractEntityManagerFactoryBean.buildNativeEntityManagerFactory(AbstractEntityManagerFactoryBean.java:436)
	at org.springframework.orm.jpa.AbstractEntityManagerFactoryBean.afterPropertiesSet(AbstractEntityManagerFactoryBean.java:411)
	at org.springframework.orm.jpa.LocalContainerEntityManagerFactoryBean.afterPropertiesSet(LocalContainerEntityManagerFactoryBean.java:419)
	at org.springframework.beans.factory.support.AbstractAutowireCapableBeanFactory.invokeInitMethods(AbstractAutowireCapableBeanFactory.java:1864)
	at org.springframework.beans.factory.support.AbstractAutowireCapableBeanFactory.initializeBean(AbstractAutowireCapableBeanFactory.java:1813)
	at org.springframework.beans.factory.support.AbstractAutowireCapableBeanFactory.doCreateBean(AbstractAutowireCapableBeanFactory.java:603)
	at org.springframework.beans.factory.support.AbstractAutowireCapableBeanFactory.createBean(AbstractAutowireCapableBeanFactory.java:525)
	at org.springframework.beans.factory.support.AbstractBeanFactory.lambda$doGetBean$0(AbstractBeanFactory.java:333)
	at org.springframework.beans.factory.support.DefaultSingletonBeanRegistry.getSingleton(DefaultSingletonBeanRegistry.java:371)
	at org.springframework.beans.factory.support.AbstractBeanFactory.doGetBean(AbstractBeanFactory.java:331)
	at org.springframework.beans.factory.support.AbstractBeanFactory.getBean(AbstractBeanFactory.java:201)
	at org.springframework.context.support.AbstractApplicationContext.finishBeanFactoryInitialization(AbstractApplicationContext.java:977)
	at org.springframework.context.support.AbstractApplicationContext.refresh(AbstractApplicationContext.java:621)
	at org.springframework.boot.web.server.servlet.context.ServletWebServerApplicationContext.refresh(ServletWebServerApplicationContext.java:143)
	at org.springframework.boot.SpringApplication.refresh(SpringApplication.java:756)
	at org.springframework.boot.SpringApplication.refreshContext(SpringApplication.java:445)
	at org.springframework.boot.SpringApplication.run(SpringApplication.java:321)
	at org.springframework.boot.SpringApplication.run(SpringApplication.java:1365)
	at org.springframework.boot.SpringApplication.run(SpringApplication.java:1354)
	at com.example.attendance.AttendanceSystemApplication.main(AttendanceSystemApplication.java:12)
Caused by: com.microsoft.sqlserver.jdbc.SQLServerException: 关键字 'default' 附近有语法错误。
	at com.microsoft.sqlserver.jdbc.SQLServerException.makeFromDatabaseError(SQLServerException.java:278)
	at com.microsoft.sqlserver.jdbc.SQLServerStatement.getNextResult(SQLServerStatement.java:1788)
	at com.microsoft.sqlserver.jdbc.SQLServerStatement.doExecuteStatement(SQLServerStatement.java:975)
	at com.microsoft.sqlserver.jdbc.SQLServerStatement$StmtExecCmd.doExecute(SQLServerStatement.java:869)
	at com.microsoft.sqlserver.jdbc.TDSCommand.execute(IOBuffer.java:7825)
	at com.microsoft.sqlserver.jdbc.SQLServerConnection.executeCommand(SQLServerConnection.java:4828)
	at com.microsoft.sqlserver.jdbc.SQLServerStatement.executeCommand(SQLServerStatement.java:321)
	at com.microsoft.sqlserver.jdbc.SQLServerStatement.executeStatement(SQLServerStatement.java:253)
	at com.microsoft.sqlserver.jdbc.SQLServerStatement.execute(SQLServerStatement.java:842)
	at com.zaxxer.hikari.pool.ProxyStatement.execute(ProxyStatement.java:95)
	at com.zaxxer.hikari.pool.HikariProxyStatement.execute(HikariProxyStatement.java)
	at org.hibernate.tool.schema.internal.exec.GenerationTargetToDatabase.accept(GenerationTargetToDatabase.java:76)
	... 38 common frames omitted
2026-06-09 14:18:11.894 [main] DEBUG org.hibernate.SQL - 
    alter table course_selection 
       alter column id bigint
2026-06-09 14:18:11.894 [main] WARN  o.h.t.s.i.ExceptionHandlerLoggedImpl - GenerationTarget encountered exception accepting command : Error executing DDL "
    alter table course_selection 
       alter column id bigint" via JDBC [对象'PK__course_s__3213E83FDFE3484D' 依赖于 列'id'。]
org.hibernate.tool.schema.spi.CommandAcceptanceException: Error executing DDL "
    alter table course_selection 
       alter column id bigint" via JDBC [对象'PK__course_s__3213E83FDFE3484D' 依赖于 列'id'。]
	at org.hibernate.tool.schema.internal.exec.GenerationTargetToDatabase.accept(GenerationTargetToDatabase.java:81)
	at org.hibernate.tool.schema.internal.AbstractSchemaMigrator.applySqlString(AbstractSchemaMigrator.java:566)
	at org.hibernate.tool.schema.internal.AbstractSchemaMigrator.applySqlStrings(AbstractSchemaMigrator.java:506)
	at org.hibernate.tool.schema.internal.AbstractSchemaMigrator.migrateTable(AbstractSchemaMigrator.java:324)
	at org.hibernate.tool.schema.internal.GroupedSchemaMigratorImpl.performTablesMigration(GroupedSchemaMigratorImpl.java:84)
	at org.hibernate.tool.schema.internal.AbstractSchemaMigrator.performMigration(AbstractSchemaMigrator.java:220)
	at org.hibernate.tool.schema.internal.AbstractSchemaMigrator.doMigration(AbstractSchemaMigrator.java:96)
	at org.hibernate.tool.schema.spi.SchemaManagementToolCoordinator.performDatabaseAction(SchemaManagementToolCoordinator.java:269)
	at org.hibernate.tool.schema.spi.SchemaManagementToolCoordinator.lambda$process$1(SchemaManagementToolCoordinator.java:101)
	at java.base/java.util.HashMap.forEach(HashMap.java:1429)
	at org.hibernate.tool.schema.spi.SchemaManagementToolCoordinator.process(SchemaManagementToolCoordinator.java:100)
	at org.hibernate.boot.internal.SessionFactoryObserverForSchemaExport.sessionFactoryCreated(SessionFactoryObserverForSchemaExport.java:35)
	at org.hibernate.internal.SessionFactoryObserverChain.sessionFactoryCreated(SessionFactoryObserverChain.java:33)
	at org.hibernate.internal.SessionFactoryImpl.<init>(SessionFactoryImpl.java:323)
	at org.hibernate.internal.SessionFactoryRegistry.instantiateSessionFactory(SessionFactoryRegistry.java:64)
	at org.hibernate.boot.internal.SessionFactoryBuilderImpl.build(SessionFactoryBuilderImpl.java:437)
	at org.hibernate.jpa.boot.internal.EntityManagerFactoryBuilderImpl.build(EntityManagerFactoryBuilderImpl.java:1456)
	at org.springframework.orm.jpa.vendor.SpringHibernateJpaPersistenceProvider.createContainerEntityManagerFactory(SpringHibernateJpaPersistenceProvider.java:93)
	at org.springframework.orm.jpa.LocalContainerEntityManagerFactoryBean.createNativeEntityManagerFactory(LocalContainerEntityManagerFactoryBean.java:443)
	at org.springframework.orm.jpa.AbstractEntityManagerFactoryBean.buildNativeEntityManagerFactory(AbstractEntityManagerFactoryBean.java:436)
	at org.springframework.orm.jpa.AbstractEntityManagerFactoryBean.afterPropertiesSet(AbstractEntityManagerFactoryBean.java:411)
	at org.springframework.orm.jpa.LocalContainerEntityManagerFactoryBean.afterPropertiesSet(LocalContainerEntityManagerFactoryBean.java:419)
	at org.springframework.beans.factory.support.AbstractAutowireCapableBeanFactory.invokeInitMethods(AbstractAutowireCapableBeanFactory.java:1864)
	at org.springframework.beans.factory.support.AbstractAutowireCapableBeanFactory.initializeBean(AbstractAutowireCapableBeanFactory.java:1813)
	at org.springframework.beans.factory.support.AbstractAutowireCapableBeanFactory.doCreateBean(AbstractAutowireCapableBeanFactory.java:603)
	at org.springframework.beans.factory.support.AbstractAutowireCapableBeanFactory.createBean(AbstractAutowireCapableBeanFactory.java:525)
	at org.springframework.beans.factory.support.AbstractBeanFactory.lambda$doGetBean$0(AbstractBeanFactory.java:333)
	at org.springframework.beans.factory.support.DefaultSingletonBeanRegistry.getSingleton(DefaultSingletonBeanRegistry.java:371)
	at org.springframework.beans.factory.support.AbstractBeanFactory.doGetBean(AbstractBeanFactory.java:331)
	at org.springframework.beans.factory.support.AbstractBeanFactory.getBean(AbstractBeanFactory.java:201)
	at org.springframework.context.support.AbstractApplicationContext.finishBeanFactoryInitialization(AbstractApplicationContext.java:977)
	at org.springframework.context.support.AbstractApplicationContext.refresh(AbstractApplicationContext.java:621)
	at org.springframework.boot.web.server.servlet.context.ServletWebServerApplicationContext.refresh(ServletWebServerApplicationContext.java:143)
	at org.springframework.boot.SpringApplication.refresh(SpringApplication.java:756)
	at org.springframework.boot.SpringApplication.refreshContext(SpringApplication.java:445)
	at org.springframework.boot.SpringApplication.run(SpringApplication.java:321)
	at org.springframework.boot.SpringApplication.run(SpringApplication.java:1365)
	at org.springframework.boot.SpringApplication.run(SpringApplication.java:1354)
	at com.example.attendance.AttendanceSystemApplication.main(AttendanceSystemApplication.java:12)
Caused by: com.microsoft.sqlserver.jdbc.SQLServerException: 对象'PK__course_s__3213E83FDFE3484D' 依赖于 列'id'。
	at com.microsoft.sqlserver.jdbc.SQLServerException.makeFromDatabaseError(SQLServerException.java:278)
	at com.microsoft.sqlserver.jdbc.SQLServerStatement.getNextResult(SQLServerStatement.java:1788)
	at com.microsoft.sqlserver.jdbc.SQLServerStatement.doExecuteStatement(SQLServerStatement.java:975)
	at com.microsoft.sqlserver.jdbc.SQLServerStatement$StmtExecCmd.doExecute(SQLServerStatement.java:869)
	at com.microsoft.sqlserver.jdbc.TDSCommand.execute(IOBuffer.java:7825)
	at com.microsoft.sqlserver.jdbc.SQLServerConnection.executeCommand(SQLServerConnection.java:4828)
	at com.microsoft.sqlserver.jdbc.SQLServerStatement.executeCommand(SQLServerStatement.java:321)
	at com.microsoft.sqlserver.jdbc.SQLServerStatement.executeStatement(SQLServerStatement.java:253)
	at com.microsoft.sqlserver.jdbc.SQLServerStatement.execute(SQLServerStatement.java:842)
	at com.zaxxer.hikari.pool.ProxyStatement.execute(ProxyStatement.java:95)
	at com.zaxxer.hikari.pool.HikariProxyStatement.execute(HikariProxyStatement.java)
	at org.hibernate.tool.schema.internal.exec.GenerationTargetToDatabase.accept(GenerationTargetToDatabase.java:76)
	... 38 common frames omitted
2026-06-09 14:18:11.896 [main] DEBUG org.hibernate.SQL - 
    alter table course_selection 
       alter column status tinyint default 1
2026-06-09 14:18:11.896 [main] WARN  o.h.t.s.i.ExceptionHandlerLoggedImpl - GenerationTarget encountered exception accepting command : Error executing DDL "
    alter table course_selection 
       alter column status tinyint default 1" via JDBC [关键字 'default' 附近有语法错误。]
org.hibernate.tool.schema.spi.CommandAcceptanceException: Error executing DDL "
    alter table course_selection 
       alter column status tinyint default 1" via JDBC [关键字 'default' 附近有语法错误。]
	at org.hibernate.tool.schema.internal.exec.GenerationTargetToDatabase.accept(GenerationTargetToDatabase.java:81)
	at org.hibernate.tool.schema.internal.AbstractSchemaMigrator.applySqlString(AbstractSchemaMigrator.java:566)
	at org.hibernate.tool.schema.internal.AbstractSchemaMigrator.applySqlStrings(AbstractSchemaMigrator.java:506)
	at org.hibernate.tool.schema.internal.AbstractSchemaMigrator.migrateTable(AbstractSchemaMigrator.java:324)
	at org.hibernate.tool.schema.internal.GroupedSchemaMigratorImpl.performTablesMigration(GroupedSchemaMigratorImpl.java:84)
	at org.hibernate.tool.schema.internal.AbstractSchemaMigrator.performMigration(AbstractSchemaMigrator.java:220)
	at org.hibernate.tool.schema.internal.AbstractSchemaMigrator.doMigration(AbstractSchemaMigrator.java:96)
	at org.hibernate.tool.schema.spi.SchemaManagementToolCoordinator.performDatabaseAction(SchemaManagementToolCoordinator.java:269)
	at org.hibernate.tool.schema.spi.SchemaManagementToolCoordinator.lambda$process$1(SchemaManagementToolCoordinator.java:101)
	at java.base/java.util.HashMap.forEach(HashMap.java:1429)
	at org.hibernate.tool.schema.spi.SchemaManagementToolCoordinator.process(SchemaManagementToolCoordinator.java:100)
	at org.hibernate.boot.internal.SessionFactoryObserverForSchemaExport.sessionFactoryCreated(SessionFactoryObserverForSchemaExport.java:35)
	at org.hibernate.internal.SessionFactoryObserverChain.sessionFactoryCreated(SessionFactoryObserverChain.java:33)
	at org.hibernate.internal.SessionFactoryImpl.<init>(SessionFactoryImpl.java:323)
	at org.hibernate.internal.SessionFactoryRegistry.instantiateSessionFactory(SessionFactoryRegistry.java:64)
	at org.hibernate.boot.internal.SessionFactoryBuilderImpl.build(SessionFactoryBuilderImpl.java:437)
	at org.hibernate.jpa.boot.internal.EntityManagerFactoryBuilderImpl.build(EntityManagerFactoryBuilderImpl.java:1456)
	at org.springframework.orm.jpa.vendor.SpringHibernateJpaPersistenceProvider.createContainerEntityManagerFactory(SpringHibernateJpaPersistenceProvider.java:93)
	at org.springframework.orm.jpa.LocalContainerEntityManagerFactoryBean.createNativeEntityManagerFactory(LocalContainerEntityManagerFactoryBean.java:443)
	at org.springframework.orm.jpa.AbstractEntityManagerFactoryBean.buildNativeEntityManagerFactory(AbstractEntityManagerFactoryBean.java:436)
	at org.springframework.orm.jpa.AbstractEntityManagerFactoryBean.afterPropertiesSet(AbstractEntityManagerFactoryBean.java:411)
	at org.springframework.orm.jpa.LocalContainerEntityManagerFactoryBean.afterPropertiesSet(LocalContainerEntityManagerFactoryBean.java:419)
	at org.springframework.beans.factory.support.AbstractAutowireCapableBeanFactory.invokeInitMethods(AbstractAutowireCapableBeanFactory.java:1864)
	at org.springframework.beans.factory.support.AbstractAutowireCapableBeanFactory.initializeBean(AbstractAutowireCapableBeanFactory.java:1813)
	at org.springframework.beans.factory.support.AbstractAutowireCapableBeanFactory.doCreateBean(AbstractAutowireCapableBeanFactory.java:603)
	at org.springframework.beans.factory.support.AbstractAutowireCapableBeanFactory.createBean(AbstractAutowireCapableBeanFactory.java:525)
	at org.springframework.beans.factory.support.AbstractBeanFactory.lambda$doGetBean$0(AbstractBeanFactory.java:333)
	at org.springframework.beans.factory.support.DefaultSingletonBeanRegistry.getSingleton(DefaultSingletonBeanRegistry.java:371)
	at org.springframework.beans.factory.support.AbstractBeanFactory.doGetBean(AbstractBeanFactory.java:331)
	at org.springframework.beans.factory.support.AbstractBeanFactory.getBean(AbstractBeanFactory.java:201)
	at org.springframework.context.support.AbstractApplicationContext.finishBeanFactoryInitialization(AbstractApplicationContext.java:977)
	at org.springframework.context.support.AbstractApplicationContext.refresh(AbstractApplicationContext.java:621)
	at org.springframework.boot.web.server.servlet.context.ServletWebServerApplicationContext.refresh(ServletWebServerApplicationContext.java:143)
	at org.springframework.boot.SpringApplication.refresh(SpringApplication.java:756)
	at org.springframework.boot.SpringApplication.refreshContext(SpringApplication.java:445)
	at org.springframework.boot.SpringApplication.run(SpringApplication.java:321)
	at org.springframework.boot.SpringApplication.run(SpringApplication.java:1365)
	at org.springframework.boot.SpringApplication.run(SpringApplication.java:1354)
	at com.example.attendance.AttendanceSystemApplication.main(AttendanceSystemApplication.java:12)
Caused by: com.microsoft.sqlserver.jdbc.SQLServerException: 关键字 'default' 附近有语法错误。
	at com.microsoft.sqlserver.jdbc.SQLServerException.makeFromDatabaseError(SQLServerException.java:278)
	at com.microsoft.sqlserver.jdbc.SQLServerStatement.getNextResult(SQLServerStatement.java:1788)
	at com.microsoft.sqlserver.jdbc.SQLServerStatement.doExecuteStatement(SQLServerStatement.java:975)
	at com.microsoft.sqlserver.jdbc.SQLServerStatement$StmtExecCmd.doExecute(SQLServerStatement.java:869)
	at com.microsoft.sqlserver.jdbc.TDSCommand.execute(IOBuffer.java:7825)
	at com.microsoft.sqlserver.jdbc.SQLServerConnection.executeCommand(SQLServerConnection.java:4828)
	at com.microsoft.sqlserver.jdbc.SQLServerStatement.executeCommand(SQLServerStatement.java:321)
	at com.microsoft.sqlserver.jdbc.SQLServerStatement.executeStatement(SQLServerStatement.java:253)
	at com.microsoft.sqlserver.jdbc.SQLServerStatement.execute(SQLServerStatement.java:842)
	at com.zaxxer.hikari.pool.ProxyStatement.execute(ProxyStatement.java:95)
	at com.zaxxer.hikari.pool.HikariProxyStatement.execute(HikariProxyStatement.java)
	at org.hibernate.tool.schema.internal.exec.GenerationTargetToDatabase.accept(GenerationTargetToDatabase.java:76)
	... 38 common frames omitted
2026-06-09 14:18:11.897 [main] INFO  o.s.o.j.LocalContainerEntityManagerFactoryBean - Initialized JPA EntityManagerFactory for persistence unit 'default'
2026-06-09 14:18:11.940 [main] INFO  o.s.d.j.r.q.QueryEnhancerFactories - Hibernate is in classpath; If applicable, HQL parser will be used.
2026-06-09 14:18:12.739 [main] WARN  o.s.b.j.a.JpaBaseConfiguration$JpaWebConfiguration - spring.jpa.open-in-view is enabled by default. Therefore, database queries may be performed during view rendering. Explicitly configure spring.jpa.open-in-view to disable this warning
2026-06-09 14:18:12.774 [main] INFO  o.s.s.c.a.a.c.InitializeUserDetailsBeanManagerConfigurer$InitializeUserDetailsManagerConfigurer - Global AuthenticationManager configured with UserDetailsService bean with name myUserDetailsServiceImpl
2026-06-09 14:18:12.864 [main] INFO  o.s.b.w.a.WelcomePageHandlerMapping - Adding welcome page template: index
2026-06-09 14:18:14.050 [main] INFO  o.s.cloud.commons.util.InetUtils - Cannot determine local hostname
2026-06-09 14:18:14.085 [main] INFO  o.a.coyote.http11.Http11NioProtocol - Starting ProtocolHandler ["http-nio-0.0.0.0-8080"]
2026-06-09 14:18:14.094 [main] INFO  o.s.boot.tomcat.TomcatWebServer - Tomcat started on port 8080 (http) with context path '/'
2026-06-09 14:18:15.107 [main] INFO  o.s.cloud.commons.util.InetUtils - Cannot determine local hostname
2026-06-09 14:18:15.111 [main] INFO  c.e.a.AttendanceSystemApplication - Started AttendanceSystemApplication in 7.609 seconds (process running for 8.091)
2026-06-09 14:18:15.702 [http-nio-0.0.0.0-8080-exec-1] INFO  o.a.c.c.C.[Tomcat].[localhost].[/] - Initializing Spring DispatcherServlet 'dispatcherServlet'
2026-06-09 14:18:15.702 [http-nio-0.0.0.0-8080-exec-1] INFO  o.s.web.servlet.DispatcherServlet - Initializing Servlet 'dispatcherServlet'
2026-06-09 14:18:15.703 [http-nio-0.0.0.0-8080-exec-1] INFO  o.s.web.servlet.DispatcherServlet - Completed initialization in 1 ms
2026-06-09 14:18:15.892 [http-nio-0.0.0.0-8080-exec-3] DEBUG org.hibernate.SQL - 
    select
        c1_0.id,
        c1_0.class_name,
        c1_0.course_id,
        c1_0.course_name,
        c1_0.create_time,
        c1_0.location,
        c1_0.teacher_id,
        c1_0.teacher_name,
        c1_0.time_slot,
        c1_0.week_day 
    from
        course c1_0 
    where
        c1_0.teacher_id=?
2026-06-09 14:18:15.892 [http-nio-0.0.0.0-8080-exec-2] DEBUG org.hibernate.SQL - 
    select
        u1_0.id,
        u1_0.class_name,
        u1_0.create_time,
        u1_0.gender,
        u1_0.real_name,
        u1_0.username,
        u1_0.userpassword,
        u1_0.userrole 
    from
        my_user u1_0 
    where
        u1_0.username=?
2026-06-09 14:18:15.911 [http-nio-0.0.0.0-8080-exec-2] DEBUG org.hibernate.SQL - 
    select
        c1_0.id,
        c1_0.class_name,
        c1_0.course_id,
        c1_0.course_name,
        c1_0.create_time,
        c1_0.location,
        c1_0.teacher_id,
        c1_0.teacher_name,
        c1_0.time_slot,
        c1_0.week_day 
    from
        course c1_0 
    where
        c1_0.teacher_id=?
2026-06-09 14:18:15.943 [http-nio-0.0.0.0-8080-exec-3] WARN  o.s.d.w.c.SpringDataJackson3Configuration$PageModule$WarningLoggingModifier - Serializing PageImpl instances as-is is not supported, meaning that there is no guarantee about the stability of the resulting JSON structure!
	For a stable JSON structure, please use Spring Data's PagedModel (globally via @EnableSpringDataWebSupport(pageSerializationMode = VIA_DTO))
	or Spring HATEOAS and Spring Data's PagedResourcesAssembler as documented in https://docs.spring.io/spring-data/commons/reference/repositories/core-extensions.html#core.web.pageables.

2026-06-09 14:18:16.172 [http-nio-0.0.0.0-8080-exec-5] DEBUG org.hibernate.SQL - 
    select
        u1_0.id,
        u1_0.class_name,
        u1_0.create_time,
        u1_0.gender,
        u1_0.real_name,
        u1_0.username,
        u1_0.userpassword,
        u1_0.userrole 
    from
        my_user u1_0 
    where
        u1_0.username=?
2026-06-09 14:18:16.172 [http-nio-0.0.0.0-8080-exec-6] DEBUG org.hibernate.SQL - 
    select
        c1_0.id,
        c1_0.class_name,
        c1_0.course_id,
        c1_0.course_name,
        c1_0.create_time,
        c1_0.location,
        c1_0.teacher_id,
        c1_0.teacher_name,
        c1_0.time_slot,
        c1_0.week_day 
    from
        course c1_0 
    where
        c1_0.teacher_id=?
2026-06-09 14:18:16.174 [http-nio-0.0.0.0-8080-exec-5] DEBUG org.hibernate.SQL - 
    select
        c1_0.id,
        c1_0.class_name,
        c1_0.course_id,
        c1_0.course_name,
        c1_0.create_time,
        c1_0.location,
        c1_0.teacher_id,
        c1_0.teacher_name,
        c1_0.time_slot,
        c1_0.week_day 
    from
        course c1_0 
    where
        c1_0.teacher_id=?
2026-06-09 14:18:18.194 [http-nio-0.0.0.0-8080-exec-8] DEBUG org.hibernate.SQL - 
    select
        u1_0.id,
        u1_0.class_name,
        u1_0.create_time,
        u1_0.gender,
        u1_0.real_name,
        u1_0.username,
        u1_0.userpassword,
        u1_0.userrole 
    from
        my_user u1_0 
    where
        u1_0.username=?
2026-06-09 14:18:18.197 [http-nio-0.0.0.0-8080-exec-8] DEBUG org.hibernate.SQL - 
    select
        c1_0.id,
        c1_0.class_name,
        c1_0.course_id,
        c1_0.course_name,
        c1_0.create_time,
        c1_0.location,
        c1_0.teacher_id,
        c1_0.teacher_name,
        c1_0.time_slot,
        c1_0.week_day 
    from
        course c1_0 
    where
        c1_0.teacher_id=?
2026-06-09 14:18:18.509 [http-nio-0.0.0.0-8080-exec-10] DEBUG org.hibernate.SQL - 
    select
        u1_0.id,
        u1_0.class_name,
        u1_0.create_time,
        u1_0.gender,
        u1_0.real_name,
        u1_0.username,
        u1_0.userpassword,
        u1_0.userrole 
    from
        my_user u1_0 
    where
        u1_0.username=?
2026-06-09 14:18:18.511 [http-nio-0.0.0.0-8080-exec-10] DEBUG org.hibernate.SQL - 
    select
        c1_0.id,
        c1_0.class_name,
        c1_0.course_id,
        c1_0.course_name,
        c1_0.create_time,
        c1_0.location,
        c1_0.teacher_id,
        c1_0.teacher_name,
        c1_0.time_slot,
        c1_0.week_day 
    from
        course c1_0 
    where
        c1_0.teacher_id=?
2026-06-09 14:18:18.812 [http-nio-0.0.0.0-8080-exec-2] DEBUG org.hibernate.SQL - 
    select
        u1_0.id,
        u1_0.class_name,
        u1_0.create_time,
        u1_0.gender,
        u1_0.real_name,
        u1_0.username,
        u1_0.userpassword,
        u1_0.userrole 
    from
        my_user u1_0 
    where
        u1_0.username=?
2026-06-09 14:18:18.814 [http-nio-0.0.0.0-8080-exec-2] DEBUG org.hibernate.SQL - 
    select
        c1_0.id,
        c1_0.class_name,
        c1_0.course_id,
        c1_0.course_name,
        c1_0.create_time,
        c1_0.location,
        c1_0.teacher_id,
        c1_0.teacher_name,
        c1_0.time_slot,
        c1_0.week_day 
    from
        course c1_0 
    where
        c1_0.teacher_id=?
2026-06-09 14:18:19.315 [http-nio-0.0.0.0-8080-exec-4] DEBUG org.hibernate.SQL - 
    select
        u1_0.id,
        u1_0.class_name,
        u1_0.create_time,
        u1_0.gender,
        u1_0.real_name,
        u1_0.username,
        u1_0.userpassword,
        u1_0.userrole 
    from
        my_user u1_0 
    where
        u1_0.username=?
2026-06-09 14:18:19.319 [http-nio-0.0.0.0-8080-exec-4] DEBUG org.hibernate.SQL - 
    select
        c1_0.id,
        c1_0.class_name,
        c1_0.course_id,
        c1_0.course_name,
        c1_0.create_time,
        c1_0.location,
        c1_0.teacher_id,
        c1_0.teacher_name,
        c1_0.time_slot,
        c1_0.week_day 
    from
        course c1_0 
    where
        c1_0.teacher_id=?
2026-06-09 14:18:19.576 [http-nio-0.0.0.0-8080-exec-5] DEBUG org.hibernate.SQL - 
    select
        u1_0.id,
        u1_0.class_name,
        u1_0.create_time,
        u1_0.gender,
        u1_0.real_name,
        u1_0.username,
        u1_0.userpassword,
        u1_0.userrole 
    from
        my_user u1_0 
    where
        u1_0.username=?
2026-06-09 14:18:19.577 [http-nio-0.0.0.0-8080-exec-5] DEBUG org.hibernate.SQL - 
    select
        c1_0.id,
        c1_0.class_name,
        c1_0.course_id,
        c1_0.course_name,
        c1_0.create_time,
        c1_0.location,
        c1_0.teacher_id,
        c1_0.teacher_name,
        c1_0.time_slot,
        c1_0.week_day 
    from
        course c1_0 
    where
        c1_0.teacher_id=?
2026-06-09 14:18:19.778 [http-nio-0.0.0.0-8080-exec-8] DEBUG org.hibernate.SQL - 
    select
        u1_0.id,
        u1_0.class_name,
        u1_0.create_time,
        u1_0.gender,
        u1_0.real_name,
        u1_0.username,
        u1_0.userpassword,
        u1_0.userrole 
    from
        my_user u1_0 
    where
        u1_0.username=?
2026-06-09 14:18:19.781 [http-nio-0.0.0.0-8080-exec-8] DEBUG org.hibernate.SQL - 
    select
        c1_0.id,
        c1_0.class_name,
        c1_0.course_id,
        c1_0.course_name,
        c1_0.create_time,
        c1_0.location,
        c1_0.teacher_id,
        c1_0.teacher_name,
        c1_0.time_slot,
        c1_0.week_day 
    from
        course c1_0 
    where
        c1_0.teacher_id=?
2026-06-09 14:18:20.057 [http-nio-0.0.0.0-8080-exec-10] DEBUG org.hibernate.SQL - 
    select
        u1_0.id,
        u1_0.class_name,
        u1_0.create_time,
        u1_0.gender,
        u1_0.real_name,
        u1_0.username,
        u1_0.userpassword,
        u1_0.userrole 
    from
        my_user u1_0 
    where
        u1_0.username=?
2026-06-09 14:18:20.059 [http-nio-0.0.0.0-8080-exec-10] DEBUG org.hibernate.SQL - 
    select
        c1_0.id,
        c1_0.class_name,
        c1_0.course_id,
        c1_0.course_name,
        c1_0.create_time,
        c1_0.location,
        c1_0.teacher_id,
        c1_0.teacher_name,
        c1_0.time_slot,
        c1_0.week_day 
    from
        course c1_0 
    where
        c1_0.teacher_id=?
2026-06-09 14:18:20.276 [http-nio-0.0.0.0-8080-exec-2] DEBUG org.hibernate.SQL - 
    select
        u1_0.id,
        u1_0.class_name,
        u1_0.create_time,
        u1_0.gender,
        u1_0.real_name,
        u1_0.username,
        u1_0.userpassword,
        u1_0.userrole 
    from
        my_user u1_0 
    where
        u1_0.username=?
2026-06-09 14:18:20.279 [http-nio-0.0.0.0-8080-exec-2] DEBUG org.hibernate.SQL - 
    select
        c1_0.id,
        c1_0.class_name,
        c1_0.course_id,
        c1_0.course_name,
        c1_0.create_time,
        c1_0.location,
        c1_0.teacher_id,
        c1_0.teacher_name,
        c1_0.time_slot,
        c1_0.week_day 
    from
        course c1_0 
    where
        c1_0.teacher_id=?
2026-06-09 14:18:20.517 [http-nio-0.0.0.0-8080-exec-4] DEBUG org.hibernate.SQL - 
    select
        u1_0.id,
        u1_0.class_name,
        u1_0.create_time,
        u1_0.gender,
        u1_0.real_name,
        u1_0.username,
        u1_0.userpassword,
        u1_0.userrole 
    from
        my_user u1_0 
    where
        u1_0.username=?
2026-06-09 14:18:20.524 [http-nio-0.0.0.0-8080-exec-4] DEBUG org.hibernate.SQL - 
    select
        c1_0.id,
        c1_0.class_name,
        c1_0.course_id,
        c1_0.course_name,
        c1_0.create_time,
        c1_0.location,
        c1_0.teacher_id,
        c1_0.teacher_name,
        c1_0.time_slot,
        c1_0.week_day 
    from
        course c1_0 
    where
        c1_0.teacher_id=?
2026-06-09 14:18:21.845 [http-nio-0.0.0.0-8080-exec-6] DEBUG org.hibernate.SQL - 
    select
        c1_0.id,
        c1_0.class_name,
        c1_0.course_id,
        c1_0.course_name,
        c1_0.create_time,
        c1_0.location,
        c1_0.teacher_id,
        c1_0.teacher_name,
        c1_0.time_slot,
        c1_0.week_day 
    from
        course c1_0 
    where
        c1_0.teacher_id=?
2026-06-09 14:18:23.199 [http-nio-0.0.0.0-8080-exec-7] DEBUG org.hibernate.SQL - 
    select
        u1_0.id,
        u1_0.class_name,
        u1_0.create_time,
        u1_0.gender,
        u1_0.real_name,
        u1_0.username,
        u1_0.userpassword,
        u1_0.userrole 
    from
        my_user u1_0 
    where
        u1_0.username=?
2026-06-09 14:18:23.204 [http-nio-0.0.0.0-8080-exec-7] DEBUG org.hibernate.SQL - 
    select
        c1_0.id,
        c1_0.class_name,
        c1_0.course_id,
        c1_0.course_name,
        c1_0.create_time,
        c1_0.location,
        c1_0.teacher_id,
        c1_0.teacher_name,
        c1_0.time_slot,
        c1_0.week_day 
    from
        course c1_0 
    where
        c1_0.teacher_id=?
2026-06-09 14:18:24.618 [http-nio-0.0.0.0-8080-exec-9] DEBUG org.hibernate.SQL - 
    select
        u1_0.id,
        u1_0.class_name,
        u1_0.create_time,
        u1_0.gender,
        u1_0.real_name,
        u1_0.username,
        u1_0.userpassword,
        u1_0.userrole 
    from
        my_user u1_0 
    where
        u1_0.username=?
2026-06-09 14:18:24.619 [http-nio-0.0.0.0-8080-exec-10] DEBUG org.hibernate.SQL - 
    select
        c1_0.id,
        c1_0.class_name,
        c1_0.course_id,
        c1_0.course_name,
        c1_0.create_time,
        c1_0.location,
        c1_0.teacher_id,
        c1_0.teacher_name,
        c1_0.time_slot,
        c1_0.week_day 
    from
        course c1_0 
    where
        c1_0.teacher_id=?
2026-06-09 14:18:24.622 [http-nio-0.0.0.0-8080-exec-9] DEBUG org.hibernate.SQL - 
    select
        c1_0.id,
        c1_0.class_name,
        c1_0.course_id,
        c1_0.course_name,
        c1_0.create_time,
        c1_0.location,
        c1_0.teacher_id,
        c1_0.teacher_name,
        c1_0.time_slot,
        c1_0.week_day 
    from
        course c1_0 
    where
        c1_0.teacher_id=?
2026-06-09 14:18:25.710 [http-nio-0.0.0.0-8080-exec-1] DEBUG org.hibernate.SQL - 
    select
        c1_0.id,
        c1_0.class_name,
        c1_0.course_id,
        c1_0.course_name,
        c1_0.create_time,
        c1_0.location,
        c1_0.teacher_id,
        c1_0.teacher_name,
        c1_0.time_slot,
        c1_0.week_day 
    from
        course c1_0 
    where
        c1_0.teacher_id=?
2026-06-09 14:18:26.593 [http-nio-0.0.0.0-8080-exec-3] DEBUG org.hibernate.SQL - 
    select
        u1_0.id,
        u1_0.class_name,
        u1_0.create_time,
        u1_0.gender,
        u1_0.real_name,
        u1_0.username,
        u1_0.userpassword,
        u1_0.userrole 
    from
        my_user u1_0 
    where
        u1_0.username=?
2026-06-09 14:18:26.593 [http-nio-0.0.0.0-8080-exec-4] DEBUG org.hibernate.SQL - 
    select
        c1_0.id,
        c1_0.class_name,
        c1_0.course_id,
        c1_0.course_name,
        c1_0.create_time,
        c1_0.location,
        c1_0.teacher_id,
        c1_0.teacher_name,
        c1_0.time_slot,
        c1_0.week_day 
    from
        course c1_0 
    where
        c1_0.teacher_id=?
2026-06-09 14:18:26.597 [http-nio-0.0.0.0-8080-exec-3] DEBUG org.hibernate.SQL - 
    select
        c1_0.id,
        c1_0.class_name,
        c1_0.course_id,
        c1_0.course_name,
        c1_0.create_time,
        c1_0.location,
        c1_0.teacher_id,
        c1_0.teacher_name,
        c1_0.time_slot,
        c1_0.week_day 
    from
        course c1_0 
    where
        c1_0.teacher_id=?
2026-06-09 14:18:28.108 [http-nio-0.0.0.0-8080-exec-5] DEBUG org.hibernate.SQL - 
    select
        u1_0.id,
        u1_0.class_name,
        u1_0.create_time,
        u1_0.gender,
        u1_0.real_name,
        u1_0.username,
        u1_0.userpassword,
        u1_0.userrole 
    from
        my_user u1_0 
    where
        u1_0.username=?
2026-06-09 14:18:28.119 [http-nio-0.0.0.0-8080-exec-5] DEBUG org.hibernate.SQL - 
    select
        c1_0.id,
        c1_0.class_name,
        c1_0.course_id,
        c1_0.course_name,
        c1_0.create_time,
        c1_0.location,
        c1_0.teacher_id,
        c1_0.teacher_name,
        c1_0.time_slot,
        c1_0.week_day 
    from
        course c1_0 
    where
        c1_0.teacher_id=?
2026-06-09 14:18:33.458 [http-nio-0.0.0.0-8080-exec-10] DEBUG org.hibernate.SQL - 
    select
        u1_0.id,
        u1_0.class_name,
        u1_0.create_time,
        u1_0.gender,
        u1_0.real_name,
        u1_0.username,
        u1_0.userpassword,
        u1_0.userrole 
    from
        my_user u1_0 
    where
        u1_0.username=?
2026-06-09 14:18:36.684 [http-nio-0.0.0.0-8080-exec-9] DEBUG org.hibernate.SQL - 
    select
        u1_0.id,
        u1_0.class_name,
        u1_0.create_time,
        u1_0.gender,
        u1_0.real_name,
        u1_0.username,
        u1_0.userpassword,
        u1_0.userrole 
    from
        my_user u1_0 
    where
        u1_0.username=?
2026-06-09 14:18:38.428 [http-nio-0.0.0.0-8080-exec-2] DEBUG org.hibernate.SQL - 
    select
        u1_0.id,
        u1_0.class_name,
        u1_0.create_time,
        u1_0.gender,
        u1_0.real_name,
        u1_0.username,
        u1_0.userpassword,
        u1_0.userrole 
    from
        my_user u1_0 
    where
        u1_0.username=?
2026-06-09 14:18:38.478 [http-nio-0.0.0.0-8080-exec-2] DEBUG org.hibernate.SQL - 
    select
        c1_0.id,
        c1_0.class_name,
        c1_0.course_id,
        c1_0.course_name,
        c1_0.create_time,
        c1_0.location,
        c1_0.teacher_id,
        c1_0.teacher_name,
        c1_0.time_slot,
        c1_0.week_day 
    from
        course c1_0
2026-06-09 14:18:38.506 [http-nio-0.0.0.0-8080-exec-2] DEBUG org.hibernate.SQL - 
    select
        count_big(*) 
    from
        student s1_0
2026-06-09 14:18:38.539 [http-nio-0.0.0.0-8080-exec-2] DEBUG org.hibernate.SQL - 
    select
        count_big(u1_0.id) 
    from
        my_user u1_0 
    where
        upper(u1_0.userrole)=upper(?)
2026-06-09 14:18:38.544 [http-nio-0.0.0.0-8080-exec-2] DEBUG org.hibernate.SQL - 
    select
        count_big(*) 
    from
        course c1_0
2026-06-09 14:18:38.555 [http-nio-0.0.0.0-8080-exec-2] DEBUG org.hibernate.SQL - 
    select
        a1_0.id,
        a1_0.check_in_time,
        a1_0.course_id,
        a1_0.create_time,
        a1_0.ip_address,
        a1_0.reason,
        a1_0.sign_in_id,
        a1_0.student_id,
        a1_0.student_name,
        a1_0.student_status,
        a1_0.update_time 
    from
        attendance a1_0 
    where
        a1_0.course_id=?
2026-06-09 14:18:38.565 [http-nio-0.0.0.0-8080-exec-2] DEBUG org.hibernate.SQL - 
    select
        a1_0.id,
        a1_0.check_in_time,
        a1_0.course_id,
        a1_0.create_time,
        a1_0.ip_address,
        a1_0.reason,
        a1_0.sign_in_id,
        a1_0.student_id,
        a1_0.student_name,
        a1_0.student_status,
        a1_0.update_time 
    from
        attendance a1_0 
    where
        a1_0.course_id=?
2026-06-09 14:18:38.574 [http-nio-0.0.0.0-8080-exec-2] DEBUG org.hibernate.SQL - 
    select
        a1_0.id,
        a1_0.check_in_time,
        a1_0.course_id,
        a1_0.create_time,
        a1_0.ip_address,
        a1_0.reason,
        a1_0.sign_in_id,
        a1_0.student_id,
        a1_0.student_name,
        a1_0.student_status,
        a1_0.update_time 
    from
        attendance a1_0 
    where
        a1_0.course_id=?
2026-06-09 14:18:38.587 [http-nio-0.0.0.0-8080-exec-2] DEBUG org.hibernate.SQL - 
    select
        a1_0.id,
        a1_0.check_in_time,
        a1_0.course_id,
        a1_0.create_time,
        a1_0.ip_address,
        a1_0.reason,
        a1_0.sign_in_id,
        a1_0.student_id,
        a1_0.student_name,
        a1_0.student_status,
        a1_0.update_time 
    from
        attendance a1_0 
    where
        a1_0.course_id=?
2026-06-09 14:18:40.827 [http-nio-0.0.0.0-8080-exec-4] DEBUG c.e.a.service.impl.UserServiceImpl - 查询所有用户列表
2026-06-09 14:18:40.843 [http-nio-0.0.0.0-8080-exec-4] DEBUG org.hibernate.SQL - 
    select
        u1_0.id,
        u1_0.class_name,
        u1_0.create_time,
        u1_0.gender,
        u1_0.real_name,
        u1_0.username,
        u1_0.userpassword,
        u1_0.userrole 
    from
        my_user u1_0
2026-06-09 14:18:40.891 [http-nio-0.0.0.0-8080-exec-4] INFO  c.e.a.service.impl.UserServiceImpl - 查询到 74 个用户
2026-06-09 14:18:42.970 [http-nio-0.0.0.0-8080-exec-6] DEBUG org.hibernate.SQL - 
    select
        u1_0.id,
        u1_0.class_name,
        u1_0.create_time,
        u1_0.gender,
        u1_0.real_name,
        u1_0.username,
        u1_0.userpassword,
        u1_0.userrole 
    from
        my_user u1_0 
    where
        u1_0.username=?
2026-06-09 14:18:42.977 [http-nio-0.0.0.0-8080-exec-6] DEBUG org.hibernate.SQL - 
    select
        c1_0.id,
        c1_0.class_name,
        c1_0.course_id,
        c1_0.course_name,
        c1_0.create_time,
        c1_0.location,
        c1_0.teacher_id,
        c1_0.teacher_name,
        c1_0.time_slot,
        c1_0.week_day 
    from
        course c1_0
2026-06-09 14:18:42.989 [http-nio-0.0.0.0-8080-exec-6] DEBUG org.hibernate.SQL - 
    select
        count_big(*) 
    from
        student s1_0
2026-06-09 14:18:42.996 [http-nio-0.0.0.0-8080-exec-6] DEBUG org.hibernate.SQL - 
    select
        count_big(u1_0.id) 
    from
        my_user u1_0 
    where
        upper(u1_0.userrole)=upper(?)
2026-06-09 14:18:43.000 [http-nio-0.0.0.0-8080-exec-6] DEBUG org.hibernate.SQL - 
    select
        count_big(*) 
    from
        course c1_0
2026-06-09 14:18:43.005 [http-nio-0.0.0.0-8080-exec-6] DEBUG org.hibernate.SQL - 
    select
        a1_0.id,
        a1_0.check_in_time,
        a1_0.course_id,
        a1_0.create_time,
        a1_0.ip_address,
        a1_0.reason,
        a1_0.sign_in_id,
        a1_0.student_id,
        a1_0.student_name,
        a1_0.student_status,
        a1_0.update_time 
    from
        attendance a1_0 
    where
        a1_0.course_id=?
2026-06-09 14:18:43.009 [http-nio-0.0.0.0-8080-exec-6] DEBUG org.hibernate.SQL - 
    select
        a1_0.id,
        a1_0.check_in_time,
        a1_0.course_id,
        a1_0.create_time,
        a1_0.ip_address,
        a1_0.reason,
        a1_0.sign_in_id,
        a1_0.student_id,
        a1_0.student_name,
        a1_0.student_status,
        a1_0.update_time 
    from
        attendance a1_0 
    where
        a1_0.course_id=?
2026-06-09 14:18:43.012 [http-nio-0.0.0.0-8080-exec-6] DEBUG org.hibernate.SQL - 
    select
        a1_0.id,
        a1_0.check_in_time,
        a1_0.course_id,
        a1_0.create_time,
        a1_0.ip_address,
        a1_0.reason,
        a1_0.sign_in_id,
        a1_0.student_id,
        a1_0.student_name,
        a1_0.student_status,
        a1_0.update_time 
    from
        attendance a1_0 
    where
        a1_0.course_id=?
2026-06-09 14:18:43.024 [http-nio-0.0.0.0-8080-exec-6] DEBUG org.hibernate.SQL - 
    select
        a1_0.id,
        a1_0.check_in_time,
        a1_0.course_id,
        a1_0.create_time,
        a1_0.ip_address,
        a1_0.reason,
        a1_0.sign_in_id,
        a1_0.student_id,
        a1_0.student_name,
        a1_0.student_status,
        a1_0.update_time 
    from
        attendance a1_0 
    where
        a1_0.course_id=?
2026-06-09 14:18:45.135 [http-nio-0.0.0.0-8080-exec-7] DEBUG org.hibernate.SQL - 
    select
        u1_0.id,
        u1_0.class_name,
        u1_0.create_time,
        u1_0.gender,
        u1_0.real_name,
        u1_0.username,
        u1_0.userpassword,
        u1_0.userrole 
    from
        my_user u1_0 
    where
        u1_0.username=?
2026-06-09 14:18:45.137 [http-nio-0.0.0.0-8080-exec-8] DEBUG c.e.a.s.impl.AttendanceServiceImpl - 分页查询考勤记录，页码: 0, 每页数量: 10
2026-06-09 14:18:45.137 [http-nio-0.0.0.0-8080-exec-7] DEBUG org.hibernate.SQL - 
    select
        c1_0.id,
        c1_0.class_name,
        c1_0.course_id,
        c1_0.course_name,
        c1_0.create_time,
        c1_0.location,
        c1_0.teacher_id,
        c1_0.teacher_name,
        c1_0.time_slot,
        c1_0.week_day 
    from
        course c1_0
2026-06-09 14:18:45.149 [http-nio-0.0.0.0-8080-exec-7] DEBUG org.hibernate.SQL - 
    select
        count_big(*) 
    from
        student s1_0
2026-06-09 14:18:45.155 [http-nio-0.0.0.0-8080-exec-7] DEBUG org.hibernate.SQL - 
    select
        count_big(u1_0.id) 
    from
        my_user u1_0 
    where
        upper(u1_0.userrole)=upper(?)
2026-06-09 14:18:45.155 [http-nio-0.0.0.0-8080-exec-8] DEBUG org.hibernate.SQL - 
    select
        a1_0.id,
        a1_0.check_in_time,
        a1_0.course_id,
        a1_0.create_time,
        a1_0.ip_address,
        a1_0.reason,
        a1_0.sign_in_id,
        a1_0.student_id,
        a1_0.student_name,
        a1_0.student_status,
        a1_0.update_time 
    from
        attendance a1_0 
    order by
        a1_0.check_in_time desc 
    offset
        ? rows 
    fetch
        first ? rows only
2026-06-09 14:18:45.158 [http-nio-0.0.0.0-8080-exec-7] DEBUG org.hibernate.SQL - 
    select
        count_big(*) 
    from
        course c1_0
2026-06-09 14:18:45.162 [http-nio-0.0.0.0-8080-exec-7] DEBUG org.hibernate.SQL - 
    select
        a1_0.id,
        a1_0.check_in_time,
        a1_0.course_id,
        a1_0.create_time,
        a1_0.ip_address,
        a1_0.reason,
        a1_0.sign_in_id,
        a1_0.student_id,
        a1_0.student_name,
        a1_0.student_status,
        a1_0.update_time 
    from
        attendance a1_0 
    where
        a1_0.course_id=?
2026-06-09 14:18:45.166 [http-nio-0.0.0.0-8080-exec-7] DEBUG org.hibernate.SQL - 
    select
        a1_0.id,
        a1_0.check_in_time,
        a1_0.course_id,
        a1_0.create_time,
        a1_0.ip_address,
        a1_0.reason,
        a1_0.sign_in_id,
        a1_0.student_id,
        a1_0.student_name,
        a1_0.student_status,
        a1_0.update_time 
    from
        attendance a1_0 
    where
        a1_0.course_id=?
2026-06-09 14:18:45.167 [http-nio-0.0.0.0-8080-exec-7] DEBUG org.hibernate.SQL - 
    select
        a1_0.id,
        a1_0.check_in_time,
        a1_0.course_id,
        a1_0.create_time,
        a1_0.ip_address,
        a1_0.reason,
        a1_0.sign_in_id,
        a1_0.student_id,
        a1_0.student_name,
        a1_0.student_status,
        a1_0.update_time 
    from
        attendance a1_0 
    where
        a1_0.course_id=?
2026-06-09 14:18:45.175 [http-nio-0.0.0.0-8080-exec-8] DEBUG org.hibernate.SQL - 
    select
        count_big(a1_0.id) 
    from
        attendance a1_0
2026-06-09 14:18:45.179 [http-nio-0.0.0.0-8080-exec-7] DEBUG org.hibernate.SQL - 
    select
        a1_0.id,
        a1_0.check_in_time,
        a1_0.course_id,
        a1_0.create_time,
        a1_0.ip_address,
        a1_0.reason,
        a1_0.sign_in_id,
        a1_0.student_id,
        a1_0.student_name,
        a1_0.student_status,
        a1_0.update_time 
    from
        attendance a1_0 
    where
        a1_0.course_id=?
2026-06-09 14:18:45.183 [http-nio-0.0.0.0-8080-exec-8] INFO  c.e.a.s.impl.AttendanceServiceImpl - 考勤记录分页查询完成，总数: 29
2026-06-09 14:18:46.286 [http-nio-0.0.0.0-8080-exec-10] DEBUG c.e.a.s.impl.AttendanceServiceImpl - 分页查询考勤记录，页码: 0, 每页数量: 10
2026-06-09 14:18:46.295 [http-nio-0.0.0.0-8080-exec-10] DEBUG org.hibernate.SQL - 
    select
        a1_0.id,
        a1_0.check_in_time,
        a1_0.course_id,
        a1_0.create_time,
        a1_0.ip_address,
        a1_0.reason,
        a1_0.sign_in_id,
        a1_0.student_id,
        a1_0.student_name,
        a1_0.student_status,
        a1_0.update_time 
    from
        attendance a1_0 
    order by
        a1_0.check_in_time desc 
    offset
        ? rows 
    fetch
        first ? rows only
2026-06-09 14:18:46.299 [http-nio-0.0.0.0-8080-exec-10] DEBUG org.hibernate.SQL - 
    select
        count_big(a1_0.id) 
    from
        attendance a1_0
2026-06-09 14:18:46.301 [http-nio-0.0.0.0-8080-exec-10] INFO  c.e.a.s.impl.AttendanceServiceImpl - 考勤记录分页查询完成，总数: 29
2026-06-09 14:18:47.796 [http-nio-0.0.0.0-8080-exec-1] DEBUG org.hibernate.SQL - 
    select
        u1_0.id,
        u1_0.class_name,
        u1_0.create_time,
        u1_0.gender,
        u1_0.real_name,
        u1_0.username,
        u1_0.userpassword,
        u1_0.userrole 
    from
        my_user u1_0 
    where
        u1_0.username=?
2026-06-09 14:18:47.805 [http-nio-0.0.0.0-8080-exec-1] DEBUG org.hibernate.SQL - 
    select
        c1_0.id,
        c1_0.class_name,
        c1_0.course_id,
        c1_0.course_name,
        c1_0.create_time,
        c1_0.location,
        c1_0.teacher_id,
        c1_0.teacher_name,
        c1_0.time_slot,
        c1_0.week_day 
    from
        course c1_0
2026-06-09 14:18:47.809 [http-nio-0.0.0.0-8080-exec-1] DEBUG org.hibernate.SQL - 
    select
        count_big(*) 
    from
        student s1_0
2026-06-09 14:18:47.813 [http-nio-0.0.0.0-8080-exec-1] DEBUG org.hibernate.SQL - 
    select
        count_big(u1_0.id) 
    from
        my_user u1_0 
    where
        upper(u1_0.userrole)=upper(?)
2026-06-09 14:18:47.815 [http-nio-0.0.0.0-8080-exec-1] DEBUG org.hibernate.SQL - 
    select
        count_big(*) 
    from
        course c1_0
2026-06-09 14:18:47.819 [http-nio-0.0.0.0-8080-exec-1] DEBUG org.hibernate.SQL - 
    select
        a1_0.id,
        a1_0.check_in_time,
        a1_0.course_id,
        a1_0.create_time,
        a1_0.ip_address,
        a1_0.reason,
        a1_0.sign_in_id,
        a1_0.student_id,
        a1_0.student_name,
        a1_0.student_status,
        a1_0.update_time 
    from
        attendance a1_0 
    where
        a1_0.course_id=?
2026-06-09 14:18:47.819 [http-nio-0.0.0.0-8080-exec-1] DEBUG org.hibernate.SQL - 
    select
        a1_0.id,
        a1_0.check_in_time,
        a1_0.course_id,
        a1_0.create_time,
        a1_0.ip_address,
        a1_0.reason,
        a1_0.sign_in_id,
        a1_0.student_id,
        a1_0.student_name,
        a1_0.student_status,
        a1_0.update_time 
    from
        attendance a1_0 
    where
        a1_0.course_id=?
2026-06-09 14:18:47.824 [http-nio-0.0.0.0-8080-exec-1] DEBUG org.hibernate.SQL - 
    select
        a1_0.id,
        a1_0.check_in_time,
        a1_0.course_id,
        a1_0.create_time,
        a1_0.ip_address,
        a1_0.reason,
        a1_0.sign_in_id,
        a1_0.student_id,
        a1_0.student_name,
        a1_0.student_status,
        a1_0.update_time 
    from
        attendance a1_0 
    where
        a1_0.course_id=?
2026-06-09 14:18:47.832 [http-nio-0.0.0.0-8080-exec-1] DEBUG org.hibernate.SQL - 
    select
        a1_0.id,
        a1_0.check_in_time,
        a1_0.course_id,
        a1_0.create_time,
        a1_0.ip_address,
        a1_0.reason,
        a1_0.sign_in_id,
        a1_0.student_id,
        a1_0.student_name,
        a1_0.student_status,
        a1_0.update_time 
    from
        attendance a1_0 
    where
        a1_0.course_id=?
2026-06-09 14:18:56.362 [http-nio-0.0.0.0-8080-exec-3] DEBUG org.hibernate.SQL - 
    select
        u1_0.id,
        u1_0.class_name,
        u1_0.create_time,
        u1_0.gender,
        u1_0.real_name,
        u1_0.username,
        u1_0.userpassword,
        u1_0.userrole 
    from
        my_user u1_0 
    where
        u1_0.username=?
2026-06-09 14:18:58.087 [http-nio-0.0.0.0-8080-exec-5] DEBUG org.hibernate.SQL - 
    select
        u1_0.id,
        u1_0.class_name,
        u1_0.create_time,
        u1_0.gender,
        u1_0.real_name,
        u1_0.username,
        u1_0.userpassword,
        u1_0.userrole 
    from
        my_user u1_0 
    where
        u1_0.username=?
2026-06-09 14:18:58.093 [http-nio-0.0.0.0-8080-exec-5] DEBUG org.hibernate.SQL - 
    select
        c1_0.id,
        c1_0.class_name,
        c1_0.course_id,
        c1_0.course_name,
        c1_0.create_time,
        c1_0.location,
        c1_0.teacher_id,
        c1_0.teacher_name,
        c1_0.time_slot,
        c1_0.week_day 
    from
        course c1_0 
    where
        c1_0.teacher_id=?
2026-06-09 14:19:00.235 [http-nio-0.0.0.0-8080-exec-7] DEBUG org.hibernate.SQL - 
    select
        c1_0.id,
        c1_0.class_name,
        c1_0.course_id,
        c1_0.course_name,
        c1_0.create_time,
        c1_0.location,
        c1_0.teacher_id,
        c1_0.teacher_name,
        c1_0.time_slot,
        c1_0.week_day 
    from
        course c1_0 
    where
        c1_0.teacher_id=?
2026-06-09 14:19:01.477 [http-nio-0.0.0.0-8080-exec-10] DEBUG org.hibernate.SQL - 
    select
        u1_0.id,
        u1_0.class_name,
        u1_0.create_time,
        u1_0.gender,
        u1_0.real_name,
        u1_0.username,
        u1_0.userpassword,
        u1_0.userrole 
    from
        my_user u1_0 
    where
        u1_0.username=?
2026-06-09 14:19:01.480 [http-nio-0.0.0.0-8080-exec-10] DEBUG org.hibernate.SQL - 
    select
        c1_0.id,
        c1_0.class_name,
        c1_0.course_id,
        c1_0.course_name,
        c1_0.create_time,
        c1_0.location,
        c1_0.teacher_id,
        c1_0.teacher_name,
        c1_0.time_slot,
        c1_0.week_day 
    from
        course c1_0 
    where
        c1_0.teacher_id=?
2026-06-09 14:19:03.151 [http-nio-0.0.0.0-8080-exec-9] DEBUG org.hibernate.SQL - 
    select
        c1_0.id,
        c1_0.class_name,
        c1_0.course_id,
        c1_0.course_name,
        c1_0.create_time,
        c1_0.location,
        c1_0.teacher_id,
        c1_0.teacher_name,
        c1_0.time_slot,
        c1_0.week_day 
    from
        course c1_0 
    where
        c1_0.teacher_id=?
2026-06-09 14:19:04.345 [http-nio-0.0.0.0-8080-exec-2] DEBUG org.hibernate.SQL - 
    select
        u1_0.id,
        u1_0.class_name,
        u1_0.create_time,
        u1_0.gender,
        u1_0.real_name,
        u1_0.username,
        u1_0.userpassword,
        u1_0.userrole 
    from
        my_user u1_0 
    where
        u1_0.username=?
2026-06-09 14:19:04.349 [http-nio-0.0.0.0-8080-exec-2] DEBUG org.hibernate.SQL - 
    select
        c1_0.id,
        c1_0.class_name,
        c1_0.course_id,
        c1_0.course_name,
        c1_0.create_time,
        c1_0.location,
        c1_0.teacher_id,
        c1_0.teacher_name,
        c1_0.time_slot,
        c1_0.week_day 
    from
        course c1_0 
    where
        c1_0.teacher_id=?
2026-06-09 14:19:05.667 [http-nio-0.0.0.0-8080-exec-3] DEBUG org.hibernate.SQL - 
    select
        u1_0.id,
        u1_0.class_name,
        u1_0.create_time,
        u1_0.gender,
        u1_0.real_name,
        u1_0.username,
        u1_0.userpassword,
        u1_0.userrole 
    from
        my_user u1_0 
    where
        u1_0.username=?
2026-06-09 14:19:05.668 [http-nio-0.0.0.0-8080-exec-6] DEBUG org.hibernate.SQL - 
    select
        c1_0.id,
        c1_0.class_name,
        c1_0.course_id,
        c1_0.course_name,
        c1_0.create_time,
        c1_0.location,
        c1_0.teacher_id,
        c1_0.teacher_name,
        c1_0.time_slot,
        c1_0.week_day 
    from
        course c1_0 
    where
        c1_0.teacher_id=?
2026-06-09 14:19:05.670 [http-nio-0.0.0.0-8080-exec-3] DEBUG org.hibernate.SQL - 
    select
        c1_0.id,
        c1_0.class_name,
        c1_0.course_id,
        c1_0.course_name,
        c1_0.create_time,
        c1_0.location,
        c1_0.teacher_id,
        c1_0.teacher_name,
        c1_0.time_slot,
        c1_0.week_day 
    from
        course c1_0 
    where
        c1_0.teacher_id=?
2026-06-09 14:19:06.753 [http-nio-0.0.0.0-8080-exec-5] DEBUG org.hibernate.SQL - 
    select
        c1_0.id,
        c1_0.class_name,
        c1_0.course_id,
        c1_0.course_name,
        c1_0.create_time,
        c1_0.location,
        c1_0.teacher_id,
        c1_0.teacher_name,
        c1_0.time_slot,
        c1_0.week_day 
    from
        course c1_0 
    where
        c1_0.teacher_id=?
2026-06-09 14:19:08.036 [http-nio-0.0.0.0-8080-exec-8] DEBUG org.hibernate.SQL - 
    select
        u1_0.id,
        u1_0.class_name,
        u1_0.create_time,
        u1_0.gender,
        u1_0.real_name,
        u1_0.username,
        u1_0.userpassword,
        u1_0.userrole 
    from
        my_user u1_0 
    where
        u1_0.username=?
2026-06-09 14:19:08.037 [http-nio-0.0.0.0-8080-exec-8] DEBUG org.hibernate.SQL - 
    select
        c1_0.id,
        c1_0.class_name,
        c1_0.course_id,
        c1_0.course_name,
        c1_0.create_time,
        c1_0.location,
        c1_0.teacher_id,
        c1_0.teacher_name,
        c1_0.time_slot,
        c1_0.week_day 
    from
        course c1_0 
    where
        c1_0.teacher_id=?
2026-06-09 14:19:13.638 [http-nio-0.0.0.0-8080-exec-1] DEBUG org.hibernate.SQL - 
    select
        u1_0.id,
        u1_0.class_name,
        u1_0.create_time,
        u1_0.gender,
        u1_0.real_name,
        u1_0.username,
        u1_0.userpassword,
        u1_0.userrole 
    from
        my_user u1_0 
    where
        u1_0.username=?
2026-06-09 14:19:15.374 [http-nio-0.0.0.0-8080-exec-4] DEBUG org.hibernate.SQL - 
    select
        u1_0.id,
        u1_0.class_name,
        u1_0.create_time,
        u1_0.gender,
        u1_0.real_name,
        u1_0.username,
        u1_0.userpassword,
        u1_0.userrole 
    from
        my_user u1_0 
    where
        u1_0.username=?
2026-06-09 14:19:15.378 [http-nio-0.0.0.0-8080-exec-4] DEBUG org.hibernate.SQL - 
    select
        c1_0.id,
        c1_0.class_name,
        c1_0.course_id,
        c1_0.course_name,
        c1_0.create_time,
        c1_0.location,
        c1_0.teacher_id,
        c1_0.teacher_name,
        c1_0.time_slot,
        c1_0.week_day 
    from
        course c1_0 
    where
        c1_0.teacher_id=?
2026-06-09 14:19:15.406 [http-nio-0.0.0.0-8080-exec-4] DEBUG org.hibernate.SQL - 
    select
        count_big(distinct cs1_0.student_id) 
    from
        course_selection cs1_0 
    where
        cs1_0.course_id in (?, ?, ?) 
        and cs1_0.status=1
2026-06-09 14:19:15.423 [http-nio-0.0.0.0-8080-exec-4] DEBUG org.hibernate.SQL - 
    select
        a1_0.id,
        a1_0.check_in_time,
        a1_0.course_id,
        a1_0.create_time,
        a1_0.ip_address,
        a1_0.reason,
        a1_0.sign_in_id,
        a1_0.student_id,
        a1_0.student_name,
        a1_0.student_status,
        a1_0.update_time 
    from
        attendance a1_0 
    where
        a1_0.course_id=?
2026-06-09 14:19:15.432 [http-nio-0.0.0.0-8080-exec-4] DEBUG org.hibernate.SQL - 
    select
        a1_0.id,
        a1_0.check_in_time,
        a1_0.course_id,
        a1_0.create_time,
        a1_0.ip_address,
        a1_0.reason,
        a1_0.sign_in_id,
        a1_0.student_id,
        a1_0.student_name,
        a1_0.student_status,
        a1_0.update_time 
    from
        attendance a1_0 
    where
        a1_0.course_id=?
2026-06-09 14:19:15.435 [http-nio-0.0.0.0-8080-exec-4] DEBUG org.hibernate.SQL - 
    select
        a1_0.id,
        a1_0.check_in_time,
        a1_0.course_id,
        a1_0.create_time,
        a1_0.ip_address,
        a1_0.reason,
        a1_0.sign_in_id,
        a1_0.student_id,
        a1_0.student_name,
        a1_0.student_status,
        a1_0.update_time 
    from
        attendance a1_0 
    where
        a1_0.course_id=?
2026-06-09 14:19:16.883 [http-nio-0.0.0.0-8080-exec-6] DEBUG org.hibernate.SQL - 
    select
        u1_0.id,
        u1_0.class_name,
        u1_0.create_time,
        u1_0.gender,
        u1_0.real_name,
        u1_0.username,
        u1_0.userpassword,
        u1_0.userrole 
    from
        my_user u1_0 
    where
        u1_0.username=?
2026-06-09 14:19:16.883 [http-nio-0.0.0.0-8080-exec-5] DEBUG org.hibernate.SQL - 
    select
        c1_0.id,
        c1_0.class_name,
        c1_0.course_id,
        c1_0.course_name,
        c1_0.create_time,
        c1_0.location,
        c1_0.teacher_id,
        c1_0.teacher_name,
        c1_0.time_slot,
        c1_0.week_day 
    from
        course c1_0 
    where
        c1_0.teacher_id=?
2026-06-09 14:19:16.887 [http-nio-0.0.0.0-8080-exec-6] DEBUG org.hibernate.SQL - 
    select
        c1_0.id,
        c1_0.class_name,
        c1_0.course_id,
        c1_0.course_name,
        c1_0.create_time,
        c1_0.location,
        c1_0.teacher_id,
        c1_0.teacher_name,
        c1_0.time_slot,
        c1_0.week_day 
    from
        course c1_0 
    where
        c1_0.teacher_id=?
2026-06-09 14:19:16.890 [http-nio-0.0.0.0-8080-exec-5] DEBUG c.e.a.s.impl.AttendanceServiceImpl - 按条件查询考勤记录，学生ID: null, 课程ID: null, 状态: null, courseIds: [COURSE001, COURSE002, COURSE027]
2026-06-09 14:19:16.892 [http-nio-0.0.0.0-8080-exec-6] DEBUG org.hibernate.SQL - 
    select
        count_big(distinct cs1_0.student_id) 
    from
        course_selection cs1_0 
    where
        cs1_0.course_id in (?, ?, ?) 
        and cs1_0.status=1
2026-06-09 14:19:16.903 [http-nio-0.0.0.0-8080-exec-5] DEBUG org.hibernate.SQL - 
    select
        a1_0.id,
        a1_0.check_in_time,
        a1_0.course_id,
        a1_0.create_time,
        a1_0.ip_address,
        a1_0.reason,
        a1_0.sign_in_id,
        a1_0.student_id,
        a1_0.student_name,
        a1_0.student_status,
        a1_0.update_time 
    from
        attendance a1_0 
    where
        a1_0.course_id in (?, ?, ?) 
    order by
        a1_0.check_in_time desc 
    offset
        ? rows 
    fetch
        first ? rows only
2026-06-09 14:19:16.906 [http-nio-0.0.0.0-8080-exec-6] DEBUG org.hibernate.SQL - 
    select
        a1_0.id,
        a1_0.check_in_time,
        a1_0.course_id,
        a1_0.create_time,
        a1_0.ip_address,
        a1_0.reason,
        a1_0.sign_in_id,
        a1_0.student_id,
        a1_0.student_name,
        a1_0.student_status,
        a1_0.update_time 
    from
        attendance a1_0 
    where
        a1_0.course_id=?
2026-06-09 14:19:16.909 [http-nio-0.0.0.0-8080-exec-6] DEBUG org.hibernate.SQL - 
    select
        a1_0.id,
        a1_0.check_in_time,
        a1_0.course_id,
        a1_0.create_time,
        a1_0.ip_address,
        a1_0.reason,
        a1_0.sign_in_id,
        a1_0.student_id,
        a1_0.student_name,
        a1_0.student_status,
        a1_0.update_time 
    from
        attendance a1_0 
    where
        a1_0.course_id=?
2026-06-09 14:19:16.911 [http-nio-0.0.0.0-8080-exec-6] DEBUG org.hibernate.SQL - 
    select
        a1_0.id,
        a1_0.check_in_time,
        a1_0.course_id,
        a1_0.create_time,
        a1_0.ip_address,
        a1_0.reason,
        a1_0.sign_in_id,
        a1_0.student_id,
        a1_0.student_name,
        a1_0.student_status,
        a1_0.update_time 
    from
        attendance a1_0 
    where
        a1_0.course_id=?
2026-06-09 14:19:16.925 [http-nio-0.0.0.0-8080-exec-5] DEBUG org.hibernate.SQL - 
    select
        count_big(a1_0.id) 
    from
        attendance a1_0 
    where
        a1_0.course_id in (?, ?, ?)
2026-06-09 14:19:16.933 [http-nio-0.0.0.0-8080-exec-5] INFO  c.e.a.s.impl.AttendanceServiceImpl - 条件查询考勤记录完成，总数: 29
2026-06-09 14:19:18.034 [http-nio-0.0.0.0-8080-exec-7] DEBUG org.hibernate.SQL - 
    select
        c1_0.id,
        c1_0.class_name,
        c1_0.course_id,
        c1_0.course_name,
        c1_0.create_time,
        c1_0.location,
        c1_0.teacher_id,
        c1_0.teacher_name,
        c1_0.time_slot,
        c1_0.week_day 
    from
        course c1_0 
    where
        c1_0.teacher_id=?
2026-06-09 14:19:18.036 [http-nio-0.0.0.0-8080-exec-7] DEBUG c.e.a.s.impl.AttendanceServiceImpl - 按条件查询考勤记录，学生ID: null, 课程ID: null, 状态: null, courseIds: [COURSE001, COURSE002, COURSE027]
2026-06-09 14:19:18.041 [http-nio-0.0.0.0-8080-exec-7] DEBUG org.hibernate.SQL - 
    select
        a1_0.id,
        a1_0.check_in_time,
        a1_0.course_id,
        a1_0.create_time,
        a1_0.ip_address,
        a1_0.reason,
        a1_0.sign_in_id,
        a1_0.student_id,
        a1_0.student_name,
        a1_0.student_status,
        a1_0.update_time 
    from
        attendance a1_0 
    where
        a1_0.course_id in (?, ?, ?) 
    order by
        a1_0.check_in_time desc 
    offset
        ? rows 
    fetch
        first ? rows only
2026-06-09 14:19:18.048 [http-nio-0.0.0.0-8080-exec-7] DEBUG org.hibernate.SQL - 
    select
        count_big(a1_0.id) 
    from
        attendance a1_0 
    where
        a1_0.course_id in (?, ?, ?)
2026-06-09 14:19:18.051 [http-nio-0.0.0.0-8080-exec-7] INFO  c.e.a.s.impl.AttendanceServiceImpl - 条件查询考勤记录完成，总数: 29
2026-06-09 14:19:21.100 [http-nio-0.0.0.0-8080-exec-10] DEBUG org.hibernate.SQL - 
    select
        u1_0.id,
        u1_0.class_name,
        u1_0.create_time,
        u1_0.gender,
        u1_0.real_name,
        u1_0.username,
        u1_0.userpassword,
        u1_0.userrole 
    from
        my_user u1_0 
    where
        u1_0.username=?
2026-06-09 14:19:21.103 [http-nio-0.0.0.0-8080-exec-10] DEBUG org.hibernate.SQL - 
    select
        c1_0.id,
        c1_0.class_name,
        c1_0.course_id,
        c1_0.course_name,
        c1_0.create_time,
        c1_0.location,
        c1_0.teacher_id,
        c1_0.teacher_name,
        c1_0.time_slot,
        c1_0.week_day 
    from
        course c1_0 
    where
        c1_0.teacher_id=?
2026-06-09 14:19:21.107 [http-nio-0.0.0.0-8080-exec-10] DEBUG org.hibernate.SQL - 
    select
        count_big(distinct cs1_0.student_id) 
    from
        course_selection cs1_0 
    where
        cs1_0.course_id in (?, ?, ?) 
        and cs1_0.status=1
2026-06-09 14:19:21.111 [http-nio-0.0.0.0-8080-exec-10] DEBUG org.hibernate.SQL - 
    select
        a1_0.id,
        a1_0.check_in_time,
        a1_0.course_id,
        a1_0.create_time,
        a1_0.ip_address,
        a1_0.reason,
        a1_0.sign_in_id,
        a1_0.student_id,
        a1_0.student_name,
        a1_0.student_status,
        a1_0.update_time 
    from
        attendance a1_0 
    where
        a1_0.course_id=?
2026-06-09 14:19:21.115 [http-nio-0.0.0.0-8080-exec-10] DEBUG org.hibernate.SQL - 
    select
        a1_0.id,
        a1_0.check_in_time,
        a1_0.course_id,
        a1_0.create_time,
        a1_0.ip_address,
        a1_0.reason,
        a1_0.sign_in_id,
        a1_0.student_id,
        a1_0.student_name,
        a1_0.student_status,
        a1_0.update_time 
    from
        attendance a1_0 
    where
        a1_0.course_id=?
2026-06-09 14:19:21.118 [http-nio-0.0.0.0-8080-exec-10] DEBUG org.hibernate.SQL - 
    select
        a1_0.id,
        a1_0.check_in_time,
        a1_0.course_id,
        a1_0.create_time,
        a1_0.ip_address,
        a1_0.reason,
        a1_0.sign_in_id,
        a1_0.student_id,
        a1_0.student_name,
        a1_0.student_status,
        a1_0.update_time 
    from
        attendance a1_0 
    where
        a1_0.course_id=?
2026-06-09 14:31:31.473 [http-nio-0.0.0.0-8080-exec-4] DEBUG org.hibernate.SQL - 
    select
        u1_0.id,
        u1_0.class_name,
        u1_0.create_time,
        u1_0.gender,
        u1_0.real_name,
        u1_0.username,
        u1_0.userpassword,
        u1_0.userrole 
    from
        my_user u1_0 
    where
        u1_0.username=?
2026-06-09 14:31:31.485 [http-nio-0.0.0.0-8080-exec-4] DEBUG org.hibernate.SQL - 
    select
        c1_0.id,
        c1_0.class_name,
        c1_0.course_id,
        c1_0.course_name,
        c1_0.create_time,
        c1_0.location,
        c1_0.teacher_id,
        c1_0.teacher_name,
        c1_0.time_slot,
        c1_0.week_day 
    from
        course c1_0 
    where
        c1_0.teacher_id=?
2026-06-09 14:31:31.488 [http-nio-0.0.0.0-8080-exec-4] DEBUG org.hibernate.SQL - 
    select
        count_big(distinct cs1_0.student_id) 
    from
        course_selection cs1_0 
    where
        cs1_0.course_id in (?, ?, ?) 
        and cs1_0.status=1
2026-06-09 14:31:31.497 [http-nio-0.0.0.0-8080-exec-4] DEBUG org.hibernate.SQL - 
    select
        a1_0.id,
        a1_0.check_in_time,
        a1_0.course_id,
        a1_0.create_time,
        a1_0.ip_address,
        a1_0.reason,
        a1_0.sign_in_id,
        a1_0.student_id,
        a1_0.student_name,
        a1_0.student_status,
        a1_0.update_time 
    from
        attendance a1_0 
    where
        a1_0.course_id=?
2026-06-09 14:31:31.501 [http-nio-0.0.0.0-8080-exec-4] DEBUG org.hibernate.SQL - 
    select
        a1_0.id,
        a1_0.check_in_time,
        a1_0.course_id,
        a1_0.create_time,
        a1_0.ip_address,
        a1_0.reason,
        a1_0.sign_in_id,
        a1_0.student_id,
        a1_0.student_name,
        a1_0.student_status,
        a1_0.update_time 
    from
        attendance a1_0 
    where
        a1_0.course_id=?
2026-06-09 14:31:31.510 [http-nio-0.0.0.0-8080-exec-4] DEBUG org.hibernate.SQL - 
    select
        a1_0.id,
        a1_0.check_in_time,
        a1_0.course_id,
        a1_0.create_time,
        a1_0.ip_address,
        a1_0.reason,
        a1_0.sign_in_id,
        a1_0.student_id,
        a1_0.student_name,
        a1_0.student_status,
        a1_0.update_time 
    from
        attendance a1_0 
    where
        a1_0.course_id=?
2026-06-09 14:31:37.604 [http-nio-0.0.0.0-8080-exec-5] DEBUG org.hibernate.SQL - 
    select
        u1_0.id,
        u1_0.class_name,
        u1_0.create_time,
        u1_0.gender,
        u1_0.real_name,
        u1_0.username,
        u1_0.userpassword,
        u1_0.userrole 
    from
        my_user u1_0 
    where
        u1_0.username=?
2026-06-09 14:31:39.349 [http-nio-0.0.0.0-8080-exec-8] DEBUG org.hibernate.SQL - 
    select
        u1_0.id,
        u1_0.class_name,
        u1_0.create_time,
        u1_0.gender,
        u1_0.real_name,
        u1_0.username,
        u1_0.userpassword,
        u1_0.userrole 
    from
        my_user u1_0 
    where
        u1_0.username=?
2026-06-09 14:31:39.363 [http-nio-0.0.0.0-8080-exec-8] DEBUG org.hibernate.SQL - 
    select
        cs1_0.id,
        cs1_0.class_name,
        cs1_0.course_id,
        cs1_0.course_name,
        cs1_0.create_time,
        cs1_0.status,
        cs1_0.student_id,
        cs1_0.student_name 
    from
        course_selection cs1_0 
    where
        cs1_0.student_id=? 
        and cs1_0.status=?
2026-06-09 14:31:39.375 [http-nio-0.0.0.0-8080-exec-8] DEBUG org.hibernate.SQL - 
    select
        c1_0.id,
        c1_0.class_name,
        c1_0.course_id,
        c1_0.course_name,
        c1_0.create_time,
        c1_0.location,
        c1_0.teacher_id,
        c1_0.teacher_name,
        c1_0.time_slot,
        c1_0.week_day 
    from
        course c1_0 
    where
        c1_0.course_id=?
2026-06-09 14:31:39.382 [http-nio-0.0.0.0-8080-exec-8] DEBUG org.hibernate.SQL - 
    select
        cs1_0.id,
        cs1_0.class_name,
        cs1_0.course_id,
        cs1_0.course_name,
        cs1_0.create_time,
        cs1_0.status,
        cs1_0.student_id,
        cs1_0.student_name 
    from
        course_selection cs1_0 
    where
        cs1_0.student_id=? 
        and cs1_0.status=?
2026-06-09 14:31:39.389 [http-nio-0.0.0.0-8080-exec-8] DEBUG org.hibernate.SQL - 
    select
        a1_0.id,
        a1_0.check_in_time,
        a1_0.course_id,
        a1_0.create_time,
        a1_0.ip_address,
        a1_0.reason,
        a1_0.sign_in_id,
        a1_0.student_id,
        a1_0.student_name,
        a1_0.student_status,
        a1_0.update_time 
    from
        attendance a1_0 
    where
        a1_0.student_id=?
2026-06-09 14:31:44.268 [http-nio-0.0.0.0-8080-exec-10] DEBUG org.hibernate.SQL - 
    select
        c1_0.id,
        c1_0.class_name,
        c1_0.course_id,
        c1_0.course_name,
        c1_0.create_time,
        c1_0.location,
        c1_0.teacher_id,
        c1_0.teacher_name,
        c1_0.time_slot,
        c1_0.week_day 
    from
        course c1_0
2026-06-09 14:31:46.339 [http-nio-0.0.0.0-8080-exec-9] DEBUG org.hibernate.SQL - 
    select
        top (?) cs1_0.id 
    from
        course_selection cs1_0 
    where
        cs1_0.student_id=? 
        and cs1_0.course_id=?
2026-06-09 14:31:46.355 [http-nio-0.0.0.0-8080-exec-9] DEBUG org.hibernate.SQL - 
    select
        c1_0.id,
        c1_0.class_name,
        c1_0.course_id,
        c1_0.course_name,
        c1_0.create_time,
        c1_0.location,
        c1_0.teacher_id,
        c1_0.teacher_name,
        c1_0.time_slot,
        c1_0.week_day 
    from
        course c1_0 
    where
        c1_0.course_id=?
2026-06-09 14:31:46.412 [http-nio-0.0.0.0-8080-exec-9] DEBUG org.hibernate.SQL - 
    insert 
    into
        course_selection
        (class_name, course_id, course_name, create_time, status, student_id, student_name) 
    values
        (?, ?, ?, ?, ?, ?, ?)
2026-06-09 14:31:47.999 [http-nio-0.0.0.0-8080-exec-1] DEBUG org.hibernate.SQL - 
    select
        u1_0.id,
        u1_0.class_name,
        u1_0.create_time,
        u1_0.gender,
        u1_0.real_name,
        u1_0.username,
        u1_0.userpassword,
        u1_0.userrole 
    from
        my_user u1_0 
    where
        u1_0.username=?
2026-06-09 14:31:48.008 [http-nio-0.0.0.0-8080-exec-1] DEBUG org.hibernate.SQL - 
    select
        cs1_0.id,
        cs1_0.class_name,
        cs1_0.course_id,
        cs1_0.course_name,
        cs1_0.create_time,
        cs1_0.status,
        cs1_0.student_id,
        cs1_0.student_name 
    from
        course_selection cs1_0 
    where
        cs1_0.student_id=? 
        and cs1_0.status=?
2026-06-09 14:31:48.014 [http-nio-0.0.0.0-8080-exec-1] DEBUG org.hibernate.SQL - 
    select
        c1_0.id,
        c1_0.class_name,
        c1_0.course_id,
        c1_0.course_name,
        c1_0.create_time,
        c1_0.location,
        c1_0.teacher_id,
        c1_0.teacher_name,
        c1_0.time_slot,
        c1_0.week_day 
    from
        course c1_0 
    where
        c1_0.course_id=?
2026-06-09 14:31:48.017 [http-nio-0.0.0.0-8080-exec-1] DEBUG org.hibernate.SQL - 
    select
        c1_0.id,
        c1_0.class_name,
        c1_0.course_id,
        c1_0.course_name,
        c1_0.create_time,
        c1_0.location,
        c1_0.teacher_id,
        c1_0.teacher_name,
        c1_0.time_slot,
        c1_0.week_day 
    from
        course c1_0 
    where
        c1_0.course_id=?
2026-06-09 14:31:48.022 [http-nio-0.0.0.0-8080-exec-1] DEBUG org.hibernate.SQL - 
    select
        cs1_0.id,
        cs1_0.class_name,
        cs1_0.course_id,
        cs1_0.course_name,
        cs1_0.create_time,
        cs1_0.status,
        cs1_0.student_id,
        cs1_0.student_name 
    from
        course_selection cs1_0 
    where
        cs1_0.student_id=? 
        and cs1_0.status=?
2026-06-09 14:31:48.026 [http-nio-0.0.0.0-8080-exec-1] DEBUG org.hibernate.SQL - 
    select
        a1_0.id,
        a1_0.check_in_time,
        a1_0.course_id,
        a1_0.create_time,
        a1_0.ip_address,
        a1_0.reason,
        a1_0.sign_in_id,
        a1_0.student_id,
        a1_0.student_name,
        a1_0.student_status,
        a1_0.update_time 
    from
        attendance a1_0 
    where
        a1_0.student_id=?
2026-06-09 14:31:49.910 [http-nio-0.0.0.0-8080-exec-4] DEBUG org.hibernate.SQL - 
    select
        u1_0.id,
        u1_0.class_name,
        u1_0.create_time,
        u1_0.gender,
        u1_0.real_name,
        u1_0.username,
        u1_0.userpassword,
        u1_0.userrole 
    from
        my_user u1_0 
    where
        u1_0.username=?
2026-06-09 14:31:49.911 [http-nio-0.0.0.0-8080-exec-3] DEBUG c.e.a.s.impl.AttendanceServiceImpl - 按条件查询考勤记录，学生ID: 42411114, 课程ID: null, 状态: null, courseIds: null
2026-06-09 14:31:49.913 [http-nio-0.0.0.0-8080-exec-4] DEBUG org.hibernate.SQL - 
    select
        cs1_0.id,
        cs1_0.class_name,
        cs1_0.course_id,
        cs1_0.course_name,
        cs1_0.create_time,
        cs1_0.status,
        cs1_0.student_id,
        cs1_0.student_name 
    from
        course_selection cs1_0 
    where
        cs1_0.student_id=? 
        and cs1_0.status=?
2026-06-09 14:31:49.915 [http-nio-0.0.0.0-8080-exec-4] DEBUG org.hibernate.SQL - 
    select
        c1_0.id,
        c1_0.class_name,
        c1_0.course_id,
        c1_0.course_name,
        c1_0.create_time,
        c1_0.location,
        c1_0.teacher_id,
        c1_0.teacher_name,
        c1_0.time_slot,
        c1_0.week_day 
    from
        course c1_0 
    where
        c1_0.course_id=?
2026-06-09 14:31:49.918 [http-nio-0.0.0.0-8080-exec-4] DEBUG org.hibernate.SQL - 
    select
        c1_0.id,
        c1_0.class_name,
        c1_0.course_id,
        c1_0.course_name,
        c1_0.create_time,
        c1_0.location,
        c1_0.teacher_id,
        c1_0.teacher_name,
        c1_0.time_slot,
        c1_0.week_day 
    from
        course c1_0 
    where
        c1_0.course_id=?
2026-06-09 14:31:49.920 [http-nio-0.0.0.0-8080-exec-3] DEBUG org.hibernate.SQL - 
    select
        a1_0.id,
        a1_0.check_in_time,
        a1_0.course_id,
        a1_0.create_time,
        a1_0.ip_address,
        a1_0.reason,
        a1_0.sign_in_id,
        a1_0.student_id,
        a1_0.student_name,
        a1_0.student_status,
        a1_0.update_time 
    from
        attendance a1_0 
    where
        a1_0.student_id=? 
    order by
        a1_0.check_in_time desc 
    offset
        ? rows 
    fetch
        first ? rows only
2026-06-09 14:31:49.923 [http-nio-0.0.0.0-8080-exec-4] DEBUG org.hibernate.SQL - 
    select
        cs1_0.id,
        cs1_0.class_name,
        cs1_0.course_id,
        cs1_0.course_name,
        cs1_0.create_time,
        cs1_0.status,
        cs1_0.student_id,
        cs1_0.student_name 
    from
        course_selection cs1_0 
    where
        cs1_0.student_id=? 
        and cs1_0.status=?
2026-06-09 14:31:49.925 [http-nio-0.0.0.0-8080-exec-4] DEBUG org.hibernate.SQL - 
    select
        a1_0.id,
        a1_0.check_in_time,
        a1_0.course_id,
        a1_0.create_time,
        a1_0.ip_address,
        a1_0.reason,
        a1_0.sign_in_id,
        a1_0.student_id,
        a1_0.student_name,
        a1_0.student_status,
        a1_0.update_time 
    from
        attendance a1_0 
    where
        a1_0.student_id=?
2026-06-09 14:31:49.927 [http-nio-0.0.0.0-8080-exec-3] INFO  c.e.a.s.impl.AttendanceServiceImpl - 条件查询考勤记录完成，总数: 1
2026-06-09 14:31:51.240 [http-nio-0.0.0.0-8080-exec-6] DEBUG c.e.a.s.impl.AttendanceServiceImpl - 按条件查询考勤记录，学生ID: 42411114, 课程ID: null, 状态: null, courseIds: null
2026-06-09 14:31:51.245 [http-nio-0.0.0.0-8080-exec-6] DEBUG org.hibernate.SQL - 
    select
        a1_0.id,
        a1_0.check_in_time,
        a1_0.course_id,
        a1_0.create_time,
        a1_0.ip_address,
        a1_0.reason,
        a1_0.sign_in_id,
        a1_0.student_id,
        a1_0.student_name,
        a1_0.student_status,
        a1_0.update_time 
    from
        attendance a1_0 
    where
        a1_0.student_id=? 
    order by
        a1_0.check_in_time desc 
    offset
        ? rows 
    fetch
        first ? rows only
2026-06-09 14:31:51.250 [http-nio-0.0.0.0-8080-exec-6] INFO  c.e.a.s.impl.AttendanceServiceImpl - 条件查询考勤记录完成，总数: 1
2026-06-09 14:32:07.294 [http-nio-0.0.0.0-8080-exec-5] INFO  c.e.a.s.impl.AttendanceServiceImpl - 考勤登记，学生ID: 42411114, 学生姓名: 杨茜, 课程ID: HUM102, 状态: 1
2026-06-09 14:32:07.304 [http-nio-0.0.0.0-8080-exec-5] DEBUG org.hibernate.SQL - 
    insert 
    into
        attendance
        (check_in_time, course_id, create_time, ip_address, reason, sign_in_id, student_id, student_name, student_status, update_time) 
    values
        (?, ?, ?, ?, ?, ?, ?, ?, ?, ?)
2026-06-09 14:32:07.330 [http-nio-0.0.0.0-8080-exec-5] INFO  c.e.a.s.impl.AttendanceServiceImpl - 考勤登记成功，学生ID: 42411114, 状态: 签到成功
2026-06-09 14:32:10.216 [http-nio-0.0.0.0-8080-exec-8] DEBUG org.hibernate.SQL - 
    select
        u1_0.id,
        u1_0.class_name,
        u1_0.create_time,
        u1_0.gender,
        u1_0.real_name,
        u1_0.username,
        u1_0.userpassword,
        u1_0.userrole 
    from
        my_user u1_0 
    where
        u1_0.username=?
2026-06-09 14:32:10.225 [http-nio-0.0.0.0-8080-exec-8] DEBUG org.hibernate.SQL - 
    select
        cs1_0.id,
        cs1_0.class_name,
        cs1_0.course_id,
        cs1_0.course_name,
        cs1_0.create_time,
        cs1_0.status,
        cs1_0.student_id,
        cs1_0.student_name 
    from
        course_selection cs1_0 
    where
        cs1_0.student_id=? 
        and cs1_0.status=?
2026-06-09 14:32:10.241 [http-nio-0.0.0.0-8080-exec-8] DEBUG org.hibernate.SQL - 
    select
        c1_0.id,
        c1_0.class_name,
        c1_0.course_id,
        c1_0.course_name,
        c1_0.create_time,
        c1_0.location,
        c1_0.teacher_id,
        c1_0.teacher_name,
        c1_0.time_slot,
        c1_0.week_day 
    from
        course c1_0 
    where
        c1_0.course_id=?
2026-06-09 14:32:10.245 [http-nio-0.0.0.0-8080-exec-8] DEBUG org.hibernate.SQL - 
    select
        c1_0.id,
        c1_0.class_name,
        c1_0.course_id,
        c1_0.course_name,
        c1_0.create_time,
        c1_0.location,
        c1_0.teacher_id,
        c1_0.teacher_name,
        c1_0.time_slot,
        c1_0.week_day 
    from
        course c1_0 
    where
        c1_0.course_id=?
2026-06-09 14:32:10.248 [http-nio-0.0.0.0-8080-exec-8] DEBUG org.hibernate.SQL - 
    select
        cs1_0.id,
        cs1_0.class_name,
        cs1_0.course_id,
        cs1_0.course_name,
        cs1_0.create_time,
        cs1_0.status,
        cs1_0.student_id,
        cs1_0.student_name 
    from
        course_selection cs1_0 
    where
        cs1_0.student_id=? 
        and cs1_0.status=?
2026-06-09 14:32:10.249 [http-nio-0.0.0.0-8080-exec-8] DEBUG org.hibernate.SQL - 
    select
        a1_0.id,
        a1_0.check_in_time,
        a1_0.course_id,
        a1_0.create_time,
        a1_0.ip_address,
        a1_0.reason,
        a1_0.sign_in_id,
        a1_0.student_id,
        a1_0.student_name,
        a1_0.student_status,
        a1_0.update_time 
    from
        attendance a1_0 
    where
        a1_0.student_id=?
2026-06-09 14:32:19.097 [http-nio-0.0.0.0-8080-exec-1] DEBUG org.hibernate.SQL - 
    select
        u1_0.id,
        u1_0.class_name,
        u1_0.create_time,
        u1_0.gender,
        u1_0.real_name,
        u1_0.username,
        u1_0.userpassword,
        u1_0.userrole 
    from
        my_user u1_0 
    where
        u1_0.username=?
2026-06-09 14:32:20.832 [http-nio-0.0.0.0-8080-exec-4] DEBUG org.hibernate.SQL - 
    select
        u1_0.id,
        u1_0.class_name,
        u1_0.create_time,
        u1_0.gender,
        u1_0.real_name,
        u1_0.username,
        u1_0.userpassword,
        u1_0.userrole 
    from
        my_user u1_0 
    where
        u1_0.username=?
2026-06-09 14:32:20.835 [http-nio-0.0.0.0-8080-exec-4] DEBUG org.hibernate.SQL - 
    select
        c1_0.id,
        c1_0.class_name,
        c1_0.course_id,
        c1_0.course_name,
        c1_0.create_time,
        c1_0.location,
        c1_0.teacher_id,
        c1_0.teacher_name,
        c1_0.time_slot,
        c1_0.week_day 
    from
        course c1_0 
    where
        c1_0.teacher_id=?
2026-06-09 14:32:20.840 [http-nio-0.0.0.0-8080-exec-4] DEBUG org.hibernate.SQL - 
    select
        count_big(distinct cs1_0.student_id) 
    from
        course_selection cs1_0 
    where
        cs1_0.course_id in (?) 
        and cs1_0.status=1
2026-06-09 14:32:20.849 [http-nio-0.0.0.0-8080-exec-4] DEBUG org.hibernate.SQL - 
    select
        a1_0.id,
        a1_0.check_in_time,
        a1_0.course_id,
        a1_0.create_time,
        a1_0.ip_address,
        a1_0.reason,
        a1_0.sign_in_id,
        a1_0.student_id,
        a1_0.student_name,
        a1_0.student_status,
        a1_0.update_time 
    from
        attendance a1_0 
    where
        a1_0.course_id=?
2026-06-09 14:32:28.052 [http-nio-0.0.0.0-8080-exec-3] DEBUG org.hibernate.SQL - 
    select
        c1_0.id,
        c1_0.class_name,
        c1_0.course_id,
        c1_0.course_name,
        c1_0.create_time,
        c1_0.location,
        c1_0.teacher_id,
        c1_0.teacher_name,
        c1_0.time_slot,
        c1_0.week_day 
    from
        course c1_0 
    where
        c1_0.teacher_id=?
2026-06-09 14:32:28.063 [http-nio-0.0.0.0-8080-exec-3] DEBUG c.e.a.s.impl.AttendanceServiceImpl - 按条件查询考勤记录，学生ID: null, 课程ID: null, 状态: null, courseIds: [HUM102]
2026-06-09 14:32:28.073 [http-nio-0.0.0.0-8080-exec-3] DEBUG org.hibernate.SQL - 
    select
        a1_0.id,
        a1_0.check_in_time,
        a1_0.course_id,
        a1_0.create_time,
        a1_0.ip_address,
        a1_0.reason,
        a1_0.sign_in_id,
        a1_0.student_id,
        a1_0.student_name,
        a1_0.student_status,
        a1_0.update_time 
    from
        attendance a1_0 
    where
        a1_0.course_id in (?) 
    order by
        a1_0.check_in_time desc 
    offset
        ? rows 
    fetch
        first ? rows only
2026-06-09 14:32:28.088 [http-nio-0.0.0.0-8080-exec-3] INFO  c.e.a.s.impl.AttendanceServiceImpl - 条件查询考勤记录完成，总数: 1
2026-06-09 14:32:32.363 [http-nio-0.0.0.0-8080-exec-5] DEBUG org.hibernate.SQL - 
    select
        u1_0.id,
        u1_0.class_name,
        u1_0.create_time,
        u1_0.gender,
        u1_0.real_name,
        u1_0.username,
        u1_0.userpassword,
        u1_0.userrole 
    from
        my_user u1_0 
    where
        u1_0.username=?
2026-06-09 14:32:32.368 [http-nio-0.0.0.0-8080-exec-5] DEBUG org.hibernate.SQL - 
    select
        c1_0.id,
        c1_0.class_name,
        c1_0.course_id,
        c1_0.course_name,
        c1_0.create_time,
        c1_0.location,
        c1_0.teacher_id,
        c1_0.teacher_name,
        c1_0.time_slot,
        c1_0.week_day 
    from
        course c1_0 
    where
        c1_0.teacher_id=?
2026-06-09 14:32:32.372 [http-nio-0.0.0.0-8080-exec-5] DEBUG org.hibernate.SQL - 
    select
        count_big(distinct cs1_0.student_id) 
    from
        course_selection cs1_0 
    where
        cs1_0.course_id in (?) 
        and cs1_0.status=1
2026-06-09 14:32:32.372 [http-nio-0.0.0.0-8080-exec-5] DEBUG org.hibernate.SQL - 
    select
        a1_0.id,
        a1_0.check_in_time,
        a1_0.course_id,
        a1_0.create_time,
        a1_0.ip_address,
        a1_0.reason,
        a1_0.sign_in_id,
        a1_0.student_id,
        a1_0.student_name,
        a1_0.student_status,
        a1_0.update_time 
    from
        attendance a1_0 
    where
        a1_0.course_id=?
2026-06-09 14:32:34.285 [http-nio-0.0.0.0-8080-exec-7] DEBUG org.hibernate.SQL - 
    select
        c1_0.id,
        c1_0.class_name,
        c1_0.course_id,
        c1_0.course_name,
        c1_0.create_time,
        c1_0.location,
        c1_0.teacher_id,
        c1_0.teacher_name,
        c1_0.time_slot,
        c1_0.week_day 
    from
        course c1_0 
    where
        c1_0.teacher_id=?
2026-06-09 14:32:34.302 [http-nio-0.0.0.0-8080-exec-7] DEBUG org.hibernate.SQL - 
    select
        distinct s1_0.student_id,
        s1_0.age,
        s1_0.birth_date,
        s1_0.class_name,
        s1_0.email,
        s1_0.gender,
        s1_0.student_name,
        s1_0.phone 
    from
        student s1_0 
    join
        course_selection cs1_0 
            on s1_0.student_id=cs1_0.student_id 
    where
        cs1_0.course_id in (?) 
        and cs1_0.status=1
2026-06-09 14:32:41.929 [http-nio-0.0.0.0-8080-exec-10] DEBUG org.hibernate.SQL - 
    select
        u1_0.id,
        u1_0.class_name,
        u1_0.create_time,
        u1_0.gender,
        u1_0.real_name,
        u1_0.username,
        u1_0.userpassword,
        u1_0.userrole 
    from
        my_user u1_0 
    where
        u1_0.username=?
2026-06-09 14:32:41.930 [http-nio-0.0.0.0-8080-exec-10] DEBUG org.hibernate.SQL - 
    select
        c1_0.id,
        c1_0.class_name,
        c1_0.course_id,
        c1_0.course_name,
        c1_0.create_time,
        c1_0.location,
        c1_0.teacher_id,
        c1_0.teacher_name,
        c1_0.time_slot,
        c1_0.week_day 
    from
        course c1_0 
    where
        c1_0.teacher_id=?
2026-06-09 14:32:41.936 [http-nio-0.0.0.0-8080-exec-10] DEBUG org.hibernate.SQL - 
    select
        count_big(distinct cs1_0.student_id) 
    from
        course_selection cs1_0 
    where
        cs1_0.course_id in (?) 
        and cs1_0.status=1
2026-06-09 14:32:41.936 [http-nio-0.0.0.0-8080-exec-10] DEBUG org.hibernate.SQL - 
    select
        a1_0.id,
        a1_0.check_in_time,
        a1_0.course_id,
        a1_0.create_time,
        a1_0.ip_address,
        a1_0.reason,
        a1_0.sign_in_id,
        a1_0.student_id,
        a1_0.student_name,
        a1_0.student_status,
        a1_0.update_time 
    from
        attendance a1_0 
    where
        a1_0.course_id=?
2026-06-09 14:32:43.613 [http-nio-0.0.0.0-8080-exec-1] DEBUG org.hibernate.SQL - 
    select
        u1_0.id,
        u1_0.class_name,
        u1_0.create_time,
        u1_0.gender,
        u1_0.real_name,
        u1_0.username,
        u1_0.userpassword,
        u1_0.userrole 
    from
        my_user u1_0 
    where
        u1_0.username=?
2026-06-09 14:32:43.615 [http-nio-0.0.0.0-8080-exec-2] DEBUG org.hibernate.SQL - 
    select
        c1_0.id,
        c1_0.class_name,
        c1_0.course_id,
        c1_0.course_name,
        c1_0.create_time,
        c1_0.location,
        c1_0.teacher_id,
        c1_0.teacher_name,
        c1_0.time_slot,
        c1_0.week_day 
    from
        course c1_0 
    where
        c1_0.teacher_id=?
2026-06-09 14:32:43.617 [http-nio-0.0.0.0-8080-exec-2] DEBUG c.e.a.s.impl.AttendanceServiceImpl - 按条件查询考勤记录，学生ID: null, 课程ID: null, 状态: null, courseIds: [HUM102]
2026-06-09 14:32:43.617 [http-nio-0.0.0.0-8080-exec-1] DEBUG org.hibernate.SQL - 
    select
        c1_0.id,
        c1_0.class_name,
        c1_0.course_id,
        c1_0.course_name,
        c1_0.create_time,
        c1_0.location,
        c1_0.teacher_id,
        c1_0.teacher_name,
        c1_0.time_slot,
        c1_0.week_day 
    from
        course c1_0 
    where
        c1_0.teacher_id=?
2026-06-09 14:32:43.620 [http-nio-0.0.0.0-8080-exec-1] DEBUG org.hibernate.SQL - 
    select
        count_big(distinct cs1_0.student_id) 
    from
        course_selection cs1_0 
    where
        cs1_0.course_id in (?) 
        and cs1_0.status=1
2026-06-09 14:32:43.621 [http-nio-0.0.0.0-8080-exec-2] DEBUG org.hibernate.SQL - 
    select
        a1_0.id,
        a1_0.check_in_time,
        a1_0.course_id,
        a1_0.create_time,
        a1_0.ip_address,
        a1_0.reason,
        a1_0.sign_in_id,
        a1_0.student_id,
        a1_0.student_name,
        a1_0.student_status,
        a1_0.update_time 
    from
        attendance a1_0 
    where
        a1_0.course_id in (?) 
    order by
        a1_0.check_in_time desc 
    offset
        ? rows 
    fetch
        first ? rows only
2026-06-09 14:32:43.621 [http-nio-0.0.0.0-8080-exec-1] DEBUG org.hibernate.SQL - 
    select
        a1_0.id,
        a1_0.check_in_time,
        a1_0.course_id,
        a1_0.create_time,
        a1_0.ip_address,
        a1_0.reason,
        a1_0.sign_in_id,
        a1_0.student_id,
        a1_0.student_name,
        a1_0.student_status,
        a1_0.update_time 
    from
        attendance a1_0 
    where
        a1_0.course_id=?
2026-06-09 14:32:43.621 [http-nio-0.0.0.0-8080-exec-2] INFO  c.e.a.s.impl.AttendanceServiceImpl - 条件查询考勤记录完成，总数: 1
2026-06-09 14:32:46.237 [http-nio-0.0.0.0-8080-exec-4] DEBUG org.hibernate.SQL - 
    select
        c1_0.id,
        c1_0.class_name,
        c1_0.course_id,
        c1_0.course_name,
        c1_0.create_time,
        c1_0.location,
        c1_0.teacher_id,
        c1_0.teacher_name,
        c1_0.time_slot,
        c1_0.week_day 
    from
        course c1_0 
    where
        c1_0.teacher_id=?
2026-06-09 14:32:46.240 [http-nio-0.0.0.0-8080-exec-4] DEBUG c.e.a.s.impl.AttendanceServiceImpl - 按条件查询考勤记录，学生ID: null, 课程ID: null, 状态: null, courseIds: [HUM102]
2026-06-09 14:32:46.246 [http-nio-0.0.0.0-8080-exec-4] DEBUG org.hibernate.SQL - 
    select
        a1_0.id,
        a1_0.check_in_time,
        a1_0.course_id,
        a1_0.create_time,
        a1_0.ip_address,
        a1_0.reason,
        a1_0.sign_in_id,
        a1_0.student_id,
        a1_0.student_name,
        a1_0.student_status,
        a1_0.update_time 
    from
        attendance a1_0 
    where
        a1_0.course_id in (?) 
    order by
        a1_0.check_in_time desc 
    offset
        ? rows 
    fetch
        first ? rows only
2026-06-09 14:32:46.248 [http-nio-0.0.0.0-8080-exec-4] INFO  c.e.a.s.impl.AttendanceServiceImpl - 条件查询考勤记录完成，总数: 1
2026-06-09 14:32:49.851 [http-nio-0.0.0.0-8080-exec-3] DEBUG c.e.a.s.impl.AttendanceServiceImpl - 查询考勤记录，记录ID: 31
2026-06-09 14:32:49.863 [http-nio-0.0.0.0-8080-exec-3] DEBUG org.hibernate.SQL - 
    select
        a1_0.id,
        a1_0.check_in_time,
        a1_0.course_id,
        a1_0.create_time,
        a1_0.ip_address,
        a1_0.reason,
        a1_0.sign_in_id,
        a1_0.student_id,
        a1_0.student_name,
        a1_0.student_status,
        a1_0.update_time 
    from
        attendance a1_0 
    where
        a1_0.id=?
2026-06-09 14:32:49.873 [http-nio-0.0.0.0-8080-exec-3] DEBUG c.e.a.s.impl.AttendanceServiceImpl - 查询到考勤记录，记录ID: 31, 学生ID: 42411114
2026-06-09 14:32:56.274 [http-nio-0.0.0.0-8080-exec-5] DEBUG org.hibernate.SQL - 
    select
        u1_0.id,
        u1_0.class_name,
        u1_0.create_time,
        u1_0.gender,
        u1_0.real_name,
        u1_0.username,
        u1_0.userpassword,
        u1_0.userrole 
    from
        my_user u1_0 
    where
        u1_0.username=?
2026-06-09 14:32:56.277 [http-nio-0.0.0.0-8080-exec-5] DEBUG org.hibernate.SQL - 
    select
        c1_0.id,
        c1_0.class_name,
        c1_0.course_id,
        c1_0.course_name,
        c1_0.create_time,
        c1_0.location,
        c1_0.teacher_id,
        c1_0.teacher_name,
        c1_0.time_slot,
        c1_0.week_day 
    from
        course c1_0 
    where
        c1_0.teacher_id=?
2026-06-09 14:32:56.281 [http-nio-0.0.0.0-8080-exec-5] DEBUG org.hibernate.SQL - 
    select
        count_big(distinct cs1_0.student_id) 
    from
        course_selection cs1_0 
    where
        cs1_0.course_id in (?) 
        and cs1_0.status=1
2026-06-09 14:32:56.283 [http-nio-0.0.0.0-8080-exec-5] DEBUG org.hibernate.SQL - 
    select
        a1_0.id,
        a1_0.check_in_time,
        a1_0.course_id,
        a1_0.create_time,
        a1_0.ip_address,
        a1_0.reason,
        a1_0.sign_in_id,
        a1_0.student_id,
        a1_0.student_name,
        a1_0.student_status,
        a1_0.update_time 
    from
        attendance a1_0 
    where
        a1_0.course_id=?
2026-06-09 14:32:58.416 [http-nio-0.0.0.0-8080-exec-7] DEBUG org.hibernate.SQL - 
    select
        c1_0.id,
        c1_0.class_name,
        c1_0.course_id,
        c1_0.course_name,
        c1_0.create_time,
        c1_0.location,
        c1_0.teacher_id,
        c1_0.teacher_name,
        c1_0.time_slot,
        c1_0.week_day 
    from
        course c1_0 
    where
        c1_0.teacher_id=?
2026-06-09 14:32:58.421 [http-nio-0.0.0.0-8080-exec-7] DEBUG org.hibernate.SQL - 
    select
        distinct s1_0.student_id,
        s1_0.age,
        s1_0.birth_date,
        s1_0.class_name,
        s1_0.email,
        s1_0.gender,
        s1_0.student_name,
        s1_0.phone 
    from
        student s1_0 
    join
        course_selection cs1_0 
            on s1_0.student_id=cs1_0.student_id 
    where
        cs1_0.course_id in (?) 
        and cs1_0.status=1
2026-06-09 14:33:11.241 [http-nio-0.0.0.0-8080-exec-10] DEBUG org.hibernate.SQL - 
    select
        u1_0.id,
        u1_0.class_name,
        u1_0.create_time,
        u1_0.gender,
        u1_0.real_name,
        u1_0.username,
        u1_0.userpassword,
        u1_0.userrole 
    from
        my_user u1_0 
    where
        u1_0.username=?
2026-06-09 14:33:11.251 [http-nio-0.0.0.0-8080-exec-10] DEBUG org.hibernate.SQL - 
    select
        c1_0.id,
        c1_0.class_name,
        c1_0.course_id,
        c1_0.course_name,
        c1_0.create_time,
        c1_0.location,
        c1_0.teacher_id,
        c1_0.teacher_name,
        c1_0.time_slot,
        c1_0.week_day 
    from
        course c1_0 
    where
        c1_0.teacher_id=?
2026-06-09 14:33:11.266 [http-nio-0.0.0.0-8080-exec-10] DEBUG org.hibernate.SQL - 
    select
        count_big(distinct cs1_0.student_id) 
    from
        course_selection cs1_0 
    where
        cs1_0.course_id in (?) 
        and cs1_0.status=1
2026-06-09 14:33:11.277 [http-nio-0.0.0.0-8080-exec-10] DEBUG org.hibernate.SQL - 
    select
        a1_0.id,
        a1_0.check_in_time,
        a1_0.course_id,
        a1_0.create_time,
        a1_0.ip_address,
        a1_0.reason,
        a1_0.sign_in_id,
        a1_0.student_id,
        a1_0.student_name,
        a1_0.student_status,
        a1_0.update_time 
    from
        attendance a1_0 
    where
        a1_0.course_id=?
2026-06-09 14:33:27.572 [http-nio-0.0.0.0-8080-exec-2] DEBUG org.hibernate.SQL - 
    select
        u1_0.id,
        u1_0.class_name,
        u1_0.create_time,
        u1_0.gender,
        u1_0.real_name,
        u1_0.username,
        u1_0.userpassword,
        u1_0.userrole 
    from
        my_user u1_0 
    where
        u1_0.username=?
2026-06-09 14:33:27.578 [http-nio-0.0.0.0-8080-exec-2] DEBUG org.hibernate.SQL - 
    select
        c1_0.id,
        c1_0.class_name,
        c1_0.course_id,
        c1_0.course_name,
        c1_0.create_time,
        c1_0.location,
        c1_0.teacher_id,
        c1_0.teacher_name,
        c1_0.time_slot,
        c1_0.week_day 
    from
        course c1_0 
    where
        c1_0.teacher_id=?
2026-06-09 14:33:27.579 [http-nio-0.0.0.0-8080-exec-2] DEBUG org.hibernate.SQL - 
    select
        count_big(distinct cs1_0.student_id) 
    from
        course_selection cs1_0 
    where
        cs1_0.course_id in (?) 
        and cs1_0.status=1
2026-06-09 14:33:27.581 [http-nio-0.0.0.0-8080-exec-2] DEBUG org.hibernate.SQL - 
    select
        a1_0.id,
        a1_0.check_in_time,
        a1_0.course_id,
        a1_0.create_time,
        a1_0.ip_address,
        a1_0.reason,
        a1_0.sign_in_id,
        a1_0.student_id,
        a1_0.student_name,
        a1_0.student_status,
        a1_0.update_time 
    from
        attendance a1_0 
    where
        a1_0.course_id=?
2026-06-09 14:33:36.392 [http-nio-0.0.0.0-8080-exec-1] DEBUG org.hibernate.SQL - 
    select
        c1_0.id,
        c1_0.class_name,
        c1_0.course_id,
        c1_0.course_name,
        c1_0.create_time,
        c1_0.location,
        c1_0.teacher_id,
        c1_0.teacher_name,
        c1_0.time_slot,
        c1_0.week_day 
    from
        course c1_0 
    where
        c1_0.teacher_id=?
2026-06-09 14:33:36.406 [http-nio-0.0.0.0-8080-exec-1] DEBUG org.hibernate.SQL - 
    select
        distinct s1_0.student_id,
        s1_0.age,
        s1_0.birth_date,
        s1_0.class_name,
        s1_0.email,
        s1_0.gender,
        s1_0.student_name,
        s1_0.phone 
    from
        student s1_0 
    join
        course_selection cs1_0 
            on s1_0.student_id=cs1_0.student_id 
    where
        cs1_0.course_id in (?) 
        and cs1_0.status=1
2026-06-09 14:33:38.036 [http-nio-0.0.0.0-8080-exec-3] DEBUG org.hibernate.SQL - 
    select
        u1_0.id,
        u1_0.class_name,
        u1_0.create_time,
        u1_0.gender,
        u1_0.real_name,
        u1_0.username,
        u1_0.userpassword,
        u1_0.userrole 
    from
        my_user u1_0 
    where
        u1_0.username=?
2026-06-09 14:33:38.039 [http-nio-0.0.0.0-8080-exec-3] DEBUG org.hibernate.SQL - 
    select
        c1_0.id,
        c1_0.class_name,
        c1_0.course_id,
        c1_0.course_name,
        c1_0.create_time,
        c1_0.location,
        c1_0.teacher_id,
        c1_0.teacher_name,
        c1_0.time_slot,
        c1_0.week_day 
    from
        course c1_0 
    where
        c1_0.teacher_id=?
2026-06-09 14:33:38.041 [http-nio-0.0.0.0-8080-exec-3] DEBUG org.hibernate.SQL - 
    select
        count_big(distinct cs1_0.student_id) 
    from
        course_selection cs1_0 
    where
        cs1_0.course_id in (?) 
        and cs1_0.status=1
2026-06-09 14:33:38.045 [http-nio-0.0.0.0-8080-exec-3] DEBUG org.hibernate.SQL - 
    select
        a1_0.id,
        a1_0.check_in_time,
        a1_0.course_id,
        a1_0.create_time,
        a1_0.ip_address,
        a1_0.reason,
        a1_0.sign_in_id,
        a1_0.student_id,
        a1_0.student_name,
        a1_0.student_status,
        a1_0.update_time 
    from
        attendance a1_0 
    where
        a1_0.course_id=?
2026-06-09 14:33:42.177 [http-nio-0.0.0.0-8080-exec-5] DEBUG org.hibernate.SQL - 
    select
        u1_0.id,
        u1_0.class_name,
        u1_0.create_time,
        u1_0.gender,
        u1_0.real_name,
        u1_0.username,
        u1_0.userpassword,
        u1_0.userrole 
    from
        my_user u1_0 
    where
        u1_0.username=?
2026-06-09 14:33:42.179 [http-nio-0.0.0.0-8080-exec-5] DEBUG org.hibernate.SQL - 
    select
        c1_0.id,
        c1_0.class_name,
        c1_0.course_id,
        c1_0.course_name,
        c1_0.create_time,
        c1_0.location,
        c1_0.teacher_id,
        c1_0.teacher_name,
        c1_0.time_slot,
        c1_0.week_day 
    from
        course c1_0 
    where
        c1_0.teacher_id=?
2026-06-09 14:33:42.182 [http-nio-0.0.0.0-8080-exec-5] DEBUG org.hibernate.SQL - 
    select
        count_big(distinct cs1_0.student_id) 
    from
        course_selection cs1_0 
    where
        cs1_0.course_id in (?) 
        and cs1_0.status=1
2026-06-09 14:33:42.183 [http-nio-0.0.0.0-8080-exec-5] DEBUG org.hibernate.SQL - 
    select
        a1_0.id,
        a1_0.check_in_time,
        a1_0.course_id,
        a1_0.create_time,
        a1_0.ip_address,
        a1_0.reason,
        a1_0.sign_in_id,
        a1_0.student_id,
        a1_0.student_name,
        a1_0.student_status,
        a1_0.update_time 
    from
        attendance a1_0 
    where
        a1_0.course_id=?
2026-06-09 14:33:42.193 [http-nio-0.0.0.0-8080-exec-7] DEBUG org.hibernate.SQL - 
    select
        c1_0.id,
        c1_0.class_name,
        c1_0.course_id,
        c1_0.course_name,
        c1_0.create_time,
        c1_0.location,
        c1_0.teacher_id,
        c1_0.teacher_name,
        c1_0.time_slot,
        c1_0.week_day 
    from
        course c1_0 
    where
        c1_0.teacher_id=?
2026-06-09 14:33:42.203 [http-nio-0.0.0.0-8080-exec-7] DEBUG org.hibernate.SQL - 
    select
        distinct s1_0.class_name 
    from
        course_selection cs1_0 
    join
        student s1_0 
            on cs1_0.student_id=s1_0.student_id 
    where
        cs1_0.course_id in (?)
2026-06-09 14:33:42.230 [http-nio-0.0.0.0-8080-exec-8] DEBUG org.hibernate.SQL - 
    select
        u1_0.id,
        u1_0.class_name,
        u1_0.create_time,
        u1_0.gender,
        u1_0.real_name,
        u1_0.username,
        u1_0.userpassword,
        u1_0.userrole 
    from
        my_user u1_0 
    where
        u1_0.username=?
2026-06-09 14:33:42.235 [http-nio-0.0.0.0-8080-exec-8] DEBUG org.hibernate.SQL - 
    select
        c1_0.id,
        c1_0.class_name,
        c1_0.course_id,
        c1_0.course_name,
        c1_0.create_time,
        c1_0.location,
        c1_0.teacher_id,
        c1_0.teacher_name,
        c1_0.time_slot,
        c1_0.week_day 
    from
        course c1_0 
    where
        c1_0.teacher_id=?
2026-06-09 14:33:42.240 [http-nio-0.0.0.0-8080-exec-8] DEBUG org.hibernate.SQL - 
    select
        count_big(distinct cs1_0.student_id) 
    from
        course_selection cs1_0 
    where
        cs1_0.course_id in (?) 
        and cs1_0.status=1
2026-06-09 14:33:42.262 [http-nio-0.0.0.0-8080-exec-8] DEBUG org.hibernate.SQL - 
    select
        count_big(a1_0.id) 
    from
        attendance a1_0 
    where
        a1_0.check_in_time between ? and ? 
        and a1_0.course_id in (?) 
        and exists(select
            cs1_0.id from course_selection cs1_0 
        where
            cs1_0.student_id=a1_0.student_id 
            and cs1_0.course_id=a1_0.course_id 
            and cs1_0.status=1) 
        and (
            ? is null 
            or ?='' 
            or exists(select
                s1_0.student_id from student s1_0 
            where
                s1_0.student_id=a1_0.student_id 
                and s1_0.class_name=?)
        )
2026-06-09 14:33:42.301 [http-nio-0.0.0.0-8080-exec-8] DEBUG org.hibernate.SQL - 
    select
        count_big(a1_0.id) 
    from
        attendance a1_0 
    where
        a1_0.student_status=? 
        and a1_0.check_in_time between ? and ? 
        and a1_0.course_id in (?) 
        and exists(select
            cs1_0.id from course_selection cs1_0 
        where
            cs1_0.student_id=a1_0.student_id 
            and cs1_0.course_id=a1_0.course_id 
            and cs1_0.status=1) 
        and (
            ? is null 
            or ?='' 
            or exists(select
                s1_0.student_id from student s1_0 
            where
                s1_0.student_id=a1_0.student_id 
                and s1_0.class_name=?)
        )
2026-06-09 14:33:42.330 [http-nio-0.0.0.0-8080-exec-8] DEBUG org.hibernate.SQL - 
    select
        count_big(a1_0.id) 
    from
        attendance a1_0 
    where
        a1_0.student_status=? 
        and a1_0.check_in_time between ? and ? 
        and a1_0.course_id in (?) 
        and exists(select
            cs1_0.id from course_selection cs1_0 
        where
            cs1_0.student_id=a1_0.student_id 
            and cs1_0.course_id=a1_0.course_id 
            and cs1_0.status=1) 
        and (
            ? is null 
            or ?='' 
            or exists(select
                s1_0.student_id from student s1_0 
            where
                s1_0.student_id=a1_0.student_id 
                and s1_0.class_name=?)
        )
2026-06-09 14:33:42.336 [http-nio-0.0.0.0-8080-exec-8] DEBUG org.hibernate.SQL - 
    select
        count_big(a1_0.id) 
    from
        attendance a1_0 
    where
        a1_0.student_status=? 
        and a1_0.check_in_time between ? and ? 
        and a1_0.course_id in (?) 
        and exists(select
            cs1_0.id from course_selection cs1_0 
        where
            cs1_0.student_id=a1_0.student_id 
            and cs1_0.course_id=a1_0.course_id 
            and cs1_0.status=1) 
        and (
            ? is null 
            or ?='' 
            or exists(select
                s1_0.student_id from student s1_0 
            where
                s1_0.student_id=a1_0.student_id 
                and s1_0.class_name=?)
        )
2026-06-09 14:33:42.341 [http-nio-0.0.0.0-8080-exec-8] DEBUG org.hibernate.SQL - 
    select
        count_big(a1_0.id) 
    from
        attendance a1_0 
    where
        a1_0.student_status=? 
        and a1_0.check_in_time between ? and ? 
        and a1_0.course_id in (?) 
        and exists(select
            cs1_0.id from course_selection cs1_0 
        where
            cs1_0.student_id=a1_0.student_id 
            and cs1_0.course_id=a1_0.course_id 
            and cs1_0.status=1) 
        and (
            ? is null 
            or ?='' 
            or exists(select
                s1_0.student_id from student s1_0 
            where
                s1_0.student_id=a1_0.student_id 
                and s1_0.class_name=?)
        )
2026-06-09 14:33:42.345 [http-nio-0.0.0.0-8080-exec-8] DEBUG org.hibernate.SQL - 
    select
        count_big(a1_0.id) 
    from
        attendance a1_0 
    where
        a1_0.student_status=? 
        and a1_0.check_in_time between ? and ? 
        and a1_0.course_id in (?) 
        and exists(select
            cs1_0.id from course_selection cs1_0 
        where
            cs1_0.student_id=a1_0.student_id 
            and cs1_0.course_id=a1_0.course_id 
            and cs1_0.status=1) 
        and (
            ? is null 
            or ?='' 
            or exists(select
                s1_0.student_id from student s1_0 
            where
                s1_0.student_id=a1_0.student_id 
                and s1_0.class_name=?)
        )
2026-06-09 14:33:42.347 [http-nio-0.0.0.0-8080-exec-8] DEBUG org.hibernate.SQL - 
    select
        count_big(a1_0.id) 
    from
        attendance a1_0 
    where
        a1_0.student_status=? 
        and a1_0.check_in_time between ? and ? 
        and a1_0.course_id in (?) 
        and exists(select
            cs1_0.id from course_selection cs1_0 
        where
            cs1_0.student_id=a1_0.student_id 
            and cs1_0.course_id=a1_0.course_id 
            and cs1_0.status=1) 
        and (
            ? is null 
            or ?='' 
            or exists(select
                s1_0.student_id from student s1_0 
            where
                s1_0.student_id=a1_0.student_id 
                and s1_0.class_name=?)
        )
2026-06-09 14:33:42.354 [http-nio-0.0.0.0-8080-exec-8] DEBUG org.hibernate.SQL - 
    select
        count_big(a1_0.id) 
    from
        attendance a1_0 
    where
        a1_0.student_status=? 
        and a1_0.check_in_time between ? and ? 
        and a1_0.course_id in (?) 
        and exists(select
            cs1_0.id from course_selection cs1_0 
        where
            cs1_0.student_id=a1_0.student_id 
            and cs1_0.course_id=a1_0.course_id 
            and cs1_0.status=1) 
        and (
            ? is null 
            or ?='' 
            or exists(select
                s1_0.student_id from student s1_0 
            where
                s1_0.student_id=a1_0.student_id 
                and s1_0.class_name=?)
        )
2026-06-09 14:33:42.359 [http-nio-0.0.0.0-8080-exec-8] DEBUG org.hibernate.SQL - 
    select
        count_big(a1_0.id) 
    from
        attendance a1_0 
    where
        a1_0.student_status=? 
        and a1_0.check_in_time between ? and ? 
        and a1_0.course_id in (?) 
        and exists(select
            cs1_0.id from course_selection cs1_0 
        where
            cs1_0.student_id=a1_0.student_id 
            and cs1_0.course_id=a1_0.course_id 
            and cs1_0.status=1) 
        and (
            ? is null 
            or ?='' 
            or exists(select
                s1_0.student_id from student s1_0 
            where
                s1_0.student_id=a1_0.student_id 
                and s1_0.class_name=?)
        )
2026-06-09 14:33:42.370 [http-nio-0.0.0.0-8080-exec-8] DEBUG org.hibernate.SQL - 
    select
        count_big(a1_0.id) 
    from
        attendance a1_0 
    where
        a1_0.student_status=? 
        and a1_0.check_in_time between ? and ? 
        and a1_0.course_id in (?) 
        and exists(select
            cs1_0.id from course_selection cs1_0 
        where
            cs1_0.student_id=a1_0.student_id 
            and cs1_0.course_id=a1_0.course_id 
            and cs1_0.status=1) 
        and (
            ? is null 
            or ?='' 
            or exists(select
                s1_0.student_id from student s1_0 
            where
                s1_0.student_id=a1_0.student_id 
                and s1_0.class_name=?)
        )
2026-06-09 14:33:42.380 [http-nio-0.0.0.0-8080-exec-8] DEBUG org.hibernate.SQL - 
    select
        count_big(a1_0.id) 
    from
        attendance a1_0 
    where
        a1_0.student_status=? 
        and a1_0.check_in_time between ? and ? 
        and a1_0.course_id in (?) 
        and exists(select
            cs1_0.id from course_selection cs1_0 
        where
            cs1_0.student_id=a1_0.student_id 
            and cs1_0.course_id=a1_0.course_id 
            and cs1_0.status=1) 
        and (
            ? is null 
            or ?='' 
            or exists(select
                s1_0.student_id from student s1_0 
            where
                s1_0.student_id=a1_0.student_id 
                and s1_0.class_name=?)
        )
2026-06-09 14:33:42.387 [http-nio-0.0.0.0-8080-exec-8] DEBUG org.hibernate.SQL - 
    select
        count_big(a1_0.id) 
    from
        attendance a1_0 
    where
        a1_0.student_status=? 
        and a1_0.check_in_time between ? and ? 
        and a1_0.course_id in (?) 
        and exists(select
            cs1_0.id from course_selection cs1_0 
        where
            cs1_0.student_id=a1_0.student_id 
            and cs1_0.course_id=a1_0.course_id 
            and cs1_0.status=1) 
        and (
            ? is null 
            or ?='' 
            or exists(select
                s1_0.student_id from student s1_0 
            where
                s1_0.student_id=a1_0.student_id 
                and s1_0.class_name=?)
        )
2026-06-09 14:33:42.403 [http-nio-0.0.0.0-8080-exec-8] DEBUG org.hibernate.SQL - 
    select
        count_big(a1_0.id) 
    from
        attendance a1_0 
    where
        a1_0.student_status=? 
        and a1_0.check_in_time between ? and ? 
        and a1_0.course_id in (?) 
        and exists(select
            cs1_0.id from course_selection cs1_0 
        where
            cs1_0.student_id=a1_0.student_id 
            and cs1_0.course_id=a1_0.course_id 
            and cs1_0.status=1) 
        and (
            ? is null 
            or ?='' 
            or exists(select
                s1_0.student_id from student s1_0 
            where
                s1_0.student_id=a1_0.student_id 
                and s1_0.class_name=?)
        )
2026-06-09 14:33:42.411 [http-nio-0.0.0.0-8080-exec-8] DEBUG org.hibernate.SQL - 
    select
        count_big(a1_0.id) 
    from
        attendance a1_0 
    where
        a1_0.student_status=? 
        and a1_0.check_in_time between ? and ? 
        and a1_0.course_id in (?) 
        and exists(select
            cs1_0.id from course_selection cs1_0 
        where
            cs1_0.student_id=a1_0.student_id 
            and cs1_0.course_id=a1_0.course_id 
            and cs1_0.status=1) 
        and (
            ? is null 
            or ?='' 
            or exists(select
                s1_0.student_id from student s1_0 
            where
                s1_0.student_id=a1_0.student_id 
                and s1_0.class_name=?)
        )
2026-06-09 14:33:42.413 [http-nio-0.0.0.0-8080-exec-8] DEBUG org.hibernate.SQL - 
    select
        count_big(a1_0.id) 
    from
        attendance a1_0 
    where
        a1_0.student_status=? 
        and a1_0.check_in_time between ? and ? 
        and a1_0.course_id in (?) 
        and exists(select
            cs1_0.id from course_selection cs1_0 
        where
            cs1_0.student_id=a1_0.student_id 
            and cs1_0.course_id=a1_0.course_id 
            and cs1_0.status=1) 
        and (
            ? is null 
            or ?='' 
            or exists(select
                s1_0.student_id from student s1_0 
            where
                s1_0.student_id=a1_0.student_id 
                and s1_0.class_name=?)
        )
2026-06-09 14:33:42.421 [http-nio-0.0.0.0-8080-exec-8] DEBUG org.hibernate.SQL - 
    select
        count_big(a1_0.id) 
    from
        attendance a1_0 
    where
        a1_0.student_status=? 
        and a1_0.check_in_time between ? and ? 
        and a1_0.course_id in (?) 
        and exists(select
            cs1_0.id from course_selection cs1_0 
        where
            cs1_0.student_id=a1_0.student_id 
            and cs1_0.course_id=a1_0.course_id 
            and cs1_0.status=1) 
        and (
            ? is null 
            or ?='' 
            or exists(select
                s1_0.student_id from student s1_0 
            where
                s1_0.student_id=a1_0.student_id 
                and s1_0.class_name=?)
        )
2026-06-09 14:33:42.424 [http-nio-0.0.0.0-8080-exec-8] DEBUG org.hibernate.SQL - 
    select
        count_big(a1_0.id) 
    from
        attendance a1_0 
    where
        a1_0.student_status=? 
        and a1_0.check_in_time between ? and ? 
        and a1_0.course_id in (?) 
        and exists(select
            cs1_0.id from course_selection cs1_0 
        where
            cs1_0.student_id=a1_0.student_id 
            and cs1_0.course_id=a1_0.course_id 
            and cs1_0.status=1) 
        and (
            ? is null 
            or ?='' 
            or exists(select
                s1_0.student_id from student s1_0 
            where
                s1_0.student_id=a1_0.student_id 
                and s1_0.class_name=?)
        )
2026-06-09 14:33:42.440 [http-nio-0.0.0.0-8080-exec-8] DEBUG org.hibernate.SQL - 
    select
        count_big(a1_0.id) 
    from
        attendance a1_0 
    where
        a1_0.student_status=? 
        and a1_0.check_in_time between ? and ? 
        and a1_0.course_id in (?) 
        and exists(select
            cs1_0.id from course_selection cs1_0 
        where
            cs1_0.student_id=a1_0.student_id 
            and cs1_0.course_id=a1_0.course_id 
            and cs1_0.status=1) 
        and (
            ? is null 
            or ?='' 
            or exists(select
                s1_0.student_id from student s1_0 
            where
                s1_0.student_id=a1_0.student_id 
                and s1_0.class_name=?)
        )
2026-06-09 14:33:42.445 [http-nio-0.0.0.0-8080-exec-8] DEBUG org.hibernate.SQL - 
    select
        count_big(a1_0.id) 
    from
        attendance a1_0 
    where
        a1_0.student_status=? 
        and a1_0.check_in_time between ? and ? 
        and a1_0.course_id in (?) 
        and exists(select
            cs1_0.id from course_selection cs1_0 
        where
            cs1_0.student_id=a1_0.student_id 
            and cs1_0.course_id=a1_0.course_id 
            and cs1_0.status=1) 
        and (
            ? is null 
            or ?='' 
            or exists(select
                s1_0.student_id from student s1_0 
            where
                s1_0.student_id=a1_0.student_id 
                and s1_0.class_name=?)
        )
2026-06-09 14:33:42.450 [http-nio-0.0.0.0-8080-exec-8] DEBUG org.hibernate.SQL - 
    select
        count_big(a1_0.id) 
    from
        attendance a1_0 
    where
        a1_0.student_status=? 
        and a1_0.check_in_time between ? and ? 
        and a1_0.course_id in (?) 
        and exists(select
            cs1_0.id from course_selection cs1_0 
        where
            cs1_0.student_id=a1_0.student_id 
            and cs1_0.course_id=a1_0.course_id 
            and cs1_0.status=1) 
        and (
            ? is null 
            or ?='' 
            or exists(select
                s1_0.student_id from student s1_0 
            where
                s1_0.student_id=a1_0.student_id 
                and s1_0.class_name=?)
        )
2026-06-09 14:33:42.456 [http-nio-0.0.0.0-8080-exec-8] DEBUG org.hibernate.SQL - 
    select
        count_big(a1_0.id) 
    from
        attendance a1_0 
    where
        a1_0.student_status=? 
        and a1_0.check_in_time between ? and ? 
        and a1_0.course_id in (?) 
        and exists(select
            cs1_0.id from course_selection cs1_0 
        where
            cs1_0.student_id=a1_0.student_id 
            and cs1_0.course_id=a1_0.course_id 
            and cs1_0.status=1) 
        and (
            ? is null 
            or ?='' 
            or exists(select
                s1_0.student_id from student s1_0 
            where
                s1_0.student_id=a1_0.student_id 
                and s1_0.class_name=?)
        )
2026-06-09 14:33:42.462 [http-nio-0.0.0.0-8080-exec-8] DEBUG org.hibernate.SQL - 
    select
        count_big(a1_0.id) 
    from
        attendance a1_0 
    where
        a1_0.student_status=? 
        and a1_0.check_in_time between ? and ? 
        and a1_0.course_id in (?) 
        and exists(select
            cs1_0.id from course_selection cs1_0 
        where
            cs1_0.student_id=a1_0.student_id 
            and cs1_0.course_id=a1_0.course_id 
            and cs1_0.status=1) 
        and (
            ? is null 
            or ?='' 
            or exists(select
                s1_0.student_id from student s1_0 
            where
                s1_0.student_id=a1_0.student_id 
                and s1_0.class_name=?)
        )
2026-06-09 14:33:42.466 [http-nio-0.0.0.0-8080-exec-8] DEBUG org.hibernate.SQL - 
    select
        count_big(a1_0.id) 
    from
        attendance a1_0 
    where
        a1_0.student_status=? 
        and a1_0.check_in_time between ? and ? 
        and a1_0.course_id in (?) 
        and exists(select
            cs1_0.id from course_selection cs1_0 
        where
            cs1_0.student_id=a1_0.student_id 
            and cs1_0.course_id=a1_0.course_id 
            and cs1_0.status=1) 
        and (
            ? is null 
            or ?='' 
            or exists(select
                s1_0.student_id from student s1_0 
            where
                s1_0.student_id=a1_0.student_id 
                and s1_0.class_name=?)
        )
2026-06-09 14:33:42.477 [http-nio-0.0.0.0-8080-exec-8] DEBUG org.hibernate.SQL - 
    select
        count_big(a1_0.id) 
    from
        attendance a1_0 
    where
        a1_0.student_status=? 
        and a1_0.check_in_time between ? and ? 
        and a1_0.course_id in (?) 
        and exists(select
            cs1_0.id from course_selection cs1_0 
        where
            cs1_0.student_id=a1_0.student_id 
            and cs1_0.course_id=a1_0.course_id 
            and cs1_0.status=1) 
        and (
            ? is null 
            or ?='' 
            or exists(select
                s1_0.student_id from student s1_0 
            where
                s1_0.student_id=a1_0.student_id 
                and s1_0.class_name=?)
        )
2026-06-09 14:33:42.482 [http-nio-0.0.0.0-8080-exec-8] DEBUG org.hibernate.SQL - 
    select
        count_big(a1_0.id) 
    from
        attendance a1_0 
    where
        a1_0.student_status=? 
        and a1_0.check_in_time between ? and ? 
        and a1_0.course_id in (?) 
        and exists(select
            cs1_0.id from course_selection cs1_0 
        where
            cs1_0.student_id=a1_0.student_id 
            and cs1_0.course_id=a1_0.course_id 
            and cs1_0.status=1) 
        and (
            ? is null 
            or ?='' 
            or exists(select
                s1_0.student_id from student s1_0 
            where
                s1_0.student_id=a1_0.student_id 
                and s1_0.class_name=?)
        )
2026-06-09 14:33:42.492 [http-nio-0.0.0.0-8080-exec-8] DEBUG org.hibernate.SQL - 
    select
        count_big(a1_0.id) 
    from
        attendance a1_0 
    where
        a1_0.student_status=? 
        and a1_0.check_in_time between ? and ? 
        and a1_0.course_id in (?) 
        and exists(select
            cs1_0.id from course_selection cs1_0 
        where
            cs1_0.student_id=a1_0.student_id 
            and cs1_0.course_id=a1_0.course_id 
            and cs1_0.status=1) 
        and (
            ? is null 
            or ?='' 
            or exists(select
                s1_0.student_id from student s1_0 
            where
                s1_0.student_id=a1_0.student_id 
                and s1_0.class_name=?)
        )
2026-06-09 14:33:42.497 [http-nio-0.0.0.0-8080-exec-8] DEBUG org.hibernate.SQL - 
    select
        count_big(a1_0.id) 
    from
        attendance a1_0 
    where
        a1_0.student_status=? 
        and a1_0.check_in_time between ? and ? 
        and a1_0.course_id in (?) 
        and exists(select
            cs1_0.id from course_selection cs1_0 
        where
            cs1_0.student_id=a1_0.student_id 
            and cs1_0.course_id=a1_0.course_id 
            and cs1_0.status=1) 
        and (
            ? is null 
            or ?='' 
            or exists(select
                s1_0.student_id from student s1_0 
            where
                s1_0.student_id=a1_0.student_id 
                and s1_0.class_name=?)
        )
2026-06-09 14:33:42.500 [http-nio-0.0.0.0-8080-exec-8] DEBUG org.hibernate.SQL - 
    select
        count_big(a1_0.id) 
    from
        attendance a1_0 
    where
        a1_0.student_status=? 
        and a1_0.check_in_time between ? and ? 
        and a1_0.course_id in (?) 
        and exists(select
            cs1_0.id from course_selection cs1_0 
        where
            cs1_0.student_id=a1_0.student_id 
            and cs1_0.course_id=a1_0.course_id 
            and cs1_0.status=1) 
        and (
            ? is null 
            or ?='' 
            or exists(select
                s1_0.student_id from student s1_0 
            where
                s1_0.student_id=a1_0.student_id 
                and s1_0.class_name=?)
        )
2026-06-09 14:33:42.500 [http-nio-0.0.0.0-8080-exec-8] DEBUG org.hibernate.SQL - 
    select
        count_big(a1_0.id) 
    from
        attendance a1_0 
    where
        a1_0.student_status=? 
        and a1_0.check_in_time between ? and ? 
        and a1_0.course_id in (?) 
        and exists(select
            cs1_0.id from course_selection cs1_0 
        where
            cs1_0.student_id=a1_0.student_id 
            and cs1_0.course_id=a1_0.course_id 
            and cs1_0.status=1) 
        and (
            ? is null 
            or ?='' 
            or exists(select
                s1_0.student_id from student s1_0 
            where
                s1_0.student_id=a1_0.student_id 
                and s1_0.class_name=?)
        )
2026-06-09 14:33:42.511 [http-nio-0.0.0.0-8080-exec-8] DEBUG org.hibernate.SQL - 
    select
        count_big(a1_0.id) 
    from
        attendance a1_0 
    where
        a1_0.student_status=? 
        and a1_0.check_in_time between ? and ? 
        and a1_0.course_id in (?) 
        and exists(select
            cs1_0.id from course_selection cs1_0 
        where
            cs1_0.student_id=a1_0.student_id 
            and cs1_0.course_id=a1_0.course_id 
            and cs1_0.status=1) 
        and (
            ? is null 
            or ?='' 
            or exists(select
                s1_0.student_id from student s1_0 
            where
                s1_0.student_id=a1_0.student_id 
                and s1_0.class_name=?)
        )
2026-06-09 14:33:42.517 [http-nio-0.0.0.0-8080-exec-8] DEBUG org.hibernate.SQL - 
    select
        count_big(a1_0.id) 
    from
        attendance a1_0 
    where
        a1_0.student_status=? 
        and a1_0.check_in_time between ? and ? 
        and a1_0.course_id in (?) 
        and exists(select
            cs1_0.id from course_selection cs1_0 
        where
            cs1_0.student_id=a1_0.student_id 
            and cs1_0.course_id=a1_0.course_id 
            and cs1_0.status=1) 
        and (
            ? is null 
            or ?='' 
            or exists(select
                s1_0.student_id from student s1_0 
            where
                s1_0.student_id=a1_0.student_id 
                and s1_0.class_name=?)
        )
2026-06-09 14:33:42.524 [http-nio-0.0.0.0-8080-exec-8] DEBUG org.hibernate.SQL - 
    select
        count_big(a1_0.id) 
    from
        attendance a1_0 
    where
        a1_0.student_status=? 
        and a1_0.check_in_time between ? and ? 
        and a1_0.course_id in (?) 
        and exists(select
            cs1_0.id from course_selection cs1_0 
        where
            cs1_0.student_id=a1_0.student_id 
            and cs1_0.course_id=a1_0.course_id 
            and cs1_0.status=1) 
        and (
            ? is null 
            or ?='' 
            or exists(select
                s1_0.student_id from student s1_0 
            where
                s1_0.student_id=a1_0.student_id 
                and s1_0.class_name=?)
        )
2026-06-09 14:33:42.529 [http-nio-0.0.0.0-8080-exec-8] DEBUG org.hibernate.SQL - 
    select
        count_big(a1_0.id) 
    from
        attendance a1_0 
    where
        a1_0.student_status=? 
        and a1_0.check_in_time between ? and ? 
        and a1_0.course_id in (?) 
        and exists(select
            cs1_0.id from course_selection cs1_0 
        where
            cs1_0.student_id=a1_0.student_id 
            and cs1_0.course_id=a1_0.course_id 
            and cs1_0.status=1) 
        and (
            ? is null 
            or ?='' 
            or exists(select
                s1_0.student_id from student s1_0 
            where
                s1_0.student_id=a1_0.student_id 
                and s1_0.class_name=?)
        )
2026-06-09 14:33:42.533 [http-nio-0.0.0.0-8080-exec-8] DEBUG org.hibernate.SQL - 
    select
        count_big(a1_0.id) 
    from
        attendance a1_0 
    where
        a1_0.student_status=? 
        and a1_0.check_in_time between ? and ? 
        and a1_0.course_id in (?) 
        and exists(select
            cs1_0.id from course_selection cs1_0 
        where
            cs1_0.student_id=a1_0.student_id 
            and cs1_0.course_id=a1_0.course_id 
            and cs1_0.status=1) 
        and (
            ? is null 
            or ?='' 
            or exists(select
                s1_0.student_id from student s1_0 
            where
                s1_0.student_id=a1_0.student_id 
                and s1_0.class_name=?)
        )
2026-06-09 14:33:42.542 [http-nio-0.0.0.0-8080-exec-8] DEBUG org.hibernate.SQL - 
    select
        count_big(a1_0.id) 
    from
        attendance a1_0 
    where
        a1_0.student_status=? 
        and a1_0.check_in_time between ? and ? 
        and a1_0.course_id in (?) 
        and exists(select
            cs1_0.id from course_selection cs1_0 
        where
            cs1_0.student_id=a1_0.student_id 
            and cs1_0.course_id=a1_0.course_id 
            and cs1_0.status=1) 
        and (
            ? is null 
            or ?='' 
            or exists(select
                s1_0.student_id from student s1_0 
            where
                s1_0.student_id=a1_0.student_id 
                and s1_0.class_name=?)
        )
2026-06-09 14:33:42.550 [http-nio-0.0.0.0-8080-exec-8] DEBUG org.hibernate.SQL - 
    select
        count_big(a1_0.id) 
    from
        attendance a1_0 
    where
        a1_0.student_status=? 
        and a1_0.check_in_time between ? and ? 
        and a1_0.course_id in (?) 
        and exists(select
            cs1_0.id from course_selection cs1_0 
        where
            cs1_0.student_id=a1_0.student_id 
            and cs1_0.course_id=a1_0.course_id 
            and cs1_0.status=1) 
        and (
            ? is null 
            or ?='' 
            or exists(select
                s1_0.student_id from student s1_0 
            where
                s1_0.student_id=a1_0.student_id 
                and s1_0.class_name=?)
        )
2026-06-09 14:33:42.571 [http-nio-0.0.0.0-8080-exec-8] DEBUG org.hibernate.SQL - 
    select
        count_big(a1_0.id) 
    from
        attendance a1_0 
    where
        a1_0.student_status=? 
        and a1_0.check_in_time between ? and ? 
        and a1_0.course_id in (?) 
        and exists(select
            cs1_0.id from course_selection cs1_0 
        where
            cs1_0.student_id=a1_0.student_id 
            and cs1_0.course_id=a1_0.course_id 
            and cs1_0.status=1) 
        and (
            ? is null 
            or ?='' 
            or exists(select
                s1_0.student_id from student s1_0 
            where
                s1_0.student_id=a1_0.student_id 
                and s1_0.class_name=?)
        )
2026-06-09 14:33:42.588 [http-nio-0.0.0.0-8080-exec-8] DEBUG org.hibernate.SQL - 
    select
        distinct s1_0.class_name 
    from
        course_selection cs1_0 
    join
        student s1_0 
            on cs1_0.student_id=s1_0.student_id 
    where
        cs1_0.course_id in (?)
2026-06-09 14:33:42.593 [http-nio-0.0.0.0-8080-exec-8] DEBUG org.hibernate.SQL - 
    select
        count_big(a1_0.id) 
    from
        attendance a1_0 
    where
        a1_0.check_in_time between ? and ? 
        and a1_0.course_id in (?) 
        and exists(select
            cs1_0.id from course_selection cs1_0 
        where
            cs1_0.student_id=a1_0.student_id 
            and cs1_0.course_id=a1_0.course_id 
            and cs1_0.status=1) 
        and (
            ? is null 
            or ?='' 
            or exists(select
                s1_0.student_id from student s1_0 
            where
                s1_0.student_id=a1_0.student_id 
                and s1_0.class_name=?)
        )
2026-06-09 14:33:42.600 [http-nio-0.0.0.0-8080-exec-8] DEBUG org.hibernate.SQL - 
    select
        count_big(a1_0.id) 
    from
        attendance a1_0 
    where
        a1_0.student_status=? 
        and a1_0.check_in_time between ? and ? 
        and a1_0.course_id in (?) 
        and exists(select
            cs1_0.id from course_selection cs1_0 
        where
            cs1_0.student_id=a1_0.student_id 
            and cs1_0.course_id=a1_0.course_id 
            and cs1_0.status=1) 
        and (
            ? is null 
            or ?='' 
            or exists(select
                s1_0.student_id from student s1_0 
            where
                s1_0.student_id=a1_0.student_id 
                and s1_0.class_name=?)
        )
2026-06-09 14:33:42.603 [http-nio-0.0.0.0-8080-exec-8] DEBUG org.hibernate.SQL - 
    select
        count_big(a1_0.id) 
    from
        attendance a1_0 
    where
        a1_0.check_in_time between ? and ? 
        and a1_0.course_id in (?) 
        and exists(select
            cs1_0.id from course_selection cs1_0 
        where
            cs1_0.student_id=a1_0.student_id 
            and cs1_0.course_id=a1_0.course_id 
            and cs1_0.status=1) 
        and (
            ? is null 
            or ?='' 
            or exists(select
                s1_0.student_id from student s1_0 
            where
                s1_0.student_id=a1_0.student_id 
                and s1_0.class_name=?)
        )
2026-06-09 14:33:42.610 [http-nio-0.0.0.0-8080-exec-8] DEBUG org.hibernate.SQL - 
    select
        count_big(a1_0.id) 
    from
        attendance a1_0 
    where
        a1_0.student_status=? 
        and a1_0.check_in_time between ? and ? 
        and a1_0.course_id in (?) 
        and exists(select
            cs1_0.id from course_selection cs1_0 
        where
            cs1_0.student_id=a1_0.student_id 
            and cs1_0.course_id=a1_0.course_id 
            and cs1_0.status=1) 
        and (
            ? is null 
            or ?='' 
            or exists(select
                s1_0.student_id from student s1_0 
            where
                s1_0.student_id=a1_0.student_id 
                and s1_0.class_name=?)
        )
2026-06-09 14:33:42.614 [http-nio-0.0.0.0-8080-exec-8] DEBUG org.hibernate.SQL - 
    select
        count_big(a1_0.id) 
    from
        attendance a1_0 
    where
        a1_0.check_in_time between ? and ? 
        and a1_0.course_id in (?) 
        and exists(select
            cs1_0.id from course_selection cs1_0 
        where
            cs1_0.student_id=a1_0.student_id 
            and cs1_0.course_id=a1_0.course_id 
            and cs1_0.status=1) 
        and (
            ? is null 
            or ?='' 
            or exists(select
                s1_0.student_id from student s1_0 
            where
                s1_0.student_id=a1_0.student_id 
                and s1_0.class_name=?)
        )
2026-06-09 14:33:42.626 [http-nio-0.0.0.0-8080-exec-8] DEBUG org.hibernate.SQL - 
    select
        count_big(a1_0.id) 
    from
        attendance a1_0 
    where
        a1_0.student_status=? 
        and a1_0.check_in_time between ? and ? 
        and a1_0.course_id in (?) 
        and exists(select
            cs1_0.id from course_selection cs1_0 
        where
            cs1_0.student_id=a1_0.student_id 
            and cs1_0.course_id=a1_0.course_id 
            and cs1_0.status=1) 
        and (
            ? is null 
            or ?='' 
            or exists(select
                s1_0.student_id from student s1_0 
            where
                s1_0.student_id=a1_0.student_id 
                and s1_0.class_name=?)
        )
2026-06-09 14:33:42.634 [http-nio-0.0.0.0-8080-exec-8] DEBUG org.hibernate.SQL - 
    select
        count_big(a1_0.id) 
    from
        attendance a1_0 
    where
        a1_0.check_in_time between ? and ? 
        and a1_0.course_id in (?) 
        and exists(select
            cs1_0.id from course_selection cs1_0 
        where
            cs1_0.student_id=a1_0.student_id 
            and cs1_0.course_id=a1_0.course_id 
            and cs1_0.status=1) 
        and (
            ? is null 
            or ?='' 
            or exists(select
                s1_0.student_id from student s1_0 
            where
                s1_0.student_id=a1_0.student_id 
                and s1_0.class_name=?)
        )
2026-06-09 14:33:42.641 [http-nio-0.0.0.0-8080-exec-8] DEBUG org.hibernate.SQL - 
    select
        count_big(a1_0.id) 
    from
        attendance a1_0 
    where
        a1_0.student_status=? 
        and a1_0.check_in_time between ? and ? 
        and a1_0.course_id in (?) 
        and exists(select
            cs1_0.id from course_selection cs1_0 
        where
            cs1_0.student_id=a1_0.student_id 
            and cs1_0.course_id=a1_0.course_id 
            and cs1_0.status=1) 
        and (
            ? is null 
            or ?='' 
            or exists(select
                s1_0.student_id from student s1_0 
            where
                s1_0.student_id=a1_0.student_id 
                and s1_0.class_name=?)
        )
2026-06-09 14:33:42.651 [http-nio-0.0.0.0-8080-exec-8] DEBUG org.hibernate.SQL - 
    select
        count_big(a1_0.id) 
    from
        attendance a1_0 
    where
        a1_0.check_in_time between ? and ? 
        and a1_0.course_id in (?) 
        and exists(select
            cs1_0.id from course_selection cs1_0 
        where
            cs1_0.student_id=a1_0.student_id 
            and cs1_0.course_id=a1_0.course_id 
            and cs1_0.status=1) 
        and (
            ? is null 
            or ?='' 
            or exists(select
                s1_0.student_id from student s1_0 
            where
                s1_0.student_id=a1_0.student_id 
                and s1_0.class_name=?)
        )
2026-06-09 14:33:42.656 [http-nio-0.0.0.0-8080-exec-8] DEBUG org.hibernate.SQL - 
    select
        count_big(a1_0.id) 
    from
        attendance a1_0 
    where
        a1_0.student_status=? 
        and a1_0.check_in_time between ? and ? 
        and a1_0.course_id in (?) 
        and exists(select
            cs1_0.id from course_selection cs1_0 
        where
            cs1_0.student_id=a1_0.student_id 
            and cs1_0.course_id=a1_0.course_id 
            and cs1_0.status=1) 
        and (
            ? is null 
            or ?='' 
            or exists(select
                s1_0.student_id from student s1_0 
            where
                s1_0.student_id=a1_0.student_id 
                and s1_0.class_name=?)
        )
2026-06-09 14:33:42.665 [http-nio-0.0.0.0-8080-exec-8] DEBUG org.hibernate.SQL - 
    select
        count_big(a1_0.id) 
    from
        attendance a1_0 
    where
        a1_0.check_in_time between ? and ? 
        and a1_0.course_id in (?) 
        and exists(select
            cs1_0.id from course_selection cs1_0 
        where
            cs1_0.student_id=a1_0.student_id 
            and cs1_0.course_id=a1_0.course_id 
            and cs1_0.status=1) 
        and (
            ? is null 
            or ?='' 
            or exists(select
                s1_0.student_id from student s1_0 
            where
                s1_0.student_id=a1_0.student_id 
                and s1_0.class_name=?)
        )
2026-06-09 14:33:42.671 [http-nio-0.0.0.0-8080-exec-8] DEBUG org.hibernate.SQL - 
    select
        count_big(a1_0.id) 
    from
        attendance a1_0 
    where
        a1_0.student_status=? 
        and a1_0.check_in_time between ? and ? 
        and a1_0.course_id in (?) 
        and exists(select
            cs1_0.id from course_selection cs1_0 
        where
            cs1_0.student_id=a1_0.student_id 
            and cs1_0.course_id=a1_0.course_id 
            and cs1_0.status=1) 
        and (
            ? is null 
            or ?='' 
            or exists(select
                s1_0.student_id from student s1_0 
            where
                s1_0.student_id=a1_0.student_id 
                and s1_0.class_name=?)
        )
2026-06-09 14:33:42.672 [http-nio-0.0.0.0-8080-exec-8] DEBUG org.hibernate.SQL - 
    select
        count_big(a1_0.id) 
    from
        attendance a1_0 
    where
        a1_0.check_in_time between ? and ? 
        and a1_0.course_id in (?) 
        and exists(select
            cs1_0.id from course_selection cs1_0 
        where
            cs1_0.student_id=a1_0.student_id 
            and cs1_0.course_id=a1_0.course_id 
            and cs1_0.status=1) 
        and (
            ? is null 
            or ?='' 
            or exists(select
                s1_0.student_id from student s1_0 
            where
                s1_0.student_id=a1_0.student_id 
                and s1_0.class_name=?)
        )
2026-06-09 14:33:42.676 [http-nio-0.0.0.0-8080-exec-8] DEBUG org.hibernate.SQL - 
    select
        count_big(a1_0.id) 
    from
        attendance a1_0 
    where
        a1_0.student_status=? 
        and a1_0.check_in_time between ? and ? 
        and a1_0.course_id in (?) 
        and exists(select
            cs1_0.id from course_selection cs1_0 
        where
            cs1_0.student_id=a1_0.student_id 
            and cs1_0.course_id=a1_0.course_id 
            and cs1_0.status=1) 
        and (
            ? is null 
            or ?='' 
            or exists(select
                s1_0.student_id from student s1_0 
            where
                s1_0.student_id=a1_0.student_id 
                and s1_0.class_name=?)
        )
2026-06-09 14:33:42.683 [http-nio-0.0.0.0-8080-exec-8] DEBUG org.hibernate.SQL - 
    select
        count_big(a1_0.id) 
    from
        attendance a1_0 
    where
        a1_0.check_in_time between ? and ? 
        and a1_0.course_id in (?) 
        and exists(select
            cs1_0.id from course_selection cs1_0 
        where
            cs1_0.student_id=a1_0.student_id 
            and cs1_0.course_id=a1_0.course_id 
            and cs1_0.status=1) 
        and (
            ? is null 
            or ?='' 
            or exists(select
                s1_0.student_id from student s1_0 
            where
                s1_0.student_id=a1_0.student_id 
                and s1_0.class_name=?)
        )
2026-06-09 14:33:42.687 [http-nio-0.0.0.0-8080-exec-8] DEBUG org.hibernate.SQL - 
    select
        count_big(a1_0.id) 
    from
        attendance a1_0 
    where
        a1_0.student_status=? 
        and a1_0.check_in_time between ? and ? 
        and a1_0.course_id in (?) 
        and exists(select
            cs1_0.id from course_selection cs1_0 
        where
            cs1_0.student_id=a1_0.student_id 
            and cs1_0.course_id=a1_0.course_id 
            and cs1_0.status=1) 
        and (
            ? is null 
            or ?='' 
            or exists(select
                s1_0.student_id from student s1_0 
            where
                s1_0.student_id=a1_0.student_id 
                and s1_0.class_name=?)
        )
2026-06-09 14:33:42.694 [http-nio-0.0.0.0-8080-exec-8] DEBUG org.hibernate.SQL - 
    select
        count_big(a1_0.id) 
    from
        attendance a1_0 
    where
        a1_0.check_in_time between ? and ? 
        and a1_0.course_id in (?) 
        and exists(select
            cs1_0.id from course_selection cs1_0 
        where
            cs1_0.student_id=a1_0.student_id 
            and cs1_0.course_id=a1_0.course_id 
            and cs1_0.status=1) 
        and (
            ? is null 
            or ?='' 
            or exists(select
                s1_0.student_id from student s1_0 
            where
                s1_0.student_id=a1_0.student_id 
                and s1_0.class_name=?)
        )
2026-06-09 14:33:42.701 [http-nio-0.0.0.0-8080-exec-8] DEBUG org.hibernate.SQL - 
    select
        count_big(a1_0.id) 
    from
        attendance a1_0 
    where
        a1_0.student_status=? 
        and a1_0.check_in_time between ? and ? 
        and a1_0.course_id in (?) 
        and exists(select
            cs1_0.id from course_selection cs1_0 
        where
            cs1_0.student_id=a1_0.student_id 
            and cs1_0.course_id=a1_0.course_id 
            and cs1_0.status=1) 
        and (
            ? is null 
            or ?='' 
            or exists(select
                s1_0.student_id from student s1_0 
            where
                s1_0.student_id=a1_0.student_id 
                and s1_0.class_name=?)
        )
2026-06-09 14:33:42.702 [http-nio-0.0.0.0-8080-exec-8] DEBUG org.hibernate.SQL - 
    select
        count_big(a1_0.id) 
    from
        attendance a1_0 
    where
        a1_0.check_in_time between ? and ? 
        and a1_0.course_id in (?) 
        and exists(select
            cs1_0.id from course_selection cs1_0 
        where
            cs1_0.student_id=a1_0.student_id 
            and cs1_0.course_id=a1_0.course_id 
            and cs1_0.status=1) 
        and (
            ? is null 
            or ?='' 
            or exists(select
                s1_0.student_id from student s1_0 
            where
                s1_0.student_id=a1_0.student_id 
                and s1_0.class_name=?)
        )
2026-06-09 14:33:42.710 [http-nio-0.0.0.0-8080-exec-8] DEBUG org.hibernate.SQL - 
    select
        count_big(a1_0.id) 
    from
        attendance a1_0 
    where
        a1_0.student_status=? 
        and a1_0.check_in_time between ? and ? 
        and a1_0.course_id in (?) 
        and exists(select
            cs1_0.id from course_selection cs1_0 
        where
            cs1_0.student_id=a1_0.student_id 
            and cs1_0.course_id=a1_0.course_id 
            and cs1_0.status=1) 
        and (
            ? is null 
            or ?='' 
            or exists(select
                s1_0.student_id from student s1_0 
            where
                s1_0.student_id=a1_0.student_id 
                and s1_0.class_name=?)
        )
2026-06-09 14:33:42.710 [http-nio-0.0.0.0-8080-exec-8] DEBUG org.hibernate.SQL - 
    select
        count_big(a1_0.id) 
    from
        attendance a1_0 
    where
        a1_0.check_in_time between ? and ? 
        and a1_0.course_id in (?) 
        and exists(select
            cs1_0.id from course_selection cs1_0 
        where
            cs1_0.student_id=a1_0.student_id 
            and cs1_0.course_id=a1_0.course_id 
            and cs1_0.status=1) 
        and (
            ? is null 
            or ?='' 
            or exists(select
                s1_0.student_id from student s1_0 
            where
                s1_0.student_id=a1_0.student_id 
                and s1_0.class_name=?)
        )
2026-06-09 14:33:42.719 [http-nio-0.0.0.0-8080-exec-8] DEBUG org.hibernate.SQL - 
    select
        c1_0.id,
        c1_0.class_name,
        c1_0.course_id,
        c1_0.course_name,
        c1_0.create_time,
        c1_0.location,
        c1_0.teacher_id,
        c1_0.teacher_name,
        c1_0.time_slot,
        c1_0.week_day 
    from
        course c1_0 
    where
        c1_0.course_id=?
2026-06-09 14:33:45.361 [http-nio-0.0.0.0-8080-exec-2] DEBUG org.hibernate.SQL - 
    select
        u1_0.id,
        u1_0.class_name,
        u1_0.create_time,
        u1_0.gender,
        u1_0.real_name,
        u1_0.username,
        u1_0.userpassword,
        u1_0.userrole 
    from
        my_user u1_0 
    where
        u1_0.username=?
2026-06-09 14:33:45.361 [http-nio-0.0.0.0-8080-exec-2] DEBUG org.hibernate.SQL - 
    select
        c1_0.id,
        c1_0.class_name,
        c1_0.course_id,
        c1_0.course_name,
        c1_0.create_time,
        c1_0.location,
        c1_0.teacher_id,
        c1_0.teacher_name,
        c1_0.time_slot,
        c1_0.week_day 
    from
        course c1_0 
    where
        c1_0.teacher_id=?
2026-06-09 14:33:45.366 [http-nio-0.0.0.0-8080-exec-2] DEBUG org.hibernate.SQL - 
    select
        count_big(distinct cs1_0.student_id) 
    from
        course_selection cs1_0 
    where
        cs1_0.course_id in (?) 
        and cs1_0.status=1
2026-06-09 14:33:45.374 [http-nio-0.0.0.0-8080-exec-2] DEBUG org.hibernate.SQL - 
    select
        a1_0.id,
        a1_0.check_in_time,
        a1_0.course_id,
        a1_0.create_time,
        a1_0.ip_address,
        a1_0.reason,
        a1_0.sign_in_id,
        a1_0.student_id,
        a1_0.student_name,
        a1_0.student_status,
        a1_0.update_time 
    from
        attendance a1_0 
    where
        a1_0.course_id=?
2026-06-09 14:36:34.728 [http-nio-0.0.0.0-8080-exec-5] DEBUG org.hibernate.SQL - 
    select
        u1_0.id,
        u1_0.class_name,
        u1_0.create_time,
        u1_0.gender,
        u1_0.real_name,
        u1_0.username,
        u1_0.userpassword,
        u1_0.userrole 
    from
        my_user u1_0 
    where
        u1_0.username=?
2026-06-09 14:36:34.756 [http-nio-0.0.0.0-8080-exec-5] WARN  o.s.s.c.bcrypt.BCryptPasswordEncoder - Encoded password does not look like BCrypt
2026-06-09 14:36:34.964 [http-nio-0.0.0.0-8080-exec-5] DEBUG org.hibernate.SQL - 
    update
        my_user 
    set
        class_name=?,
        create_time=?,
        gender=?,
        real_name=?,
        username=?,
        userpassword=?,
        userrole=? 
    where
        id=?
2026-06-09 14:36:36.526 [http-nio-0.0.0.0-8080-exec-8] DEBUG org.hibernate.SQL - 
    select
        u1_0.id,
        u1_0.class_name,
        u1_0.create_time,
        u1_0.gender,
        u1_0.real_name,
        u1_0.username,
        u1_0.userpassword,
        u1_0.userrole 
    from
        my_user u1_0 
    where
        u1_0.username=?
2026-06-09 14:36:36.529 [http-nio-0.0.0.0-8080-exec-8] DEBUG org.hibernate.SQL - 
    select
        cs1_0.id,
        cs1_0.class_name,
        cs1_0.course_id,
        cs1_0.course_name,
        cs1_0.create_time,
        cs1_0.status,
        cs1_0.student_id,
        cs1_0.student_name 
    from
        course_selection cs1_0 
    where
        cs1_0.student_id=? 
        and cs1_0.status=?
2026-06-09 14:36:36.541 [http-nio-0.0.0.0-8080-exec-8] DEBUG org.hibernate.SQL - 
    select
        c1_0.id,
        c1_0.class_name,
        c1_0.course_id,
        c1_0.course_name,
        c1_0.create_time,
        c1_0.location,
        c1_0.teacher_id,
        c1_0.teacher_name,
        c1_0.time_slot,
        c1_0.week_day 
    from
        course c1_0 
    where
        c1_0.course_id=?
2026-06-09 14:36:36.548 [http-nio-0.0.0.0-8080-exec-8] DEBUG org.hibernate.SQL - 
    select
        cs1_0.id,
        cs1_0.class_name,
        cs1_0.course_id,
        cs1_0.course_name,
        cs1_0.create_time,
        cs1_0.status,
        cs1_0.student_id,
        cs1_0.student_name 
    from
        course_selection cs1_0 
    where
        cs1_0.student_id=? 
        and cs1_0.status=?
2026-06-09 14:36:36.550 [http-nio-0.0.0.0-8080-exec-8] DEBUG org.hibernate.SQL - 
    select
        a1_0.id,
        a1_0.check_in_time,
        a1_0.course_id,
        a1_0.create_time,
        a1_0.ip_address,
        a1_0.reason,
        a1_0.sign_in_id,
        a1_0.student_id,
        a1_0.student_name,
        a1_0.student_status,
        a1_0.update_time 
    from
        attendance a1_0 
    where
        a1_0.student_id=?
2026-06-09 14:36:42.740 [http-nio-0.0.0.0-8080-exec-10] DEBUG org.hibernate.SQL - 
    select
        s1_0.student_id,
        s1_0.age,
        s1_0.birth_date,
        s1_0.class_name,
        s1_0.email,
        s1_0.gender,
        s1_0.student_name,
        s1_0.phone 
    from
        student s1_0 
    where
        s1_0.student_id=?
2026-06-09 14:36:47.264 [http-nio-0.0.0.0-8080-exec-9] DEBUG org.hibernate.SQL - 
    select
        s1_0.student_id,
        s1_0.age,
        s1_0.birth_date,
        s1_0.class_name,
        s1_0.email,
        s1_0.gender,
        s1_0.student_name,
        s1_0.phone 
    from
        student s1_0 
    where
        s1_0.student_id=?
2026-06-09 14:40:22.103 [SpringApplicationShutdownHook] INFO  o.s.boot.tomcat.GracefulShutdown - Commencing graceful shutdown. Waiting for active requests to complete
2026-06-09 14:40:22.116 [tomcat-shutdown] INFO  o.s.boot.tomcat.GracefulShutdown - Graceful shutdown complete
2026-06-09 14:40:22.120 [SpringApplicationShutdownHook] INFO  o.s.o.j.LocalContainerEntityManagerFactoryBean - Closing JPA EntityManagerFactory for persistence unit 'default'
2026-06-09 14:40:22.121 [SpringApplicationShutdownHook] INFO  com.zaxxer.hikari.HikariDataSource - HikariPool-1 - Shutdown initiated...
2026-06-09 14:40:22.122 [SpringApplicationShutdownHook] INFO  com.zaxxer.hikari.HikariDataSource - HikariPool-1 - Shutdown completed.
2026-06-09 14:40:32.779 [main] INFO  c.e.a.AttendanceSystemApplicationTests - Starting AttendanceSystemApplicationTests using Java 21.0.2 with PID 20760 (started by l in D:\Java\springboot_pj\attendance-system)
2026-06-09 14:40:32.780 [main] DEBUG c.e.a.AttendanceSystemApplicationTests - Running with Spring Boot v4.0.3, Spring v7.0.5
2026-06-09 14:40:32.781 [main] INFO  c.e.a.AttendanceSystemApplicationTests - No active profile set, falling back to 1 default profile: "default"
2026-06-09 14:40:33.233 [main] INFO  o.s.d.r.c.RepositoryConfigurationDelegate - Bootstrapping Spring Data JPA repositories in DEFAULT mode.
2026-06-09 14:40:33.276 [main] INFO  o.s.d.r.c.RepositoryConfigurationDelegate - Finished Spring Data repository scanning in 37 ms. Found 5 JPA repository interfaces.
2026-06-09 14:40:33.421 [main] INFO  o.s.cloud.context.scope.GenericScope - BeanFactory id=10315540-f7f9-37d1-8114-3e22a2cbfdc5
2026-06-09 14:40:33.680 [main] INFO  org.hibernate.orm.jpa - HHH008540: Processing PersistenceUnitInfo [name: default]
2026-06-09 14:40:33.726 [main] INFO  org.hibernate.orm.core - HHH000001: Hibernate ORM core version 7.2.4.Final
2026-06-09 14:40:34.054 [main] INFO  o.s.o.j.p.SpringPersistenceUnitInfo - No LoadTimeWeaver setup: ignoring JPA class transformer
2026-06-09 14:40:34.071 [main] INFO  com.zaxxer.hikari.HikariDataSource - HikariPool-1 - Starting...
2026-06-09 14:40:34.611 [main] INFO  com.zaxxer.hikari.pool.HikariPool - HikariPool-1 - Added connection ConnectionID:1 ClientConnectionId: bef2b4ae-7817-4444-890a-70e09c1c53a6
2026-06-09 14:40:34.612 [main] INFO  com.zaxxer.hikari.HikariDataSource - HikariPool-1 - Start completed.
2026-06-09 14:40:34.741 [main] WARN  org.hibernate.orm.deprecation - HHH90000025: SQLServerDialect does not need to be specified explicitly using 'hibernate.dialect' (remove the property setting and it will be selected by default)
2026-06-09 14:40:34.758 [main] INFO  o.hibernate.orm.connections.pooling - HHH10001005: Database info:
	Database JDBC URL [jdbc:sqlserver://localhost:1433;concatNullYieldsNull=ON;quotedIdentifier=ON;connectRetryInterval=10;connectRetryCount=1;maxResultBuffer=-1;sendTemporalDataTypesAsStringForBulkCopy=true;delayLoadingLobs=true;useFmtOnly=false;vectorTypeSupport=v1;cacheBulkCopyMetadata=false;bulkCopyForBatchInsertAllowEncryptedValueModifications=false;bulkCopyForBatchInsertTableLock=false;bulkCopyForBatchInsertKeepNulls=false;bulkCopyForBatchInsertKeepIdentity=false;bulkCopyForBatchInsertFireTriggers=false;bulkCopyForBatchInsertCheckConstraints=false;bulkCopyForBatchInsertBatchSize=0;useBulkCopyForBatchInsert=false;cancelQueryTimeout=-1;sslProtocol=TLS;calcBigDecimalPrecision=false;useDefaultJaasConfig=false;jaasConfigurationName=SQLJDBCDriver;statementPoolingCacheSize=0;serverPreparedStatementDiscardThreshold=10;enablePrepareOnFirstPreparedStatementCall=false;fips=false;socketTimeout=0;authentication=NotSpecified;authenticationScheme=nativeAuthentication;xopenStates=false;datetimeParameterType=datetime2;sendTimeAsDatetime=true;replication=false;trustStoreType=JKS;trustServerCertificate=true;TransparentNetworkIPResolution=true;iPAddressPreference=IPv4First;serverNameAsACE=false;sendStringParametersAsUnicode=true;selectMethod=direct;responseBuffering=adaptive;queryTimeout=-1;packetSize=8000;multiSubnetFailover=false;loginTimeout=30;lockTimeout=-1;lastUpdateCount=true;useDefaultGSSCredential=false;prepareMethod=prepexec;encrypt=false;disableStatementPooling=true;databaseName=attendance_system;columnEncryptionSetting=Disabled;applicationName=Microsoft JDBC Driver for SQL Server;applicationIntent=readwrite;]
	Database driver: Microsoft JDBC Driver 13.2 for SQL Server
	Database dialect: SQLServerDialect
	Database version: 17.0
	Default catalog/schema: attendance_system/dbo
	Autocommit mode: undefined/unknown
	Isolation level: READ_COMMITTED [default READ_COMMITTED]
	JDBC fetch size: 128
	Pool: DataSourceConnectionProvider
	Minimum pool size: undefined/unknown
	Maximum pool size: undefined/unknown
2026-06-09 14:40:35.277 [main] INFO  org.hibernate.orm.core - HHH000489: No JTA platform available (set 'hibernate.transaction.jta.platform' to enable JTA platform integration)
2026-06-09 14:40:36.276 [main] DEBUG org.hibernate.SQL - 
    alter table attendance 
       alter column id bigint
2026-06-09 14:40:36.281 [main] WARN  o.h.t.s.i.ExceptionHandlerLoggedImpl - GenerationTarget encountered exception accepting command : Error executing DDL "
    alter table attendance 
       alter column id bigint" via JDBC [对象'PK__attendan__3213E83F505AAD30' 依赖于 列'id'。]
org.hibernate.tool.schema.spi.CommandAcceptanceException: Error executing DDL "
    alter table attendance 
       alter column id bigint" via JDBC [对象'PK__attendan__3213E83F505AAD30' 依赖于 列'id'。]
	at org.hibernate.tool.schema.internal.exec.GenerationTargetToDatabase.accept(GenerationTargetToDatabase.java:81)
	at org.hibernate.tool.schema.internal.AbstractSchemaMigrator.applySqlString(AbstractSchemaMigrator.java:566)
	at org.hibernate.tool.schema.internal.AbstractSchemaMigrator.applySqlStrings(AbstractSchemaMigrator.java:506)
	at org.hibernate.tool.schema.internal.AbstractSchemaMigrator.migrateTable(AbstractSchemaMigrator.java:324)
	at org.hibernate.tool.schema.internal.GroupedSchemaMigratorImpl.performTablesMigration(GroupedSchemaMigratorImpl.java:84)
	at org.hibernate.tool.schema.internal.AbstractSchemaMigrator.performMigration(AbstractSchemaMigrator.java:220)
	at org.hibernate.tool.schema.internal.AbstractSchemaMigrator.doMigration(AbstractSchemaMigrator.java:96)
	at org.hibernate.tool.schema.spi.SchemaManagementToolCoordinator.performDatabaseAction(SchemaManagementToolCoordinator.java:269)
	at org.hibernate.tool.schema.spi.SchemaManagementToolCoordinator.lambda$process$1(SchemaManagementToolCoordinator.java:101)
	at java.base/java.util.HashMap.forEach(HashMap.java:1429)
	at org.hibernate.tool.schema.spi.SchemaManagementToolCoordinator.process(SchemaManagementToolCoordinator.java:100)
	at org.hibernate.boot.internal.SessionFactoryObserverForSchemaExport.sessionFactoryCreated(SessionFactoryObserverForSchemaExport.java:35)
	at org.hibernate.internal.SessionFactoryObserverChain.sessionFactoryCreated(SessionFactoryObserverChain.java:33)
	at org.hibernate.internal.SessionFactoryImpl.<init>(SessionFactoryImpl.java:323)
	at org.hibernate.internal.SessionFactoryRegistry.instantiateSessionFactory(SessionFactoryRegistry.java:64)
	at org.hibernate.boot.internal.SessionFactoryBuilderImpl.build(SessionFactoryBuilderImpl.java:437)
	at org.hibernate.jpa.boot.internal.EntityManagerFactoryBuilderImpl.build(EntityManagerFactoryBuilderImpl.java:1456)
	at org.springframework.orm.jpa.vendor.SpringHibernateJpaPersistenceProvider.createContainerEntityManagerFactory(SpringHibernateJpaPersistenceProvider.java:93)
	at org.springframework.orm.jpa.LocalContainerEntityManagerFactoryBean.createNativeEntityManagerFactory(LocalContainerEntityManagerFactoryBean.java:443)
	at org.springframework.orm.jpa.AbstractEntityManagerFactoryBean.buildNativeEntityManagerFactory(AbstractEntityManagerFactoryBean.java:436)
	at org.springframework.orm.jpa.AbstractEntityManagerFactoryBean.afterPropertiesSet(AbstractEntityManagerFactoryBean.java:411)
	at org.springframework.orm.jpa.LocalContainerEntityManagerFactoryBean.afterPropertiesSet(LocalContainerEntityManagerFactoryBean.java:419)
	at org.springframework.beans.factory.support.AbstractAutowireCapableBeanFactory.invokeInitMethods(AbstractAutowireCapableBeanFactory.java:1864)
	at org.springframework.beans.factory.support.AbstractAutowireCapableBeanFactory.initializeBean(AbstractAutowireCapableBeanFactory.java:1813)
	at org.springframework.beans.factory.support.AbstractAutowireCapableBeanFactory.doCreateBean(AbstractAutowireCapableBeanFactory.java:603)
	at org.springframework.beans.factory.support.AbstractAutowireCapableBeanFactory.createBean(AbstractAutowireCapableBeanFactory.java:525)
	at org.springframework.beans.factory.support.AbstractBeanFactory.lambda$doGetBean$0(AbstractBeanFactory.java:333)
	at org.springframework.beans.factory.support.DefaultSingletonBeanRegistry.getSingleton(DefaultSingletonBeanRegistry.java:371)
	at org.springframework.beans.factory.support.AbstractBeanFactory.doGetBean(AbstractBeanFactory.java:331)
	at org.springframework.beans.factory.support.AbstractBeanFactory.getBean(AbstractBeanFactory.java:201)
	at org.springframework.context.support.AbstractApplicationContext.finishBeanFactoryInitialization(AbstractApplicationContext.java:977)
	at org.springframework.context.support.AbstractApplicationContext.refresh(AbstractApplicationContext.java:621)
	at org.springframework.boot.SpringApplication.refresh(SpringApplication.java:756)
	at org.springframework.boot.SpringApplication.refreshContext(SpringApplication.java:445)
	at org.springframework.boot.SpringApplication.run(SpringApplication.java:321)
	at org.springframework.boot.test.context.SpringBootContextLoader.lambda$loadContext$2(SpringBootContextLoader.java:156)
	at org.springframework.util.function.ThrowingSupplier.get(ThrowingSupplier.java:58)
	at org.springframework.util.function.ThrowingSupplier.get(ThrowingSupplier.java:46)
	at org.springframework.boot.SpringApplication.withHook(SpringApplication.java:1465)
	at org.springframework.boot.test.context.SpringBootContextLoader$ContextLoaderHook.run(SpringBootContextLoader.java:605)
	at org.springframework.boot.test.context.SpringBootContextLoader.loadContext(SpringBootContextLoader.java:156)
	at org.springframework.boot.test.context.SpringBootContextLoader.loadContext(SpringBootContextLoader.java:115)
	at org.springframework.test.context.cache.DefaultCacheAwareContextLoaderDelegate.loadContextInternal(DefaultCacheAwareContextLoaderDelegate.java:247)
	at org.springframework.test.context.cache.DefaultCacheAwareContextLoaderDelegate.lambda$loadContext$0(DefaultCacheAwareContextLoaderDelegate.java:167)
	at org.springframework.test.context.cache.DefaultContextCache.put(DefaultContextCache.java:214)
	at org.springframework.test.context.cache.DefaultCacheAwareContextLoaderDelegate.loadContext(DefaultCacheAwareContextLoaderDelegate.java:160)
	at org.springframework.test.context.support.DefaultTestContext.getApplicationContext(DefaultTestContext.java:128)
	at org.springframework.test.context.web.ServletTestExecutionListener.setUpRequestContextIfNecessary(ServletTestExecutionListener.java:200)
	at org.springframework.test.context.web.ServletTestExecutionListener.prepareTestInstance(ServletTestExecutionListener.java:139)
	at org.springframework.test.context.TestContextManager.prepareTestInstance(TestContextManager.java:260)
	at org.springframework.test.context.junit.jupiter.SpringExtension.postProcessTestInstance(SpringExtension.java:210)
	at org.junit.jupiter.engine.descriptor.ClassBasedTestDescriptor.lambda$invokeTestInstancePostProcessors$1(ClassBasedTestDescriptor.java:423)
	at org.junit.jupiter.engine.descriptor.ClassBasedTestDescriptor.executeAndMaskThrowable(ClassBasedTestDescriptor.java:428)
	at org.junit.jupiter.engine.descriptor.ClassBasedTestDescriptor.lambda$invokeTestInstancePostProcessors$0(ClassBasedTestDescriptor.java:422)
	at java.base/java.util.stream.ForEachOps$ForEachOp$OfRef.accept(ForEachOps.java:184)
	at java.base/java.util.stream.ReferencePipeline$3$1.accept(ReferencePipeline.java:197)
	at java.base/java.util.stream.ReferencePipeline$2$1.accept(ReferencePipeline.java:179)
	at java.base/java.util.stream.ReferencePipeline$3$1.accept(ReferencePipeline.java:197)
	at java.base/java.util.ArrayList$ArrayListSpliterator.forEachRemaining(ArrayList.java:1708)
	at java.base/java.util.stream.AbstractPipeline.copyInto(AbstractPipeline.java:509)
	at java.base/java.util.stream.AbstractPipeline.wrapAndCopyInto(AbstractPipeline.java:499)
	at java.base/java.util.stream.ForEachOps$ForEachOp.evaluateSequential(ForEachOps.java:151)
	at java.base/java.util.stream.ForEachOps$ForEachOp$OfRef.evaluateSequential(ForEachOps.java:174)
	at java.base/java.util.stream.AbstractPipeline.evaluate(AbstractPipeline.java:234)
	at java.base/java.util.stream.ReferencePipeline.forEach(ReferencePipeline.java:596)
	at org.junit.jupiter.engine.descriptor.ClassBasedTestDescriptor.invokeTestInstancePostProcessors(ClassBasedTestDescriptor.java:422)
	at org.junit.jupiter.engine.descriptor.ClassBasedTestDescriptor.lambda$instantiateAndPostProcessTestInstance$0(ClassBasedTestDescriptor.java:334)
	at org.junit.platform.engine.support.hierarchical.ThrowableCollector.execute(ThrowableCollector.java:74)
	at org.junit.jupiter.engine.descriptor.ClassBasedTestDescriptor.instantiateAndPostProcessTestInstance(ClassBasedTestDescriptor.java:333)
	at org.junit.jupiter.engine.descriptor.ClassBasedTestDescriptor.lambda$testInstancesProvider$1(ClassBasedTestDescriptor.java:322)
	at java.base/java.util.Optional.orElseGet(Optional.java:364)
	at org.junit.jupiter.engine.descriptor.ClassBasedTestDescriptor.lambda$testInstancesProvider$0(ClassBasedTestDescriptor.java:321)
	at org.junit.jupiter.engine.execution.TestInstancesProvider.getTestInstances(TestInstancesProvider.java:27)
	at org.junit.jupiter.engine.descriptor.TestMethodTestDescriptor.lambda$prepare$0(TestMethodTestDescriptor.java:127)
	at org.junit.platform.engine.support.hierarchical.ThrowableCollector.execute(ThrowableCollector.java:74)
	at org.junit.jupiter.engine.descriptor.TestMethodTestDescriptor.prepare(TestMethodTestDescriptor.java:126)
	at org.junit.jupiter.engine.descriptor.TestMethodTestDescriptor.prepare(TestMethodTestDescriptor.java:70)
	at org.junit.platform.engine.support.hierarchical.NodeTestTask.lambda$prepare$0(NodeTestTask.java:144)
	at org.junit.platform.engine.support.hierarchical.ThrowableCollector.execute(ThrowableCollector.java:74)
	at org.junit.platform.engine.support.hierarchical.NodeTestTask.prepare(NodeTestTask.java:144)
	at org.junit.platform.engine.support.hierarchical.NodeTestTask.execute(NodeTestTask.java:110)
	at java.base/java.util.ArrayList.forEach(ArrayList.java:1596)
	at org.junit.platform.engine.support.hierarchical.SameThreadHierarchicalTestExecutorService.invokeAll(SameThreadHierarchicalTestExecutorService.java:42)
	at org.junit.platform.engine.support.hierarchical.NodeTestTask.lambda$executeRecursively$2(NodeTestTask.java:180)
	at org.junit.platform.engine.support.hierarchical.ThrowableCollector.execute(ThrowableCollector.java:74)
	at org.junit.platform.engine.support.hierarchical.NodeTestTask.lambda$executeRecursively$1(NodeTestTask.java:166)
	at org.junit.platform.engine.support.hierarchical.Node.around(Node.java:138)
	at org.junit.platform.engine.support.hierarchical.NodeTestTask.lambda$executeRecursively$0(NodeTestTask.java:164)
	at org.junit.platform.engine.support.hierarchical.ThrowableCollector.execute(ThrowableCollector.java:74)
	at org.junit.platform.engine.support.hierarchical.NodeTestTask.executeRecursively(NodeTestTask.java:163)
	at org.junit.platform.engine.support.hierarchical.NodeTestTask.execute(NodeTestTask.java:116)
	at java.base/java.util.ArrayList.forEach(ArrayList.java:1596)
	at org.junit.platform.engine.support.hierarchical.SameThreadHierarchicalTestExecutorService.invokeAll(SameThreadHierarchicalTestExecutorService.java:42)
	at org.junit.platform.engine.support.hierarchical.NodeTestTask.lambda$executeRecursively$2(NodeTestTask.java:180)
	at org.junit.platform.engine.support.hierarchical.ThrowableCollector.execute(ThrowableCollector.java:74)
	at org.junit.platform.engine.support.hierarchical.NodeTestTask.lambda$executeRecursively$1(NodeTestTask.java:166)
	at org.junit.platform.engine.support.hierarchical.Node.around(Node.java:138)
	at org.junit.platform.engine.support.hierarchical.NodeTestTask.lambda$executeRecursively$0(NodeTestTask.java:164)
	at org.junit.platform.engine.support.hierarchical.ThrowableCollector.execute(ThrowableCollector.java:74)
	at org.junit.platform.engine.support.hierarchical.NodeTestTask.executeRecursively(NodeTestTask.java:163)
	at org.junit.platform.engine.support.hierarchical.NodeTestTask.execute(NodeTestTask.java:116)
	at org.junit.platform.engine.support.hierarchical.SameThreadHierarchicalTestExecutorService.submit(SameThreadHierarchicalTestExecutorService.java:36)
	at org.junit.platform.engine.support.hierarchical.HierarchicalTestExecutor.execute(HierarchicalTestExecutor.java:52)
	at org.junit.platform.engine.support.hierarchical.HierarchicalTestEngine.execute(HierarchicalTestEngine.java:58)
	at org.junit.platform.launcher.core.EngineExecutionOrchestrator.executeEngine(EngineExecutionOrchestrator.java:246)
	at org.junit.platform.launcher.core.EngineExecutionOrchestrator.failOrExecuteEngine(EngineExecutionOrchestrator.java:218)
	at org.junit.platform.launcher.core.EngineExecutionOrchestrator.execute(EngineExecutionOrchestrator.java:179)
	at org.junit.platform.launcher.core.EngineExecutionOrchestrator.execute(EngineExecutionOrchestrator.java:108)
	at org.junit.platform.launcher.core.EngineExecutionOrchestrator.lambda$execute$0(EngineExecutionOrchestrator.java:66)
	at org.junit.platform.launcher.core.EngineExecutionOrchestrator.withInterceptedStreams(EngineExecutionOrchestrator.java:157)
	at org.junit.platform.launcher.core.EngineExecutionOrchestrator.execute(EngineExecutionOrchestrator.java:65)
	at org.junit.platform.launcher.core.DefaultLauncher.execute(DefaultLauncher.java:125)
	at org.junit.platform.launcher.core.DefaultLauncher.execute(DefaultLauncher.java:114)
	at org.junit.platform.launcher.core.DelegatingLauncher.execute(DelegatingLauncher.java:58)
	at org.junit.platform.launcher.core.InterceptingLauncher.lambda$execute$2(InterceptingLauncher.java:57)
	at org.junit.platform.launcher.core.ClasspathAlignmentCheckingLauncherInterceptor.intercept(ClasspathAlignmentCheckingLauncherInterceptor.java:25)
	at org.junit.platform.launcher.core.InterceptingLauncher.execute(InterceptingLauncher.java:56)
	at org.junit.platform.launcher.core.DelegatingLauncher.execute(DelegatingLauncher.java:58)
	at java.base/jdk.internal.reflect.DirectMethodHandleAccessor.invoke(DirectMethodHandleAccessor.java:103)
	at java.base/java.lang.reflect.Method.invoke(Method.java:580)
	at org.apache.maven.surefire.api.util.ReflectionUtils.invokeMethodWithArray(ReflectionUtils.java:125)
	at org.apache.maven.surefire.junitplatform.LauncherAdapter.executeWithCancellationToken(LauncherAdapter.java:68)
	at org.apache.maven.surefire.junitplatform.LauncherAdapter.execute(LauncherAdapter.java:54)
	at org.apache.maven.surefire.junitplatform.JUnitPlatformProvider.execute(JUnitPlatformProvider.java:203)
	at org.apache.maven.surefire.junitplatform.JUnitPlatformProvider.invokeAllTests(JUnitPlatformProvider.java:168)
	at org.apache.maven.surefire.junitplatform.JUnitPlatformProvider.invoke(JUnitPlatformProvider.java:136)
	at org.apache.maven.surefire.booter.ForkedBooter.runSuitesInProcess(ForkedBooter.java:385)
	at org.apache.maven.surefire.booter.ForkedBooter.execute(ForkedBooter.java:162)
	at org.apache.maven.surefire.booter.ForkedBooter.run(ForkedBooter.java:507)
	at org.apache.maven.surefire.booter.ForkedBooter.main(ForkedBooter.java:495)
Caused by: com.microsoft.sqlserver.jdbc.SQLServerException: 对象'PK__attendan__3213E83F505AAD30' 依赖于 列'id'。
	at com.microsoft.sqlserver.jdbc.SQLServerException.makeFromDatabaseError(SQLServerException.java:278)
	at com.microsoft.sqlserver.jdbc.SQLServerStatement.getNextResult(SQLServerStatement.java:1788)
	at com.microsoft.sqlserver.jdbc.SQLServerStatement.doExecuteStatement(SQLServerStatement.java:975)
	at com.microsoft.sqlserver.jdbc.SQLServerStatement$StmtExecCmd.doExecute(SQLServerStatement.java:869)
	at com.microsoft.sqlserver.jdbc.TDSCommand.execute(IOBuffer.java:7825)
	at com.microsoft.sqlserver.jdbc.SQLServerConnection.executeCommand(SQLServerConnection.java:4828)
	at com.microsoft.sqlserver.jdbc.SQLServerStatement.executeCommand(SQLServerStatement.java:321)
	at com.microsoft.sqlserver.jdbc.SQLServerStatement.executeStatement(SQLServerStatement.java:253)
	at com.microsoft.sqlserver.jdbc.SQLServerStatement.execute(SQLServerStatement.java:842)
	at com.zaxxer.hikari.pool.ProxyStatement.execute(ProxyStatement.java:95)
	at com.zaxxer.hikari.pool.HikariProxyStatement.execute(HikariProxyStatement.java)
	at org.hibernate.tool.schema.internal.exec.GenerationTargetToDatabase.accept(GenerationTargetToDatabase.java:76)
	... 129 common frames omitted
2026-06-09 14:40:36.285 [main] DEBUG org.hibernate.SQL - 
    alter table attendance 
       alter column student_status tinyint default 1
2026-06-09 14:40:36.286 [main] WARN  o.h.t.s.i.ExceptionHandlerLoggedImpl - GenerationTarget encountered exception accepting command : Error executing DDL "
    alter table attendance 
       alter column student_status tinyint default 1" via JDBC [关键字 'default' 附近有语法错误。]
org.hibernate.tool.schema.spi.CommandAcceptanceException: Error executing DDL "
    alter table attendance 
       alter column student_status tinyint default 1" via JDBC [关键字 'default' 附近有语法错误。]
	at org.hibernate.tool.schema.internal.exec.GenerationTargetToDatabase.accept(GenerationTargetToDatabase.java:81)
	at org.hibernate.tool.schema.internal.AbstractSchemaMigrator.applySqlString(AbstractSchemaMigrator.java:566)
	at org.hibernate.tool.schema.internal.AbstractSchemaMigrator.applySqlStrings(AbstractSchemaMigrator.java:506)
	at org.hibernate.tool.schema.internal.AbstractSchemaMigrator.migrateTable(AbstractSchemaMigrator.java:324)
	at org.hibernate.tool.schema.internal.GroupedSchemaMigratorImpl.performTablesMigration(GroupedSchemaMigratorImpl.java:84)
	at org.hibernate.tool.schema.internal.AbstractSchemaMigrator.performMigration(AbstractSchemaMigrator.java:220)
	at org.hibernate.tool.schema.internal.AbstractSchemaMigrator.doMigration(AbstractSchemaMigrator.java:96)
	at org.hibernate.tool.schema.spi.SchemaManagementToolCoordinator.performDatabaseAction(SchemaManagementToolCoordinator.java:269)
	at org.hibernate.tool.schema.spi.SchemaManagementToolCoordinator.lambda$process$1(SchemaManagementToolCoordinator.java:101)
	at java.base/java.util.HashMap.forEach(HashMap.java:1429)
	at org.hibernate.tool.schema.spi.SchemaManagementToolCoordinator.process(SchemaManagementToolCoordinator.java:100)
	at org.hibernate.boot.internal.SessionFactoryObserverForSchemaExport.sessionFactoryCreated(SessionFactoryObserverForSchemaExport.java:35)
	at org.hibernate.internal.SessionFactoryObserverChain.sessionFactoryCreated(SessionFactoryObserverChain.java:33)
	at org.hibernate.internal.SessionFactoryImpl.<init>(SessionFactoryImpl.java:323)
	at org.hibernate.internal.SessionFactoryRegistry.instantiateSessionFactory(SessionFactoryRegistry.java:64)
	at org.hibernate.boot.internal.SessionFactoryBuilderImpl.build(SessionFactoryBuilderImpl.java:437)
	at org.hibernate.jpa.boot.internal.EntityManagerFactoryBuilderImpl.build(EntityManagerFactoryBuilderImpl.java:1456)
	at org.springframework.orm.jpa.vendor.SpringHibernateJpaPersistenceProvider.createContainerEntityManagerFactory(SpringHibernateJpaPersistenceProvider.java:93)
	at org.springframework.orm.jpa.LocalContainerEntityManagerFactoryBean.createNativeEntityManagerFactory(LocalContainerEntityManagerFactoryBean.java:443)
	at org.springframework.orm.jpa.AbstractEntityManagerFactoryBean.buildNativeEntityManagerFactory(AbstractEntityManagerFactoryBean.java:436)
	at org.springframework.orm.jpa.AbstractEntityManagerFactoryBean.afterPropertiesSet(AbstractEntityManagerFactoryBean.java:411)
	at org.springframework.orm.jpa.LocalContainerEntityManagerFactoryBean.afterPropertiesSet(LocalContainerEntityManagerFactoryBean.java:419)
	at org.springframework.beans.factory.support.AbstractAutowireCapableBeanFactory.invokeInitMethods(AbstractAutowireCapableBeanFactory.java:1864)
	at org.springframework.beans.factory.support.AbstractAutowireCapableBeanFactory.initializeBean(AbstractAutowireCapableBeanFactory.java:1813)
	at org.springframework.beans.factory.support.AbstractAutowireCapableBeanFactory.doCreateBean(AbstractAutowireCapableBeanFactory.java:603)
	at org.springframework.beans.factory.support.AbstractAutowireCapableBeanFactory.createBean(AbstractAutowireCapableBeanFactory.java:525)
	at org.springframework.beans.factory.support.AbstractBeanFactory.lambda$doGetBean$0(AbstractBeanFactory.java:333)
	at org.springframework.beans.factory.support.DefaultSingletonBeanRegistry.getSingleton(DefaultSingletonBeanRegistry.java:371)
	at org.springframework.beans.factory.support.AbstractBeanFactory.doGetBean(AbstractBeanFactory.java:331)
	at org.springframework.beans.factory.support.AbstractBeanFactory.getBean(AbstractBeanFactory.java:201)
	at org.springframework.context.support.AbstractApplicationContext.finishBeanFactoryInitialization(AbstractApplicationContext.java:977)
	at org.springframework.context.support.AbstractApplicationContext.refresh(AbstractApplicationContext.java:621)
	at org.springframework.boot.SpringApplication.refresh(SpringApplication.java:756)
	at org.springframework.boot.SpringApplication.refreshContext(SpringApplication.java:445)
	at org.springframework.boot.SpringApplication.run(SpringApplication.java:321)
	at org.springframework.boot.test.context.SpringBootContextLoader.lambda$loadContext$2(SpringBootContextLoader.java:156)
	at org.springframework.util.function.ThrowingSupplier.get(ThrowingSupplier.java:58)
	at org.springframework.util.function.ThrowingSupplier.get(ThrowingSupplier.java:46)
	at org.springframework.boot.SpringApplication.withHook(SpringApplication.java:1465)
	at org.springframework.boot.test.context.SpringBootContextLoader$ContextLoaderHook.run(SpringBootContextLoader.java:605)
	at org.springframework.boot.test.context.SpringBootContextLoader.loadContext(SpringBootContextLoader.java:156)
	at org.springframework.boot.test.context.SpringBootContextLoader.loadContext(SpringBootContextLoader.java:115)
	at org.springframework.test.context.cache.DefaultCacheAwareContextLoaderDelegate.loadContextInternal(DefaultCacheAwareContextLoaderDelegate.java:247)
	at org.springframework.test.context.cache.DefaultCacheAwareContextLoaderDelegate.lambda$loadContext$0(DefaultCacheAwareContextLoaderDelegate.java:167)
	at org.springframework.test.context.cache.DefaultContextCache.put(DefaultContextCache.java:214)
	at org.springframework.test.context.cache.DefaultCacheAwareContextLoaderDelegate.loadContext(DefaultCacheAwareContextLoaderDelegate.java:160)
	at org.springframework.test.context.support.DefaultTestContext.getApplicationContext(DefaultTestContext.java:128)
	at org.springframework.test.context.web.ServletTestExecutionListener.setUpRequestContextIfNecessary(ServletTestExecutionListener.java:200)
	at org.springframework.test.context.web.ServletTestExecutionListener.prepareTestInstance(ServletTestExecutionListener.java:139)
	at org.springframework.test.context.TestContextManager.prepareTestInstance(TestContextManager.java:260)
	at org.springframework.test.context.junit.jupiter.SpringExtension.postProcessTestInstance(SpringExtension.java:210)
	at org.junit.jupiter.engine.descriptor.ClassBasedTestDescriptor.lambda$invokeTestInstancePostProcessors$1(ClassBasedTestDescriptor.java:423)
	at org.junit.jupiter.engine.descriptor.ClassBasedTestDescriptor.executeAndMaskThrowable(ClassBasedTestDescriptor.java:428)
	at org.junit.jupiter.engine.descriptor.ClassBasedTestDescriptor.lambda$invokeTestInstancePostProcessors$0(ClassBasedTestDescriptor.java:422)
	at java.base/java.util.stream.ForEachOps$ForEachOp$OfRef.accept(ForEachOps.java:184)
	at java.base/java.util.stream.ReferencePipeline$3$1.accept(ReferencePipeline.java:197)
	at java.base/java.util.stream.ReferencePipeline$2$1.accept(ReferencePipeline.java:179)
	at java.base/java.util.stream.ReferencePipeline$3$1.accept(ReferencePipeline.java:197)
	at java.base/java.util.ArrayList$ArrayListSpliterator.forEachRemaining(ArrayList.java:1708)
	at java.base/java.util.stream.AbstractPipeline.copyInto(AbstractPipeline.java:509)
	at java.base/java.util.stream.AbstractPipeline.wrapAndCopyInto(AbstractPipeline.java:499)
	at java.base/java.util.stream.ForEachOps$ForEachOp.evaluateSequential(ForEachOps.java:151)
	at java.base/java.util.stream.ForEachOps$ForEachOp$OfRef.evaluateSequential(ForEachOps.java:174)
	at java.base/java.util.stream.AbstractPipeline.evaluate(AbstractPipeline.java:234)
	at java.base/java.util.stream.ReferencePipeline.forEach(ReferencePipeline.java:596)
	at org.junit.jupiter.engine.descriptor.ClassBasedTestDescriptor.invokeTestInstancePostProcessors(ClassBasedTestDescriptor.java:422)
	at org.junit.jupiter.engine.descriptor.ClassBasedTestDescriptor.lambda$instantiateAndPostProcessTestInstance$0(ClassBasedTestDescriptor.java:334)
	at org.junit.platform.engine.support.hierarchical.ThrowableCollector.execute(ThrowableCollector.java:74)
	at org.junit.jupiter.engine.descriptor.ClassBasedTestDescriptor.instantiateAndPostProcessTestInstance(ClassBasedTestDescriptor.java:333)
	at org.junit.jupiter.engine.descriptor.ClassBasedTestDescriptor.lambda$testInstancesProvider$1(ClassBasedTestDescriptor.java:322)
	at java.base/java.util.Optional.orElseGet(Optional.java:364)
	at org.junit.jupiter.engine.descriptor.ClassBasedTestDescriptor.lambda$testInstancesProvider$0(ClassBasedTestDescriptor.java:321)
	at org.junit.jupiter.engine.execution.TestInstancesProvider.getTestInstances(TestInstancesProvider.java:27)
	at org.junit.jupiter.engine.descriptor.TestMethodTestDescriptor.lambda$prepare$0(TestMethodTestDescriptor.java:127)
	at org.junit.platform.engine.support.hierarchical.ThrowableCollector.execute(ThrowableCollector.java:74)
	at org.junit.jupiter.engine.descriptor.TestMethodTestDescriptor.prepare(TestMethodTestDescriptor.java:126)
	at org.junit.jupiter.engine.descriptor.TestMethodTestDescriptor.prepare(TestMethodTestDescriptor.java:70)
	at org.junit.platform.engine.support.hierarchical.NodeTestTask.lambda$prepare$0(NodeTestTask.java:144)
	at org.junit.platform.engine.support.hierarchical.ThrowableCollector.execute(ThrowableCollector.java:74)
	at org.junit.platform.engine.support.hierarchical.NodeTestTask.prepare(NodeTestTask.java:144)
	at org.junit.platform.engine.support.hierarchical.NodeTestTask.execute(NodeTestTask.java:110)
	at java.base/java.util.ArrayList.forEach(ArrayList.java:1596)
	at org.junit.platform.engine.support.hierarchical.SameThreadHierarchicalTestExecutorService.invokeAll(SameThreadHierarchicalTestExecutorService.java:42)
	at org.junit.platform.engine.support.hierarchical.NodeTestTask.lambda$executeRecursively$2(NodeTestTask.java:180)
	at org.junit.platform.engine.support.hierarchical.ThrowableCollector.execute(ThrowableCollector.java:74)
	at org.junit.platform.engine.support.hierarchical.NodeTestTask.lambda$executeRecursively$1(NodeTestTask.java:166)
	at org.junit.platform.engine.support.hierarchical.Node.around(Node.java:138)
	at org.junit.platform.engine.support.hierarchical.NodeTestTask.lambda$executeRecursively$0(NodeTestTask.java:164)
	at org.junit.platform.engine.support.hierarchical.ThrowableCollector.execute(ThrowableCollector.java:74)
	at org.junit.platform.engine.support.hierarchical.NodeTestTask.executeRecursively(NodeTestTask.java:163)
	at org.junit.platform.engine.support.hierarchical.NodeTestTask.execute(NodeTestTask.java:116)
	at java.base/java.util.ArrayList.forEach(ArrayList.java:1596)
	at org.junit.platform.engine.support.hierarchical.SameThreadHierarchicalTestExecutorService.invokeAll(SameThreadHierarchicalTestExecutorService.java:42)
	at org.junit.platform.engine.support.hierarchical.NodeTestTask.lambda$executeRecursively$2(NodeTestTask.java:180)
	at org.junit.platform.engine.support.hierarchical.ThrowableCollector.execute(ThrowableCollector.java:74)
	at org.junit.platform.engine.support.hierarchical.NodeTestTask.lambda$executeRecursively$1(NodeTestTask.java:166)
	at org.junit.platform.engine.support.hierarchical.Node.around(Node.java:138)
	at org.junit.platform.engine.support.hierarchical.NodeTestTask.lambda$executeRecursively$0(NodeTestTask.java:164)
	at org.junit.platform.engine.support.hierarchical.ThrowableCollector.execute(ThrowableCollector.java:74)
	at org.junit.platform.engine.support.hierarchical.NodeTestTask.executeRecursively(NodeTestTask.java:163)
	at org.junit.platform.engine.support.hierarchical.NodeTestTask.execute(NodeTestTask.java:116)
	at org.junit.platform.engine.support.hierarchical.SameThreadHierarchicalTestExecutorService.submit(SameThreadHierarchicalTestExecutorService.java:36)
	at org.junit.platform.engine.support.hierarchical.HierarchicalTestExecutor.execute(HierarchicalTestExecutor.java:52)
	at org.junit.platform.engine.support.hierarchical.HierarchicalTestEngine.execute(HierarchicalTestEngine.java:58)
	at org.junit.platform.launcher.core.EngineExecutionOrchestrator.executeEngine(EngineExecutionOrchestrator.java:246)
	at org.junit.platform.launcher.core.EngineExecutionOrchestrator.failOrExecuteEngine(EngineExecutionOrchestrator.java:218)
	at org.junit.platform.launcher.core.EngineExecutionOrchestrator.execute(EngineExecutionOrchestrator.java:179)
	at org.junit.platform.launcher.core.EngineExecutionOrchestrator.execute(EngineExecutionOrchestrator.java:108)
	at org.junit.platform.launcher.core.EngineExecutionOrchestrator.lambda$execute$0(EngineExecutionOrchestrator.java:66)
	at org.junit.platform.launcher.core.EngineExecutionOrchestrator.withInterceptedStreams(EngineExecutionOrchestrator.java:157)
	at org.junit.platform.launcher.core.EngineExecutionOrchestrator.execute(EngineExecutionOrchestrator.java:65)
	at org.junit.platform.launcher.core.DefaultLauncher.execute(DefaultLauncher.java:125)
	at org.junit.platform.launcher.core.DefaultLauncher.execute(DefaultLauncher.java:114)
	at org.junit.platform.launcher.core.DelegatingLauncher.execute(DelegatingLauncher.java:58)
	at org.junit.platform.launcher.core.InterceptingLauncher.lambda$execute$2(InterceptingLauncher.java:57)
	at org.junit.platform.launcher.core.ClasspathAlignmentCheckingLauncherInterceptor.intercept(ClasspathAlignmentCheckingLauncherInterceptor.java:25)
	at org.junit.platform.launcher.core.InterceptingLauncher.execute(InterceptingLauncher.java:56)
	at org.junit.platform.launcher.core.DelegatingLauncher.execute(DelegatingLauncher.java:58)
	at java.base/jdk.internal.reflect.DirectMethodHandleAccessor.invoke(DirectMethodHandleAccessor.java:103)
	at java.base/java.lang.reflect.Method.invoke(Method.java:580)
	at org.apache.maven.surefire.api.util.ReflectionUtils.invokeMethodWithArray(ReflectionUtils.java:125)
	at org.apache.maven.surefire.junitplatform.LauncherAdapter.executeWithCancellationToken(LauncherAdapter.java:68)
	at org.apache.maven.surefire.junitplatform.LauncherAdapter.execute(LauncherAdapter.java:54)
	at org.apache.maven.surefire.junitplatform.JUnitPlatformProvider.execute(JUnitPlatformProvider.java:203)
	at org.apache.maven.surefire.junitplatform.JUnitPlatformProvider.invokeAllTests(JUnitPlatformProvider.java:168)
	at org.apache.maven.surefire.junitplatform.JUnitPlatformProvider.invoke(JUnitPlatformProvider.java:136)
	at org.apache.maven.surefire.booter.ForkedBooter.runSuitesInProcess(ForkedBooter.java:385)
	at org.apache.maven.surefire.booter.ForkedBooter.execute(ForkedBooter.java:162)
	at org.apache.maven.surefire.booter.ForkedBooter.run(ForkedBooter.java:507)
	at org.apache.maven.surefire.booter.ForkedBooter.main(ForkedBooter.java:495)
Caused by: com.microsoft.sqlserver.jdbc.SQLServerException: 关键字 'default' 附近有语法错误。
	at com.microsoft.sqlserver.jdbc.SQLServerException.makeFromDatabaseError(SQLServerException.java:278)
	at com.microsoft.sqlserver.jdbc.SQLServerStatement.getNextResult(SQLServerStatement.java:1788)
	at com.microsoft.sqlserver.jdbc.SQLServerStatement.doExecuteStatement(SQLServerStatement.java:975)
	at com.microsoft.sqlserver.jdbc.SQLServerStatement$StmtExecCmd.doExecute(SQLServerStatement.java:869)
	at com.microsoft.sqlserver.jdbc.TDSCommand.execute(IOBuffer.java:7825)
	at com.microsoft.sqlserver.jdbc.SQLServerConnection.executeCommand(SQLServerConnection.java:4828)
	at com.microsoft.sqlserver.jdbc.SQLServerStatement.executeCommand(SQLServerStatement.java:321)
	at com.microsoft.sqlserver.jdbc.SQLServerStatement.executeStatement(SQLServerStatement.java:253)
	at com.microsoft.sqlserver.jdbc.SQLServerStatement.execute(SQLServerStatement.java:842)
	at com.zaxxer.hikari.pool.ProxyStatement.execute(ProxyStatement.java:95)
	at com.zaxxer.hikari.pool.HikariProxyStatement.execute(HikariProxyStatement.java)
	at org.hibernate.tool.schema.internal.exec.GenerationTargetToDatabase.accept(GenerationTargetToDatabase.java:76)
	... 129 common frames omitted
2026-06-09 14:40:36.290 [main] DEBUG org.hibernate.SQL - 
    alter table course_selection 
       alter column id bigint
2026-06-09 14:40:36.291 [main] WARN  o.h.t.s.i.ExceptionHandlerLoggedImpl - GenerationTarget encountered exception accepting command : Error executing DDL "
    alter table course_selection 
       alter column id bigint" via JDBC [对象'PK__course_s__3213E83FDFE3484D' 依赖于 列'id'。]
org.hibernate.tool.schema.spi.CommandAcceptanceException: Error executing DDL "
    alter table course_selection 
       alter column id bigint" via JDBC [对象'PK__course_s__3213E83FDFE3484D' 依赖于 列'id'。]
	at org.hibernate.tool.schema.internal.exec.GenerationTargetToDatabase.accept(GenerationTargetToDatabase.java:81)
	at org.hibernate.tool.schema.internal.AbstractSchemaMigrator.applySqlString(AbstractSchemaMigrator.java:566)
	at org.hibernate.tool.schema.internal.AbstractSchemaMigrator.applySqlStrings(AbstractSchemaMigrator.java:506)
	at org.hibernate.tool.schema.internal.AbstractSchemaMigrator.migrateTable(AbstractSchemaMigrator.java:324)
	at org.hibernate.tool.schema.internal.GroupedSchemaMigratorImpl.performTablesMigration(GroupedSchemaMigratorImpl.java:84)
	at org.hibernate.tool.schema.internal.AbstractSchemaMigrator.performMigration(AbstractSchemaMigrator.java:220)
	at org.hibernate.tool.schema.internal.AbstractSchemaMigrator.doMigration(AbstractSchemaMigrator.java:96)
	at org.hibernate.tool.schema.spi.SchemaManagementToolCoordinator.performDatabaseAction(SchemaManagementToolCoordinator.java:269)
	at org.hibernate.tool.schema.spi.SchemaManagementToolCoordinator.lambda$process$1(SchemaManagementToolCoordinator.java:101)
	at java.base/java.util.HashMap.forEach(HashMap.java:1429)
	at org.hibernate.tool.schema.spi.SchemaManagementToolCoordinator.process(SchemaManagementToolCoordinator.java:100)
	at org.hibernate.boot.internal.SessionFactoryObserverForSchemaExport.sessionFactoryCreated(SessionFactoryObserverForSchemaExport.java:35)
	at org.hibernate.internal.SessionFactoryObserverChain.sessionFactoryCreated(SessionFactoryObserverChain.java:33)
	at org.hibernate.internal.SessionFactoryImpl.<init>(SessionFactoryImpl.java:323)
	at org.hibernate.internal.SessionFactoryRegistry.instantiateSessionFactory(SessionFactoryRegistry.java:64)
	at org.hibernate.boot.internal.SessionFactoryBuilderImpl.build(SessionFactoryBuilderImpl.java:437)
	at org.hibernate.jpa.boot.internal.EntityManagerFactoryBuilderImpl.build(EntityManagerFactoryBuilderImpl.java:1456)
	at org.springframework.orm.jpa.vendor.SpringHibernateJpaPersistenceProvider.createContainerEntityManagerFactory(SpringHibernateJpaPersistenceProvider.java:93)
	at org.springframework.orm.jpa.LocalContainerEntityManagerFactoryBean.createNativeEntityManagerFactory(LocalContainerEntityManagerFactoryBean.java:443)
	at org.springframework.orm.jpa.AbstractEntityManagerFactoryBean.buildNativeEntityManagerFactory(AbstractEntityManagerFactoryBean.java:436)
	at org.springframework.orm.jpa.AbstractEntityManagerFactoryBean.afterPropertiesSet(AbstractEntityManagerFactoryBean.java:411)
	at org.springframework.orm.jpa.LocalContainerEntityManagerFactoryBean.afterPropertiesSet(LocalContainerEntityManagerFactoryBean.java:419)
	at org.springframework.beans.factory.support.AbstractAutowireCapableBeanFactory.invokeInitMethods(AbstractAutowireCapableBeanFactory.java:1864)
	at org.springframework.beans.factory.support.AbstractAutowireCapableBeanFactory.initializeBean(AbstractAutowireCapableBeanFactory.java:1813)
	at org.springframework.beans.factory.support.AbstractAutowireCapableBeanFactory.doCreateBean(AbstractAutowireCapableBeanFactory.java:603)
	at org.springframework.beans.factory.support.AbstractAutowireCapableBeanFactory.createBean(AbstractAutowireCapableBeanFactory.java:525)
	at org.springframework.beans.factory.support.AbstractBeanFactory.lambda$doGetBean$0(AbstractBeanFactory.java:333)
	at org.springframework.beans.factory.support.DefaultSingletonBeanRegistry.getSingleton(DefaultSingletonBeanRegistry.java:371)
	at org.springframework.beans.factory.support.AbstractBeanFactory.doGetBean(AbstractBeanFactory.java:331)
	at org.springframework.beans.factory.support.AbstractBeanFactory.getBean(AbstractBeanFactory.java:201)
	at org.springframework.context.support.AbstractApplicationContext.finishBeanFactoryInitialization(AbstractApplicationContext.java:977)
	at org.springframework.context.support.AbstractApplicationContext.refresh(AbstractApplicationContext.java:621)
	at org.springframework.boot.SpringApplication.refresh(SpringApplication.java:756)
	at org.springframework.boot.SpringApplication.refreshContext(SpringApplication.java:445)
	at org.springframework.boot.SpringApplication.run(SpringApplication.java:321)
	at org.springframework.boot.test.context.SpringBootContextLoader.lambda$loadContext$2(SpringBootContextLoader.java:156)
	at org.springframework.util.function.ThrowingSupplier.get(ThrowingSupplier.java:58)
	at org.springframework.util.function.ThrowingSupplier.get(ThrowingSupplier.java:46)
	at org.springframework.boot.SpringApplication.withHook(SpringApplication.java:1465)
	at org.springframework.boot.test.context.SpringBootContextLoader$ContextLoaderHook.run(SpringBootContextLoader.java:605)
	at org.springframework.boot.test.context.SpringBootContextLoader.loadContext(SpringBootContextLoader.java:156)
	at org.springframework.boot.test.context.SpringBootContextLoader.loadContext(SpringBootContextLoader.java:115)
	at org.springframework.test.context.cache.DefaultCacheAwareContextLoaderDelegate.loadContextInternal(DefaultCacheAwareContextLoaderDelegate.java:247)
	at org.springframework.test.context.cache.DefaultCacheAwareContextLoaderDelegate.lambda$loadContext$0(DefaultCacheAwareContextLoaderDelegate.java:167)
	at org.springframework.test.context.cache.DefaultContextCache.put(DefaultContextCache.java:214)
	at org.springframework.test.context.cache.DefaultCacheAwareContextLoaderDelegate.loadContext(DefaultCacheAwareContextLoaderDelegate.java:160)
	at org.springframework.test.context.support.DefaultTestContext.getApplicationContext(DefaultTestContext.java:128)
	at org.springframework.test.context.web.ServletTestExecutionListener.setUpRequestContextIfNecessary(ServletTestExecutionListener.java:200)
	at org.springframework.test.context.web.ServletTestExecutionListener.prepareTestInstance(ServletTestExecutionListener.java:139)
	at org.springframework.test.context.TestContextManager.prepareTestInstance(TestContextManager.java:260)
	at org.springframework.test.context.junit.jupiter.SpringExtension.postProcessTestInstance(SpringExtension.java:210)
	at org.junit.jupiter.engine.descriptor.ClassBasedTestDescriptor.lambda$invokeTestInstancePostProcessors$1(ClassBasedTestDescriptor.java:423)
	at org.junit.jupiter.engine.descriptor.ClassBasedTestDescriptor.executeAndMaskThrowable(ClassBasedTestDescriptor.java:428)
	at org.junit.jupiter.engine.descriptor.ClassBasedTestDescriptor.lambda$invokeTestInstancePostProcessors$0(ClassBasedTestDescriptor.java:422)
	at java.base/java.util.stream.ForEachOps$ForEachOp$OfRef.accept(ForEachOps.java:184)
	at java.base/java.util.stream.ReferencePipeline$3$1.accept(ReferencePipeline.java:197)
	at java.base/java.util.stream.ReferencePipeline$2$1.accept(ReferencePipeline.java:179)
	at java.base/java.util.stream.ReferencePipeline$3$1.accept(ReferencePipeline.java:197)
	at java.base/java.util.ArrayList$ArrayListSpliterator.forEachRemaining(ArrayList.java:1708)
	at java.base/java.util.stream.AbstractPipeline.copyInto(AbstractPipeline.java:509)
	at java.base/java.util.stream.AbstractPipeline.wrapAndCopyInto(AbstractPipeline.java:499)
	at java.base/java.util.stream.ForEachOps$ForEachOp.evaluateSequential(ForEachOps.java:151)
	at java.base/java.util.stream.ForEachOps$ForEachOp$OfRef.evaluateSequential(ForEachOps.java:174)
	at java.base/java.util.stream.AbstractPipeline.evaluate(AbstractPipeline.java:234)
	at java.base/java.util.stream.ReferencePipeline.forEach(ReferencePipeline.java:596)
	at org.junit.jupiter.engine.descriptor.ClassBasedTestDescriptor.invokeTestInstancePostProcessors(ClassBasedTestDescriptor.java:422)
	at org.junit.jupiter.engine.descriptor.ClassBasedTestDescriptor.lambda$instantiateAndPostProcessTestInstance$0(ClassBasedTestDescriptor.java:334)
	at org.junit.platform.engine.support.hierarchical.ThrowableCollector.execute(ThrowableCollector.java:74)
	at org.junit.jupiter.engine.descriptor.ClassBasedTestDescriptor.instantiateAndPostProcessTestInstance(ClassBasedTestDescriptor.java:333)
	at org.junit.jupiter.engine.descriptor.ClassBasedTestDescriptor.lambda$testInstancesProvider$1(ClassBasedTestDescriptor.java:322)
	at java.base/java.util.Optional.orElseGet(Optional.java:364)
	at org.junit.jupiter.engine.descriptor.ClassBasedTestDescriptor.lambda$testInstancesProvider$0(ClassBasedTestDescriptor.java:321)
	at org.junit.jupiter.engine.execution.TestInstancesProvider.getTestInstances(TestInstancesProvider.java:27)
	at org.junit.jupiter.engine.descriptor.TestMethodTestDescriptor.lambda$prepare$0(TestMethodTestDescriptor.java:127)
	at org.junit.platform.engine.support.hierarchical.ThrowableCollector.execute(ThrowableCollector.java:74)
	at org.junit.jupiter.engine.descriptor.TestMethodTestDescriptor.prepare(TestMethodTestDescriptor.java:126)
	at org.junit.jupiter.engine.descriptor.TestMethodTestDescriptor.prepare(TestMethodTestDescriptor.java:70)
	at org.junit.platform.engine.support.hierarchical.NodeTestTask.lambda$prepare$0(NodeTestTask.java:144)
	at org.junit.platform.engine.support.hierarchical.ThrowableCollector.execute(ThrowableCollector.java:74)
	at org.junit.platform.engine.support.hierarchical.NodeTestTask.prepare(NodeTestTask.java:144)
	at org.junit.platform.engine.support.hierarchical.NodeTestTask.execute(NodeTestTask.java:110)
	at java.base/java.util.ArrayList.forEach(ArrayList.java:1596)
	at org.junit.platform.engine.support.hierarchical.SameThreadHierarchicalTestExecutorService.invokeAll(SameThreadHierarchicalTestExecutorService.java:42)
	at org.junit.platform.engine.support.hierarchical.NodeTestTask.lambda$executeRecursively$2(NodeTestTask.java:180)
	at org.junit.platform.engine.support.hierarchical.ThrowableCollector.execute(ThrowableCollector.java:74)
	at org.junit.platform.engine.support.hierarchical.NodeTestTask.lambda$executeRecursively$1(NodeTestTask.java:166)
	at org.junit.platform.engine.support.hierarchical.Node.around(Node.java:138)
	at org.junit.platform.engine.support.hierarchical.NodeTestTask.lambda$executeRecursively$0(NodeTestTask.java:164)
	at org.junit.platform.engine.support.hierarchical.ThrowableCollector.execute(ThrowableCollector.java:74)
	at org.junit.platform.engine.support.hierarchical.NodeTestTask.executeRecursively(NodeTestTask.java:163)
	at org.junit.platform.engine.support.hierarchical.NodeTestTask.execute(NodeTestTask.java:116)
	at java.base/java.util.ArrayList.forEach(ArrayList.java:1596)
	at org.junit.platform.engine.support.hierarchical.SameThreadHierarchicalTestExecutorService.invokeAll(SameThreadHierarchicalTestExecutorService.java:42)
	at org.junit.platform.engine.support.hierarchical.NodeTestTask.lambda$executeRecursively$2(NodeTestTask.java:180)
	at org.junit.platform.engine.support.hierarchical.ThrowableCollector.execute(ThrowableCollector.java:74)
	at org.junit.platform.engine.support.hierarchical.NodeTestTask.lambda$executeRecursively$1(NodeTestTask.java:166)
	at org.junit.platform.engine.support.hierarchical.Node.around(Node.java:138)
	at org.junit.platform.engine.support.hierarchical.NodeTestTask.lambda$executeRecursively$0(NodeTestTask.java:164)
	at org.junit.platform.engine.support.hierarchical.ThrowableCollector.execute(ThrowableCollector.java:74)
	at org.junit.platform.engine.support.hierarchical.NodeTestTask.executeRecursively(NodeTestTask.java:163)
	at org.junit.platform.engine.support.hierarchical.NodeTestTask.execute(NodeTestTask.java:116)
	at org.junit.platform.engine.support.hierarchical.SameThreadHierarchicalTestExecutorService.submit(SameThreadHierarchicalTestExecutorService.java:36)
	at org.junit.platform.engine.support.hierarchical.HierarchicalTestExecutor.execute(HierarchicalTestExecutor.java:52)
	at org.junit.platform.engine.support.hierarchical.HierarchicalTestEngine.execute(HierarchicalTestEngine.java:58)
	at org.junit.platform.launcher.core.EngineExecutionOrchestrator.executeEngine(EngineExecutionOrchestrator.java:246)
	at org.junit.platform.launcher.core.EngineExecutionOrchestrator.failOrExecuteEngine(EngineExecutionOrchestrator.java:218)
	at org.junit.platform.launcher.core.EngineExecutionOrchestrator.execute(EngineExecutionOrchestrator.java:179)
	at org.junit.platform.launcher.core.EngineExecutionOrchestrator.execute(EngineExecutionOrchestrator.java:108)
	at org.junit.platform.launcher.core.EngineExecutionOrchestrator.lambda$execute$0(EngineExecutionOrchestrator.java:66)
	at org.junit.platform.launcher.core.EngineExecutionOrchestrator.withInterceptedStreams(EngineExecutionOrchestrator.java:157)
	at org.junit.platform.launcher.core.EngineExecutionOrchestrator.execute(EngineExecutionOrchestrator.java:65)
	at org.junit.platform.launcher.core.DefaultLauncher.execute(DefaultLauncher.java:125)
	at org.junit.platform.launcher.core.DefaultLauncher.execute(DefaultLauncher.java:114)
	at org.junit.platform.launcher.core.DelegatingLauncher.execute(DelegatingLauncher.java:58)
	at org.junit.platform.launcher.core.InterceptingLauncher.lambda$execute$2(InterceptingLauncher.java:57)
	at org.junit.platform.launcher.core.ClasspathAlignmentCheckingLauncherInterceptor.intercept(ClasspathAlignmentCheckingLauncherInterceptor.java:25)
	at org.junit.platform.launcher.core.InterceptingLauncher.execute(InterceptingLauncher.java:56)
	at org.junit.platform.launcher.core.DelegatingLauncher.execute(DelegatingLauncher.java:58)
	at java.base/jdk.internal.reflect.DirectMethodHandleAccessor.invoke(DirectMethodHandleAccessor.java:103)
	at java.base/java.lang.reflect.Method.invoke(Method.java:580)
	at org.apache.maven.surefire.api.util.ReflectionUtils.invokeMethodWithArray(ReflectionUtils.java:125)
	at org.apache.maven.surefire.junitplatform.LauncherAdapter.executeWithCancellationToken(LauncherAdapter.java:68)
	at org.apache.maven.surefire.junitplatform.LauncherAdapter.execute(LauncherAdapter.java:54)
	at org.apache.maven.surefire.junitplatform.JUnitPlatformProvider.execute(JUnitPlatformProvider.java:203)
	at org.apache.maven.surefire.junitplatform.JUnitPlatformProvider.invokeAllTests(JUnitPlatformProvider.java:168)
	at org.apache.maven.surefire.junitplatform.JUnitPlatformProvider.invoke(JUnitPlatformProvider.java:136)
	at org.apache.maven.surefire.booter.ForkedBooter.runSuitesInProcess(ForkedBooter.java:385)
	at org.apache.maven.surefire.booter.ForkedBooter.execute(ForkedBooter.java:162)
	at org.apache.maven.surefire.booter.ForkedBooter.run(ForkedBooter.java:507)
	at org.apache.maven.surefire.booter.ForkedBooter.main(ForkedBooter.java:495)
Caused by: com.microsoft.sqlserver.jdbc.SQLServerException: 对象'PK__course_s__3213E83FDFE3484D' 依赖于 列'id'。
	at com.microsoft.sqlserver.jdbc.SQLServerException.makeFromDatabaseError(SQLServerException.java:278)
	at com.microsoft.sqlserver.jdbc.SQLServerStatement.getNextResult(SQLServerStatement.java:1788)
	at com.microsoft.sqlserver.jdbc.SQLServerStatement.doExecuteStatement(SQLServerStatement.java:975)
	at com.microsoft.sqlserver.jdbc.SQLServerStatement$StmtExecCmd.doExecute(SQLServerStatement.java:869)
	at com.microsoft.sqlserver.jdbc.TDSCommand.execute(IOBuffer.java:7825)
	at com.microsoft.sqlserver.jdbc.SQLServerConnection.executeCommand(SQLServerConnection.java:4828)
	at com.microsoft.sqlserver.jdbc.SQLServerStatement.executeCommand(SQLServerStatement.java:321)
	at com.microsoft.sqlserver.jdbc.SQLServerStatement.executeStatement(SQLServerStatement.java:253)
	at com.microsoft.sqlserver.jdbc.SQLServerStatement.execute(SQLServerStatement.java:842)
	at com.zaxxer.hikari.pool.ProxyStatement.execute(ProxyStatement.java:95)
	at com.zaxxer.hikari.pool.HikariProxyStatement.execute(HikariProxyStatement.java)
	at org.hibernate.tool.schema.internal.exec.GenerationTargetToDatabase.accept(GenerationTargetToDatabase.java:76)
	... 129 common frames omitted
2026-06-09 14:40:36.293 [main] DEBUG org.hibernate.SQL - 
    alter table course_selection 
       alter column status tinyint default 1
2026-06-09 14:40:36.294 [main] WARN  o.h.t.s.i.ExceptionHandlerLoggedImpl - GenerationTarget encountered exception accepting command : Error executing DDL "
    alter table course_selection 
       alter column status tinyint default 1" via JDBC [关键字 'default' 附近有语法错误。]
org.hibernate.tool.schema.spi.CommandAcceptanceException: Error executing DDL "
    alter table course_selection 
       alter column status tinyint default 1" via JDBC [关键字 'default' 附近有语法错误。]
	at org.hibernate.tool.schema.internal.exec.GenerationTargetToDatabase.accept(GenerationTargetToDatabase.java:81)
	at org.hibernate.tool.schema.internal.AbstractSchemaMigrator.applySqlString(AbstractSchemaMigrator.java:566)
	at org.hibernate.tool.schema.internal.AbstractSchemaMigrator.applySqlStrings(AbstractSchemaMigrator.java:506)
	at org.hibernate.tool.schema.internal.AbstractSchemaMigrator.migrateTable(AbstractSchemaMigrator.java:324)
	at org.hibernate.tool.schema.internal.GroupedSchemaMigratorImpl.performTablesMigration(GroupedSchemaMigratorImpl.java:84)
	at org.hibernate.tool.schema.internal.AbstractSchemaMigrator.performMigration(AbstractSchemaMigrator.java:220)
	at org.hibernate.tool.schema.internal.AbstractSchemaMigrator.doMigration(AbstractSchemaMigrator.java:96)
	at org.hibernate.tool.schema.spi.SchemaManagementToolCoordinator.performDatabaseAction(SchemaManagementToolCoordinator.java:269)
	at org.hibernate.tool.schema.spi.SchemaManagementToolCoordinator.lambda$process$1(SchemaManagementToolCoordinator.java:101)
	at java.base/java.util.HashMap.forEach(HashMap.java:1429)
	at org.hibernate.tool.schema.spi.SchemaManagementToolCoordinator.process(SchemaManagementToolCoordinator.java:100)
	at org.hibernate.boot.internal.SessionFactoryObserverForSchemaExport.sessionFactoryCreated(SessionFactoryObserverForSchemaExport.java:35)
	at org.hibernate.internal.SessionFactoryObserverChain.sessionFactoryCreated(SessionFactoryObserverChain.java:33)
	at org.hibernate.internal.SessionFactoryImpl.<init>(SessionFactoryImpl.java:323)
	at org.hibernate.internal.SessionFactoryRegistry.instantiateSessionFactory(SessionFactoryRegistry.java:64)
	at org.hibernate.boot.internal.SessionFactoryBuilderImpl.build(SessionFactoryBuilderImpl.java:437)
	at org.hibernate.jpa.boot.internal.EntityManagerFactoryBuilderImpl.build(EntityManagerFactoryBuilderImpl.java:1456)
	at org.springframework.orm.jpa.vendor.SpringHibernateJpaPersistenceProvider.createContainerEntityManagerFactory(SpringHibernateJpaPersistenceProvider.java:93)
	at org.springframework.orm.jpa.LocalContainerEntityManagerFactoryBean.createNativeEntityManagerFactory(LocalContainerEntityManagerFactoryBean.java:443)
	at org.springframework.orm.jpa.AbstractEntityManagerFactoryBean.buildNativeEntityManagerFactory(AbstractEntityManagerFactoryBean.java:436)
	at org.springframework.orm.jpa.AbstractEntityManagerFactoryBean.afterPropertiesSet(AbstractEntityManagerFactoryBean.java:411)
	at org.springframework.orm.jpa.LocalContainerEntityManagerFactoryBean.afterPropertiesSet(LocalContainerEntityManagerFactoryBean.java:419)
	at org.springframework.beans.factory.support.AbstractAutowireCapableBeanFactory.invokeInitMethods(AbstractAutowireCapableBeanFactory.java:1864)
	at org.springframework.beans.factory.support.AbstractAutowireCapableBeanFactory.initializeBean(AbstractAutowireCapableBeanFactory.java:1813)
	at org.springframework.beans.factory.support.AbstractAutowireCapableBeanFactory.doCreateBean(AbstractAutowireCapableBeanFactory.java:603)
	at org.springframework.beans.factory.support.AbstractAutowireCapableBeanFactory.createBean(AbstractAutowireCapableBeanFactory.java:525)
	at org.springframework.beans.factory.support.AbstractBeanFactory.lambda$doGetBean$0(AbstractBeanFactory.java:333)
	at org.springframework.beans.factory.support.DefaultSingletonBeanRegistry.getSingleton(DefaultSingletonBeanRegistry.java:371)
	at org.springframework.beans.factory.support.AbstractBeanFactory.doGetBean(AbstractBeanFactory.java:331)
	at org.springframework.beans.factory.support.AbstractBeanFactory.getBean(AbstractBeanFactory.java:201)
	at org.springframework.context.support.AbstractApplicationContext.finishBeanFactoryInitialization(AbstractApplicationContext.java:977)
	at org.springframework.context.support.AbstractApplicationContext.refresh(AbstractApplicationContext.java:621)
	at org.springframework.boot.SpringApplication.refresh(SpringApplication.java:756)
	at org.springframework.boot.SpringApplication.refreshContext(SpringApplication.java:445)
	at org.springframework.boot.SpringApplication.run(SpringApplication.java:321)
	at org.springframework.boot.test.context.SpringBootContextLoader.lambda$loadContext$2(SpringBootContextLoader.java:156)
	at org.springframework.util.function.ThrowingSupplier.get(ThrowingSupplier.java:58)
	at org.springframework.util.function.ThrowingSupplier.get(ThrowingSupplier.java:46)
	at org.springframework.boot.SpringApplication.withHook(SpringApplication.java:1465)
	at org.springframework.boot.test.context.SpringBootContextLoader$ContextLoaderHook.run(SpringBootContextLoader.java:605)
	at org.springframework.boot.test.context.SpringBootContextLoader.loadContext(SpringBootContextLoader.java:156)
	at org.springframework.boot.test.context.SpringBootContextLoader.loadContext(SpringBootContextLoader.java:115)
	at org.springframework.test.context.cache.DefaultCacheAwareContextLoaderDelegate.loadContextInternal(DefaultCacheAwareContextLoaderDelegate.java:247)
	at org.springframework.test.context.cache.DefaultCacheAwareContextLoaderDelegate.lambda$loadContext$0(DefaultCacheAwareContextLoaderDelegate.java:167)
	at org.springframework.test.context.cache.DefaultContextCache.put(DefaultContextCache.java:214)
	at org.springframework.test.context.cache.DefaultCacheAwareContextLoaderDelegate.loadContext(DefaultCacheAwareContextLoaderDelegate.java:160)
	at org.springframework.test.context.support.DefaultTestContext.getApplicationContext(DefaultTestContext.java:128)
	at org.springframework.test.context.web.ServletTestExecutionListener.setUpRequestContextIfNecessary(ServletTestExecutionListener.java:200)
	at org.springframework.test.context.web.ServletTestExecutionListener.prepareTestInstance(ServletTestExecutionListener.java:139)
	at org.springframework.test.context.TestContextManager.prepareTestInstance(TestContextManager.java:260)
	at org.springframework.test.context.junit.jupiter.SpringExtension.postProcessTestInstance(SpringExtension.java:210)
	at org.junit.jupiter.engine.descriptor.ClassBasedTestDescriptor.lambda$invokeTestInstancePostProcessors$1(ClassBasedTestDescriptor.java:423)
	at org.junit.jupiter.engine.descriptor.ClassBasedTestDescriptor.executeAndMaskThrowable(ClassBasedTestDescriptor.java:428)
	at org.junit.jupiter.engine.descriptor.ClassBasedTestDescriptor.lambda$invokeTestInstancePostProcessors$0(ClassBasedTestDescriptor.java:422)
	at java.base/java.util.stream.ForEachOps$ForEachOp$OfRef.accept(ForEachOps.java:184)
	at java.base/java.util.stream.ReferencePipeline$3$1.accept(ReferencePipeline.java:197)
	at java.base/java.util.stream.ReferencePipeline$2$1.accept(ReferencePipeline.java:179)
	at java.base/java.util.stream.ReferencePipeline$3$1.accept(ReferencePipeline.java:197)
	at java.base/java.util.ArrayList$ArrayListSpliterator.forEachRemaining(ArrayList.java:1708)
	at java.base/java.util.stream.AbstractPipeline.copyInto(AbstractPipeline.java:509)
	at java.base/java.util.stream.AbstractPipeline.wrapAndCopyInto(AbstractPipeline.java:499)
	at java.base/java.util.stream.ForEachOps$ForEachOp.evaluateSequential(ForEachOps.java:151)
	at java.base/java.util.stream.ForEachOps$ForEachOp$OfRef.evaluateSequential(ForEachOps.java:174)
	at java.base/java.util.stream.AbstractPipeline.evaluate(AbstractPipeline.java:234)
	at java.base/java.util.stream.ReferencePipeline.forEach(ReferencePipeline.java:596)
	at org.junit.jupiter.engine.descriptor.ClassBasedTestDescriptor.invokeTestInstancePostProcessors(ClassBasedTestDescriptor.java:422)
	at org.junit.jupiter.engine.descriptor.ClassBasedTestDescriptor.lambda$instantiateAndPostProcessTestInstance$0(ClassBasedTestDescriptor.java:334)
	at org.junit.platform.engine.support.hierarchical.ThrowableCollector.execute(ThrowableCollector.java:74)
	at org.junit.jupiter.engine.descriptor.ClassBasedTestDescriptor.instantiateAndPostProcessTestInstance(ClassBasedTestDescriptor.java:333)
	at org.junit.jupiter.engine.descriptor.ClassBasedTestDescriptor.lambda$testInstancesProvider$1(ClassBasedTestDescriptor.java:322)
	at java.base/java.util.Optional.orElseGet(Optional.java:364)
	at org.junit.jupiter.engine.descriptor.ClassBasedTestDescriptor.lambda$testInstancesProvider$0(ClassBasedTestDescriptor.java:321)
	at org.junit.jupiter.engine.execution.TestInstancesProvider.getTestInstances(TestInstancesProvider.java:27)
	at org.junit.jupiter.engine.descriptor.TestMethodTestDescriptor.lambda$prepare$0(TestMethodTestDescriptor.java:127)
	at org.junit.platform.engine.support.hierarchical.ThrowableCollector.execute(ThrowableCollector.java:74)
	at org.junit.jupiter.engine.descriptor.TestMethodTestDescriptor.prepare(TestMethodTestDescriptor.java:126)
	at org.junit.jupiter.engine.descriptor.TestMethodTestDescriptor.prepare(TestMethodTestDescriptor.java:70)
	at org.junit.platform.engine.support.hierarchical.NodeTestTask.lambda$prepare$0(NodeTestTask.java:144)
	at org.junit.platform.engine.support.hierarchical.ThrowableCollector.execute(ThrowableCollector.java:74)
	at org.junit.platform.engine.support.hierarchical.NodeTestTask.prepare(NodeTestTask.java:144)
	at org.junit.platform.engine.support.hierarchical.NodeTestTask.execute(NodeTestTask.java:110)
	at java.base/java.util.ArrayList.forEach(ArrayList.java:1596)
	at org.junit.platform.engine.support.hierarchical.SameThreadHierarchicalTestExecutorService.invokeAll(SameThreadHierarchicalTestExecutorService.java:42)
	at org.junit.platform.engine.support.hierarchical.NodeTestTask.lambda$executeRecursively$2(NodeTestTask.java:180)
	at org.junit.platform.engine.support.hierarchical.ThrowableCollector.execute(ThrowableCollector.java:74)
	at org.junit.platform.engine.support.hierarchical.NodeTestTask.lambda$executeRecursively$1(NodeTestTask.java:166)
	at org.junit.platform.engine.support.hierarchical.Node.around(Node.java:138)
	at org.junit.platform.engine.support.hierarchical.NodeTestTask.lambda$executeRecursively$0(NodeTestTask.java:164)
	at org.junit.platform.engine.support.hierarchical.ThrowableCollector.execute(ThrowableCollector.java:74)
	at org.junit.platform.engine.support.hierarchical.NodeTestTask.executeRecursively(NodeTestTask.java:163)
	at org.junit.platform.engine.support.hierarchical.NodeTestTask.execute(NodeTestTask.java:116)
	at java.base/java.util.ArrayList.forEach(ArrayList.java:1596)
	at org.junit.platform.engine.support.hierarchical.SameThreadHierarchicalTestExecutorService.invokeAll(SameThreadHierarchicalTestExecutorService.java:42)
	at org.junit.platform.engine.support.hierarchical.NodeTestTask.lambda$executeRecursively$2(NodeTestTask.java:180)
	at org.junit.platform.engine.support.hierarchical.ThrowableCollector.execute(ThrowableCollector.java:74)
	at org.junit.platform.engine.support.hierarchical.NodeTestTask.lambda$executeRecursively$1(NodeTestTask.java:166)
	at org.junit.platform.engine.support.hierarchical.Node.around(Node.java:138)
	at org.junit.platform.engine.support.hierarchical.NodeTestTask.lambda$executeRecursively$0(NodeTestTask.java:164)
	at org.junit.platform.engine.support.hierarchical.ThrowableCollector.execute(ThrowableCollector.java:74)
	at org.junit.platform.engine.support.hierarchical.NodeTestTask.executeRecursively(NodeTestTask.java:163)
	at org.junit.platform.engine.support.hierarchical.NodeTestTask.execute(NodeTestTask.java:116)
	at org.junit.platform.engine.support.hierarchical.SameThreadHierarchicalTestExecutorService.submit(SameThreadHierarchicalTestExecutorService.java:36)
	at org.junit.platform.engine.support.hierarchical.HierarchicalTestExecutor.execute(HierarchicalTestExecutor.java:52)
	at org.junit.platform.engine.support.hierarchical.HierarchicalTestEngine.execute(HierarchicalTestEngine.java:58)
	at org.junit.platform.launcher.core.EngineExecutionOrchestrator.executeEngine(EngineExecutionOrchestrator.java:246)
	at org.junit.platform.launcher.core.EngineExecutionOrchestrator.failOrExecuteEngine(EngineExecutionOrchestrator.java:218)
	at org.junit.platform.launcher.core.EngineExecutionOrchestrator.execute(EngineExecutionOrchestrator.java:179)
	at org.junit.platform.launcher.core.EngineExecutionOrchestrator.execute(EngineExecutionOrchestrator.java:108)
	at org.junit.platform.launcher.core.EngineExecutionOrchestrator.lambda$execute$0(EngineExecutionOrchestrator.java:66)
	at org.junit.platform.launcher.core.EngineExecutionOrchestrator.withInterceptedStreams(EngineExecutionOrchestrator.java:157)
	at org.junit.platform.launcher.core.EngineExecutionOrchestrator.execute(EngineExecutionOrchestrator.java:65)
	at org.junit.platform.launcher.core.DefaultLauncher.execute(DefaultLauncher.java:125)
	at org.junit.platform.launcher.core.DefaultLauncher.execute(DefaultLauncher.java:114)
	at org.junit.platform.launcher.core.DelegatingLauncher.execute(DelegatingLauncher.java:58)
	at org.junit.platform.launcher.core.InterceptingLauncher.lambda$execute$2(InterceptingLauncher.java:57)
	at org.junit.platform.launcher.core.ClasspathAlignmentCheckingLauncherInterceptor.intercept(ClasspathAlignmentCheckingLauncherInterceptor.java:25)
	at org.junit.platform.launcher.core.InterceptingLauncher.execute(InterceptingLauncher.java:56)
	at org.junit.platform.launcher.core.DelegatingLauncher.execute(DelegatingLauncher.java:58)
	at java.base/jdk.internal.reflect.DirectMethodHandleAccessor.invoke(DirectMethodHandleAccessor.java:103)
	at java.base/java.lang.reflect.Method.invoke(Method.java:580)
	at org.apache.maven.surefire.api.util.ReflectionUtils.invokeMethodWithArray(ReflectionUtils.java:125)
	at org.apache.maven.surefire.junitplatform.LauncherAdapter.executeWithCancellationToken(LauncherAdapter.java:68)
	at org.apache.maven.surefire.junitplatform.LauncherAdapter.execute(LauncherAdapter.java:54)
	at org.apache.maven.surefire.junitplatform.JUnitPlatformProvider.execute(JUnitPlatformProvider.java:203)
	at org.apache.maven.surefire.junitplatform.JUnitPlatformProvider.invokeAllTests(JUnitPlatformProvider.java:168)
	at org.apache.maven.surefire.junitplatform.JUnitPlatformProvider.invoke(JUnitPlatformProvider.java:136)
	at org.apache.maven.surefire.booter.ForkedBooter.runSuitesInProcess(ForkedBooter.java:385)
	at org.apache.maven.surefire.booter.ForkedBooter.execute(ForkedBooter.java:162)
	at org.apache.maven.surefire.booter.ForkedBooter.run(ForkedBooter.java:507)
	at org.apache.maven.surefire.booter.ForkedBooter.main(ForkedBooter.java:495)
Caused by: com.microsoft.sqlserver.jdbc.SQLServerException: 关键字 'default' 附近有语法错误。
	at com.microsoft.sqlserver.jdbc.SQLServerException.makeFromDatabaseError(SQLServerException.java:278)
	at com.microsoft.sqlserver.jdbc.SQLServerStatement.getNextResult(SQLServerStatement.java:1788)
	at com.microsoft.sqlserver.jdbc.SQLServerStatement.doExecuteStatement(SQLServerStatement.java:975)
	at com.microsoft.sqlserver.jdbc.SQLServerStatement$StmtExecCmd.doExecute(SQLServerStatement.java:869)
	at com.microsoft.sqlserver.jdbc.TDSCommand.execute(IOBuffer.java:7825)
	at com.microsoft.sqlserver.jdbc.SQLServerConnection.executeCommand(SQLServerConnection.java:4828)
	at com.microsoft.sqlserver.jdbc.SQLServerStatement.executeCommand(SQLServerStatement.java:321)
	at com.microsoft.sqlserver.jdbc.SQLServerStatement.executeStatement(SQLServerStatement.java:253)
	at com.microsoft.sqlserver.jdbc.SQLServerStatement.execute(SQLServerStatement.java:842)
	at com.zaxxer.hikari.pool.ProxyStatement.execute(ProxyStatement.java:95)
	at com.zaxxer.hikari.pool.HikariProxyStatement.execute(HikariProxyStatement.java)
	at org.hibernate.tool.schema.internal.exec.GenerationTargetToDatabase.accept(GenerationTargetToDatabase.java:76)
	... 129 common frames omitted
2026-06-09 14:40:36.297 [main] INFO  o.s.o.j.LocalContainerEntityManagerFactoryBean - Initialized JPA EntityManagerFactory for persistence unit 'default'
2026-06-09 14:40:36.368 [main] INFO  o.s.d.j.r.q.QueryEnhancerFactories - Hibernate is in classpath; If applicable, HQL parser will be used.
2026-06-09 14:40:37.431 [main] WARN  o.s.b.j.a.JpaBaseConfiguration$JpaWebConfiguration - spring.jpa.open-in-view is enabled by default. Therefore, database queries may be performed during view rendering. Explicitly configure spring.jpa.open-in-view to disable this warning
2026-06-09 14:40:37.502 [main] INFO  o.s.s.c.a.a.c.InitializeUserDetailsBeanManagerConfigurer$InitializeUserDetailsManagerConfigurer - Global AuthenticationManager configured with UserDetailsService bean with name myUserDetailsServiceImpl
2026-06-09 14:40:37.661 [main] INFO  o.s.b.w.a.WelcomePageHandlerMapping - Adding welcome page template: index
2026-06-09 14:40:38.933 [main] INFO  o.s.cloud.commons.util.InetUtils - Cannot determine local hostname
2026-06-09 14:40:38.950 [main] INFO  c.e.a.AttendanceSystemApplicationTests - Started AttendanceSystemApplicationTests in 7.428 seconds (process running for 8.353)
2026-06-09 14:40:39.235 [SpringApplicationShutdownHook] INFO  o.s.o.j.LocalContainerEntityManagerFactoryBean - Closing JPA EntityManagerFactory for persistence unit 'default'
2026-06-09 14:40:39.237 [SpringApplicationShutdownHook] INFO  com.zaxxer.hikari.HikariDataSource - HikariPool-1 - Shutdown initiated...
2026-06-09 14:40:39.240 [SpringApplicationShutdownHook] INFO  com.zaxxer.hikari.HikariDataSource - HikariPool-1 - Shutdown completed.
