2026-06-02 09:37:41.932 [main] INFO  c.e.a.AttendanceSystemApplication - Starting AttendanceSystemApplication using Java 21.0.2 with PID 12520 (D:\Java\springboot_pj\attendance-system\target\classes started by l in D:\Java\springboot_pj\attendance-system)
2026-06-02 09:37:41.934 [main] DEBUG c.e.a.AttendanceSystemApplication - Running with Spring Boot v4.0.3, Spring v7.0.5
2026-06-02 09:37:41.934 [main] INFO  c.e.a.AttendanceSystemApplication - No active profile set, falling back to 1 default profile: "default"
2026-06-02 09:37:42.511 [main] INFO  o.s.d.r.c.RepositoryConfigurationDelegate - Bootstrapping Spring Data JPA repositories in DEFAULT mode.
2026-06-02 09:37:42.563 [main] INFO  o.s.d.r.c.RepositoryConfigurationDelegate - Finished Spring Data repository scanning in 44 ms. Found 5 JPA repository interfaces.
2026-06-02 09:37:42.692 [main] INFO  o.s.cloud.context.scope.GenericScope - BeanFactory id=d6250731-036a-36ea-b8f9-8d612c972637
2026-06-02 09:37:42.915 [main] INFO  o.s.boot.tomcat.TomcatWebServer - Tomcat initialized with port 8080 (http)
2026-06-02 09:37:42.925 [main] INFO  o.a.catalina.core.StandardService - Starting service [Tomcat]
2026-06-02 09:37:42.925 [main] INFO  o.a.catalina.core.StandardEngine - Starting Servlet engine: [Apache Tomcat/11.0.18]
2026-06-02 09:37:42.970 [main] INFO  o.s.b.w.c.s.WebApplicationContextInitializer - Root WebApplicationContext: initialization completed in 1003 ms
2026-06-02 09:37:43.118 [main] INFO  org.hibernate.orm.jpa - HHH008540: Processing PersistenceUnitInfo [name: default]
2026-06-02 09:37:43.178 [main] INFO  org.hibernate.orm.core - HHH000001: Hibernate ORM core version 7.2.4.Final
2026-06-02 09:37:43.488 [main] INFO  o.s.o.j.p.SpringPersistenceUnitInfo - No LoadTimeWeaver setup: ignoring JPA class transformer
2026-06-02 09:37:43.512 [main] INFO  com.zaxxer.hikari.HikariDataSource - HikariPool-1 - Starting...
2026-06-02 09:37:44.178 [main] INFO  com.zaxxer.hikari.pool.HikariPool - HikariPool-1 - Added connection ConnectionID:1 ClientConnectionId: 9b441aed-58e6-4912-b15b-0a16edb77e9d
2026-06-02 09:37:44.179 [main] INFO  com.zaxxer.hikari.HikariDataSource - HikariPool-1 - Start completed.
2026-06-02 09:37:44.344 [main] WARN  org.hibernate.orm.deprecation - HHH90000025: SQLServerDialect does not need to be specified explicitly using 'hibernate.dialect' (remove the property setting and it will be selected by default)
2026-06-02 09:37:44.365 [main] INFO  o.hibernate.orm.connections.pooling - HHH10001005: Database info:
	Database JDBC URL [jdbc:sqlserver://localhost:1433;concatNullYieldsNull=ON;quotedIdentifier=ON;connectRetryInterval=10;connectRetryCount=1;maxResultBuffer=-1;sendTemporalDataTypesAsStringForBulkCopy=true;delayLoadingLobs=true;useFmtOnly=false;vectorTypeSupport=v1;cacheBulkCopyMetadata=false;bulkCopyForBatchInsertAllowEncryptedValueModifications=false;bulkCopyForBatchInsertTableLock=false;bulkCopyForBatchInsertKeepNulls=false;bulkCopyForBatchInsertKeepIdentity=false;bulkCopyForBatchInsertFireTriggers=false;bulkCopyForBatchInsertCheckConstraints=false;bulkCopyForBatchInsertBatchSize=0;useBulkCopyForBatchInsert=false;cancelQueryTimeout=-1;sslProtocol=TLS;calcBigDecimalPrecision=false;useDefaultJaasConfig=false;jaasConfigurationName=SQLJDBCDriver;statementPoolingCacheSize=0;serverPreparedStatementDiscardThreshold=10;enablePrepareOnFirstPreparedStatementCall=false;fips=false;socketTimeout=0;authentication=NotSpecified;authenticationScheme=nativeAuthentication;xopenStates=false;datetimeParameterType=datetime2;sendTimeAsDatetime=true;replication=false;trustStoreType=JKS;trustServerCertificate=true;TransparentNetworkIPResolution=true;iPAddressPreference=IPv4First;serverNameAsACE=false;sendStringParametersAsUnicode=true;selectMethod=direct;responseBuffering=adaptive;queryTimeout=-1;packetSize=8000;multiSubnetFailover=false;loginTimeout=30;lockTimeout=-1;lastUpdateCount=true;useDefaultGSSCredential=false;prepareMethod=prepexec;encrypt=false;disableStatementPooling=true;databaseName=attendance_system;columnEncryptionSetting=Disabled;applicationName=Microsoft JDBC Driver for SQL Server;applicationIntent=readwrite;]
	Database driver: Microsoft JDBC Driver 13.2 for SQL Server
	Database dialect: SQLServerDialect
	Database version: 17.0
	Default catalog/schema: attendance_system/dbo
	Autocommit mode: undefined/unknown
	Isolation level: READ_COMMITTED [default READ_COMMITTED]
	JDBC fetch size: 128
	Pool: DataSourceConnectionProvider
	Minimum pool size: undefined/unknown
	Maximum pool size: undefined/unknown
2026-06-02 09:37:45.252 [main] INFO  org.hibernate.orm.core - HHH000489: No JTA platform available (set 'hibernate.transaction.jta.platform' to enable JTA platform integration)
2026-06-02 09:37:45.840 [main] DEBUG org.hibernate.SQL - 
    alter table attendance 
       alter column id bigint
2026-06-02 09:37:45.844 [main] WARN  o.h.t.s.i.ExceptionHandlerLoggedImpl - GenerationTarget encountered exception accepting command : Error executing DDL "
    alter table attendance 
       alter column id bigint" via JDBC [对象'PK__attendan__3213E83F505AAD30' 依赖于 列'id'。]
org.hibernate.tool.schema.spi.CommandAcceptanceException: Error executing DDL "
    alter table attendance 
       alter column id bigint" via JDBC [对象'PK__attendan__3213E83F505AAD30' 依赖于 列'id'。]
	at org.hibernate.tool.schema.internal.exec.GenerationTargetToDatabase.accept(GenerationTargetToDatabase.java:81)
	at org.hibernate.tool.schema.internal.AbstractSchemaMigrator.applySqlString(AbstractSchemaMigrator.java:566)
	at org.hibernate.tool.schema.internal.AbstractSchemaMigrator.applySqlStrings(AbstractSchemaMigrator.java:506)
	at org.hibernate.tool.schema.internal.AbstractSchemaMigrator.migrateTable(AbstractSchemaMigrator.java:324)
	at org.hibernate.tool.schema.internal.GroupedSchemaMigratorImpl.performTablesMigration(GroupedSchemaMigratorImpl.java:84)
	at org.hibernate.tool.schema.internal.AbstractSchemaMigrator.performMigration(AbstractSchemaMigrator.java:220)
	at org.hibernate.tool.schema.internal.AbstractSchemaMigrator.doMigration(AbstractSchemaMigrator.java:96)
	at org.hibernate.tool.schema.spi.SchemaManagementToolCoordinator.performDatabaseAction(SchemaManagementToolCoordinator.java:269)
	at org.hibernate.tool.schema.spi.SchemaManagementToolCoordinator.lambda$process$1(SchemaManagementToolCoordinator.java:101)
	at java.base/java.util.HashMap.forEach(HashMap.java:1429)
	at org.hibernate.tool.schema.spi.SchemaManagementToolCoordinator.process(SchemaManagementToolCoordinator.java:100)
	at org.hibernate.boot.internal.SessionFactoryObserverForSchemaExport.sessionFactoryCreated(SessionFactoryObserverForSchemaExport.java:35)
	at org.hibernate.internal.SessionFactoryObserverChain.sessionFactoryCreated(SessionFactoryObserverChain.java:33)
	at org.hibernate.internal.SessionFactoryImpl.<init>(SessionFactoryImpl.java:323)
	at org.hibernate.internal.SessionFactoryRegistry.instantiateSessionFactory(SessionFactoryRegistry.java:64)
	at org.hibernate.boot.internal.SessionFactoryBuilderImpl.build(SessionFactoryBuilderImpl.java:437)
	at org.hibernate.jpa.boot.internal.EntityManagerFactoryBuilderImpl.build(EntityManagerFactoryBuilderImpl.java:1456)
	at org.springframework.orm.jpa.vendor.SpringHibernateJpaPersistenceProvider.createContainerEntityManagerFactory(SpringHibernateJpaPersistenceProvider.java:93)
	at org.springframework.orm.jpa.LocalContainerEntityManagerFactoryBean.createNativeEntityManagerFactory(LocalContainerEntityManagerFactoryBean.java:443)
	at org.springframework.orm.jpa.AbstractEntityManagerFactoryBean.buildNativeEntityManagerFactory(AbstractEntityManagerFactoryBean.java:436)
	at org.springframework.orm.jpa.AbstractEntityManagerFactoryBean.afterPropertiesSet(AbstractEntityManagerFactoryBean.java:411)
	at org.springframework.orm.jpa.LocalContainerEntityManagerFactoryBean.afterPropertiesSet(LocalContainerEntityManagerFactoryBean.java:419)
	at org.springframework.beans.factory.support.AbstractAutowireCapableBeanFactory.invokeInitMethods(AbstractAutowireCapableBeanFactory.java:1864)
	at org.springframework.beans.factory.support.AbstractAutowireCapableBeanFactory.initializeBean(AbstractAutowireCapableBeanFactory.java:1813)
	at org.springframework.beans.factory.support.AbstractAutowireCapableBeanFactory.doCreateBean(AbstractAutowireCapableBeanFactory.java:603)
	at org.springframework.beans.factory.support.AbstractAutowireCapableBeanFactory.createBean(AbstractAutowireCapableBeanFactory.java:525)
	at org.springframework.beans.factory.support.AbstractBeanFactory.lambda$doGetBean$0(AbstractBeanFactory.java:333)
	at org.springframework.beans.factory.support.DefaultSingletonBeanRegistry.getSingleton(DefaultSingletonBeanRegistry.java:371)
	at org.springframework.beans.factory.support.AbstractBeanFactory.doGetBean(AbstractBeanFactory.java:331)
	at org.springframework.beans.factory.support.AbstractBeanFactory.getBean(AbstractBeanFactory.java:201)
	at org.springframework.context.support.AbstractApplicationContext.finishBeanFactoryInitialization(AbstractApplicationContext.java:977)
	at org.springframework.context.support.AbstractApplicationContext.refresh(AbstractApplicationContext.java:621)
	at org.springframework.boot.web.server.servlet.context.ServletWebServerApplicationContext.refresh(ServletWebServerApplicationContext.java:143)
	at org.springframework.boot.SpringApplication.refresh(SpringApplication.java:756)
	at org.springframework.boot.SpringApplication.refreshContext(SpringApplication.java:445)
	at org.springframework.boot.SpringApplication.run(SpringApplication.java:321)
	at org.springframework.boot.SpringApplication.run(SpringApplication.java:1365)
	at org.springframework.boot.SpringApplication.run(SpringApplication.java:1354)
	at com.example.attendance.AttendanceSystemApplication.main(AttendanceSystemApplication.java:12)
Caused by: com.microsoft.sqlserver.jdbc.SQLServerException: 对象'PK__attendan__3213E83F505AAD30' 依赖于 列'id'。
	at com.microsoft.sqlserver.jdbc.SQLServerException.makeFromDatabaseError(SQLServerException.java:278)
	at com.microsoft.sqlserver.jdbc.SQLServerStatement.getNextResult(SQLServerStatement.java:1788)
	at com.microsoft.sqlserver.jdbc.SQLServerStatement.doExecuteStatement(SQLServerStatement.java:975)
	at com.microsoft.sqlserver.jdbc.SQLServerStatement$StmtExecCmd.doExecute(SQLServerStatement.java:869)
	at com.microsoft.sqlserver.jdbc.TDSCommand.execute(IOBuffer.java:7825)
	at com.microsoft.sqlserver.jdbc.SQLServerConnection.executeCommand(SQLServerConnection.java:4828)
	at com.microsoft.sqlserver.jdbc.SQLServerStatement.executeCommand(SQLServerStatement.java:321)
	at com.microsoft.sqlserver.jdbc.SQLServerStatement.executeStatement(SQLServerStatement.java:253)
	at com.microsoft.sqlserver.jdbc.SQLServerStatement.execute(SQLServerStatement.java:842)
	at com.zaxxer.hikari.pool.ProxyStatement.execute(ProxyStatement.java:95)
	at com.zaxxer.hikari.pool.HikariProxyStatement.execute(HikariProxyStatement.java)
	at org.hibernate.tool.schema.internal.exec.GenerationTargetToDatabase.accept(GenerationTargetToDatabase.java:76)
	... 38 common frames omitted
2026-06-02 09:37:45.848 [main] DEBUG org.hibernate.SQL - 
    alter table attendance 
       alter column student_status tinyint default 1
2026-06-02 09:37:45.851 [main] WARN  o.h.t.s.i.ExceptionHandlerLoggedImpl - GenerationTarget encountered exception accepting command : Error executing DDL "
    alter table attendance 
       alter column student_status tinyint default 1" via JDBC [关键字 'default' 附近有语法错误。]
org.hibernate.tool.schema.spi.CommandAcceptanceException: Error executing DDL "
    alter table attendance 
       alter column student_status tinyint default 1" via JDBC [关键字 'default' 附近有语法错误。]
	at org.hibernate.tool.schema.internal.exec.GenerationTargetToDatabase.accept(GenerationTargetToDatabase.java:81)
	at org.hibernate.tool.schema.internal.AbstractSchemaMigrator.applySqlString(AbstractSchemaMigrator.java:566)
	at org.hibernate.tool.schema.internal.AbstractSchemaMigrator.applySqlStrings(AbstractSchemaMigrator.java:506)
	at org.hibernate.tool.schema.internal.AbstractSchemaMigrator.migrateTable(AbstractSchemaMigrator.java:324)
	at org.hibernate.tool.schema.internal.GroupedSchemaMigratorImpl.performTablesMigration(GroupedSchemaMigratorImpl.java:84)
	at org.hibernate.tool.schema.internal.AbstractSchemaMigrator.performMigration(AbstractSchemaMigrator.java:220)
	at org.hibernate.tool.schema.internal.AbstractSchemaMigrator.doMigration(AbstractSchemaMigrator.java:96)
	at org.hibernate.tool.schema.spi.SchemaManagementToolCoordinator.performDatabaseAction(SchemaManagementToolCoordinator.java:269)
	at org.hibernate.tool.schema.spi.SchemaManagementToolCoordinator.lambda$process$1(SchemaManagementToolCoordinator.java:101)
	at java.base/java.util.HashMap.forEach(HashMap.java:1429)
	at org.hibernate.tool.schema.spi.SchemaManagementToolCoordinator.process(SchemaManagementToolCoordinator.java:100)
	at org.hibernate.boot.internal.SessionFactoryObserverForSchemaExport.sessionFactoryCreated(SessionFactoryObserverForSchemaExport.java:35)
	at org.hibernate.internal.SessionFactoryObserverChain.sessionFactoryCreated(SessionFactoryObserverChain.java:33)
	at org.hibernate.internal.SessionFactoryImpl.<init>(SessionFactoryImpl.java:323)
	at org.hibernate.internal.SessionFactoryRegistry.instantiateSessionFactory(SessionFactoryRegistry.java:64)
	at org.hibernate.boot.internal.SessionFactoryBuilderImpl.build(SessionFactoryBuilderImpl.java:437)
	at org.hibernate.jpa.boot.internal.EntityManagerFactoryBuilderImpl.build(EntityManagerFactoryBuilderImpl.java:1456)
	at org.springframework.orm.jpa.vendor.SpringHibernateJpaPersistenceProvider.createContainerEntityManagerFactory(SpringHibernateJpaPersistenceProvider.java:93)
	at org.springframework.orm.jpa.LocalContainerEntityManagerFactoryBean.createNativeEntityManagerFactory(LocalContainerEntityManagerFactoryBean.java:443)
	at org.springframework.orm.jpa.AbstractEntityManagerFactoryBean.buildNativeEntityManagerFactory(AbstractEntityManagerFactoryBean.java:436)
	at org.springframework.orm.jpa.AbstractEntityManagerFactoryBean.afterPropertiesSet(AbstractEntityManagerFactoryBean.java:411)
	at org.springframework.orm.jpa.LocalContainerEntityManagerFactoryBean.afterPropertiesSet(LocalContainerEntityManagerFactoryBean.java:419)
	at org.springframework.beans.factory.support.AbstractAutowireCapableBeanFactory.invokeInitMethods(AbstractAutowireCapableBeanFactory.java:1864)
	at org.springframework.beans.factory.support.AbstractAutowireCapableBeanFactory.initializeBean(AbstractAutowireCapableBeanFactory.java:1813)
	at org.springframework.beans.factory.support.AbstractAutowireCapableBeanFactory.doCreateBean(AbstractAutowireCapableBeanFactory.java:603)
	at org.springframework.beans.factory.support.AbstractAutowireCapableBeanFactory.createBean(AbstractAutowireCapableBeanFactory.java:525)
	at org.springframework.beans.factory.support.AbstractBeanFactory.lambda$doGetBean$0(AbstractBeanFactory.java:333)
	at org.springframework.beans.factory.support.DefaultSingletonBeanRegistry.getSingleton(DefaultSingletonBeanRegistry.java:371)
	at org.springframework.beans.factory.support.AbstractBeanFactory.doGetBean(AbstractBeanFactory.java:331)
	at org.springframework.beans.factory.support.AbstractBeanFactory.getBean(AbstractBeanFactory.java:201)
	at org.springframework.context.support.AbstractApplicationContext.finishBeanFactoryInitialization(AbstractApplicationContext.java:977)
	at org.springframework.context.support.AbstractApplicationContext.refresh(AbstractApplicationContext.java:621)
	at org.springframework.boot.web.server.servlet.context.ServletWebServerApplicationContext.refresh(ServletWebServerApplicationContext.java:143)
	at org.springframework.boot.SpringApplication.refresh(SpringApplication.java:756)
	at org.springframework.boot.SpringApplication.refreshContext(SpringApplication.java:445)
	at org.springframework.boot.SpringApplication.run(SpringApplication.java:321)
	at org.springframework.boot.SpringApplication.run(SpringApplication.java:1365)
	at org.springframework.boot.SpringApplication.run(SpringApplication.java:1354)
	at com.example.attendance.AttendanceSystemApplication.main(AttendanceSystemApplication.java:12)
Caused by: com.microsoft.sqlserver.jdbc.SQLServerException: 关键字 'default' 附近有语法错误。
	at com.microsoft.sqlserver.jdbc.SQLServerException.makeFromDatabaseError(SQLServerException.java:278)
	at com.microsoft.sqlserver.jdbc.SQLServerStatement.getNextResult(SQLServerStatement.java:1788)
	at com.microsoft.sqlserver.jdbc.SQLServerStatement.doExecuteStatement(SQLServerStatement.java:975)
	at com.microsoft.sqlserver.jdbc.SQLServerStatement$StmtExecCmd.doExecute(SQLServerStatement.java:869)
	at com.microsoft.sqlserver.jdbc.TDSCommand.execute(IOBuffer.java:7825)
	at com.microsoft.sqlserver.jdbc.SQLServerConnection.executeCommand(SQLServerConnection.java:4828)
	at com.microsoft.sqlserver.jdbc.SQLServerStatement.executeCommand(SQLServerStatement.java:321)
	at com.microsoft.sqlserver.jdbc.SQLServerStatement.executeStatement(SQLServerStatement.java:253)
	at com.microsoft.sqlserver.jdbc.SQLServerStatement.execute(SQLServerStatement.java:842)
	at com.zaxxer.hikari.pool.ProxyStatement.execute(ProxyStatement.java:95)
	at com.zaxxer.hikari.pool.HikariProxyStatement.execute(HikariProxyStatement.java)
	at org.hibernate.tool.schema.internal.exec.GenerationTargetToDatabase.accept(GenerationTargetToDatabase.java:76)
	... 38 common frames omitted
2026-06-02 09:37:45.852 [main] DEBUG org.hibernate.SQL - 
    alter table course_selection 
       alter column id bigint
2026-06-02 09:37:45.853 [main] WARN  o.h.t.s.i.ExceptionHandlerLoggedImpl - GenerationTarget encountered exception accepting command : Error executing DDL "
    alter table course_selection 
       alter column id bigint" via JDBC [对象'PK__course_s__3213E83FDFE3484D' 依赖于 列'id'。]
org.hibernate.tool.schema.spi.CommandAcceptanceException: Error executing DDL "
    alter table course_selection 
       alter column id bigint" via JDBC [对象'PK__course_s__3213E83FDFE3484D' 依赖于 列'id'。]
	at org.hibernate.tool.schema.internal.exec.GenerationTargetToDatabase.accept(GenerationTargetToDatabase.java:81)
	at org.hibernate.tool.schema.internal.AbstractSchemaMigrator.applySqlString(AbstractSchemaMigrator.java:566)
	at org.hibernate.tool.schema.internal.AbstractSchemaMigrator.applySqlStrings(AbstractSchemaMigrator.java:506)
	at org.hibernate.tool.schema.internal.AbstractSchemaMigrator.migrateTable(AbstractSchemaMigrator.java:324)
	at org.hibernate.tool.schema.internal.GroupedSchemaMigratorImpl.performTablesMigration(GroupedSchemaMigratorImpl.java:84)
	at org.hibernate.tool.schema.internal.AbstractSchemaMigrator.performMigration(AbstractSchemaMigrator.java:220)
	at org.hibernate.tool.schema.internal.AbstractSchemaMigrator.doMigration(AbstractSchemaMigrator.java:96)
	at org.hibernate.tool.schema.spi.SchemaManagementToolCoordinator.performDatabaseAction(SchemaManagementToolCoordinator.java:269)
	at org.hibernate.tool.schema.spi.SchemaManagementToolCoordinator.lambda$process$1(SchemaManagementToolCoordinator.java:101)
	at java.base/java.util.HashMap.forEach(HashMap.java:1429)
	at org.hibernate.tool.schema.spi.SchemaManagementToolCoordinator.process(SchemaManagementToolCoordinator.java:100)
	at org.hibernate.boot.internal.SessionFactoryObserverForSchemaExport.sessionFactoryCreated(SessionFactoryObserverForSchemaExport.java:35)
	at org.hibernate.internal.SessionFactoryObserverChain.sessionFactoryCreated(SessionFactoryObserverChain.java:33)
	at org.hibernate.internal.SessionFactoryImpl.<init>(SessionFactoryImpl.java:323)
	at org.hibernate.internal.SessionFactoryRegistry.instantiateSessionFactory(SessionFactoryRegistry.java:64)
	at org.hibernate.boot.internal.SessionFactoryBuilderImpl.build(SessionFactoryBuilderImpl.java:437)
	at org.hibernate.jpa.boot.internal.EntityManagerFactoryBuilderImpl.build(EntityManagerFactoryBuilderImpl.java:1456)
	at org.springframework.orm.jpa.vendor.SpringHibernateJpaPersistenceProvider.createContainerEntityManagerFactory(SpringHibernateJpaPersistenceProvider.java:93)
	at org.springframework.orm.jpa.LocalContainerEntityManagerFactoryBean.createNativeEntityManagerFactory(LocalContainerEntityManagerFactoryBean.java:443)
	at org.springframework.orm.jpa.AbstractEntityManagerFactoryBean.buildNativeEntityManagerFactory(AbstractEntityManagerFactoryBean.java:436)
	at org.springframework.orm.jpa.AbstractEntityManagerFactoryBean.afterPropertiesSet(AbstractEntityManagerFactoryBean.java:411)
	at org.springframework.orm.jpa.LocalContainerEntityManagerFactoryBean.afterPropertiesSet(LocalContainerEntityManagerFactoryBean.java:419)
	at org.springframework.beans.factory.support.AbstractAutowireCapableBeanFactory.invokeInitMethods(AbstractAutowireCapableBeanFactory.java:1864)
	at org.springframework.beans.factory.support.AbstractAutowireCapableBeanFactory.initializeBean(AbstractAutowireCapableBeanFactory.java:1813)
	at org.springframework.beans.factory.support.AbstractAutowireCapableBeanFactory.doCreateBean(AbstractAutowireCapableBeanFactory.java:603)
	at org.springframework.beans.factory.support.AbstractAutowireCapableBeanFactory.createBean(AbstractAutowireCapableBeanFactory.java:525)
	at org.springframework.beans.factory.support.AbstractBeanFactory.lambda$doGetBean$0(AbstractBeanFactory.java:333)
	at org.springframework.beans.factory.support.DefaultSingletonBeanRegistry.getSingleton(DefaultSingletonBeanRegistry.java:371)
	at org.springframework.beans.factory.support.AbstractBeanFactory.doGetBean(AbstractBeanFactory.java:331)
	at org.springframework.beans.factory.support.AbstractBeanFactory.getBean(AbstractBeanFactory.java:201)
	at org.springframework.context.support.AbstractApplicationContext.finishBeanFactoryInitialization(AbstractApplicationContext.java:977)
	at org.springframework.context.support.AbstractApplicationContext.refresh(AbstractApplicationContext.java:621)
	at org.springframework.boot.web.server.servlet.context.ServletWebServerApplicationContext.refresh(ServletWebServerApplicationContext.java:143)
	at org.springframework.boot.SpringApplication.refresh(SpringApplication.java:756)
	at org.springframework.boot.SpringApplication.refreshContext(SpringApplication.java:445)
	at org.springframework.boot.SpringApplication.run(SpringApplication.java:321)
	at org.springframework.boot.SpringApplication.run(SpringApplication.java:1365)
	at org.springframework.boot.SpringApplication.run(SpringApplication.java:1354)
	at com.example.attendance.AttendanceSystemApplication.main(AttendanceSystemApplication.java:12)
Caused by: com.microsoft.sqlserver.jdbc.SQLServerException: 对象'PK__course_s__3213E83FDFE3484D' 依赖于 列'id'。
	at com.microsoft.sqlserver.jdbc.SQLServerException.makeFromDatabaseError(SQLServerException.java:278)
	at com.microsoft.sqlserver.jdbc.SQLServerStatement.getNextResult(SQLServerStatement.java:1788)
	at com.microsoft.sqlserver.jdbc.SQLServerStatement.doExecuteStatement(SQLServerStatement.java:975)
	at com.microsoft.sqlserver.jdbc.SQLServerStatement$StmtExecCmd.doExecute(SQLServerStatement.java:869)
	at com.microsoft.sqlserver.jdbc.TDSCommand.execute(IOBuffer.java:7825)
	at com.microsoft.sqlserver.jdbc.SQLServerConnection.executeCommand(SQLServerConnection.java:4828)
	at com.microsoft.sqlserver.jdbc.SQLServerStatement.executeCommand(SQLServerStatement.java:321)
	at com.microsoft.sqlserver.jdbc.SQLServerStatement.executeStatement(SQLServerStatement.java:253)
	at com.microsoft.sqlserver.jdbc.SQLServerStatement.execute(SQLServerStatement.java:842)
	at com.zaxxer.hikari.pool.ProxyStatement.execute(ProxyStatement.java:95)
	at com.zaxxer.hikari.pool.HikariProxyStatement.execute(HikariProxyStatement.java)
	at org.hibernate.tool.schema.internal.exec.GenerationTargetToDatabase.accept(GenerationTargetToDatabase.java:76)
	... 38 common frames omitted
2026-06-02 09:37:45.854 [main] DEBUG org.hibernate.SQL - 
    alter table course_selection 
       alter column status tinyint default 1
2026-06-02 09:37:45.855 [main] WARN  o.h.t.s.i.ExceptionHandlerLoggedImpl - GenerationTarget encountered exception accepting command : Error executing DDL "
    alter table course_selection 
       alter column status tinyint default 1" via JDBC [关键字 'default' 附近有语法错误。]
org.hibernate.tool.schema.spi.CommandAcceptanceException: Error executing DDL "
    alter table course_selection 
       alter column status tinyint default 1" via JDBC [关键字 'default' 附近有语法错误。]
	at org.hibernate.tool.schema.internal.exec.GenerationTargetToDatabase.accept(GenerationTargetToDatabase.java:81)
	at org.hibernate.tool.schema.internal.AbstractSchemaMigrator.applySqlString(AbstractSchemaMigrator.java:566)
	at org.hibernate.tool.schema.internal.AbstractSchemaMigrator.applySqlStrings(AbstractSchemaMigrator.java:506)
	at org.hibernate.tool.schema.internal.AbstractSchemaMigrator.migrateTable(AbstractSchemaMigrator.java:324)
	at org.hibernate.tool.schema.internal.GroupedSchemaMigratorImpl.performTablesMigration(GroupedSchemaMigratorImpl.java:84)
	at org.hibernate.tool.schema.internal.AbstractSchemaMigrator.performMigration(AbstractSchemaMigrator.java:220)
	at org.hibernate.tool.schema.internal.AbstractSchemaMigrator.doMigration(AbstractSchemaMigrator.java:96)
	at org.hibernate.tool.schema.spi.SchemaManagementToolCoordinator.performDatabaseAction(SchemaManagementToolCoordinator.java:269)
	at org.hibernate.tool.schema.spi.SchemaManagementToolCoordinator.lambda$process$1(SchemaManagementToolCoordinator.java:101)
	at java.base/java.util.HashMap.forEach(HashMap.java:1429)
	at org.hibernate.tool.schema.spi.SchemaManagementToolCoordinator.process(SchemaManagementToolCoordinator.java:100)
	at org.hibernate.boot.internal.SessionFactoryObserverForSchemaExport.sessionFactoryCreated(SessionFactoryObserverForSchemaExport.java:35)
	at org.hibernate.internal.SessionFactoryObserverChain.sessionFactoryCreated(SessionFactoryObserverChain.java:33)
	at org.hibernate.internal.SessionFactoryImpl.<init>(SessionFactoryImpl.java:323)
	at org.hibernate.internal.SessionFactoryRegistry.instantiateSessionFactory(SessionFactoryRegistry.java:64)
	at org.hibernate.boot.internal.SessionFactoryBuilderImpl.build(SessionFactoryBuilderImpl.java:437)
	at org.hibernate.jpa.boot.internal.EntityManagerFactoryBuilderImpl.build(EntityManagerFactoryBuilderImpl.java:1456)
	at org.springframework.orm.jpa.vendor.SpringHibernateJpaPersistenceProvider.createContainerEntityManagerFactory(SpringHibernateJpaPersistenceProvider.java:93)
	at org.springframework.orm.jpa.LocalContainerEntityManagerFactoryBean.createNativeEntityManagerFactory(LocalContainerEntityManagerFactoryBean.java:443)
	at org.springframework.orm.jpa.AbstractEntityManagerFactoryBean.buildNativeEntityManagerFactory(AbstractEntityManagerFactoryBean.java:436)
	at org.springframework.orm.jpa.AbstractEntityManagerFactoryBean.afterPropertiesSet(AbstractEntityManagerFactoryBean.java:411)
	at org.springframework.orm.jpa.LocalContainerEntityManagerFactoryBean.afterPropertiesSet(LocalContainerEntityManagerFactoryBean.java:419)
	at org.springframework.beans.factory.support.AbstractAutowireCapableBeanFactory.invokeInitMethods(AbstractAutowireCapableBeanFactory.java:1864)
	at org.springframework.beans.factory.support.AbstractAutowireCapableBeanFactory.initializeBean(AbstractAutowireCapableBeanFactory.java:1813)
	at org.springframework.beans.factory.support.AbstractAutowireCapableBeanFactory.doCreateBean(AbstractAutowireCapableBeanFactory.java:603)
	at org.springframework.beans.factory.support.AbstractAutowireCapableBeanFactory.createBean(AbstractAutowireCapableBeanFactory.java:525)
	at org.springframework.beans.factory.support.AbstractBeanFactory.lambda$doGetBean$0(AbstractBeanFactory.java:333)
	at org.springframework.beans.factory.support.DefaultSingletonBeanRegistry.getSingleton(DefaultSingletonBeanRegistry.java:371)
	at org.springframework.beans.factory.support.AbstractBeanFactory.doGetBean(AbstractBeanFactory.java:331)
	at org.springframework.beans.factory.support.AbstractBeanFactory.getBean(AbstractBeanFactory.java:201)
	at org.springframework.context.support.AbstractApplicationContext.finishBeanFactoryInitialization(AbstractApplicationContext.java:977)
	at org.springframework.context.support.AbstractApplicationContext.refresh(AbstractApplicationContext.java:621)
	at org.springframework.boot.web.server.servlet.context.ServletWebServerApplicationContext.refresh(ServletWebServerApplicationContext.java:143)
	at org.springframework.boot.SpringApplication.refresh(SpringApplication.java:756)
	at org.springframework.boot.SpringApplication.refreshContext(SpringApplication.java:445)
	at org.springframework.boot.SpringApplication.run(SpringApplication.java:321)
	at org.springframework.boot.SpringApplication.run(SpringApplication.java:1365)
	at org.springframework.boot.SpringApplication.run(SpringApplication.java:1354)
	at com.example.attendance.AttendanceSystemApplication.main(AttendanceSystemApplication.java:12)
Caused by: com.microsoft.sqlserver.jdbc.SQLServerException: 关键字 'default' 附近有语法错误。
	at com.microsoft.sqlserver.jdbc.SQLServerException.makeFromDatabaseError(SQLServerException.java:278)
	at com.microsoft.sqlserver.jdbc.SQLServerStatement.getNextResult(SQLServerStatement.java:1788)
	at com.microsoft.sqlserver.jdbc.SQLServerStatement.doExecuteStatement(SQLServerStatement.java:975)
	at com.microsoft.sqlserver.jdbc.SQLServerStatement$StmtExecCmd.doExecute(SQLServerStatement.java:869)
	at com.microsoft.sqlserver.jdbc.TDSCommand.execute(IOBuffer.java:7825)
	at com.microsoft.sqlserver.jdbc.SQLServerConnection.executeCommand(SQLServerConnection.java:4828)
	at com.microsoft.sqlserver.jdbc.SQLServerStatement.executeCommand(SQLServerStatement.java:321)
	at com.microsoft.sqlserver.jdbc.SQLServerStatement.executeStatement(SQLServerStatement.java:253)
	at com.microsoft.sqlserver.jdbc.SQLServerStatement.execute(SQLServerStatement.java:842)
	at com.zaxxer.hikari.pool.ProxyStatement.execute(ProxyStatement.java:95)
	at com.zaxxer.hikari.pool.HikariProxyStatement.execute(HikariProxyStatement.java)
	at org.hibernate.tool.schema.internal.exec.GenerationTargetToDatabase.accept(GenerationTargetToDatabase.java:76)
	... 38 common frames omitted
2026-06-02 09:37:45.857 [main] INFO  o.s.o.j.LocalContainerEntityManagerFactoryBean - Initialized JPA EntityManagerFactory for persistence unit 'default'
2026-06-02 09:37:45.931 [main] INFO  o.s.d.j.r.q.QueryEnhancerFactories - Hibernate is in classpath; If applicable, HQL parser will be used.
2026-06-02 09:37:46.875 [main] WARN  o.s.b.j.a.JpaBaseConfiguration$JpaWebConfiguration - spring.jpa.open-in-view is enabled by default. Therefore, database queries may be performed during view rendering. Explicitly configure spring.jpa.open-in-view to disable this warning
2026-06-02 09:37:46.922 [main] INFO  o.s.s.c.a.a.c.InitializeUserDetailsBeanManagerConfigurer$InitializeUserDetailsManagerConfigurer - Global AuthenticationManager configured with UserDetailsService bean with name myUserDetailsServiceImpl
2026-06-02 09:37:47.039 [main] INFO  o.s.b.w.a.WelcomePageHandlerMapping - Adding welcome page template: index
2026-06-02 09:37:47.291 [main] INFO  o.s.boot.tomcat.TomcatWebServer - Tomcat started on port 8080 (http) with context path '/'
2026-06-02 09:37:47.301 [main] INFO  c.e.a.AttendanceSystemApplication - Started AttendanceSystemApplication in 5.717 seconds (process running for 6.367)
2026-06-02 09:38:05.712 [http-nio-8080-exec-1] INFO  o.a.c.c.C.[Tomcat].[localhost].[/] - Initializing Spring DispatcherServlet 'dispatcherServlet'
2026-06-02 09:38:05.712 [http-nio-8080-exec-1] INFO  o.s.web.servlet.DispatcherServlet - Initializing Servlet 'dispatcherServlet'
2026-06-02 09:38:05.715 [http-nio-8080-exec-1] INFO  o.s.web.servlet.DispatcherServlet - Completed initialization in 3 ms
2026-06-02 09:38:15.545 [http-nio-8080-exec-5] DEBUG org.hibernate.SQL - 
    select
        u1_0.id,
        u1_0.class_name,
        u1_0.create_time,
        u1_0.gender,
        u1_0.real_name,
        u1_0.username,
        u1_0.userpassword,
        u1_0.userrole 
    from
        my_user u1_0 
    where
        u1_0.username=?
2026-06-02 09:38:17.484 [http-nio-8080-exec-6] DEBUG org.hibernate.SQL - 
    select
        u1_0.id,
        u1_0.class_name,
        u1_0.create_time,
        u1_0.gender,
        u1_0.real_name,
        u1_0.username,
        u1_0.userpassword,
        u1_0.userrole 
    from
        my_user u1_0 
    where
        u1_0.username=?
2026-06-02 09:38:17.539 [http-nio-8080-exec-6] DEBUG org.hibernate.SQL - 
    select
        c1_0.id,
        c1_0.class_name,
        c1_0.course_id,
        c1_0.course_name,
        c1_0.create_time,
        c1_0.location,
        c1_0.teacher_id,
        c1_0.teacher_name,
        c1_0.time_slot,
        c1_0.week_day 
    from
        course c1_0
2026-06-02 09:38:17.567 [http-nio-8080-exec-6] DEBUG org.hibernate.SQL - 
    select
        count_big(*) 
    from
        student s1_0
2026-06-02 09:38:17.597 [http-nio-8080-exec-6] DEBUG org.hibernate.SQL - 
    select
        count_big(u1_0.id) 
    from
        my_user u1_0 
    where
        upper(u1_0.userrole)=upper(?)
2026-06-02 09:38:17.616 [http-nio-8080-exec-6] DEBUG org.hibernate.SQL - 
    select
        count_big(*) 
    from
        course c1_0
2026-06-02 09:38:17.627 [http-nio-8080-exec-6] DEBUG org.hibernate.SQL - 
    select
        a1_0.id,
        a1_0.check_in_time,
        a1_0.course_id,
        a1_0.create_time,
        a1_0.ip_address,
        a1_0.reason,
        a1_0.sign_in_id,
        a1_0.student_id,
        a1_0.student_name,
        a1_0.student_status,
        a1_0.update_time 
    from
        attendance a1_0 
    where
        a1_0.course_id=?
2026-06-02 09:38:17.637 [http-nio-8080-exec-6] DEBUG org.hibernate.SQL - 
    select
        a1_0.id,
        a1_0.check_in_time,
        a1_0.course_id,
        a1_0.create_time,
        a1_0.ip_address,
        a1_0.reason,
        a1_0.sign_in_id,
        a1_0.student_id,
        a1_0.student_name,
        a1_0.student_status,
        a1_0.update_time 
    from
        attendance a1_0 
    where
        a1_0.course_id=?
2026-06-02 09:38:17.645 [http-nio-8080-exec-6] DEBUG org.hibernate.SQL - 
    select
        a1_0.id,
        a1_0.check_in_time,
        a1_0.course_id,
        a1_0.create_time,
        a1_0.ip_address,
        a1_0.reason,
        a1_0.sign_in_id,
        a1_0.student_id,
        a1_0.student_name,
        a1_0.student_status,
        a1_0.update_time 
    from
        attendance a1_0 
    where
        a1_0.course_id=?
2026-06-02 09:38:39.654 [http-nio-8080-exec-7] DEBUG org.hibernate.SQL - 
    select
        c1_0.id,
        c1_0.class_name,
        c1_0.course_id,
        c1_0.course_name,
        c1_0.create_time,
        c1_0.location,
        c1_0.teacher_id,
        c1_0.teacher_name,
        c1_0.time_slot,
        c1_0.week_day 
    from
        course c1_0
2026-06-02 09:38:42.181 [http-nio-8080-exec-10] DEBUG org.hibernate.SQL - 
    select
        u1_0.id,
        u1_0.class_name,
        u1_0.create_time,
        u1_0.gender,
        u1_0.real_name,
        u1_0.username,
        u1_0.userpassword,
        u1_0.userrole 
    from
        my_user u1_0 
    where
        u1_0.username=?
2026-06-02 09:38:42.185 [http-nio-8080-exec-10] DEBUG org.hibernate.SQL - 
    select
        c1_0.id,
        c1_0.class_name,
        c1_0.course_id,
        c1_0.course_name,
        c1_0.create_time,
        c1_0.location,
        c1_0.teacher_id,
        c1_0.teacher_name,
        c1_0.time_slot,
        c1_0.week_day 
    from
        course c1_0
2026-06-02 09:38:42.188 [http-nio-8080-exec-10] DEBUG org.hibernate.SQL - 
    select
        count_big(*) 
    from
        student s1_0
2026-06-02 09:38:42.191 [http-nio-8080-exec-10] DEBUG org.hibernate.SQL - 
    select
        count_big(u1_0.id) 
    from
        my_user u1_0 
    where
        upper(u1_0.userrole)=upper(?)
2026-06-02 09:38:42.192 [http-nio-8080-exec-10] DEBUG org.hibernate.SQL - 
    select
        count_big(*) 
    from
        course c1_0
2026-06-02 09:38:42.196 [http-nio-8080-exec-10] DEBUG org.hibernate.SQL - 
    select
        a1_0.id,
        a1_0.check_in_time,
        a1_0.course_id,
        a1_0.create_time,
        a1_0.ip_address,
        a1_0.reason,
        a1_0.sign_in_id,
        a1_0.student_id,
        a1_0.student_name,
        a1_0.student_status,
        a1_0.update_time 
    from
        attendance a1_0 
    where
        a1_0.course_id=?
2026-06-02 09:38:42.197 [http-nio-8080-exec-10] DEBUG org.hibernate.SQL - 
    select
        a1_0.id,
        a1_0.check_in_time,
        a1_0.course_id,
        a1_0.create_time,
        a1_0.ip_address,
        a1_0.reason,
        a1_0.sign_in_id,
        a1_0.student_id,
        a1_0.student_name,
        a1_0.student_status,
        a1_0.update_time 
    from
        attendance a1_0 
    where
        a1_0.course_id=?
2026-06-02 09:38:42.198 [http-nio-8080-exec-10] DEBUG org.hibernate.SQL - 
    select
        a1_0.id,
        a1_0.check_in_time,
        a1_0.course_id,
        a1_0.create_time,
        a1_0.ip_address,
        a1_0.reason,
        a1_0.sign_in_id,
        a1_0.student_id,
        a1_0.student_name,
        a1_0.student_status,
        a1_0.update_time 
    from
        attendance a1_0 
    where
        a1_0.course_id=?
2026-06-02 09:38:44.049 [http-nio-8080-exec-9] DEBUG c.e.a.service.impl.UserServiceImpl - 查询所有用户列表
2026-06-02 09:38:44.057 [http-nio-8080-exec-9] DEBUG org.hibernate.SQL - 
    select
        u1_0.id,
        u1_0.class_name,
        u1_0.create_time,
        u1_0.gender,
        u1_0.real_name,
        u1_0.username,
        u1_0.userpassword,
        u1_0.userrole 
    from
        my_user u1_0
2026-06-02 09:38:44.080 [http-nio-8080-exec-9] INFO  c.e.a.service.impl.UserServiceImpl - 查询到 73 个用户
2026-06-02 09:38:46.497 [http-nio-8080-exec-1] DEBUG org.hibernate.SQL - 
    select
        u1_0.id,
        u1_0.class_name,
        u1_0.create_time,
        u1_0.gender,
        u1_0.real_name,
        u1_0.username,
        u1_0.userpassword,
        u1_0.userrole 
    from
        my_user u1_0 
    where
        u1_0.username=?
2026-06-02 09:38:46.506 [http-nio-8080-exec-1] DEBUG org.hibernate.SQL - 
    select
        c1_0.id,
        c1_0.class_name,
        c1_0.course_id,
        c1_0.course_name,
        c1_0.create_time,
        c1_0.location,
        c1_0.teacher_id,
        c1_0.teacher_name,
        c1_0.time_slot,
        c1_0.week_day 
    from
        course c1_0
2026-06-02 09:38:46.509 [http-nio-8080-exec-1] DEBUG org.hibernate.SQL - 
    select
        count_big(*) 
    from
        student s1_0
2026-06-02 09:38:46.514 [http-nio-8080-exec-1] DEBUG org.hibernate.SQL - 
    select
        count_big(u1_0.id) 
    from
        my_user u1_0 
    where
        upper(u1_0.userrole)=upper(?)
2026-06-02 09:38:46.519 [http-nio-8080-exec-1] DEBUG org.hibernate.SQL - 
    select
        count_big(*) 
    from
        course c1_0
2026-06-02 09:38:46.524 [http-nio-8080-exec-1] DEBUG org.hibernate.SQL - 
    select
        a1_0.id,
        a1_0.check_in_time,
        a1_0.course_id,
        a1_0.create_time,
        a1_0.ip_address,
        a1_0.reason,
        a1_0.sign_in_id,
        a1_0.student_id,
        a1_0.student_name,
        a1_0.student_status,
        a1_0.update_time 
    from
        attendance a1_0 
    where
        a1_0.course_id=?
2026-06-02 09:38:46.528 [http-nio-8080-exec-1] DEBUG org.hibernate.SQL - 
    select
        a1_0.id,
        a1_0.check_in_time,
        a1_0.course_id,
        a1_0.create_time,
        a1_0.ip_address,
        a1_0.reason,
        a1_0.sign_in_id,
        a1_0.student_id,
        a1_0.student_name,
        a1_0.student_status,
        a1_0.update_time 
    from
        attendance a1_0 
    where
        a1_0.course_id=?
2026-06-02 09:38:46.532 [http-nio-8080-exec-1] DEBUG org.hibernate.SQL - 
    select
        a1_0.id,
        a1_0.check_in_time,
        a1_0.course_id,
        a1_0.create_time,
        a1_0.ip_address,
        a1_0.reason,
        a1_0.sign_in_id,
        a1_0.student_id,
        a1_0.student_name,
        a1_0.student_status,
        a1_0.update_time 
    from
        attendance a1_0 
    where
        a1_0.course_id=?
2026-06-02 09:38:49.675 [http-nio-8080-exec-5] DEBUG org.hibernate.SQL - 
    select
        u1_0.id,
        u1_0.class_name,
        u1_0.create_time,
        u1_0.gender,
        u1_0.real_name,
        u1_0.username,
        u1_0.userpassword,
        u1_0.userrole 
    from
        my_user u1_0 
    where
        u1_0.username=?
2026-06-02 09:38:49.678 [http-nio-8080-exec-3] DEBUG c.e.a.s.impl.AttendanceServiceImpl - 分页查询考勤记录，页码: 0, 每页数量: 10
2026-06-02 09:38:49.682 [http-nio-8080-exec-5] DEBUG org.hibernate.SQL - 
    select
        c1_0.id,
        c1_0.class_name,
        c1_0.course_id,
        c1_0.course_name,
        c1_0.create_time,
        c1_0.location,
        c1_0.teacher_id,
        c1_0.teacher_name,
        c1_0.time_slot,
        c1_0.week_day 
    from
        course c1_0
2026-06-02 09:38:49.687 [http-nio-8080-exec-5] DEBUG org.hibernate.SQL - 
    select
        count_big(*) 
    from
        student s1_0
2026-06-02 09:38:49.692 [http-nio-8080-exec-5] DEBUG org.hibernate.SQL - 
    select
        count_big(u1_0.id) 
    from
        my_user u1_0 
    where
        upper(u1_0.userrole)=upper(?)
2026-06-02 09:38:49.695 [http-nio-8080-exec-5] DEBUG org.hibernate.SQL - 
    select
        count_big(*) 
    from
        course c1_0
2026-06-02 09:38:49.699 [http-nio-8080-exec-5] DEBUG org.hibernate.SQL - 
    select
        a1_0.id,
        a1_0.check_in_time,
        a1_0.course_id,
        a1_0.create_time,
        a1_0.ip_address,
        a1_0.reason,
        a1_0.sign_in_id,
        a1_0.student_id,
        a1_0.student_name,
        a1_0.student_status,
        a1_0.update_time 
    from
        attendance a1_0 
    where
        a1_0.course_id=?
2026-06-02 09:38:49.703 [http-nio-8080-exec-5] DEBUG org.hibernate.SQL - 
    select
        a1_0.id,
        a1_0.check_in_time,
        a1_0.course_id,
        a1_0.create_time,
        a1_0.ip_address,
        a1_0.reason,
        a1_0.sign_in_id,
        a1_0.student_id,
        a1_0.student_name,
        a1_0.student_status,
        a1_0.update_time 
    from
        attendance a1_0 
    where
        a1_0.course_id=?
2026-06-02 09:38:49.703 [http-nio-8080-exec-3] DEBUG org.hibernate.SQL - 
    select
        a1_0.id,
        a1_0.check_in_time,
        a1_0.course_id,
        a1_0.create_time,
        a1_0.ip_address,
        a1_0.reason,
        a1_0.sign_in_id,
        a1_0.student_id,
        a1_0.student_name,
        a1_0.student_status,
        a1_0.update_time 
    from
        attendance a1_0 
    order by
        a1_0.check_in_time desc 
    offset
        ? rows 
    fetch
        first ? rows only
2026-06-02 09:38:49.705 [http-nio-8080-exec-5] DEBUG org.hibernate.SQL - 
    select
        a1_0.id,
        a1_0.check_in_time,
        a1_0.course_id,
        a1_0.create_time,
        a1_0.ip_address,
        a1_0.reason,
        a1_0.sign_in_id,
        a1_0.student_id,
        a1_0.student_name,
        a1_0.student_status,
        a1_0.update_time 
    from
        attendance a1_0 
    where
        a1_0.course_id=?
2026-06-02 09:38:49.715 [http-nio-8080-exec-3] DEBUG org.hibernate.SQL - 
    select
        count_big(a1_0.id) 
    from
        attendance a1_0
2026-06-02 09:38:49.722 [http-nio-8080-exec-3] INFO  c.e.a.s.impl.AttendanceServiceImpl - 考勤记录分页查询完成，总数: 29
2026-06-02 09:38:49.731 [http-nio-8080-exec-3] WARN  o.s.d.w.c.SpringDataJackson3Configuration$PageModule$WarningLoggingModifier - Serializing PageImpl instances as-is is not supported, meaning that there is no guarantee about the stability of the resulting JSON structure!
	For a stable JSON structure, please use Spring Data's PagedModel (globally via @EnableSpringDataWebSupport(pageSerializationMode = VIA_DTO))
	or Spring HATEOAS and Spring Data's PagedResourcesAssembler as documented in https://docs.spring.io/spring-data/commons/reference/repositories/core-extensions.html#core.web.pageables.

2026-06-02 09:38:51.800 [http-nio-8080-exec-6] DEBUG c.e.a.s.impl.AttendanceServiceImpl - 分页查询考勤记录，页码: 0, 每页数量: 10
2026-06-02 09:38:51.806 [http-nio-8080-exec-6] DEBUG org.hibernate.SQL - 
    select
        a1_0.id,
        a1_0.check_in_time,
        a1_0.course_id,
        a1_0.create_time,
        a1_0.ip_address,
        a1_0.reason,
        a1_0.sign_in_id,
        a1_0.student_id,
        a1_0.student_name,
        a1_0.student_status,
        a1_0.update_time 
    from
        attendance a1_0 
    order by
        a1_0.check_in_time desc 
    offset
        ? rows 
    fetch
        first ? rows only
2026-06-02 09:38:51.812 [http-nio-8080-exec-6] DEBUG org.hibernate.SQL - 
    select
        count_big(a1_0.id) 
    from
        attendance a1_0
2026-06-02 09:38:51.819 [http-nio-8080-exec-6] INFO  c.e.a.s.impl.AttendanceServiceImpl - 考勤记录分页查询完成，总数: 29
2026-06-02 09:38:56.896 [http-nio-8080-exec-8] DEBUG org.hibernate.SQL - 
    select
        u1_0.id,
        u1_0.class_name,
        u1_0.create_time,
        u1_0.gender,
        u1_0.real_name,
        u1_0.username,
        u1_0.userpassword,
        u1_0.userrole 
    from
        my_user u1_0 
    where
        u1_0.username=?
2026-06-02 09:38:56.901 [http-nio-8080-exec-8] DEBUG org.hibernate.SQL - 
    select
        c1_0.id,
        c1_0.class_name,
        c1_0.course_id,
        c1_0.course_name,
        c1_0.create_time,
        c1_0.location,
        c1_0.teacher_id,
        c1_0.teacher_name,
        c1_0.time_slot,
        c1_0.week_day 
    from
        course c1_0
2026-06-02 09:38:56.908 [http-nio-8080-exec-8] DEBUG org.hibernate.SQL - 
    select
        count_big(*) 
    from
        student s1_0
2026-06-02 09:38:56.911 [http-nio-8080-exec-8] DEBUG org.hibernate.SQL - 
    select
        count_big(u1_0.id) 
    from
        my_user u1_0 
    where
        upper(u1_0.userrole)=upper(?)
2026-06-02 09:38:56.914 [http-nio-8080-exec-8] DEBUG org.hibernate.SQL - 
    select
        count_big(*) 
    from
        course c1_0
2026-06-02 09:38:56.916 [http-nio-8080-exec-8] DEBUG org.hibernate.SQL - 
    select
        a1_0.id,
        a1_0.check_in_time,
        a1_0.course_id,
        a1_0.create_time,
        a1_0.ip_address,
        a1_0.reason,
        a1_0.sign_in_id,
        a1_0.student_id,
        a1_0.student_name,
        a1_0.student_status,
        a1_0.update_time 
    from
        attendance a1_0 
    where
        a1_0.course_id=?
2026-06-02 09:38:56.921 [http-nio-8080-exec-8] DEBUG org.hibernate.SQL - 
    select
        a1_0.id,
        a1_0.check_in_time,
        a1_0.course_id,
        a1_0.create_time,
        a1_0.ip_address,
        a1_0.reason,
        a1_0.sign_in_id,
        a1_0.student_id,
        a1_0.student_name,
        a1_0.student_status,
        a1_0.update_time 
    from
        attendance a1_0 
    where
        a1_0.course_id=?
2026-06-02 09:38:56.924 [http-nio-8080-exec-8] DEBUG org.hibernate.SQL - 
    select
        a1_0.id,
        a1_0.check_in_time,
        a1_0.course_id,
        a1_0.create_time,
        a1_0.ip_address,
        a1_0.reason,
        a1_0.sign_in_id,
        a1_0.student_id,
        a1_0.student_name,
        a1_0.student_status,
        a1_0.update_time 
    from
        attendance a1_0 
    where
        a1_0.course_id=?
2026-06-02 09:39:02.805 [http-nio-8080-exec-9] DEBUG org.hibernate.SQL - 
    select
        c1_0.id,
        c1_0.class_name,
        c1_0.course_id,
        c1_0.course_name,
        c1_0.create_time,
        c1_0.location,
        c1_0.teacher_id,
        c1_0.teacher_name,
        c1_0.time_slot,
        c1_0.week_day 
    from
        course c1_0
2026-06-02 09:39:02.823 [http-nio-8080-exec-4] DEBUG org.hibernate.SQL - 
    select
        distinct s1_0.class_name 
    from
        student s1_0 
    where
        s1_0.class_name is not null 
    order by
        s1_0.class_name
2026-06-02 09:39:02.845 [http-nio-8080-exec-1] DEBUG org.hibernate.SQL - 
    select
        u1_0.id,
        u1_0.class_name,
        u1_0.create_time,
        u1_0.gender,
        u1_0.real_name,
        u1_0.username,
        u1_0.userpassword,
        u1_0.userrole 
    from
        my_user u1_0 
    where
        u1_0.username=?
2026-06-02 09:39:02.854 [http-nio-8080-exec-1] DEBUG org.hibernate.SQL - 
    select
        count_big(*) 
    from
        student s1_0
2026-06-02 09:39:02.876 [http-nio-8080-exec-1] DEBUG org.hibernate.SQL - 
    select
        count_big(a1_0.id) 
    from
        attendance a1_0 
    where
        a1_0.check_in_time between ? and ? 
        and (
            ? is null 
            or a1_0.course_id=?
        ) 
        and (
            ? is null 
            or ?='' 
            or exists(select
                s1_0.student_id from student s1_0 
            where
                s1_0.student_id=a1_0.student_id 
                and s1_0.class_name=?)
        )
2026-06-02 09:39:02.911 [http-nio-8080-exec-1] DEBUG org.hibernate.SQL - 
    select
        count_big(a1_0.id) 
    from
        attendance a1_0 
    where
        a1_0.student_status=? 
        and a1_0.check_in_time between ? and ? 
        and (
            ? is null 
            or a1_0.course_id=?
        ) 
        and (
            ? is null 
            or ?='' 
            or exists(select
                s1_0.student_id from student s1_0 
            where
                s1_0.student_id=a1_0.student_id 
                and s1_0.class_name=?)
        )
2026-06-02 09:39:02.926 [http-nio-8080-exec-1] DEBUG org.hibernate.SQL - 
    select
        count_big(a1_0.id) 
    from
        attendance a1_0 
    where
        a1_0.student_status=? 
        and a1_0.check_in_time between ? and ? 
        and (
            ? is null 
            or a1_0.course_id=?
        ) 
        and (
            ? is null 
            or ?='' 
            or exists(select
                s1_0.student_id from student s1_0 
            where
                s1_0.student_id=a1_0.student_id 
                and s1_0.class_name=?)
        )
2026-06-02 09:39:02.929 [http-nio-8080-exec-1] DEBUG org.hibernate.SQL - 
    select
        count_big(a1_0.id) 
    from
        attendance a1_0 
    where
        a1_0.student_status=? 
        and a1_0.check_in_time between ? and ? 
        and (
            ? is null 
            or a1_0.course_id=?
        ) 
        and (
            ? is null 
            or ?='' 
            or exists(select
                s1_0.student_id from student s1_0 
            where
                s1_0.student_id=a1_0.student_id 
                and s1_0.class_name=?)
        )
2026-06-02 09:39:02.932 [http-nio-8080-exec-1] DEBUG org.hibernate.SQL - 
    select
        count_big(a1_0.id) 
    from
        attendance a1_0 
    where
        a1_0.student_status=? 
        and a1_0.check_in_time between ? and ? 
        and (
            ? is null 
            or a1_0.course_id=?
        ) 
        and (
            ? is null 
            or ?='' 
            or exists(select
                s1_0.student_id from student s1_0 
            where
                s1_0.student_id=a1_0.student_id 
                and s1_0.class_name=?)
        )
2026-06-02 09:39:02.934 [http-nio-8080-exec-1] DEBUG org.hibernate.SQL - 
    select
        count_big(a1_0.id) 
    from
        attendance a1_0 
    where
        a1_0.student_status=? 
        and a1_0.check_in_time between ? and ? 
        and (
            ? is null 
            or a1_0.course_id=?
        ) 
        and (
            ? is null 
            or ?='' 
            or exists(select
                s1_0.student_id from student s1_0 
            where
                s1_0.student_id=a1_0.student_id 
                and s1_0.class_name=?)
        )
2026-06-02 09:39:02.936 [http-nio-8080-exec-1] DEBUG org.hibernate.SQL - 
    select
        count_big(a1_0.id) 
    from
        attendance a1_0 
    where
        a1_0.student_status=? 
        and a1_0.check_in_time between ? and ? 
        and (
            ? is null 
            or a1_0.course_id=?
        ) 
        and (
            ? is null 
            or ?='' 
            or exists(select
                s1_0.student_id from student s1_0 
            where
                s1_0.student_id=a1_0.student_id 
                and s1_0.class_name=?)
        )
2026-06-02 09:39:02.937 [http-nio-8080-exec-1] DEBUG org.hibernate.SQL - 
    select
        count_big(a1_0.id) 
    from
        attendance a1_0 
    where
        a1_0.student_status=? 
        and a1_0.check_in_time between ? and ? 
        and (
            ? is null 
            or a1_0.course_id=?
        ) 
        and (
            ? is null 
            or ?='' 
            or exists(select
                s1_0.student_id from student s1_0 
            where
                s1_0.student_id=a1_0.student_id 
                and s1_0.class_name=?)
        )
2026-06-02 09:39:02.941 [http-nio-8080-exec-1] DEBUG org.hibernate.SQL - 
    select
        count_big(a1_0.id) 
    from
        attendance a1_0 
    where
        a1_0.student_status=? 
        and a1_0.check_in_time between ? and ? 
        and (
            ? is null 
            or a1_0.course_id=?
        ) 
        and (
            ? is null 
            or ?='' 
            or exists(select
                s1_0.student_id from student s1_0 
            where
                s1_0.student_id=a1_0.student_id 
                and s1_0.class_name=?)
        )
2026-06-02 09:39:02.943 [http-nio-8080-exec-1] DEBUG org.hibernate.SQL - 
    select
        count_big(a1_0.id) 
    from
        attendance a1_0 
    where
        a1_0.student_status=? 
        and a1_0.check_in_time between ? and ? 
        and (
            ? is null 
            or a1_0.course_id=?
        ) 
        and (
            ? is null 
            or ?='' 
            or exists(select
                s1_0.student_id from student s1_0 
            where
                s1_0.student_id=a1_0.student_id 
                and s1_0.class_name=?)
        )
2026-06-02 09:39:02.946 [http-nio-8080-exec-1] DEBUG org.hibernate.SQL - 
    select
        count_big(a1_0.id) 
    from
        attendance a1_0 
    where
        a1_0.student_status=? 
        and a1_0.check_in_time between ? and ? 
        and (
            ? is null 
            or a1_0.course_id=?
        ) 
        and (
            ? is null 
            or ?='' 
            or exists(select
                s1_0.student_id from student s1_0 
            where
                s1_0.student_id=a1_0.student_id 
                and s1_0.class_name=?)
        )
2026-06-02 09:39:02.948 [http-nio-8080-exec-1] DEBUG org.hibernate.SQL - 
    select
        count_big(a1_0.id) 
    from
        attendance a1_0 
    where
        a1_0.student_status=? 
        and a1_0.check_in_time between ? and ? 
        and (
            ? is null 
            or a1_0.course_id=?
        ) 
        and (
            ? is null 
            or ?='' 
            or exists(select
                s1_0.student_id from student s1_0 
            where
                s1_0.student_id=a1_0.student_id 
                and s1_0.class_name=?)
        )
2026-06-02 09:39:02.958 [http-nio-8080-exec-1] DEBUG org.hibernate.SQL - 
    select
        count_big(a1_0.id) 
    from
        attendance a1_0 
    where
        a1_0.student_status=? 
        and a1_0.check_in_time between ? and ? 
        and (
            ? is null 
            or a1_0.course_id=?
        ) 
        and (
            ? is null 
            or ?='' 
            or exists(select
                s1_0.student_id from student s1_0 
            where
                s1_0.student_id=a1_0.student_id 
                and s1_0.class_name=?)
        )
2026-06-02 09:39:02.963 [http-nio-8080-exec-1] DEBUG org.hibernate.SQL - 
    select
        count_big(a1_0.id) 
    from
        attendance a1_0 
    where
        a1_0.student_status=? 
        and a1_0.check_in_time between ? and ? 
        and (
            ? is null 
            or a1_0.course_id=?
        ) 
        and (
            ? is null 
            or ?='' 
            or exists(select
                s1_0.student_id from student s1_0 
            where
                s1_0.student_id=a1_0.student_id 
                and s1_0.class_name=?)
        )
2026-06-02 09:39:02.968 [http-nio-8080-exec-1] DEBUG org.hibernate.SQL - 
    select
        count_big(a1_0.id) 
    from
        attendance a1_0 
    where
        a1_0.student_status=? 
        and a1_0.check_in_time between ? and ? 
        and (
            ? is null 
            or a1_0.course_id=?
        ) 
        and (
            ? is null 
            or ?='' 
            or exists(select
                s1_0.student_id from student s1_0 
            where
                s1_0.student_id=a1_0.student_id 
                and s1_0.class_name=?)
        )
2026-06-02 09:39:02.973 [http-nio-8080-exec-1] DEBUG org.hibernate.SQL - 
    select
        count_big(a1_0.id) 
    from
        attendance a1_0 
    where
        a1_0.student_status=? 
        and a1_0.check_in_time between ? and ? 
        and (
            ? is null 
            or a1_0.course_id=?
        ) 
        and (
            ? is null 
            or ?='' 
            or exists(select
                s1_0.student_id from student s1_0 
            where
                s1_0.student_id=a1_0.student_id 
                and s1_0.class_name=?)
        )
2026-06-02 09:39:02.979 [http-nio-8080-exec-1] DEBUG org.hibernate.SQL - 
    select
        count_big(a1_0.id) 
    from
        attendance a1_0 
    where
        a1_0.student_status=? 
        and a1_0.check_in_time between ? and ? 
        and (
            ? is null 
            or a1_0.course_id=?
        ) 
        and (
            ? is null 
            or ?='' 
            or exists(select
                s1_0.student_id from student s1_0 
            where
                s1_0.student_id=a1_0.student_id 
                and s1_0.class_name=?)
        )
2026-06-02 09:39:02.982 [http-nio-8080-exec-1] DEBUG org.hibernate.SQL - 
    select
        count_big(a1_0.id) 
    from
        attendance a1_0 
    where
        a1_0.student_status=? 
        and a1_0.check_in_time between ? and ? 
        and (
            ? is null 
            or a1_0.course_id=?
        ) 
        and (
            ? is null 
            or ?='' 
            or exists(select
                s1_0.student_id from student s1_0 
            where
                s1_0.student_id=a1_0.student_id 
                and s1_0.class_name=?)
        )
2026-06-02 09:39:02.989 [http-nio-8080-exec-1] DEBUG org.hibernate.SQL - 
    select
        count_big(a1_0.id) 
    from
        attendance a1_0 
    where
        a1_0.student_status=? 
        and a1_0.check_in_time between ? and ? 
        and (
            ? is null 
            or a1_0.course_id=?
        ) 
        and (
            ? is null 
            or ?='' 
            or exists(select
                s1_0.student_id from student s1_0 
            where
                s1_0.student_id=a1_0.student_id 
                and s1_0.class_name=?)
        )
2026-06-02 09:39:02.994 [http-nio-8080-exec-1] DEBUG org.hibernate.SQL - 
    select
        count_big(a1_0.id) 
    from
        attendance a1_0 
    where
        a1_0.student_status=? 
        and a1_0.check_in_time between ? and ? 
        and (
            ? is null 
            or a1_0.course_id=?
        ) 
        and (
            ? is null 
            or ?='' 
            or exists(select
                s1_0.student_id from student s1_0 
            where
                s1_0.student_id=a1_0.student_id 
                and s1_0.class_name=?)
        )
2026-06-02 09:39:02.997 [http-nio-8080-exec-1] DEBUG org.hibernate.SQL - 
    select
        count_big(a1_0.id) 
    from
        attendance a1_0 
    where
        a1_0.student_status=? 
        and a1_0.check_in_time between ? and ? 
        and (
            ? is null 
            or a1_0.course_id=?
        ) 
        and (
            ? is null 
            or ?='' 
            or exists(select
                s1_0.student_id from student s1_0 
            where
                s1_0.student_id=a1_0.student_id 
                and s1_0.class_name=?)
        )
2026-06-02 09:39:03.000 [http-nio-8080-exec-1] DEBUG org.hibernate.SQL - 
    select
        count_big(a1_0.id) 
    from
        attendance a1_0 
    where
        a1_0.student_status=? 
        and a1_0.check_in_time between ? and ? 
        and (
            ? is null 
            or a1_0.course_id=?
        ) 
        and (
            ? is null 
            or ?='' 
            or exists(select
                s1_0.student_id from student s1_0 
            where
                s1_0.student_id=a1_0.student_id 
                and s1_0.class_name=?)
        )
2026-06-02 09:39:03.004 [http-nio-8080-exec-1] DEBUG org.hibernate.SQL - 
    select
        count_big(a1_0.id) 
    from
        attendance a1_0 
    where
        a1_0.student_status=? 
        and a1_0.check_in_time between ? and ? 
        and (
            ? is null 
            or a1_0.course_id=?
        ) 
        and (
            ? is null 
            or ?='' 
            or exists(select
                s1_0.student_id from student s1_0 
            where
                s1_0.student_id=a1_0.student_id 
                and s1_0.class_name=?)
        )
2026-06-02 09:39:03.007 [http-nio-8080-exec-1] DEBUG org.hibernate.SQL - 
    select
        count_big(a1_0.id) 
    from
        attendance a1_0 
    where
        a1_0.student_status=? 
        and a1_0.check_in_time between ? and ? 
        and (
            ? is null 
            or a1_0.course_id=?
        ) 
        and (
            ? is null 
            or ?='' 
            or exists(select
                s1_0.student_id from student s1_0 
            where
                s1_0.student_id=a1_0.student_id 
                and s1_0.class_name=?)
        )
2026-06-02 09:39:03.009 [http-nio-8080-exec-1] DEBUG org.hibernate.SQL - 
    select
        count_big(a1_0.id) 
    from
        attendance a1_0 
    where
        a1_0.student_status=? 
        and a1_0.check_in_time between ? and ? 
        and (
            ? is null 
            or a1_0.course_id=?
        ) 
        and (
            ? is null 
            or ?='' 
            or exists(select
                s1_0.student_id from student s1_0 
            where
                s1_0.student_id=a1_0.student_id 
                and s1_0.class_name=?)
        )
2026-06-02 09:39:03.012 [http-nio-8080-exec-1] DEBUG org.hibernate.SQL - 
    select
        count_big(a1_0.id) 
    from
        attendance a1_0 
    where
        a1_0.student_status=? 
        and a1_0.check_in_time between ? and ? 
        and (
            ? is null 
            or a1_0.course_id=?
        ) 
        and (
            ? is null 
            or ?='' 
            or exists(select
                s1_0.student_id from student s1_0 
            where
                s1_0.student_id=a1_0.student_id 
                and s1_0.class_name=?)
        )
2026-06-02 09:39:03.014 [http-nio-8080-exec-1] DEBUG org.hibernate.SQL - 
    select
        count_big(a1_0.id) 
    from
        attendance a1_0 
    where
        a1_0.student_status=? 
        and a1_0.check_in_time between ? and ? 
        and (
            ? is null 
            or a1_0.course_id=?
        ) 
        and (
            ? is null 
            or ?='' 
            or exists(select
                s1_0.student_id from student s1_0 
            where
                s1_0.student_id=a1_0.student_id 
                and s1_0.class_name=?)
        )
2026-06-02 09:39:03.017 [http-nio-8080-exec-1] DEBUG org.hibernate.SQL - 
    select
        count_big(a1_0.id) 
    from
        attendance a1_0 
    where
        a1_0.student_status=? 
        and a1_0.check_in_time between ? and ? 
        and (
            ? is null 
            or a1_0.course_id=?
        ) 
        and (
            ? is null 
            or ?='' 
            or exists(select
                s1_0.student_id from student s1_0 
            where
                s1_0.student_id=a1_0.student_id 
                and s1_0.class_name=?)
        )
2026-06-02 09:39:03.020 [http-nio-8080-exec-1] DEBUG org.hibernate.SQL - 
    select
        count_big(a1_0.id) 
    from
        attendance a1_0 
    where
        a1_0.student_status=? 
        and a1_0.check_in_time between ? and ? 
        and (
            ? is null 
            or a1_0.course_id=?
        ) 
        and (
            ? is null 
            or ?='' 
            or exists(select
                s1_0.student_id from student s1_0 
            where
                s1_0.student_id=a1_0.student_id 
                and s1_0.class_name=?)
        )
2026-06-02 09:39:03.025 [http-nio-8080-exec-1] DEBUG org.hibernate.SQL - 
    select
        count_big(a1_0.id) 
    from
        attendance a1_0 
    where
        a1_0.student_status=? 
        and a1_0.check_in_time between ? and ? 
        and (
            ? is null 
            or a1_0.course_id=?
        ) 
        and (
            ? is null 
            or ?='' 
            or exists(select
                s1_0.student_id from student s1_0 
            where
                s1_0.student_id=a1_0.student_id 
                and s1_0.class_name=?)
        )
2026-06-02 09:39:03.031 [http-nio-8080-exec-1] DEBUG org.hibernate.SQL - 
    select
        count_big(a1_0.id) 
    from
        attendance a1_0 
    where
        a1_0.student_status=? 
        and a1_0.check_in_time between ? and ? 
        and (
            ? is null 
            or a1_0.course_id=?
        ) 
        and (
            ? is null 
            or ?='' 
            or exists(select
                s1_0.student_id from student s1_0 
            where
                s1_0.student_id=a1_0.student_id 
                and s1_0.class_name=?)
        )
2026-06-02 09:39:03.039 [http-nio-8080-exec-1] DEBUG org.hibernate.SQL - 
    select
        count_big(a1_0.id) 
    from
        attendance a1_0 
    where
        a1_0.student_status=? 
        and a1_0.check_in_time between ? and ? 
        and (
            ? is null 
            or a1_0.course_id=?
        ) 
        and (
            ? is null 
            or ?='' 
            or exists(select
                s1_0.student_id from student s1_0 
            where
                s1_0.student_id=a1_0.student_id 
                and s1_0.class_name=?)
        )
2026-06-02 09:39:03.041 [http-nio-8080-exec-1] DEBUG org.hibernate.SQL - 
    select
        count_big(a1_0.id) 
    from
        attendance a1_0 
    where
        a1_0.student_status=? 
        and a1_0.check_in_time between ? and ? 
        and (
            ? is null 
            or a1_0.course_id=?
        ) 
        and (
            ? is null 
            or ?='' 
            or exists(select
                s1_0.student_id from student s1_0 
            where
                s1_0.student_id=a1_0.student_id 
                and s1_0.class_name=?)
        )
2026-06-02 09:39:03.061 [http-nio-8080-exec-1] DEBUG org.hibernate.SQL - 
    select
        count_big(a1_0.id) 
    from
        attendance a1_0 
    where
        a1_0.student_status=? 
        and a1_0.check_in_time between ? and ? 
        and (
            ? is null 
            or a1_0.course_id=?
        ) 
        and (
            ? is null 
            or ?='' 
            or exists(select
                s1_0.student_id from student s1_0 
            where
                s1_0.student_id=a1_0.student_id 
                and s1_0.class_name=?)
        )
2026-06-02 09:39:03.061 [http-nio-8080-exec-1] DEBUG org.hibernate.SQL - 
    select
        count_big(a1_0.id) 
    from
        attendance a1_0 
    where
        a1_0.student_status=? 
        and a1_0.check_in_time between ? and ? 
        and (
            ? is null 
            or a1_0.course_id=?
        ) 
        and (
            ? is null 
            or ?='' 
            or exists(select
                s1_0.student_id from student s1_0 
            where
                s1_0.student_id=a1_0.student_id 
                and s1_0.class_name=?)
        )
2026-06-02 09:39:03.066 [http-nio-8080-exec-1] DEBUG org.hibernate.SQL - 
    select
        count_big(a1_0.id) 
    from
        attendance a1_0 
    where
        a1_0.student_status=? 
        and a1_0.check_in_time between ? and ? 
        and (
            ? is null 
            or a1_0.course_id=?
        ) 
        and (
            ? is null 
            or ?='' 
            or exists(select
                s1_0.student_id from student s1_0 
            where
                s1_0.student_id=a1_0.student_id 
                and s1_0.class_name=?)
        )
2026-06-02 09:39:03.071 [http-nio-8080-exec-1] DEBUG org.hibernate.SQL - 
    select
        count_big(a1_0.id) 
    from
        attendance a1_0 
    where
        a1_0.student_status=? 
        and a1_0.check_in_time between ? and ? 
        and (
            ? is null 
            or a1_0.course_id=?
        ) 
        and (
            ? is null 
            or ?='' 
            or exists(select
                s1_0.student_id from student s1_0 
            where
                s1_0.student_id=a1_0.student_id 
                and s1_0.class_name=?)
        )
2026-06-02 09:39:03.077 [http-nio-8080-exec-1] DEBUG org.hibernate.SQL - 
    select
        distinct s1_0.class_name 
    from
        student s1_0 
    where
        s1_0.class_name is not null 
    order by
        s1_0.class_name
2026-06-02 09:39:03.081 [http-nio-8080-exec-1] DEBUG org.hibernate.SQL - 
    select
        count_big(a1_0.id) 
    from
        attendance a1_0 
    where
        a1_0.check_in_time between ? and ? 
        and (
            ? is null 
            or a1_0.course_id=?
        ) 
        and (
            ? is null 
            or ?='' 
            or exists(select
                s1_0.student_id from student s1_0 
            where
                s1_0.student_id=a1_0.student_id 
                and s1_0.class_name=?)
        )
2026-06-02 09:39:03.081 [http-nio-8080-exec-1] DEBUG org.hibernate.SQL - 
    select
        count_big(a1_0.id) 
    from
        attendance a1_0 
    where
        a1_0.student_status=? 
        and a1_0.check_in_time between ? and ? 
        and (
            ? is null 
            or a1_0.course_id=?
        ) 
        and (
            ? is null 
            or ?='' 
            or exists(select
                s1_0.student_id from student s1_0 
            where
                s1_0.student_id=a1_0.student_id 
                and s1_0.class_name=?)
        )
2026-06-02 09:39:03.091 [http-nio-8080-exec-1] DEBUG org.hibernate.SQL - 
    select
        count_big(a1_0.id) 
    from
        attendance a1_0 
    where
        a1_0.check_in_time between ? and ? 
        and (
            ? is null 
            or a1_0.course_id=?
        ) 
        and (
            ? is null 
            or ?='' 
            or exists(select
                s1_0.student_id from student s1_0 
            where
                s1_0.student_id=a1_0.student_id 
                and s1_0.class_name=?)
        )
2026-06-02 09:39:03.097 [http-nio-8080-exec-1] DEBUG org.hibernate.SQL - 
    select
        count_big(a1_0.id) 
    from
        attendance a1_0 
    where
        a1_0.student_status=? 
        and a1_0.check_in_time between ? and ? 
        and (
            ? is null 
            or a1_0.course_id=?
        ) 
        and (
            ? is null 
            or ?='' 
            or exists(select
                s1_0.student_id from student s1_0 
            where
                s1_0.student_id=a1_0.student_id 
                and s1_0.class_name=?)
        )
2026-06-02 09:39:03.108 [http-nio-8080-exec-1] DEBUG org.hibernate.SQL - 
    select
        count_big(a1_0.id) 
    from
        attendance a1_0 
    where
        a1_0.check_in_time between ? and ? 
        and (
            ? is null 
            or a1_0.course_id=?
        ) 
        and (
            ? is null 
            or ?='' 
            or exists(select
                s1_0.student_id from student s1_0 
            where
                s1_0.student_id=a1_0.student_id 
                and s1_0.class_name=?)
        )
2026-06-02 09:39:03.111 [http-nio-8080-exec-1] DEBUG org.hibernate.SQL - 
    select
        count_big(a1_0.id) 
    from
        attendance a1_0 
    where
        a1_0.student_status=? 
        and a1_0.check_in_time between ? and ? 
        and (
            ? is null 
            or a1_0.course_id=?
        ) 
        and (
            ? is null 
            or ?='' 
            or exists(select
                s1_0.student_id from student s1_0 
            where
                s1_0.student_id=a1_0.student_id 
                and s1_0.class_name=?)
        )
2026-06-02 09:39:03.118 [http-nio-8080-exec-1] DEBUG org.hibernate.SQL - 
    select
        count_big(a1_0.id) 
    from
        attendance a1_0 
    where
        a1_0.check_in_time between ? and ? 
        and (
            ? is null 
            or a1_0.course_id=?
        ) 
        and (
            ? is null 
            or ?='' 
            or exists(select
                s1_0.student_id from student s1_0 
            where
                s1_0.student_id=a1_0.student_id 
                and s1_0.class_name=?)
        )
2026-06-02 09:39:03.120 [http-nio-8080-exec-1] DEBUG org.hibernate.SQL - 
    select
        count_big(a1_0.id) 
    from
        attendance a1_0 
    where
        a1_0.student_status=? 
        and a1_0.check_in_time between ? and ? 
        and (
            ? is null 
            or a1_0.course_id=?
        ) 
        and (
            ? is null 
            or ?='' 
            or exists(select
                s1_0.student_id from student s1_0 
            where
                s1_0.student_id=a1_0.student_id 
                and s1_0.class_name=?)
        )
2026-06-02 09:39:03.123 [http-nio-8080-exec-1] DEBUG org.hibernate.SQL - 
    select
        count_big(a1_0.id) 
    from
        attendance a1_0 
    where
        a1_0.check_in_time between ? and ? 
        and (
            ? is null 
            or a1_0.course_id=?
        ) 
        and (
            ? is null 
            or ?='' 
            or exists(select
                s1_0.student_id from student s1_0 
            where
                s1_0.student_id=a1_0.student_id 
                and s1_0.class_name=?)
        )
2026-06-02 09:39:03.129 [http-nio-8080-exec-1] DEBUG org.hibernate.SQL - 
    select
        count_big(a1_0.id) 
    from
        attendance a1_0 
    where
        a1_0.student_status=? 
        and a1_0.check_in_time between ? and ? 
        and (
            ? is null 
            or a1_0.course_id=?
        ) 
        and (
            ? is null 
            or ?='' 
            or exists(select
                s1_0.student_id from student s1_0 
            where
                s1_0.student_id=a1_0.student_id 
                and s1_0.class_name=?)
        )
2026-06-02 09:39:03.154 [http-nio-8080-exec-1] DEBUG org.hibernate.SQL - 
    select
        a1_0.course_id,
        c1_0.course_name,
        count_big(a1_0.id) 
    from
        attendance a1_0 
    left join
        course c1_0 
            on a1_0.course_id=c1_0.course_id 
    where
        a1_0.check_in_time between ? and ? 
        and (
            ? is null 
            or ?='' 
            or exists(select
                s1_0.student_id from student s1_0 
            where
                s1_0.student_id=a1_0.student_id 
                and s1_0.class_name=?)
        ) 
    group by
        a1_0.course_id,
        c1_0.course_name 
    order by
        count_big(a1_0.id) desc
2026-06-02 09:39:17.594 [http-nio-8080-exec-5] DEBUG org.hibernate.SQL - 
    select
        u1_0.id,
        u1_0.class_name,
        u1_0.create_time,
        u1_0.gender,
        u1_0.real_name,
        u1_0.username,
        u1_0.userpassword,
        u1_0.userrole 
    from
        my_user u1_0 
    where
        u1_0.username=?
2026-06-02 09:39:17.610 [http-nio-8080-exec-5] DEBUG org.hibernate.SQL - 
    select
        c1_0.id,
        c1_0.class_name,
        c1_0.course_id,
        c1_0.course_name,
        c1_0.create_time,
        c1_0.location,
        c1_0.teacher_id,
        c1_0.teacher_name,
        c1_0.time_slot,
        c1_0.week_day 
    from
        course c1_0
2026-06-02 09:39:17.625 [http-nio-8080-exec-5] DEBUG org.hibernate.SQL - 
    select
        count_big(*) 
    from
        student s1_0
2026-06-02 09:39:17.635 [http-nio-8080-exec-5] DEBUG org.hibernate.SQL - 
    select
        count_big(u1_0.id) 
    from
        my_user u1_0 
    where
        upper(u1_0.userrole)=upper(?)
2026-06-02 09:39:17.641 [http-nio-8080-exec-5] DEBUG org.hibernate.SQL - 
    select
        count_big(*) 
    from
        course c1_0
2026-06-02 09:39:17.646 [http-nio-8080-exec-5] DEBUG org.hibernate.SQL - 
    select
        a1_0.id,
        a1_0.check_in_time,
        a1_0.course_id,
        a1_0.create_time,
        a1_0.ip_address,
        a1_0.reason,
        a1_0.sign_in_id,
        a1_0.student_id,
        a1_0.student_name,
        a1_0.student_status,
        a1_0.update_time 
    from
        attendance a1_0 
    where
        a1_0.course_id=?
2026-06-02 09:39:17.657 [http-nio-8080-exec-5] DEBUG org.hibernate.SQL - 
    select
        a1_0.id,
        a1_0.check_in_time,
        a1_0.course_id,
        a1_0.create_time,
        a1_0.ip_address,
        a1_0.reason,
        a1_0.sign_in_id,
        a1_0.student_id,
        a1_0.student_name,
        a1_0.student_status,
        a1_0.update_time 
    from
        attendance a1_0 
    where
        a1_0.course_id=?
2026-06-02 09:39:17.660 [http-nio-8080-exec-5] DEBUG org.hibernate.SQL - 
    select
        a1_0.id,
        a1_0.check_in_time,
        a1_0.course_id,
        a1_0.create_time,
        a1_0.ip_address,
        a1_0.reason,
        a1_0.sign_in_id,
        a1_0.student_id,
        a1_0.student_name,
        a1_0.student_status,
        a1_0.update_time 
    from
        attendance a1_0 
    where
        a1_0.course_id=?
2026-06-02 09:39:22.726 [SpringApplicationShutdownHook] INFO  o.s.boot.tomcat.GracefulShutdown - Commencing graceful shutdown. Waiting for active requests to complete
2026-06-02 09:39:22.775 [tomcat-shutdown] INFO  o.s.boot.tomcat.GracefulShutdown - Graceful shutdown complete
2026-06-02 09:39:22.785 [SpringApplicationShutdownHook] INFO  o.s.o.j.LocalContainerEntityManagerFactoryBean - Closing JPA EntityManagerFactory for persistence unit 'default'
2026-06-02 09:39:22.789 [SpringApplicationShutdownHook] INFO  com.zaxxer.hikari.HikariDataSource - HikariPool-1 - Shutdown initiated...
2026-06-02 09:39:22.794 [SpringApplicationShutdownHook] INFO  com.zaxxer.hikari.HikariDataSource - HikariPool-1 - Shutdown completed.
2026-06-02 09:40:17.820 [main] INFO  c.e.a.AttendanceSystemApplication - Starting AttendanceSystemApplication using Java 21.0.2 with PID 37100 (D:\Java\springboot_pj\attendance-system\target\classes started by l in D:\Java\springboot_pj\attendance-system)
2026-06-02 09:40:17.821 [main] DEBUG c.e.a.AttendanceSystemApplication - Running with Spring Boot v4.0.3, Spring v7.0.5
2026-06-02 09:40:17.822 [main] INFO  c.e.a.AttendanceSystemApplication - No active profile set, falling back to 1 default profile: "default"
2026-06-02 09:40:18.200 [main] INFO  o.s.d.r.c.RepositoryConfigurationDelegate - Bootstrapping Spring Data JPA repositories in DEFAULT mode.
2026-06-02 09:40:18.243 [main] INFO  o.s.d.r.c.RepositoryConfigurationDelegate - Finished Spring Data repository scanning in 37 ms. Found 5 JPA repository interfaces.
2026-06-02 09:40:18.346 [main] INFO  o.s.cloud.context.scope.GenericScope - BeanFactory id=d6250731-036a-36ea-b8f9-8d612c972637
2026-06-02 09:40:18.518 [main] INFO  o.s.boot.tomcat.TomcatWebServer - Tomcat initialized with port 8080 (http)
2026-06-02 09:40:18.526 [main] INFO  o.a.catalina.core.StandardService - Starting service [Tomcat]
2026-06-02 09:40:18.526 [main] INFO  o.a.catalina.core.StandardEngine - Starting Servlet engine: [Apache Tomcat/11.0.18]
2026-06-02 09:40:18.560 [main] INFO  o.s.b.w.c.s.WebApplicationContextInitializer - Root WebApplicationContext: initialization completed in 713 ms
2026-06-02 09:40:18.672 [main] INFO  org.hibernate.orm.jpa - HHH008540: Processing PersistenceUnitInfo [name: default]
2026-06-02 09:40:18.698 [main] INFO  org.hibernate.orm.core - HHH000001: Hibernate ORM core version 7.2.4.Final
2026-06-02 09:40:18.939 [main] INFO  o.s.o.j.p.SpringPersistenceUnitInfo - No LoadTimeWeaver setup: ignoring JPA class transformer
2026-06-02 09:40:18.964 [main] INFO  com.zaxxer.hikari.HikariDataSource - HikariPool-1 - Starting...
2026-06-02 09:40:19.404 [main] INFO  com.zaxxer.hikari.pool.HikariPool - HikariPool-1 - Added connection ConnectionID:1 ClientConnectionId: 8ac084cc-0a0e-4473-9813-a10ec49ed8ce
2026-06-02 09:40:19.406 [main] INFO  com.zaxxer.hikari.HikariDataSource - HikariPool-1 - Start completed.
2026-06-02 09:40:19.504 [main] WARN  org.hibernate.orm.deprecation - HHH90000025: SQLServerDialect does not need to be specified explicitly using 'hibernate.dialect' (remove the property setting and it will be selected by default)
2026-06-02 09:40:19.518 [main] INFO  o.hibernate.orm.connections.pooling - HHH10001005: Database info:
	Database JDBC URL [jdbc:sqlserver://localhost:1433;concatNullYieldsNull=ON;quotedIdentifier=ON;connectRetryInterval=10;connectRetryCount=1;maxResultBuffer=-1;sendTemporalDataTypesAsStringForBulkCopy=true;delayLoadingLobs=true;useFmtOnly=false;vectorTypeSupport=v1;cacheBulkCopyMetadata=false;bulkCopyForBatchInsertAllowEncryptedValueModifications=false;bulkCopyForBatchInsertTableLock=false;bulkCopyForBatchInsertKeepNulls=false;bulkCopyForBatchInsertKeepIdentity=false;bulkCopyForBatchInsertFireTriggers=false;bulkCopyForBatchInsertCheckConstraints=false;bulkCopyForBatchInsertBatchSize=0;useBulkCopyForBatchInsert=false;cancelQueryTimeout=-1;sslProtocol=TLS;calcBigDecimalPrecision=false;useDefaultJaasConfig=false;jaasConfigurationName=SQLJDBCDriver;statementPoolingCacheSize=0;serverPreparedStatementDiscardThreshold=10;enablePrepareOnFirstPreparedStatementCall=false;fips=false;socketTimeout=0;authentication=NotSpecified;authenticationScheme=nativeAuthentication;xopenStates=false;datetimeParameterType=datetime2;sendTimeAsDatetime=true;replication=false;trustStoreType=JKS;trustServerCertificate=true;TransparentNetworkIPResolution=true;iPAddressPreference=IPv4First;serverNameAsACE=false;sendStringParametersAsUnicode=true;selectMethod=direct;responseBuffering=adaptive;queryTimeout=-1;packetSize=8000;multiSubnetFailover=false;loginTimeout=30;lockTimeout=-1;lastUpdateCount=true;useDefaultGSSCredential=false;prepareMethod=prepexec;encrypt=false;disableStatementPooling=true;databaseName=attendance_system;columnEncryptionSetting=Disabled;applicationName=Microsoft JDBC Driver for SQL Server;applicationIntent=readwrite;]
	Database driver: Microsoft JDBC Driver 13.2 for SQL Server
	Database dialect: SQLServerDialect
	Database version: 17.0
	Default catalog/schema: attendance_system/dbo
	Autocommit mode: undefined/unknown
	Isolation level: READ_COMMITTED [default READ_COMMITTED]
	JDBC fetch size: 128
	Pool: DataSourceConnectionProvider
	Minimum pool size: undefined/unknown
	Maximum pool size: undefined/unknown
2026-06-02 09:40:19.995 [main] INFO  org.hibernate.orm.core - HHH000489: No JTA platform available (set 'hibernate.transaction.jta.platform' to enable JTA platform integration)
2026-06-02 09:40:20.965 [main] DEBUG org.hibernate.SQL - 
    alter table attendance 
       alter column id bigint
2026-06-02 09:40:20.968 [main] WARN  o.h.t.s.i.ExceptionHandlerLoggedImpl - GenerationTarget encountered exception accepting command : Error executing DDL "
    alter table attendance 
       alter column id bigint" via JDBC [对象'PK__attendan__3213E83F505AAD30' 依赖于 列'id'。]
org.hibernate.tool.schema.spi.CommandAcceptanceException: Error executing DDL "
    alter table attendance 
       alter column id bigint" via JDBC [对象'PK__attendan__3213E83F505AAD30' 依赖于 列'id'。]
	at org.hibernate.tool.schema.internal.exec.GenerationTargetToDatabase.accept(GenerationTargetToDatabase.java:81)
	at org.hibernate.tool.schema.internal.AbstractSchemaMigrator.applySqlString(AbstractSchemaMigrator.java:566)
	at org.hibernate.tool.schema.internal.AbstractSchemaMigrator.applySqlStrings(AbstractSchemaMigrator.java:506)
	at org.hibernate.tool.schema.internal.AbstractSchemaMigrator.migrateTable(AbstractSchemaMigrator.java:324)
	at org.hibernate.tool.schema.internal.GroupedSchemaMigratorImpl.performTablesMigration(GroupedSchemaMigratorImpl.java:84)
	at org.hibernate.tool.schema.internal.AbstractSchemaMigrator.performMigration(AbstractSchemaMigrator.java:220)
	at org.hibernate.tool.schema.internal.AbstractSchemaMigrator.doMigration(AbstractSchemaMigrator.java:96)
	at org.hibernate.tool.schema.spi.SchemaManagementToolCoordinator.performDatabaseAction(SchemaManagementToolCoordinator.java:269)
	at org.hibernate.tool.schema.spi.SchemaManagementToolCoordinator.lambda$process$1(SchemaManagementToolCoordinator.java:101)
	at java.base/java.util.HashMap.forEach(HashMap.java:1429)
	at org.hibernate.tool.schema.spi.SchemaManagementToolCoordinator.process(SchemaManagementToolCoordinator.java:100)
	at org.hibernate.boot.internal.SessionFactoryObserverForSchemaExport.sessionFactoryCreated(SessionFactoryObserverForSchemaExport.java:35)
	at org.hibernate.internal.SessionFactoryObserverChain.sessionFactoryCreated(SessionFactoryObserverChain.java:33)
	at org.hibernate.internal.SessionFactoryImpl.<init>(SessionFactoryImpl.java:323)
	at org.hibernate.internal.SessionFactoryRegistry.instantiateSessionFactory(SessionFactoryRegistry.java:64)
	at org.hibernate.boot.internal.SessionFactoryBuilderImpl.build(SessionFactoryBuilderImpl.java:437)
	at org.hibernate.jpa.boot.internal.EntityManagerFactoryBuilderImpl.build(EntityManagerFactoryBuilderImpl.java:1456)
	at org.springframework.orm.jpa.vendor.SpringHibernateJpaPersistenceProvider.createContainerEntityManagerFactory(SpringHibernateJpaPersistenceProvider.java:93)
	at org.springframework.orm.jpa.LocalContainerEntityManagerFactoryBean.createNativeEntityManagerFactory(LocalContainerEntityManagerFactoryBean.java:443)
	at org.springframework.orm.jpa.AbstractEntityManagerFactoryBean.buildNativeEntityManagerFactory(AbstractEntityManagerFactoryBean.java:436)
	at org.springframework.orm.jpa.AbstractEntityManagerFactoryBean.afterPropertiesSet(AbstractEntityManagerFactoryBean.java:411)
	at org.springframework.orm.jpa.LocalContainerEntityManagerFactoryBean.afterPropertiesSet(LocalContainerEntityManagerFactoryBean.java:419)
	at org.springframework.beans.factory.support.AbstractAutowireCapableBeanFactory.invokeInitMethods(AbstractAutowireCapableBeanFactory.java:1864)
	at org.springframework.beans.factory.support.AbstractAutowireCapableBeanFactory.initializeBean(AbstractAutowireCapableBeanFactory.java:1813)
	at org.springframework.beans.factory.support.AbstractAutowireCapableBeanFactory.doCreateBean(AbstractAutowireCapableBeanFactory.java:603)
	at org.springframework.beans.factory.support.AbstractAutowireCapableBeanFactory.createBean(AbstractAutowireCapableBeanFactory.java:525)
	at org.springframework.beans.factory.support.AbstractBeanFactory.lambda$doGetBean$0(AbstractBeanFactory.java:333)
	at org.springframework.beans.factory.support.DefaultSingletonBeanRegistry.getSingleton(DefaultSingletonBeanRegistry.java:371)
	at org.springframework.beans.factory.support.AbstractBeanFactory.doGetBean(AbstractBeanFactory.java:331)
	at org.springframework.beans.factory.support.AbstractBeanFactory.getBean(AbstractBeanFactory.java:201)
	at org.springframework.context.support.AbstractApplicationContext.finishBeanFactoryInitialization(AbstractApplicationContext.java:977)
	at org.springframework.context.support.AbstractApplicationContext.refresh(AbstractApplicationContext.java:621)
	at org.springframework.boot.web.server.servlet.context.ServletWebServerApplicationContext.refresh(ServletWebServerApplicationContext.java:143)
	at org.springframework.boot.SpringApplication.refresh(SpringApplication.java:756)
	at org.springframework.boot.SpringApplication.refreshContext(SpringApplication.java:445)
	at org.springframework.boot.SpringApplication.run(SpringApplication.java:321)
	at org.springframework.boot.SpringApplication.run(SpringApplication.java:1365)
	at org.springframework.boot.SpringApplication.run(SpringApplication.java:1354)
	at com.example.attendance.AttendanceSystemApplication.main(AttendanceSystemApplication.java:12)
Caused by: com.microsoft.sqlserver.jdbc.SQLServerException: 对象'PK__attendan__3213E83F505AAD30' 依赖于 列'id'。
	at com.microsoft.sqlserver.jdbc.SQLServerException.makeFromDatabaseError(SQLServerException.java:278)
	at com.microsoft.sqlserver.jdbc.SQLServerStatement.getNextResult(SQLServerStatement.java:1788)
	at com.microsoft.sqlserver.jdbc.SQLServerStatement.doExecuteStatement(SQLServerStatement.java:975)
	at com.microsoft.sqlserver.jdbc.SQLServerStatement$StmtExecCmd.doExecute(SQLServerStatement.java:869)
	at com.microsoft.sqlserver.jdbc.TDSCommand.execute(IOBuffer.java:7825)
	at com.microsoft.sqlserver.jdbc.SQLServerConnection.executeCommand(SQLServerConnection.java:4828)
	at com.microsoft.sqlserver.jdbc.SQLServerStatement.executeCommand(SQLServerStatement.java:321)
	at com.microsoft.sqlserver.jdbc.SQLServerStatement.executeStatement(SQLServerStatement.java:253)
	at com.microsoft.sqlserver.jdbc.SQLServerStatement.execute(SQLServerStatement.java:842)
	at com.zaxxer.hikari.pool.ProxyStatement.execute(ProxyStatement.java:95)
	at com.zaxxer.hikari.pool.HikariProxyStatement.execute(HikariProxyStatement.java)
	at org.hibernate.tool.schema.internal.exec.GenerationTargetToDatabase.accept(GenerationTargetToDatabase.java:76)
	... 38 common frames omitted
2026-06-02 09:40:20.972 [main] DEBUG org.hibernate.SQL - 
    alter table attendance 
       alter column student_status tinyint default 1
2026-06-02 09:40:20.972 [main] WARN  o.h.t.s.i.ExceptionHandlerLoggedImpl - GenerationTarget encountered exception accepting command : Error executing DDL "
    alter table attendance 
       alter column student_status tinyint default 1" via JDBC [关键字 'default' 附近有语法错误。]
org.hibernate.tool.schema.spi.CommandAcceptanceException: Error executing DDL "
    alter table attendance 
       alter column student_status tinyint default 1" via JDBC [关键字 'default' 附近有语法错误。]
	at org.hibernate.tool.schema.internal.exec.GenerationTargetToDatabase.accept(GenerationTargetToDatabase.java:81)
	at org.hibernate.tool.schema.internal.AbstractSchemaMigrator.applySqlString(AbstractSchemaMigrator.java:566)
	at org.hibernate.tool.schema.internal.AbstractSchemaMigrator.applySqlStrings(AbstractSchemaMigrator.java:506)
	at org.hibernate.tool.schema.internal.AbstractSchemaMigrator.migrateTable(AbstractSchemaMigrator.java:324)
	at org.hibernate.tool.schema.internal.GroupedSchemaMigratorImpl.performTablesMigration(GroupedSchemaMigratorImpl.java:84)
	at org.hibernate.tool.schema.internal.AbstractSchemaMigrator.performMigration(AbstractSchemaMigrator.java:220)
	at org.hibernate.tool.schema.internal.AbstractSchemaMigrator.doMigration(AbstractSchemaMigrator.java:96)
	at org.hibernate.tool.schema.spi.SchemaManagementToolCoordinator.performDatabaseAction(SchemaManagementToolCoordinator.java:269)
	at org.hibernate.tool.schema.spi.SchemaManagementToolCoordinator.lambda$process$1(SchemaManagementToolCoordinator.java:101)
	at java.base/java.util.HashMap.forEach(HashMap.java:1429)
	at org.hibernate.tool.schema.spi.SchemaManagementToolCoordinator.process(SchemaManagementToolCoordinator.java:100)
	at org.hibernate.boot.internal.SessionFactoryObserverForSchemaExport.sessionFactoryCreated(SessionFactoryObserverForSchemaExport.java:35)
	at org.hibernate.internal.SessionFactoryObserverChain.sessionFactoryCreated(SessionFactoryObserverChain.java:33)
	at org.hibernate.internal.SessionFactoryImpl.<init>(SessionFactoryImpl.java:323)
	at org.hibernate.internal.SessionFactoryRegistry.instantiateSessionFactory(SessionFactoryRegistry.java:64)
	at org.hibernate.boot.internal.SessionFactoryBuilderImpl.build(SessionFactoryBuilderImpl.java:437)
	at org.hibernate.jpa.boot.internal.EntityManagerFactoryBuilderImpl.build(EntityManagerFactoryBuilderImpl.java:1456)
	at org.springframework.orm.jpa.vendor.SpringHibernateJpaPersistenceProvider.createContainerEntityManagerFactory(SpringHibernateJpaPersistenceProvider.java:93)
	at org.springframework.orm.jpa.LocalContainerEntityManagerFactoryBean.createNativeEntityManagerFactory(LocalContainerEntityManagerFactoryBean.java:443)
	at org.springframework.orm.jpa.AbstractEntityManagerFactoryBean.buildNativeEntityManagerFactory(AbstractEntityManagerFactoryBean.java:436)
	at org.springframework.orm.jpa.AbstractEntityManagerFactoryBean.afterPropertiesSet(AbstractEntityManagerFactoryBean.java:411)
	at org.springframework.orm.jpa.LocalContainerEntityManagerFactoryBean.afterPropertiesSet(LocalContainerEntityManagerFactoryBean.java:419)
	at org.springframework.beans.factory.support.AbstractAutowireCapableBeanFactory.invokeInitMethods(AbstractAutowireCapableBeanFactory.java:1864)
	at org.springframework.beans.factory.support.AbstractAutowireCapableBeanFactory.initializeBean(AbstractAutowireCapableBeanFactory.java:1813)
	at org.springframework.beans.factory.support.AbstractAutowireCapableBeanFactory.doCreateBean(AbstractAutowireCapableBeanFactory.java:603)
	at org.springframework.beans.factory.support.AbstractAutowireCapableBeanFactory.createBean(AbstractAutowireCapableBeanFactory.java:525)
	at org.springframework.beans.factory.support.AbstractBeanFactory.lambda$doGetBean$0(AbstractBeanFactory.java:333)
	at org.springframework.beans.factory.support.DefaultSingletonBeanRegistry.getSingleton(DefaultSingletonBeanRegistry.java:371)
	at org.springframework.beans.factory.support.AbstractBeanFactory.doGetBean(AbstractBeanFactory.java:331)
	at org.springframework.beans.factory.support.AbstractBeanFactory.getBean(AbstractBeanFactory.java:201)
	at org.springframework.context.support.AbstractApplicationContext.finishBeanFactoryInitialization(AbstractApplicationContext.java:977)
	at org.springframework.context.support.AbstractApplicationContext.refresh(AbstractApplicationContext.java:621)
	at org.springframework.boot.web.server.servlet.context.ServletWebServerApplicationContext.refresh(ServletWebServerApplicationContext.java:143)
	at org.springframework.boot.SpringApplication.refresh(SpringApplication.java:756)
	at org.springframework.boot.SpringApplication.refreshContext(SpringApplication.java:445)
	at org.springframework.boot.SpringApplication.run(SpringApplication.java:321)
	at org.springframework.boot.SpringApplication.run(SpringApplication.java:1365)
	at org.springframework.boot.SpringApplication.run(SpringApplication.java:1354)
	at com.example.attendance.AttendanceSystemApplication.main(AttendanceSystemApplication.java:12)
Caused by: com.microsoft.sqlserver.jdbc.SQLServerException: 关键字 'default' 附近有语法错误。
	at com.microsoft.sqlserver.jdbc.SQLServerException.makeFromDatabaseError(SQLServerException.java:278)
	at com.microsoft.sqlserver.jdbc.SQLServerStatement.getNextResult(SQLServerStatement.java:1788)
	at com.microsoft.sqlserver.jdbc.SQLServerStatement.doExecuteStatement(SQLServerStatement.java:975)
	at com.microsoft.sqlserver.jdbc.SQLServerStatement$StmtExecCmd.doExecute(SQLServerStatement.java:869)
	at com.microsoft.sqlserver.jdbc.TDSCommand.execute(IOBuffer.java:7825)
	at com.microsoft.sqlserver.jdbc.SQLServerConnection.executeCommand(SQLServerConnection.java:4828)
	at com.microsoft.sqlserver.jdbc.SQLServerStatement.executeCommand(SQLServerStatement.java:321)
	at com.microsoft.sqlserver.jdbc.SQLServerStatement.executeStatement(SQLServerStatement.java:253)
	at com.microsoft.sqlserver.jdbc.SQLServerStatement.execute(SQLServerStatement.java:842)
	at com.zaxxer.hikari.pool.ProxyStatement.execute(ProxyStatement.java:95)
	at com.zaxxer.hikari.pool.HikariProxyStatement.execute(HikariProxyStatement.java)
	at org.hibernate.tool.schema.internal.exec.GenerationTargetToDatabase.accept(GenerationTargetToDatabase.java:76)
	... 38 common frames omitted
2026-06-02 09:40:20.973 [main] DEBUG org.hibernate.SQL - 
    alter table course_selection 
       alter column id bigint
2026-06-02 09:40:20.974 [main] WARN  o.h.t.s.i.ExceptionHandlerLoggedImpl - GenerationTarget encountered exception accepting command : Error executing DDL "
    alter table course_selection 
       alter column id bigint" via JDBC [对象'PK__course_s__3213E83FDFE3484D' 依赖于 列'id'。]
org.hibernate.tool.schema.spi.CommandAcceptanceException: Error executing DDL "
    alter table course_selection 
       alter column id bigint" via JDBC [对象'PK__course_s__3213E83FDFE3484D' 依赖于 列'id'。]
	at org.hibernate.tool.schema.internal.exec.GenerationTargetToDatabase.accept(GenerationTargetToDatabase.java:81)
	at org.hibernate.tool.schema.internal.AbstractSchemaMigrator.applySqlString(AbstractSchemaMigrator.java:566)
	at org.hibernate.tool.schema.internal.AbstractSchemaMigrator.applySqlStrings(AbstractSchemaMigrator.java:506)
	at org.hibernate.tool.schema.internal.AbstractSchemaMigrator.migrateTable(AbstractSchemaMigrator.java:324)
	at org.hibernate.tool.schema.internal.GroupedSchemaMigratorImpl.performTablesMigration(GroupedSchemaMigratorImpl.java:84)
	at org.hibernate.tool.schema.internal.AbstractSchemaMigrator.performMigration(AbstractSchemaMigrator.java:220)
	at org.hibernate.tool.schema.internal.AbstractSchemaMigrator.doMigration(AbstractSchemaMigrator.java:96)
	at org.hibernate.tool.schema.spi.SchemaManagementToolCoordinator.performDatabaseAction(SchemaManagementToolCoordinator.java:269)
	at org.hibernate.tool.schema.spi.SchemaManagementToolCoordinator.lambda$process$1(SchemaManagementToolCoordinator.java:101)
	at java.base/java.util.HashMap.forEach(HashMap.java:1429)
	at org.hibernate.tool.schema.spi.SchemaManagementToolCoordinator.process(SchemaManagementToolCoordinator.java:100)
	at org.hibernate.boot.internal.SessionFactoryObserverForSchemaExport.sessionFactoryCreated(SessionFactoryObserverForSchemaExport.java:35)
	at org.hibernate.internal.SessionFactoryObserverChain.sessionFactoryCreated(SessionFactoryObserverChain.java:33)
	at org.hibernate.internal.SessionFactoryImpl.<init>(SessionFactoryImpl.java:323)
	at org.hibernate.internal.SessionFactoryRegistry.instantiateSessionFactory(SessionFactoryRegistry.java:64)
	at org.hibernate.boot.internal.SessionFactoryBuilderImpl.build(SessionFactoryBuilderImpl.java:437)
	at org.hibernate.jpa.boot.internal.EntityManagerFactoryBuilderImpl.build(EntityManagerFactoryBuilderImpl.java:1456)
	at org.springframework.orm.jpa.vendor.SpringHibernateJpaPersistenceProvider.createContainerEntityManagerFactory(SpringHibernateJpaPersistenceProvider.java:93)
	at org.springframework.orm.jpa.LocalContainerEntityManagerFactoryBean.createNativeEntityManagerFactory(LocalContainerEntityManagerFactoryBean.java:443)
	at org.springframework.orm.jpa.AbstractEntityManagerFactoryBean.buildNativeEntityManagerFactory(AbstractEntityManagerFactoryBean.java:436)
	at org.springframework.orm.jpa.AbstractEntityManagerFactoryBean.afterPropertiesSet(AbstractEntityManagerFactoryBean.java:411)
	at org.springframework.orm.jpa.LocalContainerEntityManagerFactoryBean.afterPropertiesSet(LocalContainerEntityManagerFactoryBean.java:419)
	at org.springframework.beans.factory.support.AbstractAutowireCapableBeanFactory.invokeInitMethods(AbstractAutowireCapableBeanFactory.java:1864)
	at org.springframework.beans.factory.support.AbstractAutowireCapableBeanFactory.initializeBean(AbstractAutowireCapableBeanFactory.java:1813)
	at org.springframework.beans.factory.support.AbstractAutowireCapableBeanFactory.doCreateBean(AbstractAutowireCapableBeanFactory.java:603)
	at org.springframework.beans.factory.support.AbstractAutowireCapableBeanFactory.createBean(AbstractAutowireCapableBeanFactory.java:525)
	at org.springframework.beans.factory.support.AbstractBeanFactory.lambda$doGetBean$0(AbstractBeanFactory.java:333)
	at org.springframework.beans.factory.support.DefaultSingletonBeanRegistry.getSingleton(DefaultSingletonBeanRegistry.java:371)
	at org.springframework.beans.factory.support.AbstractBeanFactory.doGetBean(AbstractBeanFactory.java:331)
	at org.springframework.beans.factory.support.AbstractBeanFactory.getBean(AbstractBeanFactory.java:201)
	at org.springframework.context.support.AbstractApplicationContext.finishBeanFactoryInitialization(AbstractApplicationContext.java:977)
	at org.springframework.context.support.AbstractApplicationContext.refresh(AbstractApplicationContext.java:621)
	at org.springframework.boot.web.server.servlet.context.ServletWebServerApplicationContext.refresh(ServletWebServerApplicationContext.java:143)
	at org.springframework.boot.SpringApplication.refresh(SpringApplication.java:756)
	at org.springframework.boot.SpringApplication.refreshContext(SpringApplication.java:445)
	at org.springframework.boot.SpringApplication.run(SpringApplication.java:321)
	at org.springframework.boot.SpringApplication.run(SpringApplication.java:1365)
	at org.springframework.boot.SpringApplication.run(SpringApplication.java:1354)
	at com.example.attendance.AttendanceSystemApplication.main(AttendanceSystemApplication.java:12)
Caused by: com.microsoft.sqlserver.jdbc.SQLServerException: 对象'PK__course_s__3213E83FDFE3484D' 依赖于 列'id'。
	at com.microsoft.sqlserver.jdbc.SQLServerException.makeFromDatabaseError(SQLServerException.java:278)
	at com.microsoft.sqlserver.jdbc.SQLServerStatement.getNextResult(SQLServerStatement.java:1788)
	at com.microsoft.sqlserver.jdbc.SQLServerStatement.doExecuteStatement(SQLServerStatement.java:975)
	at com.microsoft.sqlserver.jdbc.SQLServerStatement$StmtExecCmd.doExecute(SQLServerStatement.java:869)
	at com.microsoft.sqlserver.jdbc.TDSCommand.execute(IOBuffer.java:7825)
	at com.microsoft.sqlserver.jdbc.SQLServerConnection.executeCommand(SQLServerConnection.java:4828)
	at com.microsoft.sqlserver.jdbc.SQLServerStatement.executeCommand(SQLServerStatement.java:321)
	at com.microsoft.sqlserver.jdbc.SQLServerStatement.executeStatement(SQLServerStatement.java:253)
	at com.microsoft.sqlserver.jdbc.SQLServerStatement.execute(SQLServerStatement.java:842)
	at com.zaxxer.hikari.pool.ProxyStatement.execute(ProxyStatement.java:95)
	at com.zaxxer.hikari.pool.HikariProxyStatement.execute(HikariProxyStatement.java)
	at org.hibernate.tool.schema.internal.exec.GenerationTargetToDatabase.accept(GenerationTargetToDatabase.java:76)
	... 38 common frames omitted
2026-06-02 09:40:20.975 [main] DEBUG org.hibernate.SQL - 
    alter table course_selection 
       alter column status tinyint default 1
2026-06-02 09:40:20.976 [main] WARN  o.h.t.s.i.ExceptionHandlerLoggedImpl - GenerationTarget encountered exception accepting command : Error executing DDL "
    alter table course_selection 
       alter column status tinyint default 1" via JDBC [关键字 'default' 附近有语法错误。]
org.hibernate.tool.schema.spi.CommandAcceptanceException: Error executing DDL "
    alter table course_selection 
       alter column status tinyint default 1" via JDBC [关键字 'default' 附近有语法错误。]
	at org.hibernate.tool.schema.internal.exec.GenerationTargetToDatabase.accept(GenerationTargetToDatabase.java:81)
	at org.hibernate.tool.schema.internal.AbstractSchemaMigrator.applySqlString(AbstractSchemaMigrator.java:566)
	at org.hibernate.tool.schema.internal.AbstractSchemaMigrator.applySqlStrings(AbstractSchemaMigrator.java:506)
	at org.hibernate.tool.schema.internal.AbstractSchemaMigrator.migrateTable(AbstractSchemaMigrator.java:324)
	at org.hibernate.tool.schema.internal.GroupedSchemaMigratorImpl.performTablesMigration(GroupedSchemaMigratorImpl.java:84)
	at org.hibernate.tool.schema.internal.AbstractSchemaMigrator.performMigration(AbstractSchemaMigrator.java:220)
	at org.hibernate.tool.schema.internal.AbstractSchemaMigrator.doMigration(AbstractSchemaMigrator.java:96)
	at org.hibernate.tool.schema.spi.SchemaManagementToolCoordinator.performDatabaseAction(SchemaManagementToolCoordinator.java:269)
	at org.hibernate.tool.schema.spi.SchemaManagementToolCoordinator.lambda$process$1(SchemaManagementToolCoordinator.java:101)
	at java.base/java.util.HashMap.forEach(HashMap.java:1429)
	at org.hibernate.tool.schema.spi.SchemaManagementToolCoordinator.process(SchemaManagementToolCoordinator.java:100)
	at org.hibernate.boot.internal.SessionFactoryObserverForSchemaExport.sessionFactoryCreated(SessionFactoryObserverForSchemaExport.java:35)
	at org.hibernate.internal.SessionFactoryObserverChain.sessionFactoryCreated(SessionFactoryObserverChain.java:33)
	at org.hibernate.internal.SessionFactoryImpl.<init>(SessionFactoryImpl.java:323)
	at org.hibernate.internal.SessionFactoryRegistry.instantiateSessionFactory(SessionFactoryRegistry.java:64)
	at org.hibernate.boot.internal.SessionFactoryBuilderImpl.build(SessionFactoryBuilderImpl.java:437)
	at org.hibernate.jpa.boot.internal.EntityManagerFactoryBuilderImpl.build(EntityManagerFactoryBuilderImpl.java:1456)
	at org.springframework.orm.jpa.vendor.SpringHibernateJpaPersistenceProvider.createContainerEntityManagerFactory(SpringHibernateJpaPersistenceProvider.java:93)
	at org.springframework.orm.jpa.LocalContainerEntityManagerFactoryBean.createNativeEntityManagerFactory(LocalContainerEntityManagerFactoryBean.java:443)
	at org.springframework.orm.jpa.AbstractEntityManagerFactoryBean.buildNativeEntityManagerFactory(AbstractEntityManagerFactoryBean.java:436)
	at org.springframework.orm.jpa.AbstractEntityManagerFactoryBean.afterPropertiesSet(AbstractEntityManagerFactoryBean.java:411)
	at org.springframework.orm.jpa.LocalContainerEntityManagerFactoryBean.afterPropertiesSet(LocalContainerEntityManagerFactoryBean.java:419)
	at org.springframework.beans.factory.support.AbstractAutowireCapableBeanFactory.invokeInitMethods(AbstractAutowireCapableBeanFactory.java:1864)
	at org.springframework.beans.factory.support.AbstractAutowireCapableBeanFactory.initializeBean(AbstractAutowireCapableBeanFactory.java:1813)
	at org.springframework.beans.factory.support.AbstractAutowireCapableBeanFactory.doCreateBean(AbstractAutowireCapableBeanFactory.java:603)
	at org.springframework.beans.factory.support.AbstractAutowireCapableBeanFactory.createBean(AbstractAutowireCapableBeanFactory.java:525)
	at org.springframework.beans.factory.support.AbstractBeanFactory.lambda$doGetBean$0(AbstractBeanFactory.java:333)
	at org.springframework.beans.factory.support.DefaultSingletonBeanRegistry.getSingleton(DefaultSingletonBeanRegistry.java:371)
	at org.springframework.beans.factory.support.AbstractBeanFactory.doGetBean(AbstractBeanFactory.java:331)
	at org.springframework.beans.factory.support.AbstractBeanFactory.getBean(AbstractBeanFactory.java:201)
	at org.springframework.context.support.AbstractApplicationContext.finishBeanFactoryInitialization(AbstractApplicationContext.java:977)
	at org.springframework.context.support.AbstractApplicationContext.refresh(AbstractApplicationContext.java:621)
	at org.springframework.boot.web.server.servlet.context.ServletWebServerApplicationContext.refresh(ServletWebServerApplicationContext.java:143)
	at org.springframework.boot.SpringApplication.refresh(SpringApplication.java:756)
	at org.springframework.boot.SpringApplication.refreshContext(SpringApplication.java:445)
	at org.springframework.boot.SpringApplication.run(SpringApplication.java:321)
	at org.springframework.boot.SpringApplication.run(SpringApplication.java:1365)
	at org.springframework.boot.SpringApplication.run(SpringApplication.java:1354)
	at com.example.attendance.AttendanceSystemApplication.main(AttendanceSystemApplication.java:12)
Caused by: com.microsoft.sqlserver.jdbc.SQLServerException: 关键字 'default' 附近有语法错误。
	at com.microsoft.sqlserver.jdbc.SQLServerException.makeFromDatabaseError(SQLServerException.java:278)
	at com.microsoft.sqlserver.jdbc.SQLServerStatement.getNextResult(SQLServerStatement.java:1788)
	at com.microsoft.sqlserver.jdbc.SQLServerStatement.doExecuteStatement(SQLServerStatement.java:975)
	at com.microsoft.sqlserver.jdbc.SQLServerStatement$StmtExecCmd.doExecute(SQLServerStatement.java:869)
	at com.microsoft.sqlserver.jdbc.TDSCommand.execute(IOBuffer.java:7825)
	at com.microsoft.sqlserver.jdbc.SQLServerConnection.executeCommand(SQLServerConnection.java:4828)
	at com.microsoft.sqlserver.jdbc.SQLServerStatement.executeCommand(SQLServerStatement.java:321)
	at com.microsoft.sqlserver.jdbc.SQLServerStatement.executeStatement(SQLServerStatement.java:253)
	at com.microsoft.sqlserver.jdbc.SQLServerStatement.execute(SQLServerStatement.java:842)
	at com.zaxxer.hikari.pool.ProxyStatement.execute(ProxyStatement.java:95)
	at com.zaxxer.hikari.pool.HikariProxyStatement.execute(HikariProxyStatement.java)
	at org.hibernate.tool.schema.internal.exec.GenerationTargetToDatabase.accept(GenerationTargetToDatabase.java:76)
	... 38 common frames omitted
2026-06-02 09:40:20.978 [main] INFO  o.s.o.j.LocalContainerEntityManagerFactoryBean - Initialized JPA EntityManagerFactory for persistence unit 'default'
2026-06-02 09:40:21.021 [main] INFO  o.s.d.j.r.q.QueryEnhancerFactories - Hibernate is in classpath; If applicable, HQL parser will be used.
2026-06-02 09:40:21.859 [main] WARN  o.s.b.j.a.JpaBaseConfiguration$JpaWebConfiguration - spring.jpa.open-in-view is enabled by default. Therefore, database queries may be performed during view rendering. Explicitly configure spring.jpa.open-in-view to disable this warning
2026-06-02 09:40:21.901 [main] INFO  o.s.s.c.a.a.c.InitializeUserDetailsBeanManagerConfigurer$InitializeUserDetailsManagerConfigurer - Global AuthenticationManager configured with UserDetailsService bean with name myUserDetailsServiceImpl
2026-06-02 09:40:22.000 [main] INFO  o.s.b.w.a.WelcomePageHandlerMapping - Adding welcome page template: index
2026-06-02 09:40:22.214 [main] INFO  o.s.boot.tomcat.TomcatWebServer - Tomcat started on port 8080 (http) with context path '/'
2026-06-02 09:40:22.227 [main] INFO  c.e.a.AttendanceSystemApplication - Started AttendanceSystemApplication in 4.687 seconds (process running for 5.254)
2026-06-02 09:40:27.251 [http-nio-8080-exec-1] INFO  o.a.c.c.C.[Tomcat].[localhost].[/] - Initializing Spring DispatcherServlet 'dispatcherServlet'
2026-06-02 09:40:27.251 [http-nio-8080-exec-1] INFO  o.s.web.servlet.DispatcherServlet - Initializing Servlet 'dispatcherServlet'
2026-06-02 09:40:27.253 [http-nio-8080-exec-1] INFO  o.s.web.servlet.DispatcherServlet - Completed initialization in 2 ms
2026-06-02 09:40:27.725 [http-nio-8080-exec-1] DEBUG org.hibernate.SQL - 
    select
        u1_0.id,
        u1_0.class_name,
        u1_0.create_time,
        u1_0.gender,
        u1_0.real_name,
        u1_0.username,
        u1_0.userpassword,
        u1_0.userrole 
    from
        my_user u1_0 
    where
        u1_0.username=?
2026-06-02 09:40:30.137 [http-nio-8080-exec-4] DEBUG org.hibernate.SQL - 
    select
        u1_0.id,
        u1_0.class_name,
        u1_0.create_time,
        u1_0.gender,
        u1_0.real_name,
        u1_0.username,
        u1_0.userpassword,
        u1_0.userrole 
    from
        my_user u1_0 
    where
        u1_0.username=?
2026-06-02 09:40:30.197 [http-nio-8080-exec-4] DEBUG org.hibernate.SQL - 
    select
        c1_0.id,
        c1_0.class_name,
        c1_0.course_id,
        c1_0.course_name,
        c1_0.create_time,
        c1_0.location,
        c1_0.teacher_id,
        c1_0.teacher_name,
        c1_0.time_slot,
        c1_0.week_day 
    from
        course c1_0
2026-06-02 09:40:30.261 [http-nio-8080-exec-4] DEBUG org.hibernate.SQL - 
    select
        count_big(*) 
    from
        student s1_0
2026-06-02 09:40:30.306 [http-nio-8080-exec-4] DEBUG org.hibernate.SQL - 
    select
        count_big(u1_0.id) 
    from
        my_user u1_0 
    where
        upper(u1_0.userrole)=upper(?)
2026-06-02 09:40:30.322 [http-nio-8080-exec-4] DEBUG org.hibernate.SQL - 
    select
        count_big(*) 
    from
        course c1_0
2026-06-02 09:40:30.334 [http-nio-8080-exec-4] DEBUG org.hibernate.SQL - 
    select
        a1_0.id,
        a1_0.check_in_time,
        a1_0.course_id,
        a1_0.create_time,
        a1_0.ip_address,
        a1_0.reason,
        a1_0.sign_in_id,
        a1_0.student_id,
        a1_0.student_name,
        a1_0.student_status,
        a1_0.update_time 
    from
        attendance a1_0 
    where
        a1_0.course_id=?
2026-06-02 09:40:30.349 [http-nio-8080-exec-4] DEBUG org.hibernate.SQL - 
    select
        a1_0.id,
        a1_0.check_in_time,
        a1_0.course_id,
        a1_0.create_time,
        a1_0.ip_address,
        a1_0.reason,
        a1_0.sign_in_id,
        a1_0.student_id,
        a1_0.student_name,
        a1_0.student_status,
        a1_0.update_time 
    from
        attendance a1_0 
    where
        a1_0.course_id=?
2026-06-02 09:40:30.359 [http-nio-8080-exec-4] DEBUG org.hibernate.SQL - 
    select
        a1_0.id,
        a1_0.check_in_time,
        a1_0.course_id,
        a1_0.create_time,
        a1_0.ip_address,
        a1_0.reason,
        a1_0.sign_in_id,
        a1_0.student_id,
        a1_0.student_name,
        a1_0.student_status,
        a1_0.update_time 
    from
        attendance a1_0 
    where
        a1_0.course_id=?
2026-06-02 09:40:43.969 [http-nio-8080-exec-5] DEBUG org.hibernate.SQL - 
    select
        c1_0.id,
        c1_0.class_name,
        c1_0.course_id,
        c1_0.course_name,
        c1_0.create_time,
        c1_0.location,
        c1_0.teacher_id,
        c1_0.teacher_name,
        c1_0.time_slot,
        c1_0.week_day 
    from
        course c1_0
2026-06-02 09:40:43.997 [http-nio-8080-exec-7] DEBUG org.hibernate.SQL - 
    select
        distinct s1_0.class_name 
    from
        student s1_0 
    where
        s1_0.class_name is not null 
    order by
        s1_0.class_name
2026-06-02 09:40:44.024 [http-nio-8080-exec-6] DEBUG org.hibernate.SQL - 
    select
        u1_0.id,
        u1_0.class_name,
        u1_0.create_time,
        u1_0.gender,
        u1_0.real_name,
        u1_0.username,
        u1_0.userpassword,
        u1_0.userrole 
    from
        my_user u1_0 
    where
        u1_0.username=?
2026-06-02 09:40:44.030 [http-nio-8080-exec-6] DEBUG org.hibernate.SQL - 
    select
        count_big(*) 
    from
        student s1_0
2026-06-02 09:40:44.059 [http-nio-8080-exec-6] DEBUG org.hibernate.SQL - 
    select
        count_big(a1_0.id) 
    from
        attendance a1_0 
    where
        a1_0.check_in_time between ? and ? 
        and (
            ? is null 
            or a1_0.course_id=?
        ) 
        and (
            ? is null 
            or ?='' 
            or exists(select
                s1_0.student_id from student s1_0 
            where
                s1_0.student_id=a1_0.student_id 
                and s1_0.class_name=?)
        )
2026-06-02 09:40:44.110 [http-nio-8080-exec-6] DEBUG org.hibernate.SQL - 
    select
        count_big(a1_0.id) 
    from
        attendance a1_0 
    where
        a1_0.student_status=? 
        and a1_0.check_in_time between ? and ? 
        and (
            ? is null 
            or a1_0.course_id=?
        ) 
        and (
            ? is null 
            or ?='' 
            or exists(select
                s1_0.student_id from student s1_0 
            where
                s1_0.student_id=a1_0.student_id 
                and s1_0.class_name=?)
        )
2026-06-02 09:40:44.142 [http-nio-8080-exec-6] DEBUG org.hibernate.SQL - 
    select
        count_big(a1_0.id) 
    from
        attendance a1_0 
    where
        a1_0.student_status=? 
        and a1_0.check_in_time between ? and ? 
        and (
            ? is null 
            or a1_0.course_id=?
        ) 
        and (
            ? is null 
            or ?='' 
            or exists(select
                s1_0.student_id from student s1_0 
            where
                s1_0.student_id=a1_0.student_id 
                and s1_0.class_name=?)
        )
2026-06-02 09:40:44.146 [http-nio-8080-exec-6] DEBUG org.hibernate.SQL - 
    select
        count_big(a1_0.id) 
    from
        attendance a1_0 
    where
        a1_0.student_status=? 
        and a1_0.check_in_time between ? and ? 
        and (
            ? is null 
            or a1_0.course_id=?
        ) 
        and (
            ? is null 
            or ?='' 
            or exists(select
                s1_0.student_id from student s1_0 
            where
                s1_0.student_id=a1_0.student_id 
                and s1_0.class_name=?)
        )
2026-06-02 09:40:44.150 [http-nio-8080-exec-6] DEBUG org.hibernate.SQL - 
    select
        count_big(a1_0.id) 
    from
        attendance a1_0 
    where
        a1_0.student_status=? 
        and a1_0.check_in_time between ? and ? 
        and (
            ? is null 
            or a1_0.course_id=?
        ) 
        and (
            ? is null 
            or ?='' 
            or exists(select
                s1_0.student_id from student s1_0 
            where
                s1_0.student_id=a1_0.student_id 
                and s1_0.class_name=?)
        )
2026-06-02 09:40:44.154 [http-nio-8080-exec-6] DEBUG org.hibernate.SQL - 
    select
        count_big(a1_0.id) 
    from
        attendance a1_0 
    where
        a1_0.student_status=? 
        and a1_0.check_in_time between ? and ? 
        and (
            ? is null 
            or a1_0.course_id=?
        ) 
        and (
            ? is null 
            or ?='' 
            or exists(select
                s1_0.student_id from student s1_0 
            where
                s1_0.student_id=a1_0.student_id 
                and s1_0.class_name=?)
        )
2026-06-02 09:40:44.159 [http-nio-8080-exec-6] DEBUG org.hibernate.SQL - 
    select
        count_big(a1_0.id) 
    from
        attendance a1_0 
    where
        a1_0.student_status=? 
        and a1_0.check_in_time between ? and ? 
        and (
            ? is null 
            or a1_0.course_id=?
        ) 
        and (
            ? is null 
            or ?='' 
            or exists(select
                s1_0.student_id from student s1_0 
            where
                s1_0.student_id=a1_0.student_id 
                and s1_0.class_name=?)
        )
2026-06-02 09:40:44.166 [http-nio-8080-exec-6] DEBUG org.hibernate.SQL - 
    select
        count_big(a1_0.id) 
    from
        attendance a1_0 
    where
        a1_0.student_status=? 
        and a1_0.check_in_time between ? and ? 
        and (
            ? is null 
            or a1_0.course_id=?
        ) 
        and (
            ? is null 
            or ?='' 
            or exists(select
                s1_0.student_id from student s1_0 
            where
                s1_0.student_id=a1_0.student_id 
                and s1_0.class_name=?)
        )
2026-06-02 09:40:44.170 [http-nio-8080-exec-6] DEBUG org.hibernate.SQL - 
    select
        count_big(a1_0.id) 
    from
        attendance a1_0 
    where
        a1_0.student_status=? 
        and a1_0.check_in_time between ? and ? 
        and (
            ? is null 
            or a1_0.course_id=?
        ) 
        and (
            ? is null 
            or ?='' 
            or exists(select
                s1_0.student_id from student s1_0 
            where
                s1_0.student_id=a1_0.student_id 
                and s1_0.class_name=?)
        )
2026-06-02 09:40:44.175 [http-nio-8080-exec-6] DEBUG org.hibernate.SQL - 
    select
        count_big(a1_0.id) 
    from
        attendance a1_0 
    where
        a1_0.student_status=? 
        and a1_0.check_in_time between ? and ? 
        and (
            ? is null 
            or a1_0.course_id=?
        ) 
        and (
            ? is null 
            or ?='' 
            or exists(select
                s1_0.student_id from student s1_0 
            where
                s1_0.student_id=a1_0.student_id 
                and s1_0.class_name=?)
        )
2026-06-02 09:40:44.185 [http-nio-8080-exec-6] DEBUG org.hibernate.SQL - 
    select
        count_big(a1_0.id) 
    from
        attendance a1_0 
    where
        a1_0.student_status=? 
        and a1_0.check_in_time between ? and ? 
        and (
            ? is null 
            or a1_0.course_id=?
        ) 
        and (
            ? is null 
            or ?='' 
            or exists(select
                s1_0.student_id from student s1_0 
            where
                s1_0.student_id=a1_0.student_id 
                and s1_0.class_name=?)
        )
2026-06-02 09:40:44.198 [http-nio-8080-exec-6] DEBUG org.hibernate.SQL - 
    select
        count_big(a1_0.id) 
    from
        attendance a1_0 
    where
        a1_0.student_status=? 
        and a1_0.check_in_time between ? and ? 
        and (
            ? is null 
            or a1_0.course_id=?
        ) 
        and (
            ? is null 
            or ?='' 
            or exists(select
                s1_0.student_id from student s1_0 
            where
                s1_0.student_id=a1_0.student_id 
                and s1_0.class_name=?)
        )
2026-06-02 09:40:44.203 [http-nio-8080-exec-6] DEBUG org.hibernate.SQL - 
    select
        count_big(a1_0.id) 
    from
        attendance a1_0 
    where
        a1_0.student_status=? 
        and a1_0.check_in_time between ? and ? 
        and (
            ? is null 
            or a1_0.course_id=?
        ) 
        and (
            ? is null 
            or ?='' 
            or exists(select
                s1_0.student_id from student s1_0 
            where
                s1_0.student_id=a1_0.student_id 
                and s1_0.class_name=?)
        )
2026-06-02 09:40:44.208 [http-nio-8080-exec-6] DEBUG org.hibernate.SQL - 
    select
        count_big(a1_0.id) 
    from
        attendance a1_0 
    where
        a1_0.student_status=? 
        and a1_0.check_in_time between ? and ? 
        and (
            ? is null 
            or a1_0.course_id=?
        ) 
        and (
            ? is null 
            or ?='' 
            or exists(select
                s1_0.student_id from student s1_0 
            where
                s1_0.student_id=a1_0.student_id 
                and s1_0.class_name=?)
        )
2026-06-02 09:40:44.211 [http-nio-8080-exec-6] DEBUG org.hibernate.SQL - 
    select
        count_big(a1_0.id) 
    from
        attendance a1_0 
    where
        a1_0.student_status=? 
        and a1_0.check_in_time between ? and ? 
        and (
            ? is null 
            or a1_0.course_id=?
        ) 
        and (
            ? is null 
            or ?='' 
            or exists(select
                s1_0.student_id from student s1_0 
            where
                s1_0.student_id=a1_0.student_id 
                and s1_0.class_name=?)
        )
2026-06-02 09:40:44.215 [http-nio-8080-exec-6] DEBUG org.hibernate.SQL - 
    select
        count_big(a1_0.id) 
    from
        attendance a1_0 
    where
        a1_0.student_status=? 
        and a1_0.check_in_time between ? and ? 
        and (
            ? is null 
            or a1_0.course_id=?
        ) 
        and (
            ? is null 
            or ?='' 
            or exists(select
                s1_0.student_id from student s1_0 
            where
                s1_0.student_id=a1_0.student_id 
                and s1_0.class_name=?)
        )
2026-06-02 09:40:44.219 [http-nio-8080-exec-6] DEBUG org.hibernate.SQL - 
    select
        count_big(a1_0.id) 
    from
        attendance a1_0 
    where
        a1_0.student_status=? 
        and a1_0.check_in_time between ? and ? 
        and (
            ? is null 
            or a1_0.course_id=?
        ) 
        and (
            ? is null 
            or ?='' 
            or exists(select
                s1_0.student_id from student s1_0 
            where
                s1_0.student_id=a1_0.student_id 
                and s1_0.class_name=?)
        )
2026-06-02 09:40:44.224 [http-nio-8080-exec-6] DEBUG org.hibernate.SQL - 
    select
        count_big(a1_0.id) 
    from
        attendance a1_0 
    where
        a1_0.student_status=? 
        and a1_0.check_in_time between ? and ? 
        and (
            ? is null 
            or a1_0.course_id=?
        ) 
        and (
            ? is null 
            or ?='' 
            or exists(select
                s1_0.student_id from student s1_0 
            where
                s1_0.student_id=a1_0.student_id 
                and s1_0.class_name=?)
        )
2026-06-02 09:40:44.226 [http-nio-8080-exec-6] DEBUG org.hibernate.SQL - 
    select
        count_big(a1_0.id) 
    from
        attendance a1_0 
    where
        a1_0.student_status=? 
        and a1_0.check_in_time between ? and ? 
        and (
            ? is null 
            or a1_0.course_id=?
        ) 
        and (
            ? is null 
            or ?='' 
            or exists(select
                s1_0.student_id from student s1_0 
            where
                s1_0.student_id=a1_0.student_id 
                and s1_0.class_name=?)
        )
2026-06-02 09:40:44.235 [http-nio-8080-exec-6] DEBUG org.hibernate.SQL - 
    select
        count_big(a1_0.id) 
    from
        attendance a1_0 
    where
        a1_0.student_status=? 
        and a1_0.check_in_time between ? and ? 
        and (
            ? is null 
            or a1_0.course_id=?
        ) 
        and (
            ? is null 
            or ?='' 
            or exists(select
                s1_0.student_id from student s1_0 
            where
                s1_0.student_id=a1_0.student_id 
                and s1_0.class_name=?)
        )
2026-06-02 09:40:44.238 [http-nio-8080-exec-6] DEBUG org.hibernate.SQL - 
    select
        count_big(a1_0.id) 
    from
        attendance a1_0 
    where
        a1_0.student_status=? 
        and a1_0.check_in_time between ? and ? 
        and (
            ? is null 
            or a1_0.course_id=?
        ) 
        and (
            ? is null 
            or ?='' 
            or exists(select
                s1_0.student_id from student s1_0 
            where
                s1_0.student_id=a1_0.student_id 
                and s1_0.class_name=?)
        )
2026-06-02 09:40:44.241 [http-nio-8080-exec-6] DEBUG org.hibernate.SQL - 
    select
        count_big(a1_0.id) 
    from
        attendance a1_0 
    where
        a1_0.student_status=? 
        and a1_0.check_in_time between ? and ? 
        and (
            ? is null 
            or a1_0.course_id=?
        ) 
        and (
            ? is null 
            or ?='' 
            or exists(select
                s1_0.student_id from student s1_0 
            where
                s1_0.student_id=a1_0.student_id 
                and s1_0.class_name=?)
        )
2026-06-02 09:40:44.244 [http-nio-8080-exec-6] DEBUG org.hibernate.SQL - 
    select
        count_big(a1_0.id) 
    from
        attendance a1_0 
    where
        a1_0.student_status=? 
        and a1_0.check_in_time between ? and ? 
        and (
            ? is null 
            or a1_0.course_id=?
        ) 
        and (
            ? is null 
            or ?='' 
            or exists(select
                s1_0.student_id from student s1_0 
            where
                s1_0.student_id=a1_0.student_id 
                and s1_0.class_name=?)
        )
2026-06-02 09:40:44.248 [http-nio-8080-exec-6] DEBUG org.hibernate.SQL - 
    select
        count_big(a1_0.id) 
    from
        attendance a1_0 
    where
        a1_0.student_status=? 
        and a1_0.check_in_time between ? and ? 
        and (
            ? is null 
            or a1_0.course_id=?
        ) 
        and (
            ? is null 
            or ?='' 
            or exists(select
                s1_0.student_id from student s1_0 
            where
                s1_0.student_id=a1_0.student_id 
                and s1_0.class_name=?)
        )
2026-06-02 09:40:44.251 [http-nio-8080-exec-6] DEBUG org.hibernate.SQL - 
    select
        count_big(a1_0.id) 
    from
        attendance a1_0 
    where
        a1_0.student_status=? 
        and a1_0.check_in_time between ? and ? 
        and (
            ? is null 
            or a1_0.course_id=?
        ) 
        and (
            ? is null 
            or ?='' 
            or exists(select
                s1_0.student_id from student s1_0 
            where
                s1_0.student_id=a1_0.student_id 
                and s1_0.class_name=?)
        )
2026-06-02 09:40:44.254 [http-nio-8080-exec-6] DEBUG org.hibernate.SQL - 
    select
        count_big(a1_0.id) 
    from
        attendance a1_0 
    where
        a1_0.student_status=? 
        and a1_0.check_in_time between ? and ? 
        and (
            ? is null 
            or a1_0.course_id=?
        ) 
        and (
            ? is null 
            or ?='' 
            or exists(select
                s1_0.student_id from student s1_0 
            where
                s1_0.student_id=a1_0.student_id 
                and s1_0.class_name=?)
        )
2026-06-02 09:40:44.258 [http-nio-8080-exec-6] DEBUG org.hibernate.SQL - 
    select
        count_big(a1_0.id) 
    from
        attendance a1_0 
    where
        a1_0.student_status=? 
        and a1_0.check_in_time between ? and ? 
        and (
            ? is null 
            or a1_0.course_id=?
        ) 
        and (
            ? is null 
            or ?='' 
            or exists(select
                s1_0.student_id from student s1_0 
            where
                s1_0.student_id=a1_0.student_id 
                and s1_0.class_name=?)
        )
2026-06-02 09:40:44.262 [http-nio-8080-exec-6] DEBUG org.hibernate.SQL - 
    select
        count_big(a1_0.id) 
    from
        attendance a1_0 
    where
        a1_0.student_status=? 
        and a1_0.check_in_time between ? and ? 
        and (
            ? is null 
            or a1_0.course_id=?
        ) 
        and (
            ? is null 
            or ?='' 
            or exists(select
                s1_0.student_id from student s1_0 
            where
                s1_0.student_id=a1_0.student_id 
                and s1_0.class_name=?)
        )
2026-06-02 09:40:44.264 [http-nio-8080-exec-6] DEBUG org.hibernate.SQL - 
    select
        count_big(a1_0.id) 
    from
        attendance a1_0 
    where
        a1_0.student_status=? 
        and a1_0.check_in_time between ? and ? 
        and (
            ? is null 
            or a1_0.course_id=?
        ) 
        and (
            ? is null 
            or ?='' 
            or exists(select
                s1_0.student_id from student s1_0 
            where
                s1_0.student_id=a1_0.student_id 
                and s1_0.class_name=?)
        )
2026-06-02 09:40:44.268 [http-nio-8080-exec-6] DEBUG org.hibernate.SQL - 
    select
        count_big(a1_0.id) 
    from
        attendance a1_0 
    where
        a1_0.student_status=? 
        and a1_0.check_in_time between ? and ? 
        and (
            ? is null 
            or a1_0.course_id=?
        ) 
        and (
            ? is null 
            or ?='' 
            or exists(select
                s1_0.student_id from student s1_0 
            where
                s1_0.student_id=a1_0.student_id 
                and s1_0.class_name=?)
        )
2026-06-02 09:40:44.273 [http-nio-8080-exec-6] DEBUG org.hibernate.SQL - 
    select
        count_big(a1_0.id) 
    from
        attendance a1_0 
    where
        a1_0.student_status=? 
        and a1_0.check_in_time between ? and ? 
        and (
            ? is null 
            or a1_0.course_id=?
        ) 
        and (
            ? is null 
            or ?='' 
            or exists(select
                s1_0.student_id from student s1_0 
            where
                s1_0.student_id=a1_0.student_id 
                and s1_0.class_name=?)
        )
2026-06-02 09:40:44.278 [http-nio-8080-exec-6] DEBUG org.hibernate.SQL - 
    select
        count_big(a1_0.id) 
    from
        attendance a1_0 
    where
        a1_0.student_status=? 
        and a1_0.check_in_time between ? and ? 
        and (
            ? is null 
            or a1_0.course_id=?
        ) 
        and (
            ? is null 
            or ?='' 
            or exists(select
                s1_0.student_id from student s1_0 
            where
                s1_0.student_id=a1_0.student_id 
                and s1_0.class_name=?)
        )
2026-06-02 09:40:44.282 [http-nio-8080-exec-6] DEBUG org.hibernate.SQL - 
    select
        count_big(a1_0.id) 
    from
        attendance a1_0 
    where
        a1_0.student_status=? 
        and a1_0.check_in_time between ? and ? 
        and (
            ? is null 
            or a1_0.course_id=?
        ) 
        and (
            ? is null 
            or ?='' 
            or exists(select
                s1_0.student_id from student s1_0 
            where
                s1_0.student_id=a1_0.student_id 
                and s1_0.class_name=?)
        )
2026-06-02 09:40:44.286 [http-nio-8080-exec-6] DEBUG org.hibernate.SQL - 
    select
        count_big(a1_0.id) 
    from
        attendance a1_0 
    where
        a1_0.student_status=? 
        and a1_0.check_in_time between ? and ? 
        and (
            ? is null 
            or a1_0.course_id=?
        ) 
        and (
            ? is null 
            or ?='' 
            or exists(select
                s1_0.student_id from student s1_0 
            where
                s1_0.student_id=a1_0.student_id 
                and s1_0.class_name=?)
        )
2026-06-02 09:40:44.289 [http-nio-8080-exec-6] DEBUG org.hibernate.SQL - 
    select
        count_big(a1_0.id) 
    from
        attendance a1_0 
    where
        a1_0.student_status=? 
        and a1_0.check_in_time between ? and ? 
        and (
            ? is null 
            or a1_0.course_id=?
        ) 
        and (
            ? is null 
            or ?='' 
            or exists(select
                s1_0.student_id from student s1_0 
            where
                s1_0.student_id=a1_0.student_id 
                and s1_0.class_name=?)
        )
2026-06-02 09:40:44.292 [http-nio-8080-exec-6] DEBUG org.hibernate.SQL - 
    select
        count_big(a1_0.id) 
    from
        attendance a1_0 
    where
        a1_0.student_status=? 
        and a1_0.check_in_time between ? and ? 
        and (
            ? is null 
            or a1_0.course_id=?
        ) 
        and (
            ? is null 
            or ?='' 
            or exists(select
                s1_0.student_id from student s1_0 
            where
                s1_0.student_id=a1_0.student_id 
                and s1_0.class_name=?)
        )
2026-06-02 09:40:44.294 [http-nio-8080-exec-6] DEBUG org.hibernate.SQL - 
    select
        count_big(a1_0.id) 
    from
        attendance a1_0 
    where
        a1_0.student_status=? 
        and a1_0.check_in_time between ? and ? 
        and (
            ? is null 
            or a1_0.course_id=?
        ) 
        and (
            ? is null 
            or ?='' 
            or exists(select
                s1_0.student_id from student s1_0 
            where
                s1_0.student_id=a1_0.student_id 
                and s1_0.class_name=?)
        )
2026-06-02 09:40:44.297 [http-nio-8080-exec-6] DEBUG org.hibernate.SQL - 
    select
        distinct s1_0.class_name 
    from
        student s1_0 
    where
        s1_0.class_name is not null 
    order by
        s1_0.class_name
2026-06-02 09:40:44.300 [http-nio-8080-exec-6] DEBUG org.hibernate.SQL - 
    select
        count_big(a1_0.id) 
    from
        attendance a1_0 
    where
        a1_0.check_in_time between ? and ? 
        and (
            ? is null 
            or a1_0.course_id=?
        ) 
        and (
            ? is null 
            or ?='' 
            or exists(select
                s1_0.student_id from student s1_0 
            where
                s1_0.student_id=a1_0.student_id 
                and s1_0.class_name=?)
        )
2026-06-02 09:40:44.303 [http-nio-8080-exec-6] DEBUG org.hibernate.SQL - 
    select
        count_big(a1_0.id) 
    from
        attendance a1_0 
    where
        a1_0.student_status=? 
        and a1_0.check_in_time between ? and ? 
        and (
            ? is null 
            or a1_0.course_id=?
        ) 
        and (
            ? is null 
            or ?='' 
            or exists(select
                s1_0.student_id from student s1_0 
            where
                s1_0.student_id=a1_0.student_id 
                and s1_0.class_name=?)
        )
2026-06-02 09:40:44.306 [http-nio-8080-exec-6] DEBUG org.hibernate.SQL - 
    select
        count_big(a1_0.id) 
    from
        attendance a1_0 
    where
        a1_0.check_in_time between ? and ? 
        and (
            ? is null 
            or a1_0.course_id=?
        ) 
        and (
            ? is null 
            or ?='' 
            or exists(select
                s1_0.student_id from student s1_0 
            where
                s1_0.student_id=a1_0.student_id 
                and s1_0.class_name=?)
        )
2026-06-02 09:40:44.310 [http-nio-8080-exec-6] DEBUG org.hibernate.SQL - 
    select
        count_big(a1_0.id) 
    from
        attendance a1_0 
    where
        a1_0.student_status=? 
        and a1_0.check_in_time between ? and ? 
        and (
            ? is null 
            or a1_0.course_id=?
        ) 
        and (
            ? is null 
            or ?='' 
            or exists(select
                s1_0.student_id from student s1_0 
            where
                s1_0.student_id=a1_0.student_id 
                and s1_0.class_name=?)
        )
2026-06-02 09:40:44.312 [http-nio-8080-exec-6] DEBUG org.hibernate.SQL - 
    select
        count_big(a1_0.id) 
    from
        attendance a1_0 
    where
        a1_0.check_in_time between ? and ? 
        and (
            ? is null 
            or a1_0.course_id=?
        ) 
        and (
            ? is null 
            or ?='' 
            or exists(select
                s1_0.student_id from student s1_0 
            where
                s1_0.student_id=a1_0.student_id 
                and s1_0.class_name=?)
        )
2026-06-02 09:40:44.315 [http-nio-8080-exec-6] DEBUG org.hibernate.SQL - 
    select
        count_big(a1_0.id) 
    from
        attendance a1_0 
    where
        a1_0.student_status=? 
        and a1_0.check_in_time between ? and ? 
        and (
            ? is null 
            or a1_0.course_id=?
        ) 
        and (
            ? is null 
            or ?='' 
            or exists(select
                s1_0.student_id from student s1_0 
            where
                s1_0.student_id=a1_0.student_id 
                and s1_0.class_name=?)
        )
2026-06-02 09:40:44.318 [http-nio-8080-exec-6] DEBUG org.hibernate.SQL - 
    select
        count_big(a1_0.id) 
    from
        attendance a1_0 
    where
        a1_0.check_in_time between ? and ? 
        and (
            ? is null 
            or a1_0.course_id=?
        ) 
        and (
            ? is null 
            or ?='' 
            or exists(select
                s1_0.student_id from student s1_0 
            where
                s1_0.student_id=a1_0.student_id 
                and s1_0.class_name=?)
        )
2026-06-02 09:40:44.322 [http-nio-8080-exec-6] DEBUG org.hibernate.SQL - 
    select
        count_big(a1_0.id) 
    from
        attendance a1_0 
    where
        a1_0.student_status=? 
        and a1_0.check_in_time between ? and ? 
        and (
            ? is null 
            or a1_0.course_id=?
        ) 
        and (
            ? is null 
            or ?='' 
            or exists(select
                s1_0.student_id from student s1_0 
            where
                s1_0.student_id=a1_0.student_id 
                and s1_0.class_name=?)
        )
2026-06-02 09:40:44.325 [http-nio-8080-exec-6] DEBUG org.hibernate.SQL - 
    select
        count_big(a1_0.id) 
    from
        attendance a1_0 
    where
        a1_0.check_in_time between ? and ? 
        and (
            ? is null 
            or a1_0.course_id=?
        ) 
        and (
            ? is null 
            or ?='' 
            or exists(select
                s1_0.student_id from student s1_0 
            where
                s1_0.student_id=a1_0.student_id 
                and s1_0.class_name=?)
        )
2026-06-02 09:40:44.327 [http-nio-8080-exec-6] DEBUG org.hibernate.SQL - 
    select
        count_big(a1_0.id) 
    from
        attendance a1_0 
    where
        a1_0.student_status=? 
        and a1_0.check_in_time between ? and ? 
        and (
            ? is null 
            or a1_0.course_id=?
        ) 
        and (
            ? is null 
            or ?='' 
            or exists(select
                s1_0.student_id from student s1_0 
            where
                s1_0.student_id=a1_0.student_id 
                and s1_0.class_name=?)
        )
2026-06-02 09:40:44.346 [http-nio-8080-exec-6] DEBUG org.hibernate.SQL - 
    select
        a1_0.course_id,
        c1_0.course_name,
        count_big(a1_0.id) 
    from
        attendance a1_0 
    left join
        course c1_0 
            on a1_0.course_id=c1_0.course_id 
    where
        a1_0.check_in_time between ? and ? 
        and (
            ? is null 
            or ?='' 
            or exists(select
                s1_0.student_id from student s1_0 
            where
                s1_0.student_id=a1_0.student_id 
                and s1_0.class_name=?)
        ) 
    group by
        a1_0.course_id,
        c1_0.course_name 
    order by
        count_big(a1_0.id) desc
2026-06-02 09:43:39.012 [SpringApplicationShutdownHook] INFO  o.s.boot.tomcat.GracefulShutdown - Commencing graceful shutdown. Waiting for active requests to complete
2026-06-02 09:43:39.037 [tomcat-shutdown] INFO  o.s.boot.tomcat.GracefulShutdown - Graceful shutdown complete
2026-06-02 09:43:39.047 [SpringApplicationShutdownHook] INFO  o.s.o.j.LocalContainerEntityManagerFactoryBean - Closing JPA EntityManagerFactory for persistence unit 'default'
2026-06-02 09:43:39.053 [SpringApplicationShutdownHook] INFO  com.zaxxer.hikari.HikariDataSource - HikariPool-1 - Shutdown initiated...
2026-06-02 09:43:39.053 [SpringApplicationShutdownHook] INFO  com.zaxxer.hikari.HikariDataSource - HikariPool-1 - Shutdown completed.
