2026-06-02 09:43:41.653 [main] INFO  c.e.a.AttendanceSystemApplication - Starting AttendanceSystemApplication using Java 21.0.2 with PID 37488 (D:\Java\springboot_pj\attendance-system\target\classes started by l in D:\Java\springboot_pj\attendance-system)
2026-06-02 09:43:41.654 [main] DEBUG c.e.a.AttendanceSystemApplication - Running with Spring Boot v4.0.3, Spring v7.0.5
2026-06-02 09:43:41.654 [main] INFO  c.e.a.AttendanceSystemApplication - No active profile set, falling back to 1 default profile: "default"
2026-06-02 09:43:42.051 [main] INFO  o.s.d.r.c.RepositoryConfigurationDelegate - Bootstrapping Spring Data JPA repositories in DEFAULT mode.
2026-06-02 09:43:42.093 [main] INFO  o.s.d.r.c.RepositoryConfigurationDelegate - Finished Spring Data repository scanning in 35 ms. Found 5 JPA repository interfaces.
2026-06-02 09:43:42.205 [main] INFO  o.s.cloud.context.scope.GenericScope - BeanFactory id=d6250731-036a-36ea-b8f9-8d612c972637
2026-06-02 09:43:42.397 [main] INFO  o.s.boot.tomcat.TomcatWebServer - Tomcat initialized with port 8080 (http)
2026-06-02 09:43:42.405 [main] INFO  o.a.coyote.http11.Http11NioProtocol - Initializing ProtocolHandler ["http-nio-8080"]
2026-06-02 09:43:42.406 [main] INFO  o.a.catalina.core.StandardService - Starting service [Tomcat]
2026-06-02 09:43:42.406 [main] INFO  o.a.catalina.core.StandardEngine - Starting Servlet engine: [Apache Tomcat/11.0.18]
2026-06-02 09:43:42.441 [main] INFO  o.s.b.w.c.s.WebApplicationContextInitializer - Root WebApplicationContext: initialization completed in 761 ms
2026-06-02 09:43:42.558 [main] INFO  org.hibernate.orm.jpa - HHH008540: Processing PersistenceUnitInfo [name: default]
2026-06-02 09:43:42.586 [main] INFO  org.hibernate.orm.core - HHH000001: Hibernate ORM core version 7.2.4.Final
2026-06-02 09:43:42.846 [main] INFO  o.s.o.j.p.SpringPersistenceUnitInfo - No LoadTimeWeaver setup: ignoring JPA class transformer
2026-06-02 09:43:42.865 [main] INFO  com.zaxxer.hikari.HikariDataSource - HikariPool-1 - Starting...
2026-06-02 09:43:43.369 [main] INFO  com.zaxxer.hikari.pool.HikariPool - HikariPool-1 - Added connection ConnectionID:1 ClientConnectionId: a1878a93-8318-46ed-8662-9162d2536c6e
2026-06-02 09:43:43.370 [main] INFO  com.zaxxer.hikari.HikariDataSource - HikariPool-1 - Start completed.
2026-06-02 09:43:43.523 [main] WARN  org.hibernate.orm.deprecation - HHH90000025: SQLServerDialect does not need to be specified explicitly using 'hibernate.dialect' (remove the property setting and it will be selected by default)
2026-06-02 09:43:43.534 [main] INFO  o.hibernate.orm.connections.pooling - HHH10001005: Database info:
	Database JDBC URL [jdbc:sqlserver://localhost:1433;concatNullYieldsNull=ON;quotedIdentifier=ON;connectRetryInterval=10;connectRetryCount=1;maxResultBuffer=-1;sendTemporalDataTypesAsStringForBulkCopy=true;delayLoadingLobs=true;useFmtOnly=false;vectorTypeSupport=v1;cacheBulkCopyMetadata=false;bulkCopyForBatchInsertAllowEncryptedValueModifications=false;bulkCopyForBatchInsertTableLock=false;bulkCopyForBatchInsertKeepNulls=false;bulkCopyForBatchInsertKeepIdentity=false;bulkCopyForBatchInsertFireTriggers=false;bulkCopyForBatchInsertCheckConstraints=false;bulkCopyForBatchInsertBatchSize=0;useBulkCopyForBatchInsert=false;cancelQueryTimeout=-1;sslProtocol=TLS;calcBigDecimalPrecision=false;useDefaultJaasConfig=false;jaasConfigurationName=SQLJDBCDriver;statementPoolingCacheSize=0;serverPreparedStatementDiscardThreshold=10;enablePrepareOnFirstPreparedStatementCall=false;fips=false;socketTimeout=0;authentication=NotSpecified;authenticationScheme=nativeAuthentication;xopenStates=false;datetimeParameterType=datetime2;sendTimeAsDatetime=true;replication=false;trustStoreType=JKS;trustServerCertificate=true;TransparentNetworkIPResolution=true;iPAddressPreference=IPv4First;serverNameAsACE=false;sendStringParametersAsUnicode=true;selectMethod=direct;responseBuffering=adaptive;queryTimeout=-1;packetSize=8000;multiSubnetFailover=false;loginTimeout=30;lockTimeout=-1;lastUpdateCount=true;useDefaultGSSCredential=false;prepareMethod=prepexec;encrypt=false;disableStatementPooling=true;databaseName=attendance_system;columnEncryptionSetting=Disabled;applicationName=Microsoft JDBC Driver for SQL Server;applicationIntent=readwrite;]
	Database driver: Microsoft JDBC Driver 13.2 for SQL Server
	Database dialect: SQLServerDialect
	Database version: 17.0
	Default catalog/schema: attendance_system/dbo
	Autocommit mode: undefined/unknown
	Isolation level: READ_COMMITTED [default READ_COMMITTED]
	JDBC fetch size: 128
	Pool: DataSourceConnectionProvider
	Minimum pool size: undefined/unknown
	Maximum pool size: undefined/unknown
2026-06-02 09:43:44.054 [main] INFO  org.hibernate.orm.core - HHH000489: No JTA platform available (set 'hibernate.transaction.jta.platform' to enable JTA platform integration)
2026-06-02 09:43:44.970 [main] DEBUG org.hibernate.SQL - 
    alter table attendance 
       alter column id bigint
2026-06-02 09:43:44.975 [main] WARN  o.h.t.s.i.ExceptionHandlerLoggedImpl - GenerationTarget encountered exception accepting command : Error executing DDL "
    alter table attendance 
       alter column id bigint" via JDBC [对象'PK__attendan__3213E83F505AAD30' 依赖于 列'id'。]
org.hibernate.tool.schema.spi.CommandAcceptanceException: Error executing DDL "
    alter table attendance 
       alter column id bigint" via JDBC [对象'PK__attendan__3213E83F505AAD30' 依赖于 列'id'。]
	at org.hibernate.tool.schema.internal.exec.GenerationTargetToDatabase.accept(GenerationTargetToDatabase.java:81)
	at org.hibernate.tool.schema.internal.AbstractSchemaMigrator.applySqlString(AbstractSchemaMigrator.java:566)
	at org.hibernate.tool.schema.internal.AbstractSchemaMigrator.applySqlStrings(AbstractSchemaMigrator.java:506)
	at org.hibernate.tool.schema.internal.AbstractSchemaMigrator.migrateTable(AbstractSchemaMigrator.java:324)
	at org.hibernate.tool.schema.internal.GroupedSchemaMigratorImpl.performTablesMigration(GroupedSchemaMigratorImpl.java:84)
	at org.hibernate.tool.schema.internal.AbstractSchemaMigrator.performMigration(AbstractSchemaMigrator.java:220)
	at org.hibernate.tool.schema.internal.AbstractSchemaMigrator.doMigration(AbstractSchemaMigrator.java:96)
	at org.hibernate.tool.schema.spi.SchemaManagementToolCoordinator.performDatabaseAction(SchemaManagementToolCoordinator.java:269)
	at org.hibernate.tool.schema.spi.SchemaManagementToolCoordinator.lambda$process$1(SchemaManagementToolCoordinator.java:101)
	at java.base/java.util.HashMap.forEach(HashMap.java:1429)
	at org.hibernate.tool.schema.spi.SchemaManagementToolCoordinator.process(SchemaManagementToolCoordinator.java:100)
	at org.hibernate.boot.internal.SessionFactoryObserverForSchemaExport.sessionFactoryCreated(SessionFactoryObserverForSchemaExport.java:35)
	at org.hibernate.internal.SessionFactoryObserverChain.sessionFactoryCreated(SessionFactoryObserverChain.java:33)
	at org.hibernate.internal.SessionFactoryImpl.<init>(SessionFactoryImpl.java:323)
	at org.hibernate.internal.SessionFactoryRegistry.instantiateSessionFactory(SessionFactoryRegistry.java:64)
	at org.hibernate.boot.internal.SessionFactoryBuilderImpl.build(SessionFactoryBuilderImpl.java:437)
	at org.hibernate.jpa.boot.internal.EntityManagerFactoryBuilderImpl.build(EntityManagerFactoryBuilderImpl.java:1456)
	at org.springframework.orm.jpa.vendor.SpringHibernateJpaPersistenceProvider.createContainerEntityManagerFactory(SpringHibernateJpaPersistenceProvider.java:93)
	at org.springframework.orm.jpa.LocalContainerEntityManagerFactoryBean.createNativeEntityManagerFactory(LocalContainerEntityManagerFactoryBean.java:443)
	at org.springframework.orm.jpa.AbstractEntityManagerFactoryBean.buildNativeEntityManagerFactory(AbstractEntityManagerFactoryBean.java:436)
	at org.springframework.orm.jpa.AbstractEntityManagerFactoryBean.afterPropertiesSet(AbstractEntityManagerFactoryBean.java:411)
	at org.springframework.orm.jpa.LocalContainerEntityManagerFactoryBean.afterPropertiesSet(LocalContainerEntityManagerFactoryBean.java:419)
	at org.springframework.beans.factory.support.AbstractAutowireCapableBeanFactory.invokeInitMethods(AbstractAutowireCapableBeanFactory.java:1864)
	at org.springframework.beans.factory.support.AbstractAutowireCapableBeanFactory.initializeBean(AbstractAutowireCapableBeanFactory.java:1813)
	at org.springframework.beans.factory.support.AbstractAutowireCapableBeanFactory.doCreateBean(AbstractAutowireCapableBeanFactory.java:603)
	at org.springframework.beans.factory.support.AbstractAutowireCapableBeanFactory.createBean(AbstractAutowireCapableBeanFactory.java:525)
	at org.springframework.beans.factory.support.AbstractBeanFactory.lambda$doGetBean$0(AbstractBeanFactory.java:333)
	at org.springframework.beans.factory.support.DefaultSingletonBeanRegistry.getSingleton(DefaultSingletonBeanRegistry.java:371)
	at org.springframework.beans.factory.support.AbstractBeanFactory.doGetBean(AbstractBeanFactory.java:331)
	at org.springframework.beans.factory.support.AbstractBeanFactory.getBean(AbstractBeanFactory.java:201)
	at org.springframework.context.support.AbstractApplicationContext.finishBeanFactoryInitialization(AbstractApplicationContext.java:977)
	at org.springframework.context.support.AbstractApplicationContext.refresh(AbstractApplicationContext.java:621)
	at org.springframework.boot.web.server.servlet.context.ServletWebServerApplicationContext.refresh(ServletWebServerApplicationContext.java:143)
	at org.springframework.boot.SpringApplication.refresh(SpringApplication.java:756)
	at org.springframework.boot.SpringApplication.refreshContext(SpringApplication.java:445)
	at org.springframework.boot.SpringApplication.run(SpringApplication.java:321)
	at org.springframework.boot.SpringApplication.run(SpringApplication.java:1365)
	at org.springframework.boot.SpringApplication.run(SpringApplication.java:1354)
	at com.example.attendance.AttendanceSystemApplication.main(AttendanceSystemApplication.java:12)
Caused by: com.microsoft.sqlserver.jdbc.SQLServerException: 对象'PK__attendan__3213E83F505AAD30' 依赖于 列'id'。
	at com.microsoft.sqlserver.jdbc.SQLServerException.makeFromDatabaseError(SQLServerException.java:278)
	at com.microsoft.sqlserver.jdbc.SQLServerStatement.getNextResult(SQLServerStatement.java:1788)
	at com.microsoft.sqlserver.jdbc.SQLServerStatement.doExecuteStatement(SQLServerStatement.java:975)
	at com.microsoft.sqlserver.jdbc.SQLServerStatement$StmtExecCmd.doExecute(SQLServerStatement.java:869)
	at com.microsoft.sqlserver.jdbc.TDSCommand.execute(IOBuffer.java:7825)
	at com.microsoft.sqlserver.jdbc.SQLServerConnection.executeCommand(SQLServerConnection.java:4828)
	at com.microsoft.sqlserver.jdbc.SQLServerStatement.executeCommand(SQLServerStatement.java:321)
	at com.microsoft.sqlserver.jdbc.SQLServerStatement.executeStatement(SQLServerStatement.java:253)
	at com.microsoft.sqlserver.jdbc.SQLServerStatement.execute(SQLServerStatement.java:842)
	at com.zaxxer.hikari.pool.ProxyStatement.execute(ProxyStatement.java:95)
	at com.zaxxer.hikari.pool.HikariProxyStatement.execute(HikariProxyStatement.java)
	at org.hibernate.tool.schema.internal.exec.GenerationTargetToDatabase.accept(GenerationTargetToDatabase.java:76)
	... 38 common frames omitted
2026-06-02 09:43:44.977 [main] DEBUG org.hibernate.SQL - 
    alter table attendance 
       alter column student_status tinyint default 1
2026-06-02 09:43:44.978 [main] WARN  o.h.t.s.i.ExceptionHandlerLoggedImpl - GenerationTarget encountered exception accepting command : Error executing DDL "
    alter table attendance 
       alter column student_status tinyint default 1" via JDBC [关键字 'default' 附近有语法错误。]
org.hibernate.tool.schema.spi.CommandAcceptanceException: Error executing DDL "
    alter table attendance 
       alter column student_status tinyint default 1" via JDBC [关键字 'default' 附近有语法错误。]
	at org.hibernate.tool.schema.internal.exec.GenerationTargetToDatabase.accept(GenerationTargetToDatabase.java:81)
	at org.hibernate.tool.schema.internal.AbstractSchemaMigrator.applySqlString(AbstractSchemaMigrator.java:566)
	at org.hibernate.tool.schema.internal.AbstractSchemaMigrator.applySqlStrings(AbstractSchemaMigrator.java:506)
	at org.hibernate.tool.schema.internal.AbstractSchemaMigrator.migrateTable(AbstractSchemaMigrator.java:324)
	at org.hibernate.tool.schema.internal.GroupedSchemaMigratorImpl.performTablesMigration(GroupedSchemaMigratorImpl.java:84)
	at org.hibernate.tool.schema.internal.AbstractSchemaMigrator.performMigration(AbstractSchemaMigrator.java:220)
	at org.hibernate.tool.schema.internal.AbstractSchemaMigrator.doMigration(AbstractSchemaMigrator.java:96)
	at org.hibernate.tool.schema.spi.SchemaManagementToolCoordinator.performDatabaseAction(SchemaManagementToolCoordinator.java:269)
	at org.hibernate.tool.schema.spi.SchemaManagementToolCoordinator.lambda$process$1(SchemaManagementToolCoordinator.java:101)
	at java.base/java.util.HashMap.forEach(HashMap.java:1429)
	at org.hibernate.tool.schema.spi.SchemaManagementToolCoordinator.process(SchemaManagementToolCoordinator.java:100)
	at org.hibernate.boot.internal.SessionFactoryObserverForSchemaExport.sessionFactoryCreated(SessionFactoryObserverForSchemaExport.java:35)
	at org.hibernate.internal.SessionFactoryObserverChain.sessionFactoryCreated(SessionFactoryObserverChain.java:33)
	at org.hibernate.internal.SessionFactoryImpl.<init>(SessionFactoryImpl.java:323)
	at org.hibernate.internal.SessionFactoryRegistry.instantiateSessionFactory(SessionFactoryRegistry.java:64)
	at org.hibernate.boot.internal.SessionFactoryBuilderImpl.build(SessionFactoryBuilderImpl.java:437)
	at org.hibernate.jpa.boot.internal.EntityManagerFactoryBuilderImpl.build(EntityManagerFactoryBuilderImpl.java:1456)
	at org.springframework.orm.jpa.vendor.SpringHibernateJpaPersistenceProvider.createContainerEntityManagerFactory(SpringHibernateJpaPersistenceProvider.java:93)
	at org.springframework.orm.jpa.LocalContainerEntityManagerFactoryBean.createNativeEntityManagerFactory(LocalContainerEntityManagerFactoryBean.java:443)
	at org.springframework.orm.jpa.AbstractEntityManagerFactoryBean.buildNativeEntityManagerFactory(AbstractEntityManagerFactoryBean.java:436)
	at org.springframework.orm.jpa.AbstractEntityManagerFactoryBean.afterPropertiesSet(AbstractEntityManagerFactoryBean.java:411)
	at org.springframework.orm.jpa.LocalContainerEntityManagerFactoryBean.afterPropertiesSet(LocalContainerEntityManagerFactoryBean.java:419)
	at org.springframework.beans.factory.support.AbstractAutowireCapableBeanFactory.invokeInitMethods(AbstractAutowireCapableBeanFactory.java:1864)
	at org.springframework.beans.factory.support.AbstractAutowireCapableBeanFactory.initializeBean(AbstractAutowireCapableBeanFactory.java:1813)
	at org.springframework.beans.factory.support.AbstractAutowireCapableBeanFactory.doCreateBean(AbstractAutowireCapableBeanFactory.java:603)
	at org.springframework.beans.factory.support.AbstractAutowireCapableBeanFactory.createBean(AbstractAutowireCapableBeanFactory.java:525)
	at org.springframework.beans.factory.support.AbstractBeanFactory.lambda$doGetBean$0(AbstractBeanFactory.java:333)
	at org.springframework.beans.factory.support.DefaultSingletonBeanRegistry.getSingleton(DefaultSingletonBeanRegistry.java:371)
	at org.springframework.beans.factory.support.AbstractBeanFactory.doGetBean(AbstractBeanFactory.java:331)
	at org.springframework.beans.factory.support.AbstractBeanFactory.getBean(AbstractBeanFactory.java:201)
	at org.springframework.context.support.AbstractApplicationContext.finishBeanFactoryInitialization(AbstractApplicationContext.java:977)
	at org.springframework.context.support.AbstractApplicationContext.refresh(AbstractApplicationContext.java:621)
	at org.springframework.boot.web.server.servlet.context.ServletWebServerApplicationContext.refresh(ServletWebServerApplicationContext.java:143)
	at org.springframework.boot.SpringApplication.refresh(SpringApplication.java:756)
	at org.springframework.boot.SpringApplication.refreshContext(SpringApplication.java:445)
	at org.springframework.boot.SpringApplication.run(SpringApplication.java:321)
	at org.springframework.boot.SpringApplication.run(SpringApplication.java:1365)
	at org.springframework.boot.SpringApplication.run(SpringApplication.java:1354)
	at com.example.attendance.AttendanceSystemApplication.main(AttendanceSystemApplication.java:12)
Caused by: com.microsoft.sqlserver.jdbc.SQLServerException: 关键字 'default' 附近有语法错误。
	at com.microsoft.sqlserver.jdbc.SQLServerException.makeFromDatabaseError(SQLServerException.java:278)
	at com.microsoft.sqlserver.jdbc.SQLServerStatement.getNextResult(SQLServerStatement.java:1788)
	at com.microsoft.sqlserver.jdbc.SQLServerStatement.doExecuteStatement(SQLServerStatement.java:975)
	at com.microsoft.sqlserver.jdbc.SQLServerStatement$StmtExecCmd.doExecute(SQLServerStatement.java:869)
	at com.microsoft.sqlserver.jdbc.TDSCommand.execute(IOBuffer.java:7825)
	at com.microsoft.sqlserver.jdbc.SQLServerConnection.executeCommand(SQLServerConnection.java:4828)
	at com.microsoft.sqlserver.jdbc.SQLServerStatement.executeCommand(SQLServerStatement.java:321)
	at com.microsoft.sqlserver.jdbc.SQLServerStatement.executeStatement(SQLServerStatement.java:253)
	at com.microsoft.sqlserver.jdbc.SQLServerStatement.execute(SQLServerStatement.java:842)
	at com.zaxxer.hikari.pool.ProxyStatement.execute(ProxyStatement.java:95)
	at com.zaxxer.hikari.pool.HikariProxyStatement.execute(HikariProxyStatement.java)
	at org.hibernate.tool.schema.internal.exec.GenerationTargetToDatabase.accept(GenerationTargetToDatabase.java:76)
	... 38 common frames omitted
2026-06-02 09:43:44.978 [main] DEBUG org.hibernate.SQL - 
    alter table course_selection 
       alter column id bigint
2026-06-02 09:43:44.980 [main] WARN  o.h.t.s.i.ExceptionHandlerLoggedImpl - GenerationTarget encountered exception accepting command : Error executing DDL "
    alter table course_selection 
       alter column id bigint" via JDBC [对象'PK__course_s__3213E83FDFE3484D' 依赖于 列'id'。]
org.hibernate.tool.schema.spi.CommandAcceptanceException: Error executing DDL "
    alter table course_selection 
       alter column id bigint" via JDBC [对象'PK__course_s__3213E83FDFE3484D' 依赖于 列'id'。]
	at org.hibernate.tool.schema.internal.exec.GenerationTargetToDatabase.accept(GenerationTargetToDatabase.java:81)
	at org.hibernate.tool.schema.internal.AbstractSchemaMigrator.applySqlString(AbstractSchemaMigrator.java:566)
	at org.hibernate.tool.schema.internal.AbstractSchemaMigrator.applySqlStrings(AbstractSchemaMigrator.java:506)
	at org.hibernate.tool.schema.internal.AbstractSchemaMigrator.migrateTable(AbstractSchemaMigrator.java:324)
	at org.hibernate.tool.schema.internal.GroupedSchemaMigratorImpl.performTablesMigration(GroupedSchemaMigratorImpl.java:84)
	at org.hibernate.tool.schema.internal.AbstractSchemaMigrator.performMigration(AbstractSchemaMigrator.java:220)
	at org.hibernate.tool.schema.internal.AbstractSchemaMigrator.doMigration(AbstractSchemaMigrator.java:96)
	at org.hibernate.tool.schema.spi.SchemaManagementToolCoordinator.performDatabaseAction(SchemaManagementToolCoordinator.java:269)
	at org.hibernate.tool.schema.spi.SchemaManagementToolCoordinator.lambda$process$1(SchemaManagementToolCoordinator.java:101)
	at java.base/java.util.HashMap.forEach(HashMap.java:1429)
	at org.hibernate.tool.schema.spi.SchemaManagementToolCoordinator.process(SchemaManagementToolCoordinator.java:100)
	at org.hibernate.boot.internal.SessionFactoryObserverForSchemaExport.sessionFactoryCreated(SessionFactoryObserverForSchemaExport.java:35)
	at org.hibernate.internal.SessionFactoryObserverChain.sessionFactoryCreated(SessionFactoryObserverChain.java:33)
	at org.hibernate.internal.SessionFactoryImpl.<init>(SessionFactoryImpl.java:323)
	at org.hibernate.internal.SessionFactoryRegistry.instantiateSessionFactory(SessionFactoryRegistry.java:64)
	at org.hibernate.boot.internal.SessionFactoryBuilderImpl.build(SessionFactoryBuilderImpl.java:437)
	at org.hibernate.jpa.boot.internal.EntityManagerFactoryBuilderImpl.build(EntityManagerFactoryBuilderImpl.java:1456)
	at org.springframework.orm.jpa.vendor.SpringHibernateJpaPersistenceProvider.createContainerEntityManagerFactory(SpringHibernateJpaPersistenceProvider.java:93)
	at org.springframework.orm.jpa.LocalContainerEntityManagerFactoryBean.createNativeEntityManagerFactory(LocalContainerEntityManagerFactoryBean.java:443)
	at org.springframework.orm.jpa.AbstractEntityManagerFactoryBean.buildNativeEntityManagerFactory(AbstractEntityManagerFactoryBean.java:436)
	at org.springframework.orm.jpa.AbstractEntityManagerFactoryBean.afterPropertiesSet(AbstractEntityManagerFactoryBean.java:411)
	at org.springframework.orm.jpa.LocalContainerEntityManagerFactoryBean.afterPropertiesSet(LocalContainerEntityManagerFactoryBean.java:419)
	at org.springframework.beans.factory.support.AbstractAutowireCapableBeanFactory.invokeInitMethods(AbstractAutowireCapableBeanFactory.java:1864)
	at org.springframework.beans.factory.support.AbstractAutowireCapableBeanFactory.initializeBean(AbstractAutowireCapableBeanFactory.java:1813)
	at org.springframework.beans.factory.support.AbstractAutowireCapableBeanFactory.doCreateBean(AbstractAutowireCapableBeanFactory.java:603)
	at org.springframework.beans.factory.support.AbstractAutowireCapableBeanFactory.createBean(AbstractAutowireCapableBeanFactory.java:525)
	at org.springframework.beans.factory.support.AbstractBeanFactory.lambda$doGetBean$0(AbstractBeanFactory.java:333)
	at org.springframework.beans.factory.support.DefaultSingletonBeanRegistry.getSingleton(DefaultSingletonBeanRegistry.java:371)
	at org.springframework.beans.factory.support.AbstractBeanFactory.doGetBean(AbstractBeanFactory.java:331)
	at org.springframework.beans.factory.support.AbstractBeanFactory.getBean(AbstractBeanFactory.java:201)
	at org.springframework.context.support.AbstractApplicationContext.finishBeanFactoryInitialization(AbstractApplicationContext.java:977)
	at org.springframework.context.support.AbstractApplicationContext.refresh(AbstractApplicationContext.java:621)
	at org.springframework.boot.web.server.servlet.context.ServletWebServerApplicationContext.refresh(ServletWebServerApplicationContext.java:143)
	at org.springframework.boot.SpringApplication.refresh(SpringApplication.java:756)
	at org.springframework.boot.SpringApplication.refreshContext(SpringApplication.java:445)
	at org.springframework.boot.SpringApplication.run(SpringApplication.java:321)
	at org.springframework.boot.SpringApplication.run(SpringApplication.java:1365)
	at org.springframework.boot.SpringApplication.run(SpringApplication.java:1354)
	at com.example.attendance.AttendanceSystemApplication.main(AttendanceSystemApplication.java:12)
Caused by: com.microsoft.sqlserver.jdbc.SQLServerException: 对象'PK__course_s__3213E83FDFE3484D' 依赖于 列'id'。
	at com.microsoft.sqlserver.jdbc.SQLServerException.makeFromDatabaseError(SQLServerException.java:278)
	at com.microsoft.sqlserver.jdbc.SQLServerStatement.getNextResult(SQLServerStatement.java:1788)
	at com.microsoft.sqlserver.jdbc.SQLServerStatement.doExecuteStatement(SQLServerStatement.java:975)
	at com.microsoft.sqlserver.jdbc.SQLServerStatement$StmtExecCmd.doExecute(SQLServerStatement.java:869)
	at com.microsoft.sqlserver.jdbc.TDSCommand.execute(IOBuffer.java:7825)
	at com.microsoft.sqlserver.jdbc.SQLServerConnection.executeCommand(SQLServerConnection.java:4828)
	at com.microsoft.sqlserver.jdbc.SQLServerStatement.executeCommand(SQLServerStatement.java:321)
	at com.microsoft.sqlserver.jdbc.SQLServerStatement.executeStatement(SQLServerStatement.java:253)
	at com.microsoft.sqlserver.jdbc.SQLServerStatement.execute(SQLServerStatement.java:842)
	at com.zaxxer.hikari.pool.ProxyStatement.execute(ProxyStatement.java:95)
	at com.zaxxer.hikari.pool.HikariProxyStatement.execute(HikariProxyStatement.java)
	at org.hibernate.tool.schema.internal.exec.GenerationTargetToDatabase.accept(GenerationTargetToDatabase.java:76)
	... 38 common frames omitted
2026-06-02 09:43:44.981 [main] DEBUG org.hibernate.SQL - 
    alter table course_selection 
       alter column status tinyint default 1
2026-06-02 09:43:44.982 [main] WARN  o.h.t.s.i.ExceptionHandlerLoggedImpl - GenerationTarget encountered exception accepting command : Error executing DDL "
    alter table course_selection 
       alter column status tinyint default 1" via JDBC [关键字 'default' 附近有语法错误。]
org.hibernate.tool.schema.spi.CommandAcceptanceException: Error executing DDL "
    alter table course_selection 
       alter column status tinyint default 1" via JDBC [关键字 'default' 附近有语法错误。]
	at org.hibernate.tool.schema.internal.exec.GenerationTargetToDatabase.accept(GenerationTargetToDatabase.java:81)
	at org.hibernate.tool.schema.internal.AbstractSchemaMigrator.applySqlString(AbstractSchemaMigrator.java:566)
	at org.hibernate.tool.schema.internal.AbstractSchemaMigrator.applySqlStrings(AbstractSchemaMigrator.java:506)
	at org.hibernate.tool.schema.internal.AbstractSchemaMigrator.migrateTable(AbstractSchemaMigrator.java:324)
	at org.hibernate.tool.schema.internal.GroupedSchemaMigratorImpl.performTablesMigration(GroupedSchemaMigratorImpl.java:84)
	at org.hibernate.tool.schema.internal.AbstractSchemaMigrator.performMigration(AbstractSchemaMigrator.java:220)
	at org.hibernate.tool.schema.internal.AbstractSchemaMigrator.doMigration(AbstractSchemaMigrator.java:96)
	at org.hibernate.tool.schema.spi.SchemaManagementToolCoordinator.performDatabaseAction(SchemaManagementToolCoordinator.java:269)
	at org.hibernate.tool.schema.spi.SchemaManagementToolCoordinator.lambda$process$1(SchemaManagementToolCoordinator.java:101)
	at java.base/java.util.HashMap.forEach(HashMap.java:1429)
	at org.hibernate.tool.schema.spi.SchemaManagementToolCoordinator.process(SchemaManagementToolCoordinator.java:100)
	at org.hibernate.boot.internal.SessionFactoryObserverForSchemaExport.sessionFactoryCreated(SessionFactoryObserverForSchemaExport.java:35)
	at org.hibernate.internal.SessionFactoryObserverChain.sessionFactoryCreated(SessionFactoryObserverChain.java:33)
	at org.hibernate.internal.SessionFactoryImpl.<init>(SessionFactoryImpl.java:323)
	at org.hibernate.internal.SessionFactoryRegistry.instantiateSessionFactory(SessionFactoryRegistry.java:64)
	at org.hibernate.boot.internal.SessionFactoryBuilderImpl.build(SessionFactoryBuilderImpl.java:437)
	at org.hibernate.jpa.boot.internal.EntityManagerFactoryBuilderImpl.build(EntityManagerFactoryBuilderImpl.java:1456)
	at org.springframework.orm.jpa.vendor.SpringHibernateJpaPersistenceProvider.createContainerEntityManagerFactory(SpringHibernateJpaPersistenceProvider.java:93)
	at org.springframework.orm.jpa.LocalContainerEntityManagerFactoryBean.createNativeEntityManagerFactory(LocalContainerEntityManagerFactoryBean.java:443)
	at org.springframework.orm.jpa.AbstractEntityManagerFactoryBean.buildNativeEntityManagerFactory(AbstractEntityManagerFactoryBean.java:436)
	at org.springframework.orm.jpa.AbstractEntityManagerFactoryBean.afterPropertiesSet(AbstractEntityManagerFactoryBean.java:411)
	at org.springframework.orm.jpa.LocalContainerEntityManagerFactoryBean.afterPropertiesSet(LocalContainerEntityManagerFactoryBean.java:419)
	at org.springframework.beans.factory.support.AbstractAutowireCapableBeanFactory.invokeInitMethods(AbstractAutowireCapableBeanFactory.java:1864)
	at org.springframework.beans.factory.support.AbstractAutowireCapableBeanFactory.initializeBean(AbstractAutowireCapableBeanFactory.java:1813)
	at org.springframework.beans.factory.support.AbstractAutowireCapableBeanFactory.doCreateBean(AbstractAutowireCapableBeanFactory.java:603)
	at org.springframework.beans.factory.support.AbstractAutowireCapableBeanFactory.createBean(AbstractAutowireCapableBeanFactory.java:525)
	at org.springframework.beans.factory.support.AbstractBeanFactory.lambda$doGetBean$0(AbstractBeanFactory.java:333)
	at org.springframework.beans.factory.support.DefaultSingletonBeanRegistry.getSingleton(DefaultSingletonBeanRegistry.java:371)
	at org.springframework.beans.factory.support.AbstractBeanFactory.doGetBean(AbstractBeanFactory.java:331)
	at org.springframework.beans.factory.support.AbstractBeanFactory.getBean(AbstractBeanFactory.java:201)
	at org.springframework.context.support.AbstractApplicationContext.finishBeanFactoryInitialization(AbstractApplicationContext.java:977)
	at org.springframework.context.support.AbstractApplicationContext.refresh(AbstractApplicationContext.java:621)
	at org.springframework.boot.web.server.servlet.context.ServletWebServerApplicationContext.refresh(ServletWebServerApplicationContext.java:143)
	at org.springframework.boot.SpringApplication.refresh(SpringApplication.java:756)
	at org.springframework.boot.SpringApplication.refreshContext(SpringApplication.java:445)
	at org.springframework.boot.SpringApplication.run(SpringApplication.java:321)
	at org.springframework.boot.SpringApplication.run(SpringApplication.java:1365)
	at org.springframework.boot.SpringApplication.run(SpringApplication.java:1354)
	at com.example.attendance.AttendanceSystemApplication.main(AttendanceSystemApplication.java:12)
Caused by: com.microsoft.sqlserver.jdbc.SQLServerException: 关键字 'default' 附近有语法错误。
	at com.microsoft.sqlserver.jdbc.SQLServerException.makeFromDatabaseError(SQLServerException.java:278)
	at com.microsoft.sqlserver.jdbc.SQLServerStatement.getNextResult(SQLServerStatement.java:1788)
	at com.microsoft.sqlserver.jdbc.SQLServerStatement.doExecuteStatement(SQLServerStatement.java:975)
	at com.microsoft.sqlserver.jdbc.SQLServerStatement$StmtExecCmd.doExecute(SQLServerStatement.java:869)
	at com.microsoft.sqlserver.jdbc.TDSCommand.execute(IOBuffer.java:7825)
	at com.microsoft.sqlserver.jdbc.SQLServerConnection.executeCommand(SQLServerConnection.java:4828)
	at com.microsoft.sqlserver.jdbc.SQLServerStatement.executeCommand(SQLServerStatement.java:321)
	at com.microsoft.sqlserver.jdbc.SQLServerStatement.executeStatement(SQLServerStatement.java:253)
	at com.microsoft.sqlserver.jdbc.SQLServerStatement.execute(SQLServerStatement.java:842)
	at com.zaxxer.hikari.pool.ProxyStatement.execute(ProxyStatement.java:95)
	at com.zaxxer.hikari.pool.HikariProxyStatement.execute(HikariProxyStatement.java)
	at org.hibernate.tool.schema.internal.exec.GenerationTargetToDatabase.accept(GenerationTargetToDatabase.java:76)
	... 38 common frames omitted
2026-06-02 09:43:44.984 [main] INFO  o.s.o.j.LocalContainerEntityManagerFactoryBean - Initialized JPA EntityManagerFactory for persistence unit 'default'
2026-06-02 09:43:45.032 [main] INFO  o.s.d.j.r.q.QueryEnhancerFactories - Hibernate is in classpath; If applicable, HQL parser will be used.
2026-06-02 09:43:45.882 [main] WARN  o.s.b.j.a.JpaBaseConfiguration$JpaWebConfiguration - spring.jpa.open-in-view is enabled by default. Therefore, database queries may be performed during view rendering. Explicitly configure spring.jpa.open-in-view to disable this warning
2026-06-02 09:43:45.918 [main] INFO  o.s.s.c.a.a.c.InitializeUserDetailsBeanManagerConfigurer$InitializeUserDetailsManagerConfigurer - Global AuthenticationManager configured with UserDetailsService bean with name myUserDetailsServiceImpl
2026-06-02 09:43:46.016 [main] INFO  o.s.b.w.a.WelcomePageHandlerMapping - Adding welcome page template: index
2026-06-02 09:43:46.240 [main] INFO  o.a.coyote.http11.Http11NioProtocol - Starting ProtocolHandler ["http-nio-8080"]
2026-06-02 09:43:46.253 [main] INFO  o.s.boot.tomcat.TomcatWebServer - Tomcat started on port 8080 (http) with context path '/'
2026-06-02 09:43:46.265 [main] INFO  c.e.a.AttendanceSystemApplication - Started AttendanceSystemApplication in 4.959 seconds (process running for 5.523)
2026-06-02 09:43:54.909 [http-nio-8080-exec-1] INFO  o.a.c.c.C.[Tomcat].[localhost].[/] - Initializing Spring DispatcherServlet 'dispatcherServlet'
2026-06-02 09:43:54.909 [http-nio-8080-exec-1] INFO  o.s.web.servlet.DispatcherServlet - Initializing Servlet 'dispatcherServlet'
2026-06-02 09:43:54.913 [http-nio-8080-exec-1] INFO  o.s.web.servlet.DispatcherServlet - Completed initialization in 2 ms
2026-06-02 09:44:02.322 [http-nio-8080-exec-2] DEBUG org.hibernate.SQL - 
    select
        u1_0.id,
        u1_0.class_name,
        u1_0.create_time,
        u1_0.gender,
        u1_0.real_name,
        u1_0.username,
        u1_0.userpassword,
        u1_0.userrole 
    from
        my_user u1_0 
    where
        u1_0.username=?
2026-06-02 09:44:04.282 [http-nio-8080-exec-10] DEBUG org.hibernate.SQL - 
    select
        u1_0.id,
        u1_0.class_name,
        u1_0.create_time,
        u1_0.gender,
        u1_0.real_name,
        u1_0.username,
        u1_0.userpassword,
        u1_0.userrole 
    from
        my_user u1_0 
    where
        u1_0.username=?
2026-06-02 09:44:04.335 [http-nio-8080-exec-10] DEBUG org.hibernate.SQL - 
    select
        c1_0.id,
        c1_0.class_name,
        c1_0.course_id,
        c1_0.course_name,
        c1_0.create_time,
        c1_0.location,
        c1_0.teacher_id,
        c1_0.teacher_name,
        c1_0.time_slot,
        c1_0.week_day 
    from
        course c1_0
2026-06-02 09:44:04.362 [http-nio-8080-exec-10] DEBUG org.hibernate.SQL - 
    select
        count_big(*) 
    from
        student s1_0
2026-06-02 09:44:04.399 [http-nio-8080-exec-10] DEBUG org.hibernate.SQL - 
    select
        count_big(u1_0.id) 
    from
        my_user u1_0 
    where
        upper(u1_0.userrole)=upper(?)
2026-06-02 09:44:04.409 [http-nio-8080-exec-10] DEBUG org.hibernate.SQL - 
    select
        count_big(*) 
    from
        course c1_0
2026-06-02 09:44:04.418 [http-nio-8080-exec-10] DEBUG org.hibernate.SQL - 
    select
        a1_0.id,
        a1_0.check_in_time,
        a1_0.course_id,
        a1_0.create_time,
        a1_0.ip_address,
        a1_0.reason,
        a1_0.sign_in_id,
        a1_0.student_id,
        a1_0.student_name,
        a1_0.student_status,
        a1_0.update_time 
    from
        attendance a1_0 
    where
        a1_0.course_id=?
2026-06-02 09:44:04.433 [http-nio-8080-exec-10] DEBUG org.hibernate.SQL - 
    select
        a1_0.id,
        a1_0.check_in_time,
        a1_0.course_id,
        a1_0.create_time,
        a1_0.ip_address,
        a1_0.reason,
        a1_0.sign_in_id,
        a1_0.student_id,
        a1_0.student_name,
        a1_0.student_status,
        a1_0.update_time 
    from
        attendance a1_0 
    where
        a1_0.course_id=?
2026-06-02 09:44:04.443 [http-nio-8080-exec-10] DEBUG org.hibernate.SQL - 
    select
        a1_0.id,
        a1_0.check_in_time,
        a1_0.course_id,
        a1_0.create_time,
        a1_0.ip_address,
        a1_0.reason,
        a1_0.sign_in_id,
        a1_0.student_id,
        a1_0.student_name,
        a1_0.student_status,
        a1_0.update_time 
    from
        attendance a1_0 
    where
        a1_0.course_id=?
2026-06-02 09:45:34.385 [http-nio-8080-exec-8] DEBUG org.hibernate.SQL - 
    select
        c1_0.id,
        c1_0.class_name,
        c1_0.course_id,
        c1_0.course_name,
        c1_0.create_time,
        c1_0.location,
        c1_0.teacher_id,
        c1_0.teacher_name,
        c1_0.time_slot,
        c1_0.week_day 
    from
        course c1_0
2026-06-02 09:45:34.404 [http-nio-8080-exec-9] DEBUG org.hibernate.SQL - 
    select
        distinct s1_0.class_name 
    from
        student s1_0 
    where
        s1_0.class_name is not null 
    order by
        s1_0.class_name
2026-06-02 09:45:34.417 [http-nio-8080-exec-4] DEBUG org.hibernate.SQL - 
    select
        u1_0.id,
        u1_0.class_name,
        u1_0.create_time,
        u1_0.gender,
        u1_0.real_name,
        u1_0.username,
        u1_0.userpassword,
        u1_0.userrole 
    from
        my_user u1_0 
    where
        u1_0.username=?
2026-06-02 09:45:34.426 [http-nio-8080-exec-4] DEBUG org.hibernate.SQL - 
    select
        count_big(*) 
    from
        student s1_0
2026-06-02 09:45:34.434 [http-nio-8080-exec-4] DEBUG org.hibernate.SQL - 
    select
        count_big(a1_0.id) 
    from
        attendance a1_0 
    where
        a1_0.check_in_time between ? and ? 
        and (
            ? is null 
            or a1_0.course_id=?
        ) 
        and (
            ? is null 
            or ?='' 
            or exists(select
                s1_0.student_id from student s1_0 
            where
                s1_0.student_id=a1_0.student_id 
                and s1_0.class_name=?)
        )
2026-06-02 09:45:34.459 [http-nio-8080-exec-4] DEBUG org.hibernate.SQL - 
    select
        count_big(a1_0.id) 
    from
        attendance a1_0 
    where
        a1_0.student_status=? 
        and a1_0.check_in_time between ? and ? 
        and (
            ? is null 
            or a1_0.course_id=?
        ) 
        and (
            ? is null 
            or ?='' 
            or exists(select
                s1_0.student_id from student s1_0 
            where
                s1_0.student_id=a1_0.student_id 
                and s1_0.class_name=?)
        )
2026-06-02 09:45:34.476 [http-nio-8080-exec-4] DEBUG org.hibernate.SQL - 
    select
        count_big(a1_0.id) 
    from
        attendance a1_0 
    where
        a1_0.student_status=? 
        and a1_0.check_in_time between ? and ? 
        and (
            ? is null 
            or a1_0.course_id=?
        ) 
        and (
            ? is null 
            or ?='' 
            or exists(select
                s1_0.student_id from student s1_0 
            where
                s1_0.student_id=a1_0.student_id 
                and s1_0.class_name=?)
        )
2026-06-02 09:45:34.477 [http-nio-8080-exec-4] DEBUG org.hibernate.SQL - 
    select
        count_big(a1_0.id) 
    from
        attendance a1_0 
    where
        a1_0.student_status=? 
        and a1_0.check_in_time between ? and ? 
        and (
            ? is null 
            or a1_0.course_id=?
        ) 
        and (
            ? is null 
            or ?='' 
            or exists(select
                s1_0.student_id from student s1_0 
            where
                s1_0.student_id=a1_0.student_id 
                and s1_0.class_name=?)
        )
2026-06-02 09:45:34.478 [http-nio-8080-exec-4] DEBUG org.hibernate.SQL - 
    select
        count_big(a1_0.id) 
    from
        attendance a1_0 
    where
        a1_0.student_status=? 
        and a1_0.check_in_time between ? and ? 
        and (
            ? is null 
            or a1_0.course_id=?
        ) 
        and (
            ? is null 
            or ?='' 
            or exists(select
                s1_0.student_id from student s1_0 
            where
                s1_0.student_id=a1_0.student_id 
                and s1_0.class_name=?)
        )
2026-06-02 09:45:34.479 [http-nio-8080-exec-4] DEBUG org.hibernate.SQL - 
    select
        count_big(a1_0.id) 
    from
        attendance a1_0 
    where
        a1_0.student_status=? 
        and a1_0.check_in_time between ? and ? 
        and (
            ? is null 
            or a1_0.course_id=?
        ) 
        and (
            ? is null 
            or ?='' 
            or exists(select
                s1_0.student_id from student s1_0 
            where
                s1_0.student_id=a1_0.student_id 
                and s1_0.class_name=?)
        )
2026-06-02 09:45:34.481 [http-nio-8080-exec-4] DEBUG org.hibernate.SQL - 
    select
        count_big(a1_0.id) 
    from
        attendance a1_0 
    where
        a1_0.student_status=? 
        and a1_0.check_in_time between ? and ? 
        and (
            ? is null 
            or a1_0.course_id=?
        ) 
        and (
            ? is null 
            or ?='' 
            or exists(select
                s1_0.student_id from student s1_0 
            where
                s1_0.student_id=a1_0.student_id 
                and s1_0.class_name=?)
        )
2026-06-02 09:45:34.482 [http-nio-8080-exec-4] DEBUG org.hibernate.SQL - 
    select
        count_big(a1_0.id) 
    from
        attendance a1_0 
    where
        a1_0.student_status=? 
        and a1_0.check_in_time between ? and ? 
        and (
            ? is null 
            or a1_0.course_id=?
        ) 
        and (
            ? is null 
            or ?='' 
            or exists(select
                s1_0.student_id from student s1_0 
            where
                s1_0.student_id=a1_0.student_id 
                and s1_0.class_name=?)
        )
2026-06-02 09:45:34.483 [http-nio-8080-exec-4] DEBUG org.hibernate.SQL - 
    select
        count_big(a1_0.id) 
    from
        attendance a1_0 
    where
        a1_0.student_status=? 
        and a1_0.check_in_time between ? and ? 
        and (
            ? is null 
            or a1_0.course_id=?
        ) 
        and (
            ? is null 
            or ?='' 
            or exists(select
                s1_0.student_id from student s1_0 
            where
                s1_0.student_id=a1_0.student_id 
                and s1_0.class_name=?)
        )
2026-06-02 09:45:34.485 [http-nio-8080-exec-4] DEBUG org.hibernate.SQL - 
    select
        count_big(a1_0.id) 
    from
        attendance a1_0 
    where
        a1_0.student_status=? 
        and a1_0.check_in_time between ? and ? 
        and (
            ? is null 
            or a1_0.course_id=?
        ) 
        and (
            ? is null 
            or ?='' 
            or exists(select
                s1_0.student_id from student s1_0 
            where
                s1_0.student_id=a1_0.student_id 
                and s1_0.class_name=?)
        )
2026-06-02 09:45:34.486 [http-nio-8080-exec-4] DEBUG org.hibernate.SQL - 
    select
        count_big(a1_0.id) 
    from
        attendance a1_0 
    where
        a1_0.student_status=? 
        and a1_0.check_in_time between ? and ? 
        and (
            ? is null 
            or a1_0.course_id=?
        ) 
        and (
            ? is null 
            or ?='' 
            or exists(select
                s1_0.student_id from student s1_0 
            where
                s1_0.student_id=a1_0.student_id 
                and s1_0.class_name=?)
        )
2026-06-02 09:45:34.487 [http-nio-8080-exec-4] DEBUG org.hibernate.SQL - 
    select
        count_big(a1_0.id) 
    from
        attendance a1_0 
    where
        a1_0.student_status=? 
        and a1_0.check_in_time between ? and ? 
        and (
            ? is null 
            or a1_0.course_id=?
        ) 
        and (
            ? is null 
            or ?='' 
            or exists(select
                s1_0.student_id from student s1_0 
            where
                s1_0.student_id=a1_0.student_id 
                and s1_0.class_name=?)
        )
2026-06-02 09:45:34.488 [http-nio-8080-exec-4] DEBUG org.hibernate.SQL - 
    select
        count_big(a1_0.id) 
    from
        attendance a1_0 
    where
        a1_0.student_status=? 
        and a1_0.check_in_time between ? and ? 
        and (
            ? is null 
            or a1_0.course_id=?
        ) 
        and (
            ? is null 
            or ?='' 
            or exists(select
                s1_0.student_id from student s1_0 
            where
                s1_0.student_id=a1_0.student_id 
                and s1_0.class_name=?)
        )
2026-06-02 09:45:34.490 [http-nio-8080-exec-4] DEBUG org.hibernate.SQL - 
    select
        count_big(a1_0.id) 
    from
        attendance a1_0 
    where
        a1_0.student_status=? 
        and a1_0.check_in_time between ? and ? 
        and (
            ? is null 
            or a1_0.course_id=?
        ) 
        and (
            ? is null 
            or ?='' 
            or exists(select
                s1_0.student_id from student s1_0 
            where
                s1_0.student_id=a1_0.student_id 
                and s1_0.class_name=?)
        )
2026-06-02 09:45:34.492 [http-nio-8080-exec-4] DEBUG org.hibernate.SQL - 
    select
        count_big(a1_0.id) 
    from
        attendance a1_0 
    where
        a1_0.student_status=? 
        and a1_0.check_in_time between ? and ? 
        and (
            ? is null 
            or a1_0.course_id=?
        ) 
        and (
            ? is null 
            or ?='' 
            or exists(select
                s1_0.student_id from student s1_0 
            where
                s1_0.student_id=a1_0.student_id 
                and s1_0.class_name=?)
        )
2026-06-02 09:45:34.492 [http-nio-8080-exec-4] DEBUG org.hibernate.SQL - 
    select
        count_big(a1_0.id) 
    from
        attendance a1_0 
    where
        a1_0.student_status=? 
        and a1_0.check_in_time between ? and ? 
        and (
            ? is null 
            or a1_0.course_id=?
        ) 
        and (
            ? is null 
            or ?='' 
            or exists(select
                s1_0.student_id from student s1_0 
            where
                s1_0.student_id=a1_0.student_id 
                and s1_0.class_name=?)
        )
2026-06-02 09:45:34.493 [http-nio-8080-exec-4] DEBUG org.hibernate.SQL - 
    select
        count_big(a1_0.id) 
    from
        attendance a1_0 
    where
        a1_0.student_status=? 
        and a1_0.check_in_time between ? and ? 
        and (
            ? is null 
            or a1_0.course_id=?
        ) 
        and (
            ? is null 
            or ?='' 
            or exists(select
                s1_0.student_id from student s1_0 
            where
                s1_0.student_id=a1_0.student_id 
                and s1_0.class_name=?)
        )
2026-06-02 09:45:34.495 [http-nio-8080-exec-4] DEBUG org.hibernate.SQL - 
    select
        count_big(a1_0.id) 
    from
        attendance a1_0 
    where
        a1_0.student_status=? 
        and a1_0.check_in_time between ? and ? 
        and (
            ? is null 
            or a1_0.course_id=?
        ) 
        and (
            ? is null 
            or ?='' 
            or exists(select
                s1_0.student_id from student s1_0 
            where
                s1_0.student_id=a1_0.student_id 
                and s1_0.class_name=?)
        )
2026-06-02 09:45:34.495 [http-nio-8080-exec-4] DEBUG org.hibernate.SQL - 
    select
        count_big(a1_0.id) 
    from
        attendance a1_0 
    where
        a1_0.student_status=? 
        and a1_0.check_in_time between ? and ? 
        and (
            ? is null 
            or a1_0.course_id=?
        ) 
        and (
            ? is null 
            or ?='' 
            or exists(select
                s1_0.student_id from student s1_0 
            where
                s1_0.student_id=a1_0.student_id 
                and s1_0.class_name=?)
        )
2026-06-02 09:45:34.497 [http-nio-8080-exec-4] DEBUG org.hibernate.SQL - 
    select
        count_big(a1_0.id) 
    from
        attendance a1_0 
    where
        a1_0.student_status=? 
        and a1_0.check_in_time between ? and ? 
        and (
            ? is null 
            or a1_0.course_id=?
        ) 
        and (
            ? is null 
            or ?='' 
            or exists(select
                s1_0.student_id from student s1_0 
            where
                s1_0.student_id=a1_0.student_id 
                and s1_0.class_name=?)
        )
2026-06-02 09:45:34.498 [http-nio-8080-exec-4] DEBUG org.hibernate.SQL - 
    select
        count_big(a1_0.id) 
    from
        attendance a1_0 
    where
        a1_0.student_status=? 
        and a1_0.check_in_time between ? and ? 
        and (
            ? is null 
            or a1_0.course_id=?
        ) 
        and (
            ? is null 
            or ?='' 
            or exists(select
                s1_0.student_id from student s1_0 
            where
                s1_0.student_id=a1_0.student_id 
                and s1_0.class_name=?)
        )
2026-06-02 09:45:34.499 [http-nio-8080-exec-4] DEBUG org.hibernate.SQL - 
    select
        count_big(a1_0.id) 
    from
        attendance a1_0 
    where
        a1_0.student_status=? 
        and a1_0.check_in_time between ? and ? 
        and (
            ? is null 
            or a1_0.course_id=?
        ) 
        and (
            ? is null 
            or ?='' 
            or exists(select
                s1_0.student_id from student s1_0 
            where
                s1_0.student_id=a1_0.student_id 
                and s1_0.class_name=?)
        )
2026-06-02 09:45:34.499 [http-nio-8080-exec-4] DEBUG org.hibernate.SQL - 
    select
        count_big(a1_0.id) 
    from
        attendance a1_0 
    where
        a1_0.student_status=? 
        and a1_0.check_in_time between ? and ? 
        and (
            ? is null 
            or a1_0.course_id=?
        ) 
        and (
            ? is null 
            or ?='' 
            or exists(select
                s1_0.student_id from student s1_0 
            where
                s1_0.student_id=a1_0.student_id 
                and s1_0.class_name=?)
        )
2026-06-02 09:45:34.500 [http-nio-8080-exec-4] DEBUG org.hibernate.SQL - 
    select
        count_big(a1_0.id) 
    from
        attendance a1_0 
    where
        a1_0.student_status=? 
        and a1_0.check_in_time between ? and ? 
        and (
            ? is null 
            or a1_0.course_id=?
        ) 
        and (
            ? is null 
            or ?='' 
            or exists(select
                s1_0.student_id from student s1_0 
            where
                s1_0.student_id=a1_0.student_id 
                and s1_0.class_name=?)
        )
2026-06-02 09:45:34.500 [http-nio-8080-exec-4] DEBUG org.hibernate.SQL - 
    select
        count_big(a1_0.id) 
    from
        attendance a1_0 
    where
        a1_0.student_status=? 
        and a1_0.check_in_time between ? and ? 
        and (
            ? is null 
            or a1_0.course_id=?
        ) 
        and (
            ? is null 
            or ?='' 
            or exists(select
                s1_0.student_id from student s1_0 
            where
                s1_0.student_id=a1_0.student_id 
                and s1_0.class_name=?)
        )
2026-06-02 09:45:34.502 [http-nio-8080-exec-4] DEBUG org.hibernate.SQL - 
    select
        count_big(a1_0.id) 
    from
        attendance a1_0 
    where
        a1_0.student_status=? 
        and a1_0.check_in_time between ? and ? 
        and (
            ? is null 
            or a1_0.course_id=?
        ) 
        and (
            ? is null 
            or ?='' 
            or exists(select
                s1_0.student_id from student s1_0 
            where
                s1_0.student_id=a1_0.student_id 
                and s1_0.class_name=?)
        )
2026-06-02 09:45:34.503 [http-nio-8080-exec-4] DEBUG org.hibernate.SQL - 
    select
        count_big(a1_0.id) 
    from
        attendance a1_0 
    where
        a1_0.student_status=? 
        and a1_0.check_in_time between ? and ? 
        and (
            ? is null 
            or a1_0.course_id=?
        ) 
        and (
            ? is null 
            or ?='' 
            or exists(select
                s1_0.student_id from student s1_0 
            where
                s1_0.student_id=a1_0.student_id 
                and s1_0.class_name=?)
        )
2026-06-02 09:45:34.504 [http-nio-8080-exec-4] DEBUG org.hibernate.SQL - 
    select
        count_big(a1_0.id) 
    from
        attendance a1_0 
    where
        a1_0.student_status=? 
        and a1_0.check_in_time between ? and ? 
        and (
            ? is null 
            or a1_0.course_id=?
        ) 
        and (
            ? is null 
            or ?='' 
            or exists(select
                s1_0.student_id from student s1_0 
            where
                s1_0.student_id=a1_0.student_id 
                and s1_0.class_name=?)
        )
2026-06-02 09:45:34.504 [http-nio-8080-exec-4] DEBUG org.hibernate.SQL - 
    select
        count_big(a1_0.id) 
    from
        attendance a1_0 
    where
        a1_0.student_status=? 
        and a1_0.check_in_time between ? and ? 
        and (
            ? is null 
            or a1_0.course_id=?
        ) 
        and (
            ? is null 
            or ?='' 
            or exists(select
                s1_0.student_id from student s1_0 
            where
                s1_0.student_id=a1_0.student_id 
                and s1_0.class_name=?)
        )
2026-06-02 09:45:34.505 [http-nio-8080-exec-4] DEBUG org.hibernate.SQL - 
    select
        count_big(a1_0.id) 
    from
        attendance a1_0 
    where
        a1_0.student_status=? 
        and a1_0.check_in_time between ? and ? 
        and (
            ? is null 
            or a1_0.course_id=?
        ) 
        and (
            ? is null 
            or ?='' 
            or exists(select
                s1_0.student_id from student s1_0 
            where
                s1_0.student_id=a1_0.student_id 
                and s1_0.class_name=?)
        )
2026-06-02 09:45:34.507 [http-nio-8080-exec-4] DEBUG org.hibernate.SQL - 
    select
        count_big(a1_0.id) 
    from
        attendance a1_0 
    where
        a1_0.student_status=? 
        and a1_0.check_in_time between ? and ? 
        and (
            ? is null 
            or a1_0.course_id=?
        ) 
        and (
            ? is null 
            or ?='' 
            or exists(select
                s1_0.student_id from student s1_0 
            where
                s1_0.student_id=a1_0.student_id 
                and s1_0.class_name=?)
        )
2026-06-02 09:45:34.508 [http-nio-8080-exec-4] DEBUG org.hibernate.SQL - 
    select
        count_big(a1_0.id) 
    from
        attendance a1_0 
    where
        a1_0.student_status=? 
        and a1_0.check_in_time between ? and ? 
        and (
            ? is null 
            or a1_0.course_id=?
        ) 
        and (
            ? is null 
            or ?='' 
            or exists(select
                s1_0.student_id from student s1_0 
            where
                s1_0.student_id=a1_0.student_id 
                and s1_0.class_name=?)
        )
2026-06-02 09:45:34.508 [http-nio-8080-exec-4] DEBUG org.hibernate.SQL - 
    select
        count_big(a1_0.id) 
    from
        attendance a1_0 
    where
        a1_0.student_status=? 
        and a1_0.check_in_time between ? and ? 
        and (
            ? is null 
            or a1_0.course_id=?
        ) 
        and (
            ? is null 
            or ?='' 
            or exists(select
                s1_0.student_id from student s1_0 
            where
                s1_0.student_id=a1_0.student_id 
                and s1_0.class_name=?)
        )
2026-06-02 09:45:34.509 [http-nio-8080-exec-4] DEBUG org.hibernate.SQL - 
    select
        count_big(a1_0.id) 
    from
        attendance a1_0 
    where
        a1_0.student_status=? 
        and a1_0.check_in_time between ? and ? 
        and (
            ? is null 
            or a1_0.course_id=?
        ) 
        and (
            ? is null 
            or ?='' 
            or exists(select
                s1_0.student_id from student s1_0 
            where
                s1_0.student_id=a1_0.student_id 
                and s1_0.class_name=?)
        )
2026-06-02 09:45:34.510 [http-nio-8080-exec-4] DEBUG org.hibernate.SQL - 
    select
        count_big(a1_0.id) 
    from
        attendance a1_0 
    where
        a1_0.student_status=? 
        and a1_0.check_in_time between ? and ? 
        and (
            ? is null 
            or a1_0.course_id=?
        ) 
        and (
            ? is null 
            or ?='' 
            or exists(select
                s1_0.student_id from student s1_0 
            where
                s1_0.student_id=a1_0.student_id 
                and s1_0.class_name=?)
        )
2026-06-02 09:45:34.511 [http-nio-8080-exec-4] DEBUG org.hibernate.SQL - 
    select
        count_big(a1_0.id) 
    from
        attendance a1_0 
    where
        a1_0.student_status=? 
        and a1_0.check_in_time between ? and ? 
        and (
            ? is null 
            or a1_0.course_id=?
        ) 
        and (
            ? is null 
            or ?='' 
            or exists(select
                s1_0.student_id from student s1_0 
            where
                s1_0.student_id=a1_0.student_id 
                and s1_0.class_name=?)
        )
2026-06-02 09:45:34.512 [http-nio-8080-exec-4] DEBUG org.hibernate.SQL - 
    select
        count_big(a1_0.id) 
    from
        attendance a1_0 
    where
        a1_0.student_status=? 
        and a1_0.check_in_time between ? and ? 
        and (
            ? is null 
            or a1_0.course_id=?
        ) 
        and (
            ? is null 
            or ?='' 
            or exists(select
                s1_0.student_id from student s1_0 
            where
                s1_0.student_id=a1_0.student_id 
                and s1_0.class_name=?)
        )
2026-06-02 09:45:34.512 [http-nio-8080-exec-4] DEBUG org.hibernate.SQL - 
    select
        distinct s1_0.class_name 
    from
        student s1_0 
    where
        s1_0.class_name is not null 
    order by
        s1_0.class_name
2026-06-02 09:45:34.513 [http-nio-8080-exec-4] DEBUG org.hibernate.SQL - 
    select
        count_big(a1_0.id) 
    from
        attendance a1_0 
    where
        a1_0.check_in_time between ? and ? 
        and (
            ? is null 
            or a1_0.course_id=?
        ) 
        and (
            ? is null 
            or ?='' 
            or exists(select
                s1_0.student_id from student s1_0 
            where
                s1_0.student_id=a1_0.student_id 
                and s1_0.class_name=?)
        )
2026-06-02 09:45:34.514 [http-nio-8080-exec-4] DEBUG org.hibernate.SQL - 
    select
        count_big(a1_0.id) 
    from
        attendance a1_0 
    where
        a1_0.student_status=? 
        and a1_0.check_in_time between ? and ? 
        and (
            ? is null 
            or a1_0.course_id=?
        ) 
        and (
            ? is null 
            or ?='' 
            or exists(select
                s1_0.student_id from student s1_0 
            where
                s1_0.student_id=a1_0.student_id 
                and s1_0.class_name=?)
        )
2026-06-02 09:45:34.515 [http-nio-8080-exec-4] DEBUG org.hibernate.SQL - 
    select
        count_big(a1_0.id) 
    from
        attendance a1_0 
    where
        a1_0.check_in_time between ? and ? 
        and (
            ? is null 
            or a1_0.course_id=?
        ) 
        and (
            ? is null 
            or ?='' 
            or exists(select
                s1_0.student_id from student s1_0 
            where
                s1_0.student_id=a1_0.student_id 
                and s1_0.class_name=?)
        )
2026-06-02 09:45:34.517 [http-nio-8080-exec-4] DEBUG org.hibernate.SQL - 
    select
        count_big(a1_0.id) 
    from
        attendance a1_0 
    where
        a1_0.student_status=? 
        and a1_0.check_in_time between ? and ? 
        and (
            ? is null 
            or a1_0.course_id=?
        ) 
        and (
            ? is null 
            or ?='' 
            or exists(select
                s1_0.student_id from student s1_0 
            where
                s1_0.student_id=a1_0.student_id 
                and s1_0.class_name=?)
        )
2026-06-02 09:45:34.518 [http-nio-8080-exec-4] DEBUG org.hibernate.SQL - 
    select
        count_big(a1_0.id) 
    from
        attendance a1_0 
    where
        a1_0.check_in_time between ? and ? 
        and (
            ? is null 
            or a1_0.course_id=?
        ) 
        and (
            ? is null 
            or ?='' 
            or exists(select
                s1_0.student_id from student s1_0 
            where
                s1_0.student_id=a1_0.student_id 
                and s1_0.class_name=?)
        )
2026-06-02 09:45:34.519 [http-nio-8080-exec-4] DEBUG org.hibernate.SQL - 
    select
        count_big(a1_0.id) 
    from
        attendance a1_0 
    where
        a1_0.student_status=? 
        and a1_0.check_in_time between ? and ? 
        and (
            ? is null 
            or a1_0.course_id=?
        ) 
        and (
            ? is null 
            or ?='' 
            or exists(select
                s1_0.student_id from student s1_0 
            where
                s1_0.student_id=a1_0.student_id 
                and s1_0.class_name=?)
        )
2026-06-02 09:45:34.520 [http-nio-8080-exec-4] DEBUG org.hibernate.SQL - 
    select
        count_big(a1_0.id) 
    from
        attendance a1_0 
    where
        a1_0.check_in_time between ? and ? 
        and (
            ? is null 
            or a1_0.course_id=?
        ) 
        and (
            ? is null 
            or ?='' 
            or exists(select
                s1_0.student_id from student s1_0 
            where
                s1_0.student_id=a1_0.student_id 
                and s1_0.class_name=?)
        )
2026-06-02 09:45:34.521 [http-nio-8080-exec-4] DEBUG org.hibernate.SQL - 
    select
        count_big(a1_0.id) 
    from
        attendance a1_0 
    where
        a1_0.student_status=? 
        and a1_0.check_in_time between ? and ? 
        and (
            ? is null 
            or a1_0.course_id=?
        ) 
        and (
            ? is null 
            or ?='' 
            or exists(select
                s1_0.student_id from student s1_0 
            where
                s1_0.student_id=a1_0.student_id 
                and s1_0.class_name=?)
        )
2026-06-02 09:45:34.522 [http-nio-8080-exec-4] DEBUG org.hibernate.SQL - 
    select
        count_big(a1_0.id) 
    from
        attendance a1_0 
    where
        a1_0.check_in_time between ? and ? 
        and (
            ? is null 
            or a1_0.course_id=?
        ) 
        and (
            ? is null 
            or ?='' 
            or exists(select
                s1_0.student_id from student s1_0 
            where
                s1_0.student_id=a1_0.student_id 
                and s1_0.class_name=?)
        )
2026-06-02 09:45:34.522 [http-nio-8080-exec-4] DEBUG org.hibernate.SQL - 
    select
        count_big(a1_0.id) 
    from
        attendance a1_0 
    where
        a1_0.student_status=? 
        and a1_0.check_in_time between ? and ? 
        and (
            ? is null 
            or a1_0.course_id=?
        ) 
        and (
            ? is null 
            or ?='' 
            or exists(select
                s1_0.student_id from student s1_0 
            where
                s1_0.student_id=a1_0.student_id 
                and s1_0.class_name=?)
        )
2026-06-02 09:45:34.531 [http-nio-8080-exec-4] DEBUG org.hibernate.SQL - 
    select
        a1_0.course_id,
        c1_0.course_name,
        count_big(a1_0.id) 
    from
        attendance a1_0 
    left join
        course c1_0 
            on a1_0.course_id=c1_0.course_id 
    where
        a1_0.check_in_time between ? and ? 
        and (
            ? is null 
            or ?='' 
            or exists(select
                s1_0.student_id from student s1_0 
            where
                s1_0.student_id=a1_0.student_id 
                and s1_0.class_name=?)
        ) 
    group by
        a1_0.course_id,
        c1_0.course_name 
    order by
        count_big(a1_0.id) desc
2026-06-02 09:57:43.039 [http-nio-8080-exec-10] DEBUG org.hibernate.SQL - 
    select
        u1_0.id,
        u1_0.class_name,
        u1_0.create_time,
        u1_0.gender,
        u1_0.real_name,
        u1_0.username,
        u1_0.userpassword,
        u1_0.userrole 
    from
        my_user u1_0 
    where
        u1_0.username=?
2026-06-02 09:57:43.101 [http-nio-8080-exec-10] DEBUG org.hibernate.SQL - 
    select
        c1_0.id,
        c1_0.class_name,
        c1_0.course_id,
        c1_0.course_name,
        c1_0.create_time,
        c1_0.location,
        c1_0.teacher_id,
        c1_0.teacher_name,
        c1_0.time_slot,
        c1_0.week_day 
    from
        course c1_0
2026-06-02 09:57:43.112 [http-nio-8080-exec-10] DEBUG org.hibernate.SQL - 
    select
        count_big(*) 
    from
        student s1_0
2026-06-02 09:57:43.119 [http-nio-8080-exec-10] DEBUG org.hibernate.SQL - 
    select
        count_big(u1_0.id) 
    from
        my_user u1_0 
    where
        upper(u1_0.userrole)=upper(?)
2026-06-02 09:57:43.125 [http-nio-8080-exec-10] DEBUG org.hibernate.SQL - 
    select
        count_big(*) 
    from
        course c1_0
2026-06-02 09:57:43.130 [http-nio-8080-exec-10] DEBUG org.hibernate.SQL - 
    select
        a1_0.id,
        a1_0.check_in_time,
        a1_0.course_id,
        a1_0.create_time,
        a1_0.ip_address,
        a1_0.reason,
        a1_0.sign_in_id,
        a1_0.student_id,
        a1_0.student_name,
        a1_0.student_status,
        a1_0.update_time 
    from
        attendance a1_0 
    where
        a1_0.course_id=?
2026-06-02 09:57:43.139 [http-nio-8080-exec-10] DEBUG org.hibernate.SQL - 
    select
        a1_0.id,
        a1_0.check_in_time,
        a1_0.course_id,
        a1_0.create_time,
        a1_0.ip_address,
        a1_0.reason,
        a1_0.sign_in_id,
        a1_0.student_id,
        a1_0.student_name,
        a1_0.student_status,
        a1_0.update_time 
    from
        attendance a1_0 
    where
        a1_0.course_id=?
2026-06-02 09:57:43.142 [http-nio-8080-exec-10] DEBUG org.hibernate.SQL - 
    select
        a1_0.id,
        a1_0.check_in_time,
        a1_0.course_id,
        a1_0.create_time,
        a1_0.ip_address,
        a1_0.reason,
        a1_0.sign_in_id,
        a1_0.student_id,
        a1_0.student_name,
        a1_0.student_status,
        a1_0.update_time 
    from
        attendance a1_0 
    where
        a1_0.course_id=?
2026-06-02 09:57:52.806 [http-nio-8080-exec-6] DEBUG org.hibernate.SQL - 
    select
        u1_0.id,
        u1_0.class_name,
        u1_0.create_time,
        u1_0.gender,
        u1_0.real_name,
        u1_0.username,
        u1_0.userpassword,
        u1_0.userrole 
    from
        my_user u1_0 
    where
        u1_0.username=?
2026-06-02 09:57:54.546 [http-nio-8080-exec-8] DEBUG org.hibernate.SQL - 
    select
        u1_0.id,
        u1_0.class_name,
        u1_0.create_time,
        u1_0.gender,
        u1_0.real_name,
        u1_0.username,
        u1_0.userpassword,
        u1_0.userrole 
    from
        my_user u1_0 
    where
        u1_0.username=?
2026-06-02 09:57:54.555 [http-nio-8080-exec-8] DEBUG org.hibernate.SQL - 
    select
        c1_0.id,
        c1_0.class_name,
        c1_0.course_id,
        c1_0.course_name,
        c1_0.create_time,
        c1_0.location,
        c1_0.teacher_id,
        c1_0.teacher_name,
        c1_0.time_slot,
        c1_0.week_day 
    from
        course c1_0 
    where
        c1_0.teacher_id=?
2026-06-02 09:57:54.578 [http-nio-8080-exec-8] DEBUG org.hibernate.SQL - 
    select
        count_big(distinct cs1_0.student_id) 
    from
        course_selection cs1_0 
    where
        cs1_0.course_id in (?, ?, ?) 
        and cs1_0.status=1
2026-06-02 09:57:54.591 [http-nio-8080-exec-8] DEBUG org.hibernate.SQL - 
    select
        a1_0.id,
        a1_0.check_in_time,
        a1_0.course_id,
        a1_0.create_time,
        a1_0.ip_address,
        a1_0.reason,
        a1_0.sign_in_id,
        a1_0.student_id,
        a1_0.student_name,
        a1_0.student_status,
        a1_0.update_time 
    from
        attendance a1_0 
    where
        a1_0.course_id=?
2026-06-02 09:57:54.599 [http-nio-8080-exec-8] DEBUG org.hibernate.SQL - 
    select
        a1_0.id,
        a1_0.check_in_time,
        a1_0.course_id,
        a1_0.create_time,
        a1_0.ip_address,
        a1_0.reason,
        a1_0.sign_in_id,
        a1_0.student_id,
        a1_0.student_name,
        a1_0.student_status,
        a1_0.update_time 
    from
        attendance a1_0 
    where
        a1_0.course_id=?
2026-06-02 09:57:54.602 [http-nio-8080-exec-8] DEBUG org.hibernate.SQL - 
    select
        a1_0.id,
        a1_0.check_in_time,
        a1_0.course_id,
        a1_0.create_time,
        a1_0.ip_address,
        a1_0.reason,
        a1_0.sign_in_id,
        a1_0.student_id,
        a1_0.student_name,
        a1_0.student_status,
        a1_0.update_time 
    from
        attendance a1_0 
    where
        a1_0.course_id=?
2026-06-02 09:57:57.419 [http-nio-8080-exec-4] DEBUG org.hibernate.SQL - 
    select
        u1_0.id,
        u1_0.class_name,
        u1_0.create_time,
        u1_0.gender,
        u1_0.real_name,
        u1_0.username,
        u1_0.userpassword,
        u1_0.userrole 
    from
        my_user u1_0 
    where
        u1_0.username=?
2026-06-02 09:57:57.419 [http-nio-8080-exec-4] DEBUG org.hibernate.SQL - 
    select
        c1_0.id,
        c1_0.class_name,
        c1_0.course_id,
        c1_0.course_name,
        c1_0.create_time,
        c1_0.location,
        c1_0.teacher_id,
        c1_0.teacher_name,
        c1_0.time_slot,
        c1_0.week_day 
    from
        course c1_0 
    where
        c1_0.teacher_id=?
2026-06-02 09:57:57.427 [http-nio-8080-exec-4] DEBUG org.hibernate.SQL - 
    select
        count_big(distinct cs1_0.student_id) 
    from
        course_selection cs1_0 
    where
        cs1_0.course_id in (?, ?, ?) 
        and cs1_0.status=1
2026-06-02 09:57:57.430 [http-nio-8080-exec-4] DEBUG org.hibernate.SQL - 
    select
        a1_0.id,
        a1_0.check_in_time,
        a1_0.course_id,
        a1_0.create_time,
        a1_0.ip_address,
        a1_0.reason,
        a1_0.sign_in_id,
        a1_0.student_id,
        a1_0.student_name,
        a1_0.student_status,
        a1_0.update_time 
    from
        attendance a1_0 
    where
        a1_0.course_id=?
2026-06-02 09:57:57.430 [http-nio-8080-exec-4] DEBUG org.hibernate.SQL - 
    select
        a1_0.id,
        a1_0.check_in_time,
        a1_0.course_id,
        a1_0.create_time,
        a1_0.ip_address,
        a1_0.reason,
        a1_0.sign_in_id,
        a1_0.student_id,
        a1_0.student_name,
        a1_0.student_status,
        a1_0.update_time 
    from
        attendance a1_0 
    where
        a1_0.course_id=?
2026-06-02 09:57:57.438 [http-nio-8080-exec-4] DEBUG org.hibernate.SQL - 
    select
        a1_0.id,
        a1_0.check_in_time,
        a1_0.course_id,
        a1_0.create_time,
        a1_0.ip_address,
        a1_0.reason,
        a1_0.sign_in_id,
        a1_0.student_id,
        a1_0.student_name,
        a1_0.student_status,
        a1_0.update_time 
    from
        attendance a1_0 
    where
        a1_0.course_id=?
2026-06-02 09:57:57.455 [http-nio-8080-exec-1] DEBUG org.hibernate.SQL - 
    select
        c1_0.id,
        c1_0.class_name,
        c1_0.course_id,
        c1_0.course_name,
        c1_0.create_time,
        c1_0.location,
        c1_0.teacher_id,
        c1_0.teacher_name,
        c1_0.time_slot,
        c1_0.week_day 
    from
        course c1_0 
    where
        c1_0.teacher_id=?
2026-06-02 09:57:57.464 [http-nio-8080-exec-1] DEBUG org.hibernate.SQL - 
    select
        distinct s1_0.class_name 
    from
        course_selection cs1_0 
    join
        student s1_0 
            on cs1_0.student_id=s1_0.student_id 
    where
        cs1_0.course_id in (?, ?, ?)
2026-06-02 09:57:57.502 [http-nio-8080-exec-2] DEBUG org.hibernate.SQL - 
    select
        u1_0.id,
        u1_0.class_name,
        u1_0.create_time,
        u1_0.gender,
        u1_0.real_name,
        u1_0.username,
        u1_0.userpassword,
        u1_0.userrole 
    from
        my_user u1_0 
    where
        u1_0.username=?
2026-06-02 09:57:57.506 [http-nio-8080-exec-2] DEBUG org.hibernate.SQL - 
    select
        c1_0.id,
        c1_0.class_name,
        c1_0.course_id,
        c1_0.course_name,
        c1_0.create_time,
        c1_0.location,
        c1_0.teacher_id,
        c1_0.teacher_name,
        c1_0.time_slot,
        c1_0.week_day 
    from
        course c1_0 
    where
        c1_0.teacher_id=?
2026-06-02 09:57:57.511 [http-nio-8080-exec-2] DEBUG org.hibernate.SQL - 
    select
        count_big(distinct cs1_0.student_id) 
    from
        course_selection cs1_0 
    where
        cs1_0.course_id in (?, ?, ?) 
        and cs1_0.status=1
2026-06-02 09:57:57.521 [http-nio-8080-exec-2] DEBUG org.hibernate.SQL - 
    select
        count_big(a1_0.id) 
    from
        attendance a1_0 
    where
        a1_0.check_in_time between ? and ? 
        and a1_0.course_id in (?, ?, ?) 
        and exists(select
            cs1_0.id from course_selection cs1_0 
        where
            cs1_0.student_id=a1_0.student_id 
            and cs1_0.course_id=a1_0.course_id 
            and cs1_0.status=1) 
        and (
            ? is null 
            or ?='' 
            or exists(select
                s1_0.student_id from student s1_0 
            where
                s1_0.student_id=a1_0.student_id 
                and s1_0.class_name=?)
        )
2026-06-02 09:57:57.569 [http-nio-8080-exec-2] DEBUG org.hibernate.SQL - 
    select
        count_big(a1_0.id) 
    from
        attendance a1_0 
    where
        a1_0.student_status=? 
        and a1_0.check_in_time between ? and ? 
        and a1_0.course_id in (?, ?, ?) 
        and exists(select
            cs1_0.id from course_selection cs1_0 
        where
            cs1_0.student_id=a1_0.student_id 
            and cs1_0.course_id=a1_0.course_id 
            and cs1_0.status=1) 
        and (
            ? is null 
            or ?='' 
            or exists(select
                s1_0.student_id from student s1_0 
            where
                s1_0.student_id=a1_0.student_id 
                and s1_0.class_name=?)
        )
2026-06-02 09:57:57.613 [http-nio-8080-exec-2] DEBUG org.hibernate.SQL - 
    select
        count_big(a1_0.id) 
    from
        attendance a1_0 
    where
        a1_0.student_status=? 
        and a1_0.check_in_time between ? and ? 
        and a1_0.course_id in (?, ?, ?) 
        and exists(select
            cs1_0.id from course_selection cs1_0 
        where
            cs1_0.student_id=a1_0.student_id 
            and cs1_0.course_id=a1_0.course_id 
            and cs1_0.status=1) 
        and (
            ? is null 
            or ?='' 
            or exists(select
                s1_0.student_id from student s1_0 
            where
                s1_0.student_id=a1_0.student_id 
                and s1_0.class_name=?)
        )
2026-06-02 09:57:57.623 [http-nio-8080-exec-2] DEBUG org.hibernate.SQL - 
    select
        count_big(a1_0.id) 
    from
        attendance a1_0 
    where
        a1_0.student_status=? 
        and a1_0.check_in_time between ? and ? 
        and a1_0.course_id in (?, ?, ?) 
        and exists(select
            cs1_0.id from course_selection cs1_0 
        where
            cs1_0.student_id=a1_0.student_id 
            and cs1_0.course_id=a1_0.course_id 
            and cs1_0.status=1) 
        and (
            ? is null 
            or ?='' 
            or exists(select
                s1_0.student_id from student s1_0 
            where
                s1_0.student_id=a1_0.student_id 
                and s1_0.class_name=?)
        )
2026-06-02 09:57:57.628 [http-nio-8080-exec-2] DEBUG org.hibernate.SQL - 
    select
        count_big(a1_0.id) 
    from
        attendance a1_0 
    where
        a1_0.student_status=? 
        and a1_0.check_in_time between ? and ? 
        and a1_0.course_id in (?, ?, ?) 
        and exists(select
            cs1_0.id from course_selection cs1_0 
        where
            cs1_0.student_id=a1_0.student_id 
            and cs1_0.course_id=a1_0.course_id 
            and cs1_0.status=1) 
        and (
            ? is null 
            or ?='' 
            or exists(select
                s1_0.student_id from student s1_0 
            where
                s1_0.student_id=a1_0.student_id 
                and s1_0.class_name=?)
        )
2026-06-02 09:57:57.637 [http-nio-8080-exec-2] DEBUG org.hibernate.SQL - 
    select
        count_big(a1_0.id) 
    from
        attendance a1_0 
    where
        a1_0.student_status=? 
        and a1_0.check_in_time between ? and ? 
        and a1_0.course_id in (?, ?, ?) 
        and exists(select
            cs1_0.id from course_selection cs1_0 
        where
            cs1_0.student_id=a1_0.student_id 
            and cs1_0.course_id=a1_0.course_id 
            and cs1_0.status=1) 
        and (
            ? is null 
            or ?='' 
            or exists(select
                s1_0.student_id from student s1_0 
            where
                s1_0.student_id=a1_0.student_id 
                and s1_0.class_name=?)
        )
2026-06-02 09:57:57.642 [http-nio-8080-exec-2] DEBUG org.hibernate.SQL - 
    select
        count_big(a1_0.id) 
    from
        attendance a1_0 
    where
        a1_0.student_status=? 
        and a1_0.check_in_time between ? and ? 
        and a1_0.course_id in (?, ?, ?) 
        and exists(select
            cs1_0.id from course_selection cs1_0 
        where
            cs1_0.student_id=a1_0.student_id 
            and cs1_0.course_id=a1_0.course_id 
            and cs1_0.status=1) 
        and (
            ? is null 
            or ?='' 
            or exists(select
                s1_0.student_id from student s1_0 
            where
                s1_0.student_id=a1_0.student_id 
                and s1_0.class_name=?)
        )
2026-06-02 09:57:57.648 [http-nio-8080-exec-2] DEBUG org.hibernate.SQL - 
    select
        count_big(a1_0.id) 
    from
        attendance a1_0 
    where
        a1_0.student_status=? 
        and a1_0.check_in_time between ? and ? 
        and a1_0.course_id in (?, ?, ?) 
        and exists(select
            cs1_0.id from course_selection cs1_0 
        where
            cs1_0.student_id=a1_0.student_id 
            and cs1_0.course_id=a1_0.course_id 
            and cs1_0.status=1) 
        and (
            ? is null 
            or ?='' 
            or exists(select
                s1_0.student_id from student s1_0 
            where
                s1_0.student_id=a1_0.student_id 
                and s1_0.class_name=?)
        )
2026-06-02 09:57:57.658 [http-nio-8080-exec-2] DEBUG org.hibernate.SQL - 
    select
        count_big(a1_0.id) 
    from
        attendance a1_0 
    where
        a1_0.student_status=? 
        and a1_0.check_in_time between ? and ? 
        and a1_0.course_id in (?, ?, ?) 
        and exists(select
            cs1_0.id from course_selection cs1_0 
        where
            cs1_0.student_id=a1_0.student_id 
            and cs1_0.course_id=a1_0.course_id 
            and cs1_0.status=1) 
        and (
            ? is null 
            or ?='' 
            or exists(select
                s1_0.student_id from student s1_0 
            where
                s1_0.student_id=a1_0.student_id 
                and s1_0.class_name=?)
        )
2026-06-02 09:57:57.667 [http-nio-8080-exec-2] DEBUG org.hibernate.SQL - 
    select
        count_big(a1_0.id) 
    from
        attendance a1_0 
    where
        a1_0.student_status=? 
        and a1_0.check_in_time between ? and ? 
        and a1_0.course_id in (?, ?, ?) 
        and exists(select
            cs1_0.id from course_selection cs1_0 
        where
            cs1_0.student_id=a1_0.student_id 
            and cs1_0.course_id=a1_0.course_id 
            and cs1_0.status=1) 
        and (
            ? is null 
            or ?='' 
            or exists(select
                s1_0.student_id from student s1_0 
            where
                s1_0.student_id=a1_0.student_id 
                and s1_0.class_name=?)
        )
2026-06-02 09:57:57.674 [http-nio-8080-exec-2] DEBUG org.hibernate.SQL - 
    select
        count_big(a1_0.id) 
    from
        attendance a1_0 
    where
        a1_0.student_status=? 
        and a1_0.check_in_time between ? and ? 
        and a1_0.course_id in (?, ?, ?) 
        and exists(select
            cs1_0.id from course_selection cs1_0 
        where
            cs1_0.student_id=a1_0.student_id 
            and cs1_0.course_id=a1_0.course_id 
            and cs1_0.status=1) 
        and (
            ? is null 
            or ?='' 
            or exists(select
                s1_0.student_id from student s1_0 
            where
                s1_0.student_id=a1_0.student_id 
                and s1_0.class_name=?)
        )
2026-06-02 09:57:57.676 [http-nio-8080-exec-2] DEBUG org.hibernate.SQL - 
    select
        count_big(a1_0.id) 
    from
        attendance a1_0 
    where
        a1_0.student_status=? 
        and a1_0.check_in_time between ? and ? 
        and a1_0.course_id in (?, ?, ?) 
        and exists(select
            cs1_0.id from course_selection cs1_0 
        where
            cs1_0.student_id=a1_0.student_id 
            and cs1_0.course_id=a1_0.course_id 
            and cs1_0.status=1) 
        and (
            ? is null 
            or ?='' 
            or exists(select
                s1_0.student_id from student s1_0 
            where
                s1_0.student_id=a1_0.student_id 
                and s1_0.class_name=?)
        )
2026-06-02 09:57:57.685 [http-nio-8080-exec-2] DEBUG org.hibernate.SQL - 
    select
        count_big(a1_0.id) 
    from
        attendance a1_0 
    where
        a1_0.student_status=? 
        and a1_0.check_in_time between ? and ? 
        and a1_0.course_id in (?, ?, ?) 
        and exists(select
            cs1_0.id from course_selection cs1_0 
        where
            cs1_0.student_id=a1_0.student_id 
            and cs1_0.course_id=a1_0.course_id 
            and cs1_0.status=1) 
        and (
            ? is null 
            or ?='' 
            or exists(select
                s1_0.student_id from student s1_0 
            where
                s1_0.student_id=a1_0.student_id 
                and s1_0.class_name=?)
        )
2026-06-02 09:57:57.688 [http-nio-8080-exec-2] DEBUG org.hibernate.SQL - 
    select
        count_big(a1_0.id) 
    from
        attendance a1_0 
    where
        a1_0.student_status=? 
        and a1_0.check_in_time between ? and ? 
        and a1_0.course_id in (?, ?, ?) 
        and exists(select
            cs1_0.id from course_selection cs1_0 
        where
            cs1_0.student_id=a1_0.student_id 
            and cs1_0.course_id=a1_0.course_id 
            and cs1_0.status=1) 
        and (
            ? is null 
            or ?='' 
            or exists(select
                s1_0.student_id from student s1_0 
            where
                s1_0.student_id=a1_0.student_id 
                and s1_0.class_name=?)
        )
2026-06-02 09:57:57.695 [http-nio-8080-exec-2] DEBUG org.hibernate.SQL - 
    select
        count_big(a1_0.id) 
    from
        attendance a1_0 
    where
        a1_0.student_status=? 
        and a1_0.check_in_time between ? and ? 
        and a1_0.course_id in (?, ?, ?) 
        and exists(select
            cs1_0.id from course_selection cs1_0 
        where
            cs1_0.student_id=a1_0.student_id 
            and cs1_0.course_id=a1_0.course_id 
            and cs1_0.status=1) 
        and (
            ? is null 
            or ?='' 
            or exists(select
                s1_0.student_id from student s1_0 
            where
                s1_0.student_id=a1_0.student_id 
                and s1_0.class_name=?)
        )
2026-06-02 09:57:57.700 [http-nio-8080-exec-2] DEBUG org.hibernate.SQL - 
    select
        count_big(a1_0.id) 
    from
        attendance a1_0 
    where
        a1_0.student_status=? 
        and a1_0.check_in_time between ? and ? 
        and a1_0.course_id in (?, ?, ?) 
        and exists(select
            cs1_0.id from course_selection cs1_0 
        where
            cs1_0.student_id=a1_0.student_id 
            and cs1_0.course_id=a1_0.course_id 
            and cs1_0.status=1) 
        and (
            ? is null 
            or ?='' 
            or exists(select
                s1_0.student_id from student s1_0 
            where
                s1_0.student_id=a1_0.student_id 
                and s1_0.class_name=?)
        )
2026-06-02 09:57:57.707 [http-nio-8080-exec-2] DEBUG org.hibernate.SQL - 
    select
        count_big(a1_0.id) 
    from
        attendance a1_0 
    where
        a1_0.student_status=? 
        and a1_0.check_in_time between ? and ? 
        and a1_0.course_id in (?, ?, ?) 
        and exists(select
            cs1_0.id from course_selection cs1_0 
        where
            cs1_0.student_id=a1_0.student_id 
            and cs1_0.course_id=a1_0.course_id 
            and cs1_0.status=1) 
        and (
            ? is null 
            or ?='' 
            or exists(select
                s1_0.student_id from student s1_0 
            where
                s1_0.student_id=a1_0.student_id 
                and s1_0.class_name=?)
        )
2026-06-02 09:57:57.715 [http-nio-8080-exec-2] DEBUG org.hibernate.SQL - 
    select
        count_big(a1_0.id) 
    from
        attendance a1_0 
    where
        a1_0.student_status=? 
        and a1_0.check_in_time between ? and ? 
        and a1_0.course_id in (?, ?, ?) 
        and exists(select
            cs1_0.id from course_selection cs1_0 
        where
            cs1_0.student_id=a1_0.student_id 
            and cs1_0.course_id=a1_0.course_id 
            and cs1_0.status=1) 
        and (
            ? is null 
            or ?='' 
            or exists(select
                s1_0.student_id from student s1_0 
            where
                s1_0.student_id=a1_0.student_id 
                and s1_0.class_name=?)
        )
2026-06-02 09:57:57.718 [http-nio-8080-exec-2] DEBUG org.hibernate.SQL - 
    select
        count_big(a1_0.id) 
    from
        attendance a1_0 
    where
        a1_0.student_status=? 
        and a1_0.check_in_time between ? and ? 
        and a1_0.course_id in (?, ?, ?) 
        and exists(select
            cs1_0.id from course_selection cs1_0 
        where
            cs1_0.student_id=a1_0.student_id 
            and cs1_0.course_id=a1_0.course_id 
            and cs1_0.status=1) 
        and (
            ? is null 
            or ?='' 
            or exists(select
                s1_0.student_id from student s1_0 
            where
                s1_0.student_id=a1_0.student_id 
                and s1_0.class_name=?)
        )
2026-06-02 09:57:57.726 [http-nio-8080-exec-2] DEBUG org.hibernate.SQL - 
    select
        count_big(a1_0.id) 
    from
        attendance a1_0 
    where
        a1_0.student_status=? 
        and a1_0.check_in_time between ? and ? 
        and a1_0.course_id in (?, ?, ?) 
        and exists(select
            cs1_0.id from course_selection cs1_0 
        where
            cs1_0.student_id=a1_0.student_id 
            and cs1_0.course_id=a1_0.course_id 
            and cs1_0.status=1) 
        and (
            ? is null 
            or ?='' 
            or exists(select
                s1_0.student_id from student s1_0 
            where
                s1_0.student_id=a1_0.student_id 
                and s1_0.class_name=?)
        )
2026-06-02 09:57:57.726 [http-nio-8080-exec-2] DEBUG org.hibernate.SQL - 
    select
        count_big(a1_0.id) 
    from
        attendance a1_0 
    where
        a1_0.student_status=? 
        and a1_0.check_in_time between ? and ? 
        and a1_0.course_id in (?, ?, ?) 
        and exists(select
            cs1_0.id from course_selection cs1_0 
        where
            cs1_0.student_id=a1_0.student_id 
            and cs1_0.course_id=a1_0.course_id 
            and cs1_0.status=1) 
        and (
            ? is null 
            or ?='' 
            or exists(select
                s1_0.student_id from student s1_0 
            where
                s1_0.student_id=a1_0.student_id 
                and s1_0.class_name=?)
        )
2026-06-02 09:57:57.737 [http-nio-8080-exec-2] DEBUG org.hibernate.SQL - 
    select
        count_big(a1_0.id) 
    from
        attendance a1_0 
    where
        a1_0.student_status=? 
        and a1_0.check_in_time between ? and ? 
        and a1_0.course_id in (?, ?, ?) 
        and exists(select
            cs1_0.id from course_selection cs1_0 
        where
            cs1_0.student_id=a1_0.student_id 
            and cs1_0.course_id=a1_0.course_id 
            and cs1_0.status=1) 
        and (
            ? is null 
            or ?='' 
            or exists(select
                s1_0.student_id from student s1_0 
            where
                s1_0.student_id=a1_0.student_id 
                and s1_0.class_name=?)
        )
2026-06-02 09:57:57.745 [http-nio-8080-exec-2] DEBUG org.hibernate.SQL - 
    select
        count_big(a1_0.id) 
    from
        attendance a1_0 
    where
        a1_0.student_status=? 
        and a1_0.check_in_time between ? and ? 
        and a1_0.course_id in (?, ?, ?) 
        and exists(select
            cs1_0.id from course_selection cs1_0 
        where
            cs1_0.student_id=a1_0.student_id 
            and cs1_0.course_id=a1_0.course_id 
            and cs1_0.status=1) 
        and (
            ? is null 
            or ?='' 
            or exists(select
                s1_0.student_id from student s1_0 
            where
                s1_0.student_id=a1_0.student_id 
                and s1_0.class_name=?)
        )
2026-06-02 09:57:57.753 [http-nio-8080-exec-2] DEBUG org.hibernate.SQL - 
    select
        count_big(a1_0.id) 
    from
        attendance a1_0 
    where
        a1_0.student_status=? 
        and a1_0.check_in_time between ? and ? 
        and a1_0.course_id in (?, ?, ?) 
        and exists(select
            cs1_0.id from course_selection cs1_0 
        where
            cs1_0.student_id=a1_0.student_id 
            and cs1_0.course_id=a1_0.course_id 
            and cs1_0.status=1) 
        and (
            ? is null 
            or ?='' 
            or exists(select
                s1_0.student_id from student s1_0 
            where
                s1_0.student_id=a1_0.student_id 
                and s1_0.class_name=?)
        )
2026-06-02 09:57:57.758 [http-nio-8080-exec-2] DEBUG org.hibernate.SQL - 
    select
        count_big(a1_0.id) 
    from
        attendance a1_0 
    where
        a1_0.student_status=? 
        and a1_0.check_in_time between ? and ? 
        and a1_0.course_id in (?, ?, ?) 
        and exists(select
            cs1_0.id from course_selection cs1_0 
        where
            cs1_0.student_id=a1_0.student_id 
            and cs1_0.course_id=a1_0.course_id 
            and cs1_0.status=1) 
        and (
            ? is null 
            or ?='' 
            or exists(select
                s1_0.student_id from student s1_0 
            where
                s1_0.student_id=a1_0.student_id 
                and s1_0.class_name=?)
        )
2026-06-02 09:57:57.767 [http-nio-8080-exec-2] DEBUG org.hibernate.SQL - 
    select
        count_big(a1_0.id) 
    from
        attendance a1_0 
    where
        a1_0.student_status=? 
        and a1_0.check_in_time between ? and ? 
        and a1_0.course_id in (?, ?, ?) 
        and exists(select
            cs1_0.id from course_selection cs1_0 
        where
            cs1_0.student_id=a1_0.student_id 
            and cs1_0.course_id=a1_0.course_id 
            and cs1_0.status=1) 
        and (
            ? is null 
            or ?='' 
            or exists(select
                s1_0.student_id from student s1_0 
            where
                s1_0.student_id=a1_0.student_id 
                and s1_0.class_name=?)
        )
2026-06-02 09:57:57.773 [http-nio-8080-exec-2] DEBUG org.hibernate.SQL - 
    select
        count_big(a1_0.id) 
    from
        attendance a1_0 
    where
        a1_0.student_status=? 
        and a1_0.check_in_time between ? and ? 
        and a1_0.course_id in (?, ?, ?) 
        and exists(select
            cs1_0.id from course_selection cs1_0 
        where
            cs1_0.student_id=a1_0.student_id 
            and cs1_0.course_id=a1_0.course_id 
            and cs1_0.status=1) 
        and (
            ? is null 
            or ?='' 
            or exists(select
                s1_0.student_id from student s1_0 
            where
                s1_0.student_id=a1_0.student_id 
                and s1_0.class_name=?)
        )
2026-06-02 09:57:57.776 [http-nio-8080-exec-2] DEBUG org.hibernate.SQL - 
    select
        count_big(a1_0.id) 
    from
        attendance a1_0 
    where
        a1_0.student_status=? 
        and a1_0.check_in_time between ? and ? 
        and a1_0.course_id in (?, ?, ?) 
        and exists(select
            cs1_0.id from course_selection cs1_0 
        where
            cs1_0.student_id=a1_0.student_id 
            and cs1_0.course_id=a1_0.course_id 
            and cs1_0.status=1) 
        and (
            ? is null 
            or ?='' 
            or exists(select
                s1_0.student_id from student s1_0 
            where
                s1_0.student_id=a1_0.student_id 
                and s1_0.class_name=?)
        )
2026-06-02 09:57:57.781 [http-nio-8080-exec-2] DEBUG org.hibernate.SQL - 
    select
        count_big(a1_0.id) 
    from
        attendance a1_0 
    where
        a1_0.student_status=? 
        and a1_0.check_in_time between ? and ? 
        and a1_0.course_id in (?, ?, ?) 
        and exists(select
            cs1_0.id from course_selection cs1_0 
        where
            cs1_0.student_id=a1_0.student_id 
            and cs1_0.course_id=a1_0.course_id 
            and cs1_0.status=1) 
        and (
            ? is null 
            or ?='' 
            or exists(select
                s1_0.student_id from student s1_0 
            where
                s1_0.student_id=a1_0.student_id 
                and s1_0.class_name=?)
        )
2026-06-02 09:57:57.781 [http-nio-8080-exec-2] DEBUG org.hibernate.SQL - 
    select
        count_big(a1_0.id) 
    from
        attendance a1_0 
    where
        a1_0.student_status=? 
        and a1_0.check_in_time between ? and ? 
        and a1_0.course_id in (?, ?, ?) 
        and exists(select
            cs1_0.id from course_selection cs1_0 
        where
            cs1_0.student_id=a1_0.student_id 
            and cs1_0.course_id=a1_0.course_id 
            and cs1_0.status=1) 
        and (
            ? is null 
            or ?='' 
            or exists(select
                s1_0.student_id from student s1_0 
            where
                s1_0.student_id=a1_0.student_id 
                and s1_0.class_name=?)
        )
2026-06-02 09:57:57.791 [http-nio-8080-exec-2] DEBUG org.hibernate.SQL - 
    select
        count_big(a1_0.id) 
    from
        attendance a1_0 
    where
        a1_0.student_status=? 
        and a1_0.check_in_time between ? and ? 
        and a1_0.course_id in (?, ?, ?) 
        and exists(select
            cs1_0.id from course_selection cs1_0 
        where
            cs1_0.student_id=a1_0.student_id 
            and cs1_0.course_id=a1_0.course_id 
            and cs1_0.status=1) 
        and (
            ? is null 
            or ?='' 
            or exists(select
                s1_0.student_id from student s1_0 
            where
                s1_0.student_id=a1_0.student_id 
                and s1_0.class_name=?)
        )
2026-06-02 09:57:57.797 [http-nio-8080-exec-2] DEBUG org.hibernate.SQL - 
    select
        count_big(a1_0.id) 
    from
        attendance a1_0 
    where
        a1_0.student_status=? 
        and a1_0.check_in_time between ? and ? 
        and a1_0.course_id in (?, ?, ?) 
        and exists(select
            cs1_0.id from course_selection cs1_0 
        where
            cs1_0.student_id=a1_0.student_id 
            and cs1_0.course_id=a1_0.course_id 
            and cs1_0.status=1) 
        and (
            ? is null 
            or ?='' 
            or exists(select
                s1_0.student_id from student s1_0 
            where
                s1_0.student_id=a1_0.student_id 
                and s1_0.class_name=?)
        )
2026-06-02 09:57:57.802 [http-nio-8080-exec-2] DEBUG org.hibernate.SQL - 
    select
        count_big(a1_0.id) 
    from
        attendance a1_0 
    where
        a1_0.student_status=? 
        and a1_0.check_in_time between ? and ? 
        and a1_0.course_id in (?, ?, ?) 
        and exists(select
            cs1_0.id from course_selection cs1_0 
        where
            cs1_0.student_id=a1_0.student_id 
            and cs1_0.course_id=a1_0.course_id 
            and cs1_0.status=1) 
        and (
            ? is null 
            or ?='' 
            or exists(select
                s1_0.student_id from student s1_0 
            where
                s1_0.student_id=a1_0.student_id 
                and s1_0.class_name=?)
        )
2026-06-02 09:57:57.809 [http-nio-8080-exec-2] DEBUG org.hibernate.SQL - 
    select
        count_big(a1_0.id) 
    from
        attendance a1_0 
    where
        a1_0.student_status=? 
        and a1_0.check_in_time between ? and ? 
        and a1_0.course_id in (?, ?, ?) 
        and exists(select
            cs1_0.id from course_selection cs1_0 
        where
            cs1_0.student_id=a1_0.student_id 
            and cs1_0.course_id=a1_0.course_id 
            and cs1_0.status=1) 
        and (
            ? is null 
            or ?='' 
            or exists(select
                s1_0.student_id from student s1_0 
            where
                s1_0.student_id=a1_0.student_id 
                and s1_0.class_name=?)
        )
2026-06-02 09:57:57.814 [http-nio-8080-exec-2] DEBUG org.hibernate.SQL - 
    select
        count_big(a1_0.id) 
    from
        attendance a1_0 
    where
        a1_0.student_status=? 
        and a1_0.check_in_time between ? and ? 
        and a1_0.course_id in (?, ?, ?) 
        and exists(select
            cs1_0.id from course_selection cs1_0 
        where
            cs1_0.student_id=a1_0.student_id 
            and cs1_0.course_id=a1_0.course_id 
            and cs1_0.status=1) 
        and (
            ? is null 
            or ?='' 
            or exists(select
                s1_0.student_id from student s1_0 
            where
                s1_0.student_id=a1_0.student_id 
                and s1_0.class_name=?)
        )
2026-06-02 09:57:57.818 [http-nio-8080-exec-2] DEBUG org.hibernate.SQL - 
    select
        count_big(a1_0.id) 
    from
        attendance a1_0 
    where
        a1_0.student_status=? 
        and a1_0.check_in_time between ? and ? 
        and a1_0.course_id in (?, ?, ?) 
        and exists(select
            cs1_0.id from course_selection cs1_0 
        where
            cs1_0.student_id=a1_0.student_id 
            and cs1_0.course_id=a1_0.course_id 
            and cs1_0.status=1) 
        and (
            ? is null 
            or ?='' 
            or exists(select
                s1_0.student_id from student s1_0 
            where
                s1_0.student_id=a1_0.student_id 
                and s1_0.class_name=?)
        )
2026-06-02 09:57:57.821 [http-nio-8080-exec-2] DEBUG org.hibernate.SQL - 
    select
        count_big(a1_0.id) 
    from
        attendance a1_0 
    where
        a1_0.student_status=? 
        and a1_0.check_in_time between ? and ? 
        and a1_0.course_id in (?, ?, ?) 
        and exists(select
            cs1_0.id from course_selection cs1_0 
        where
            cs1_0.student_id=a1_0.student_id 
            and cs1_0.course_id=a1_0.course_id 
            and cs1_0.status=1) 
        and (
            ? is null 
            or ?='' 
            or exists(select
                s1_0.student_id from student s1_0 
            where
                s1_0.student_id=a1_0.student_id 
                and s1_0.class_name=?)
        )
2026-06-02 09:57:57.826 [http-nio-8080-exec-2] DEBUG org.hibernate.SQL - 
    select
        distinct s1_0.class_name 
    from
        course_selection cs1_0 
    join
        student s1_0 
            on cs1_0.student_id=s1_0.student_id 
    where
        cs1_0.course_id in (?, ?, ?)
2026-06-02 09:57:57.830 [http-nio-8080-exec-2] DEBUG org.hibernate.SQL - 
    select
        count_big(a1_0.id) 
    from
        attendance a1_0 
    where
        a1_0.check_in_time between ? and ? 
        and a1_0.course_id in (?, ?, ?) 
        and exists(select
            cs1_0.id from course_selection cs1_0 
        where
            cs1_0.student_id=a1_0.student_id 
            and cs1_0.course_id=a1_0.course_id 
            and cs1_0.status=1) 
        and (
            ? is null 
            or ?='' 
            or exists(select
                s1_0.student_id from student s1_0 
            where
                s1_0.student_id=a1_0.student_id 
                and s1_0.class_name=?)
        )
2026-06-02 09:57:57.835 [http-nio-8080-exec-2] DEBUG org.hibernate.SQL - 
    select
        count_big(a1_0.id) 
    from
        attendance a1_0 
    where
        a1_0.student_status=? 
        and a1_0.check_in_time between ? and ? 
        and a1_0.course_id in (?, ?, ?) 
        and exists(select
            cs1_0.id from course_selection cs1_0 
        where
            cs1_0.student_id=a1_0.student_id 
            and cs1_0.course_id=a1_0.course_id 
            and cs1_0.status=1) 
        and (
            ? is null 
            or ?='' 
            or exists(select
                s1_0.student_id from student s1_0 
            where
                s1_0.student_id=a1_0.student_id 
                and s1_0.class_name=?)
        )
2026-06-02 09:57:57.843 [http-nio-8080-exec-2] DEBUG org.hibernate.SQL - 
    select
        count_big(a1_0.id) 
    from
        attendance a1_0 
    where
        a1_0.check_in_time between ? and ? 
        and a1_0.course_id in (?, ?, ?) 
        and exists(select
            cs1_0.id from course_selection cs1_0 
        where
            cs1_0.student_id=a1_0.student_id 
            and cs1_0.course_id=a1_0.course_id 
            and cs1_0.status=1) 
        and (
            ? is null 
            or ?='' 
            or exists(select
                s1_0.student_id from student s1_0 
            where
                s1_0.student_id=a1_0.student_id 
                and s1_0.class_name=?)
        )
2026-06-02 09:57:57.853 [http-nio-8080-exec-2] DEBUG org.hibernate.SQL - 
    select
        count_big(a1_0.id) 
    from
        attendance a1_0 
    where
        a1_0.student_status=? 
        and a1_0.check_in_time between ? and ? 
        and a1_0.course_id in (?, ?, ?) 
        and exists(select
            cs1_0.id from course_selection cs1_0 
        where
            cs1_0.student_id=a1_0.student_id 
            and cs1_0.course_id=a1_0.course_id 
            and cs1_0.status=1) 
        and (
            ? is null 
            or ?='' 
            or exists(select
                s1_0.student_id from student s1_0 
            where
                s1_0.student_id=a1_0.student_id 
                and s1_0.class_name=?)
        )
2026-06-02 09:57:57.858 [http-nio-8080-exec-2] DEBUG org.hibernate.SQL - 
    select
        count_big(a1_0.id) 
    from
        attendance a1_0 
    where
        a1_0.check_in_time between ? and ? 
        and a1_0.course_id in (?, ?, ?) 
        and exists(select
            cs1_0.id from course_selection cs1_0 
        where
            cs1_0.student_id=a1_0.student_id 
            and cs1_0.course_id=a1_0.course_id 
            and cs1_0.status=1) 
        and (
            ? is null 
            or ?='' 
            or exists(select
                s1_0.student_id from student s1_0 
            where
                s1_0.student_id=a1_0.student_id 
                and s1_0.class_name=?)
        )
2026-06-02 09:57:57.863 [http-nio-8080-exec-2] DEBUG org.hibernate.SQL - 
    select
        count_big(a1_0.id) 
    from
        attendance a1_0 
    where
        a1_0.student_status=? 
        and a1_0.check_in_time between ? and ? 
        and a1_0.course_id in (?, ?, ?) 
        and exists(select
            cs1_0.id from course_selection cs1_0 
        where
            cs1_0.student_id=a1_0.student_id 
            and cs1_0.course_id=a1_0.course_id 
            and cs1_0.status=1) 
        and (
            ? is null 
            or ?='' 
            or exists(select
                s1_0.student_id from student s1_0 
            where
                s1_0.student_id=a1_0.student_id 
                and s1_0.class_name=?)
        )
2026-06-02 09:57:57.867 [http-nio-8080-exec-2] DEBUG org.hibernate.SQL - 
    select
        count_big(a1_0.id) 
    from
        attendance a1_0 
    where
        a1_0.check_in_time between ? and ? 
        and a1_0.course_id in (?, ?, ?) 
        and exists(select
            cs1_0.id from course_selection cs1_0 
        where
            cs1_0.student_id=a1_0.student_id 
            and cs1_0.course_id=a1_0.course_id 
            and cs1_0.status=1) 
        and (
            ? is null 
            or ?='' 
            or exists(select
                s1_0.student_id from student s1_0 
            where
                s1_0.student_id=a1_0.student_id 
                and s1_0.class_name=?)
        )
2026-06-02 09:57:57.872 [http-nio-8080-exec-2] DEBUG org.hibernate.SQL - 
    select
        count_big(a1_0.id) 
    from
        attendance a1_0 
    where
        a1_0.student_status=? 
        and a1_0.check_in_time between ? and ? 
        and a1_0.course_id in (?, ?, ?) 
        and exists(select
            cs1_0.id from course_selection cs1_0 
        where
            cs1_0.student_id=a1_0.student_id 
            and cs1_0.course_id=a1_0.course_id 
            and cs1_0.status=1) 
        and (
            ? is null 
            or ?='' 
            or exists(select
                s1_0.student_id from student s1_0 
            where
                s1_0.student_id=a1_0.student_id 
                and s1_0.class_name=?)
        )
2026-06-02 09:57:57.876 [http-nio-8080-exec-2] DEBUG org.hibernate.SQL - 
    select
        count_big(a1_0.id) 
    from
        attendance a1_0 
    where
        a1_0.check_in_time between ? and ? 
        and a1_0.course_id in (?, ?, ?) 
        and exists(select
            cs1_0.id from course_selection cs1_0 
        where
            cs1_0.student_id=a1_0.student_id 
            and cs1_0.course_id=a1_0.course_id 
            and cs1_0.status=1) 
        and (
            ? is null 
            or ?='' 
            or exists(select
                s1_0.student_id from student s1_0 
            where
                s1_0.student_id=a1_0.student_id 
                and s1_0.class_name=?)
        )
2026-06-02 09:57:57.892 [http-nio-8080-exec-2] DEBUG org.hibernate.SQL - 
    select
        count_big(a1_0.id) 
    from
        attendance a1_0 
    where
        a1_0.student_status=? 
        and a1_0.check_in_time between ? and ? 
        and a1_0.course_id in (?, ?, ?) 
        and exists(select
            cs1_0.id from course_selection cs1_0 
        where
            cs1_0.student_id=a1_0.student_id 
            and cs1_0.course_id=a1_0.course_id 
            and cs1_0.status=1) 
        and (
            ? is null 
            or ?='' 
            or exists(select
                s1_0.student_id from student s1_0 
            where
                s1_0.student_id=a1_0.student_id 
                and s1_0.class_name=?)
        )
2026-06-02 09:57:57.897 [http-nio-8080-exec-2] DEBUG org.hibernate.SQL - 
    select
        count_big(a1_0.id) 
    from
        attendance a1_0 
    where
        a1_0.check_in_time between ? and ? 
        and a1_0.course_id in (?) 
        and exists(select
            cs1_0.id from course_selection cs1_0 
        where
            cs1_0.student_id=a1_0.student_id 
            and cs1_0.course_id=a1_0.course_id 
            and cs1_0.status=1) 
        and (
            ? is null 
            or ?='' 
            or exists(select
                s1_0.student_id from student s1_0 
            where
                s1_0.student_id=a1_0.student_id 
                and s1_0.class_name=?)
        )
2026-06-02 09:57:57.945 [http-nio-8080-exec-2] DEBUG org.hibernate.SQL - 
    select
        c1_0.id,
        c1_0.class_name,
        c1_0.course_id,
        c1_0.course_name,
        c1_0.create_time,
        c1_0.location,
        c1_0.teacher_id,
        c1_0.teacher_name,
        c1_0.time_slot,
        c1_0.week_day 
    from
        course c1_0 
    where
        c1_0.course_id=?
2026-06-02 09:57:57.954 [http-nio-8080-exec-2] DEBUG org.hibernate.SQL - 
    select
        count_big(a1_0.id) 
    from
        attendance a1_0 
    where
        a1_0.check_in_time between ? and ? 
        and a1_0.course_id in (?) 
        and exists(select
            cs1_0.id from course_selection cs1_0 
        where
            cs1_0.student_id=a1_0.student_id 
            and cs1_0.course_id=a1_0.course_id 
            and cs1_0.status=1) 
        and (
            ? is null 
            or ?='' 
            or exists(select
                s1_0.student_id from student s1_0 
            where
                s1_0.student_id=a1_0.student_id 
                and s1_0.class_name=?)
        )
2026-06-02 09:57:57.956 [http-nio-8080-exec-2] DEBUG org.hibernate.SQL - 
    select
        c1_0.id,
        c1_0.class_name,
        c1_0.course_id,
        c1_0.course_name,
        c1_0.create_time,
        c1_0.location,
        c1_0.teacher_id,
        c1_0.teacher_name,
        c1_0.time_slot,
        c1_0.week_day 
    from
        course c1_0 
    where
        c1_0.course_id=?
2026-06-02 09:57:57.960 [http-nio-8080-exec-2] DEBUG org.hibernate.SQL - 
    select
        count_big(a1_0.id) 
    from
        attendance a1_0 
    where
        a1_0.check_in_time between ? and ? 
        and a1_0.course_id in (?) 
        and exists(select
            cs1_0.id from course_selection cs1_0 
        where
            cs1_0.student_id=a1_0.student_id 
            and cs1_0.course_id=a1_0.course_id 
            and cs1_0.status=1) 
        and (
            ? is null 
            or ?='' 
            or exists(select
                s1_0.student_id from student s1_0 
            where
                s1_0.student_id=a1_0.student_id 
                and s1_0.class_name=?)
        )
2026-06-02 09:57:57.963 [http-nio-8080-exec-2] DEBUG org.hibernate.SQL - 
    select
        c1_0.id,
        c1_0.class_name,
        c1_0.course_id,
        c1_0.course_name,
        c1_0.create_time,
        c1_0.location,
        c1_0.teacher_id,
        c1_0.teacher_name,
        c1_0.time_slot,
        c1_0.week_day 
    from
        course c1_0 
    where
        c1_0.course_id=?
2026-06-02 09:58:04.959 [http-nio-8080-exec-10] DEBUG org.hibernate.SQL - 
    select
        u1_0.id,
        u1_0.class_name,
        u1_0.create_time,
        u1_0.gender,
        u1_0.real_name,
        u1_0.username,
        u1_0.userpassword,
        u1_0.userrole 
    from
        my_user u1_0 
    where
        u1_0.username=?
2026-06-02 09:58:04.966 [http-nio-8080-exec-10] DEBUG org.hibernate.SQL - 
    select
        c1_0.id,
        c1_0.class_name,
        c1_0.course_id,
        c1_0.course_name,
        c1_0.create_time,
        c1_0.location,
        c1_0.teacher_id,
        c1_0.teacher_name,
        c1_0.time_slot,
        c1_0.week_day 
    from
        course c1_0 
    where
        c1_0.teacher_id=?
2026-06-02 09:58:04.970 [http-nio-8080-exec-10] DEBUG org.hibernate.SQL - 
    select
        count_big(distinct cs1_0.student_id) 
    from
        course_selection cs1_0 
    where
        cs1_0.course_id in (?, ?, ?) 
        and cs1_0.status=1
2026-06-02 09:58:04.970 [http-nio-8080-exec-10] DEBUG org.hibernate.SQL - 
    select
        a1_0.id,
        a1_0.check_in_time,
        a1_0.course_id,
        a1_0.create_time,
        a1_0.ip_address,
        a1_0.reason,
        a1_0.sign_in_id,
        a1_0.student_id,
        a1_0.student_name,
        a1_0.student_status,
        a1_0.update_time 
    from
        attendance a1_0 
    where
        a1_0.course_id=?
2026-06-02 09:58:04.975 [http-nio-8080-exec-10] DEBUG org.hibernate.SQL - 
    select
        a1_0.id,
        a1_0.check_in_time,
        a1_0.course_id,
        a1_0.create_time,
        a1_0.ip_address,
        a1_0.reason,
        a1_0.sign_in_id,
        a1_0.student_id,
        a1_0.student_name,
        a1_0.student_status,
        a1_0.update_time 
    from
        attendance a1_0 
    where
        a1_0.course_id=?
2026-06-02 09:58:04.979 [http-nio-8080-exec-10] DEBUG org.hibernate.SQL - 
    select
        a1_0.id,
        a1_0.check_in_time,
        a1_0.course_id,
        a1_0.create_time,
        a1_0.ip_address,
        a1_0.reason,
        a1_0.sign_in_id,
        a1_0.student_id,
        a1_0.student_name,
        a1_0.student_status,
        a1_0.update_time 
    from
        attendance a1_0 
    where
        a1_0.course_id=?
2026-06-02 09:58:11.781 [http-nio-8080-exec-6] DEBUG org.hibernate.SQL - 
    select
        u1_0.id,
        u1_0.class_name,
        u1_0.create_time,
        u1_0.gender,
        u1_0.real_name,
        u1_0.username,
        u1_0.userpassword,
        u1_0.userrole 
    from
        my_user u1_0 
    where
        u1_0.username=?
2026-06-02 09:58:13.508 [http-nio-8080-exec-8] DEBUG org.hibernate.SQL - 
    select
        u1_0.id,
        u1_0.class_name,
        u1_0.create_time,
        u1_0.gender,
        u1_0.real_name,
        u1_0.username,
        u1_0.userpassword,
        u1_0.userrole 
    from
        my_user u1_0 
    where
        u1_0.username=?
2026-06-02 09:58:13.511 [http-nio-8080-exec-8] DEBUG org.hibernate.SQL - 
    select
        c1_0.id,
        c1_0.class_name,
        c1_0.course_id,
        c1_0.course_name,
        c1_0.create_time,
        c1_0.location,
        c1_0.teacher_id,
        c1_0.teacher_name,
        c1_0.time_slot,
        c1_0.week_day 
    from
        course c1_0 
    where
        c1_0.teacher_id=?
2026-06-02 09:58:15.584 [http-nio-8080-exec-4] DEBUG org.hibernate.SQL - 
    select
        u1_0.id,
        u1_0.class_name,
        u1_0.create_time,
        u1_0.gender,
        u1_0.real_name,
        u1_0.username,
        u1_0.userpassword,
        u1_0.userrole 
    from
        my_user u1_0 
    where
        u1_0.username=?
2026-06-02 09:58:15.592 [http-nio-8080-exec-4] DEBUG org.hibernate.SQL - 
    select
        c1_0.id,
        c1_0.class_name,
        c1_0.course_id,
        c1_0.course_name,
        c1_0.create_time,
        c1_0.location,
        c1_0.teacher_id,
        c1_0.teacher_name,
        c1_0.time_slot,
        c1_0.week_day 
    from
        course c1_0 
    where
        c1_0.teacher_id=?
2026-06-02 09:58:15.601 [http-nio-8080-exec-1] DEBUG org.hibernate.SQL - 
    select
        c1_0.id,
        c1_0.class_name,
        c1_0.course_id,
        c1_0.course_name,
        c1_0.create_time,
        c1_0.location,
        c1_0.teacher_id,
        c1_0.teacher_name,
        c1_0.time_slot,
        c1_0.week_day 
    from
        course c1_0 
    where
        c1_0.teacher_id=?
2026-06-02 09:58:15.606 [http-nio-8080-exec-1] DEBUG org.hibernate.SQL - 
    select
        distinct s1_0.class_name 
    from
        course_selection cs1_0 
    join
        student s1_0 
            on cs1_0.student_id=s1_0.student_id 
    where
        1=0
2026-06-02 09:58:15.617 [http-nio-8080-exec-2] DEBUG org.hibernate.SQL - 
    select
        u1_0.id,
        u1_0.class_name,
        u1_0.create_time,
        u1_0.gender,
        u1_0.real_name,
        u1_0.username,
        u1_0.userpassword,
        u1_0.userrole 
    from
        my_user u1_0 
    where
        u1_0.username=?
2026-06-02 09:58:15.620 [http-nio-8080-exec-2] DEBUG org.hibernate.SQL - 
    select
        c1_0.id,
        c1_0.class_name,
        c1_0.course_id,
        c1_0.course_name,
        c1_0.create_time,
        c1_0.location,
        c1_0.teacher_id,
        c1_0.teacher_name,
        c1_0.time_slot,
        c1_0.week_day 
    from
        course c1_0 
    where
        c1_0.teacher_id=?
2026-06-02 09:58:20.459 [http-nio-8080-exec-10] DEBUG org.hibernate.SQL - 
    select
        u1_0.id,
        u1_0.class_name,
        u1_0.create_time,
        u1_0.gender,
        u1_0.real_name,
        u1_0.username,
        u1_0.userpassword,
        u1_0.userrole 
    from
        my_user u1_0 
    where
        u1_0.username=?
2026-06-02 09:58:20.459 [http-nio-8080-exec-10] DEBUG org.hibernate.SQL - 
    select
        c1_0.id,
        c1_0.class_name,
        c1_0.course_id,
        c1_0.course_name,
        c1_0.create_time,
        c1_0.location,
        c1_0.teacher_id,
        c1_0.teacher_name,
        c1_0.time_slot,
        c1_0.week_day 
    from
        course c1_0 
    where
        c1_0.teacher_id=?
2026-06-02 09:58:27.247 [http-nio-8080-exec-6] DEBUG org.hibernate.SQL - 
    select
        u1_0.id,
        u1_0.class_name,
        u1_0.create_time,
        u1_0.gender,
        u1_0.real_name,
        u1_0.username,
        u1_0.userpassword,
        u1_0.userrole 
    from
        my_user u1_0 
    where
        u1_0.username=?
2026-06-02 09:58:28.979 [http-nio-8080-exec-8] DEBUG org.hibernate.SQL - 
    select
        u1_0.id,
        u1_0.class_name,
        u1_0.create_time,
        u1_0.gender,
        u1_0.real_name,
        u1_0.username,
        u1_0.userpassword,
        u1_0.userrole 
    from
        my_user u1_0 
    where
        u1_0.username=?
2026-06-02 09:58:28.985 [http-nio-8080-exec-8] DEBUG org.hibernate.SQL - 
    select
        c1_0.id,
        c1_0.class_name,
        c1_0.course_id,
        c1_0.course_name,
        c1_0.create_time,
        c1_0.location,
        c1_0.teacher_id,
        c1_0.teacher_name,
        c1_0.time_slot,
        c1_0.week_day 
    from
        course c1_0
2026-06-02 09:58:28.993 [http-nio-8080-exec-8] DEBUG org.hibernate.SQL - 
    select
        count_big(*) 
    from
        student s1_0
2026-06-02 09:58:28.996 [http-nio-8080-exec-8] DEBUG org.hibernate.SQL - 
    select
        count_big(u1_0.id) 
    from
        my_user u1_0 
    where
        upper(u1_0.userrole)=upper(?)
2026-06-02 09:58:29.000 [http-nio-8080-exec-8] DEBUG org.hibernate.SQL - 
    select
        count_big(*) 
    from
        course c1_0
2026-06-02 09:58:29.006 [http-nio-8080-exec-8] DEBUG org.hibernate.SQL - 
    select
        a1_0.id,
        a1_0.check_in_time,
        a1_0.course_id,
        a1_0.create_time,
        a1_0.ip_address,
        a1_0.reason,
        a1_0.sign_in_id,
        a1_0.student_id,
        a1_0.student_name,
        a1_0.student_status,
        a1_0.update_time 
    from
        attendance a1_0 
    where
        a1_0.course_id=?
2026-06-02 09:58:29.008 [http-nio-8080-exec-8] DEBUG org.hibernate.SQL - 
    select
        a1_0.id,
        a1_0.check_in_time,
        a1_0.course_id,
        a1_0.create_time,
        a1_0.ip_address,
        a1_0.reason,
        a1_0.sign_in_id,
        a1_0.student_id,
        a1_0.student_name,
        a1_0.student_status,
        a1_0.update_time 
    from
        attendance a1_0 
    where
        a1_0.course_id=?
2026-06-02 09:58:29.010 [http-nio-8080-exec-8] DEBUG org.hibernate.SQL - 
    select
        a1_0.id,
        a1_0.check_in_time,
        a1_0.course_id,
        a1_0.create_time,
        a1_0.ip_address,
        a1_0.reason,
        a1_0.sign_in_id,
        a1_0.student_id,
        a1_0.student_name,
        a1_0.student_status,
        a1_0.update_time 
    from
        attendance a1_0 
    where
        a1_0.course_id=?
2026-06-02 09:58:32.544 [http-nio-8080-exec-4] DEBUG org.hibernate.SQL - 
    select
        c1_0.id,
        c1_0.class_name,
        c1_0.course_id,
        c1_0.course_name,
        c1_0.create_time,
        c1_0.location,
        c1_0.teacher_id,
        c1_0.teacher_name,
        c1_0.time_slot,
        c1_0.week_day 
    from
        course c1_0
2026-06-02 09:58:32.554 [http-nio-8080-exec-1] DEBUG org.hibernate.SQL - 
    select
        distinct s1_0.class_name 
    from
        student s1_0 
    where
        s1_0.class_name is not null 
    order by
        s1_0.class_name
2026-06-02 09:58:32.567 [http-nio-8080-exec-2] DEBUG org.hibernate.SQL - 
    select
        u1_0.id,
        u1_0.class_name,
        u1_0.create_time,
        u1_0.gender,
        u1_0.real_name,
        u1_0.username,
        u1_0.userpassword,
        u1_0.userrole 
    from
        my_user u1_0 
    where
        u1_0.username=?
2026-06-02 09:58:32.571 [http-nio-8080-exec-2] DEBUG org.hibernate.SQL - 
    select
        count_big(*) 
    from
        student s1_0
2026-06-02 09:58:32.588 [http-nio-8080-exec-2] DEBUG org.hibernate.SQL - 
    select
        count_big(a1_0.id) 
    from
        attendance a1_0 
    where
        a1_0.check_in_time between ? and ? 
        and (
            ? is null 
            or a1_0.course_id=?
        ) 
        and (
            ? is null 
            or ?='' 
            or exists(select
                s1_0.student_id from student s1_0 
            where
                s1_0.student_id=a1_0.student_id 
                and s1_0.class_name=?)
        )
2026-06-02 09:58:32.612 [http-nio-8080-exec-2] DEBUG org.hibernate.SQL - 
    select
        count_big(a1_0.id) 
    from
        attendance a1_0 
    where
        a1_0.student_status=? 
        and a1_0.check_in_time between ? and ? 
        and (
            ? is null 
            or a1_0.course_id=?
        ) 
        and (
            ? is null 
            or ?='' 
            or exists(select
                s1_0.student_id from student s1_0 
            where
                s1_0.student_id=a1_0.student_id 
                and s1_0.class_name=?)
        )
2026-06-02 09:58:32.631 [http-nio-8080-exec-2] DEBUG org.hibernate.SQL - 
    select
        count_big(a1_0.id) 
    from
        attendance a1_0 
    where
        a1_0.student_status=? 
        and a1_0.check_in_time between ? and ? 
        and (
            ? is null 
            or a1_0.course_id=?
        ) 
        and (
            ? is null 
            or ?='' 
            or exists(select
                s1_0.student_id from student s1_0 
            where
                s1_0.student_id=a1_0.student_id 
                and s1_0.class_name=?)
        )
2026-06-02 09:58:32.634 [http-nio-8080-exec-2] DEBUG org.hibernate.SQL - 
    select
        count_big(a1_0.id) 
    from
        attendance a1_0 
    where
        a1_0.student_status=? 
        and a1_0.check_in_time between ? and ? 
        and (
            ? is null 
            or a1_0.course_id=?
        ) 
        and (
            ? is null 
            or ?='' 
            or exists(select
                s1_0.student_id from student s1_0 
            where
                s1_0.student_id=a1_0.student_id 
                and s1_0.class_name=?)
        )
2026-06-02 09:58:32.637 [http-nio-8080-exec-2] DEBUG org.hibernate.SQL - 
    select
        count_big(a1_0.id) 
    from
        attendance a1_0 
    where
        a1_0.student_status=? 
        and a1_0.check_in_time between ? and ? 
        and (
            ? is null 
            or a1_0.course_id=?
        ) 
        and (
            ? is null 
            or ?='' 
            or exists(select
                s1_0.student_id from student s1_0 
            where
                s1_0.student_id=a1_0.student_id 
                and s1_0.class_name=?)
        )
2026-06-02 09:58:32.639 [http-nio-8080-exec-2] DEBUG org.hibernate.SQL - 
    select
        count_big(a1_0.id) 
    from
        attendance a1_0 
    where
        a1_0.student_status=? 
        and a1_0.check_in_time between ? and ? 
        and (
            ? is null 
            or a1_0.course_id=?
        ) 
        and (
            ? is null 
            or ?='' 
            or exists(select
                s1_0.student_id from student s1_0 
            where
                s1_0.student_id=a1_0.student_id 
                and s1_0.class_name=?)
        )
2026-06-02 09:58:32.651 [http-nio-8080-exec-2] DEBUG org.hibernate.SQL - 
    select
        count_big(a1_0.id) 
    from
        attendance a1_0 
    where
        a1_0.student_status=? 
        and a1_0.check_in_time between ? and ? 
        and (
            ? is null 
            or a1_0.course_id=?
        ) 
        and (
            ? is null 
            or ?='' 
            or exists(select
                s1_0.student_id from student s1_0 
            where
                s1_0.student_id=a1_0.student_id 
                and s1_0.class_name=?)
        )
2026-06-02 09:58:32.654 [http-nio-8080-exec-2] DEBUG org.hibernate.SQL - 
    select
        count_big(a1_0.id) 
    from
        attendance a1_0 
    where
        a1_0.student_status=? 
        and a1_0.check_in_time between ? and ? 
        and (
            ? is null 
            or a1_0.course_id=?
        ) 
        and (
            ? is null 
            or ?='' 
            or exists(select
                s1_0.student_id from student s1_0 
            where
                s1_0.student_id=a1_0.student_id 
                and s1_0.class_name=?)
        )
2026-06-02 09:58:32.656 [http-nio-8080-exec-2] DEBUG org.hibernate.SQL - 
    select
        count_big(a1_0.id) 
    from
        attendance a1_0 
    where
        a1_0.student_status=? 
        and a1_0.check_in_time between ? and ? 
        and (
            ? is null 
            or a1_0.course_id=?
        ) 
        and (
            ? is null 
            or ?='' 
            or exists(select
                s1_0.student_id from student s1_0 
            where
                s1_0.student_id=a1_0.student_id 
                and s1_0.class_name=?)
        )
2026-06-02 09:58:32.657 [http-nio-8080-exec-2] DEBUG org.hibernate.SQL - 
    select
        count_big(a1_0.id) 
    from
        attendance a1_0 
    where
        a1_0.student_status=? 
        and a1_0.check_in_time between ? and ? 
        and (
            ? is null 
            or a1_0.course_id=?
        ) 
        and (
            ? is null 
            or ?='' 
            or exists(select
                s1_0.student_id from student s1_0 
            where
                s1_0.student_id=a1_0.student_id 
                and s1_0.class_name=?)
        )
2026-06-02 09:58:32.659 [http-nio-8080-exec-2] DEBUG org.hibernate.SQL - 
    select
        count_big(a1_0.id) 
    from
        attendance a1_0 
    where
        a1_0.student_status=? 
        and a1_0.check_in_time between ? and ? 
        and (
            ? is null 
            or a1_0.course_id=?
        ) 
        and (
            ? is null 
            or ?='' 
            or exists(select
                s1_0.student_id from student s1_0 
            where
                s1_0.student_id=a1_0.student_id 
                and s1_0.class_name=?)
        )
2026-06-02 09:58:32.662 [http-nio-8080-exec-2] DEBUG org.hibernate.SQL - 
    select
        count_big(a1_0.id) 
    from
        attendance a1_0 
    where
        a1_0.student_status=? 
        and a1_0.check_in_time between ? and ? 
        and (
            ? is null 
            or a1_0.course_id=?
        ) 
        and (
            ? is null 
            or ?='' 
            or exists(select
                s1_0.student_id from student s1_0 
            where
                s1_0.student_id=a1_0.student_id 
                and s1_0.class_name=?)
        )
2026-06-02 09:58:32.664 [http-nio-8080-exec-2] DEBUG org.hibernate.SQL - 
    select
        count_big(a1_0.id) 
    from
        attendance a1_0 
    where
        a1_0.student_status=? 
        and a1_0.check_in_time between ? and ? 
        and (
            ? is null 
            or a1_0.course_id=?
        ) 
        and (
            ? is null 
            or ?='' 
            or exists(select
                s1_0.student_id from student s1_0 
            where
                s1_0.student_id=a1_0.student_id 
                and s1_0.class_name=?)
        )
2026-06-02 09:58:32.666 [http-nio-8080-exec-2] DEBUG org.hibernate.SQL - 
    select
        count_big(a1_0.id) 
    from
        attendance a1_0 
    where
        a1_0.student_status=? 
        and a1_0.check_in_time between ? and ? 
        and (
            ? is null 
            or a1_0.course_id=?
        ) 
        and (
            ? is null 
            or ?='' 
            or exists(select
                s1_0.student_id from student s1_0 
            where
                s1_0.student_id=a1_0.student_id 
                and s1_0.class_name=?)
        )
2026-06-02 09:58:32.668 [http-nio-8080-exec-2] DEBUG org.hibernate.SQL - 
    select
        count_big(a1_0.id) 
    from
        attendance a1_0 
    where
        a1_0.student_status=? 
        and a1_0.check_in_time between ? and ? 
        and (
            ? is null 
            or a1_0.course_id=?
        ) 
        and (
            ? is null 
            or ?='' 
            or exists(select
                s1_0.student_id from student s1_0 
            where
                s1_0.student_id=a1_0.student_id 
                and s1_0.class_name=?)
        )
2026-06-02 09:58:32.670 [http-nio-8080-exec-2] DEBUG org.hibernate.SQL - 
    select
        count_big(a1_0.id) 
    from
        attendance a1_0 
    where
        a1_0.student_status=? 
        and a1_0.check_in_time between ? and ? 
        and (
            ? is null 
            or a1_0.course_id=?
        ) 
        and (
            ? is null 
            or ?='' 
            or exists(select
                s1_0.student_id from student s1_0 
            where
                s1_0.student_id=a1_0.student_id 
                and s1_0.class_name=?)
        )
2026-06-02 09:58:32.687 [http-nio-8080-exec-2] DEBUG org.hibernate.SQL - 
    select
        count_big(a1_0.id) 
    from
        attendance a1_0 
    where
        a1_0.student_status=? 
        and a1_0.check_in_time between ? and ? 
        and (
            ? is null 
            or a1_0.course_id=?
        ) 
        and (
            ? is null 
            or ?='' 
            or exists(select
                s1_0.student_id from student s1_0 
            where
                s1_0.student_id=a1_0.student_id 
                and s1_0.class_name=?)
        )
2026-06-02 09:58:32.692 [http-nio-8080-exec-2] DEBUG org.hibernate.SQL - 
    select
        count_big(a1_0.id) 
    from
        attendance a1_0 
    where
        a1_0.student_status=? 
        and a1_0.check_in_time between ? and ? 
        and (
            ? is null 
            or a1_0.course_id=?
        ) 
        and (
            ? is null 
            or ?='' 
            or exists(select
                s1_0.student_id from student s1_0 
            where
                s1_0.student_id=a1_0.student_id 
                and s1_0.class_name=?)
        )
2026-06-02 09:58:32.695 [http-nio-8080-exec-2] DEBUG org.hibernate.SQL - 
    select
        count_big(a1_0.id) 
    from
        attendance a1_0 
    where
        a1_0.student_status=? 
        and a1_0.check_in_time between ? and ? 
        and (
            ? is null 
            or a1_0.course_id=?
        ) 
        and (
            ? is null 
            or ?='' 
            or exists(select
                s1_0.student_id from student s1_0 
            where
                s1_0.student_id=a1_0.student_id 
                and s1_0.class_name=?)
        )
2026-06-02 09:58:32.698 [http-nio-8080-exec-2] DEBUG org.hibernate.SQL - 
    select
        count_big(a1_0.id) 
    from
        attendance a1_0 
    where
        a1_0.student_status=? 
        and a1_0.check_in_time between ? and ? 
        and (
            ? is null 
            or a1_0.course_id=?
        ) 
        and (
            ? is null 
            or ?='' 
            or exists(select
                s1_0.student_id from student s1_0 
            where
                s1_0.student_id=a1_0.student_id 
                and s1_0.class_name=?)
        )
2026-06-02 09:58:32.704 [http-nio-8080-exec-2] DEBUG org.hibernate.SQL - 
    select
        count_big(a1_0.id) 
    from
        attendance a1_0 
    where
        a1_0.student_status=? 
        and a1_0.check_in_time between ? and ? 
        and (
            ? is null 
            or a1_0.course_id=?
        ) 
        and (
            ? is null 
            or ?='' 
            or exists(select
                s1_0.student_id from student s1_0 
            where
                s1_0.student_id=a1_0.student_id 
                and s1_0.class_name=?)
        )
2026-06-02 09:58:32.706 [http-nio-8080-exec-2] DEBUG org.hibernate.SQL - 
    select
        count_big(a1_0.id) 
    from
        attendance a1_0 
    where
        a1_0.student_status=? 
        and a1_0.check_in_time between ? and ? 
        and (
            ? is null 
            or a1_0.course_id=?
        ) 
        and (
            ? is null 
            or ?='' 
            or exists(select
                s1_0.student_id from student s1_0 
            where
                s1_0.student_id=a1_0.student_id 
                and s1_0.class_name=?)
        )
2026-06-02 09:58:32.708 [http-nio-8080-exec-2] DEBUG org.hibernate.SQL - 
    select
        count_big(a1_0.id) 
    from
        attendance a1_0 
    where
        a1_0.student_status=? 
        and a1_0.check_in_time between ? and ? 
        and (
            ? is null 
            or a1_0.course_id=?
        ) 
        and (
            ? is null 
            or ?='' 
            or exists(select
                s1_0.student_id from student s1_0 
            where
                s1_0.student_id=a1_0.student_id 
                and s1_0.class_name=?)
        )
2026-06-02 09:58:32.711 [http-nio-8080-exec-2] DEBUG org.hibernate.SQL - 
    select
        count_big(a1_0.id) 
    from
        attendance a1_0 
    where
        a1_0.student_status=? 
        and a1_0.check_in_time between ? and ? 
        and (
            ? is null 
            or a1_0.course_id=?
        ) 
        and (
            ? is null 
            or ?='' 
            or exists(select
                s1_0.student_id from student s1_0 
            where
                s1_0.student_id=a1_0.student_id 
                and s1_0.class_name=?)
        )
2026-06-02 09:58:32.713 [http-nio-8080-exec-2] DEBUG org.hibernate.SQL - 
    select
        count_big(a1_0.id) 
    from
        attendance a1_0 
    where
        a1_0.student_status=? 
        and a1_0.check_in_time between ? and ? 
        and (
            ? is null 
            or a1_0.course_id=?
        ) 
        and (
            ? is null 
            or ?='' 
            or exists(select
                s1_0.student_id from student s1_0 
            where
                s1_0.student_id=a1_0.student_id 
                and s1_0.class_name=?)
        )
2026-06-02 09:58:32.715 [http-nio-8080-exec-2] DEBUG org.hibernate.SQL - 
    select
        count_big(a1_0.id) 
    from
        attendance a1_0 
    where
        a1_0.student_status=? 
        and a1_0.check_in_time between ? and ? 
        and (
            ? is null 
            or a1_0.course_id=?
        ) 
        and (
            ? is null 
            or ?='' 
            or exists(select
                s1_0.student_id from student s1_0 
            where
                s1_0.student_id=a1_0.student_id 
                and s1_0.class_name=?)
        )
2026-06-02 09:58:32.716 [http-nio-8080-exec-2] DEBUG org.hibernate.SQL - 
    select
        count_big(a1_0.id) 
    from
        attendance a1_0 
    where
        a1_0.student_status=? 
        and a1_0.check_in_time between ? and ? 
        and (
            ? is null 
            or a1_0.course_id=?
        ) 
        and (
            ? is null 
            or ?='' 
            or exists(select
                s1_0.student_id from student s1_0 
            where
                s1_0.student_id=a1_0.student_id 
                and s1_0.class_name=?)
        )
2026-06-02 09:58:32.718 [http-nio-8080-exec-2] DEBUG org.hibernate.SQL - 
    select
        count_big(a1_0.id) 
    from
        attendance a1_0 
    where
        a1_0.student_status=? 
        and a1_0.check_in_time between ? and ? 
        and (
            ? is null 
            or a1_0.course_id=?
        ) 
        and (
            ? is null 
            or ?='' 
            or exists(select
                s1_0.student_id from student s1_0 
            where
                s1_0.student_id=a1_0.student_id 
                and s1_0.class_name=?)
        )
2026-06-02 09:58:32.720 [http-nio-8080-exec-2] DEBUG org.hibernate.SQL - 
    select
        count_big(a1_0.id) 
    from
        attendance a1_0 
    where
        a1_0.student_status=? 
        and a1_0.check_in_time between ? and ? 
        and (
            ? is null 
            or a1_0.course_id=?
        ) 
        and (
            ? is null 
            or ?='' 
            or exists(select
                s1_0.student_id from student s1_0 
            where
                s1_0.student_id=a1_0.student_id 
                and s1_0.class_name=?)
        )
2026-06-02 09:58:32.722 [http-nio-8080-exec-2] DEBUG org.hibernate.SQL - 
    select
        count_big(a1_0.id) 
    from
        attendance a1_0 
    where
        a1_0.student_status=? 
        and a1_0.check_in_time between ? and ? 
        and (
            ? is null 
            or a1_0.course_id=?
        ) 
        and (
            ? is null 
            or ?='' 
            or exists(select
                s1_0.student_id from student s1_0 
            where
                s1_0.student_id=a1_0.student_id 
                and s1_0.class_name=?)
        )
2026-06-02 09:58:32.725 [http-nio-8080-exec-2] DEBUG org.hibernate.SQL - 
    select
        count_big(a1_0.id) 
    from
        attendance a1_0 
    where
        a1_0.student_status=? 
        and a1_0.check_in_time between ? and ? 
        and (
            ? is null 
            or a1_0.course_id=?
        ) 
        and (
            ? is null 
            or ?='' 
            or exists(select
                s1_0.student_id from student s1_0 
            where
                s1_0.student_id=a1_0.student_id 
                and s1_0.class_name=?)
        )
2026-06-02 09:58:32.728 [http-nio-8080-exec-2] DEBUG org.hibernate.SQL - 
    select
        count_big(a1_0.id) 
    from
        attendance a1_0 
    where
        a1_0.student_status=? 
        and a1_0.check_in_time between ? and ? 
        and (
            ? is null 
            or a1_0.course_id=?
        ) 
        and (
            ? is null 
            or ?='' 
            or exists(select
                s1_0.student_id from student s1_0 
            where
                s1_0.student_id=a1_0.student_id 
                and s1_0.class_name=?)
        )
2026-06-02 09:58:32.730 [http-nio-8080-exec-2] DEBUG org.hibernate.SQL - 
    select
        count_big(a1_0.id) 
    from
        attendance a1_0 
    where
        a1_0.student_status=? 
        and a1_0.check_in_time between ? and ? 
        and (
            ? is null 
            or a1_0.course_id=?
        ) 
        and (
            ? is null 
            or ?='' 
            or exists(select
                s1_0.student_id from student s1_0 
            where
                s1_0.student_id=a1_0.student_id 
                and s1_0.class_name=?)
        )
2026-06-02 09:58:32.733 [http-nio-8080-exec-2] DEBUG org.hibernate.SQL - 
    select
        count_big(a1_0.id) 
    from
        attendance a1_0 
    where
        a1_0.student_status=? 
        and a1_0.check_in_time between ? and ? 
        and (
            ? is null 
            or a1_0.course_id=?
        ) 
        and (
            ? is null 
            or ?='' 
            or exists(select
                s1_0.student_id from student s1_0 
            where
                s1_0.student_id=a1_0.student_id 
                and s1_0.class_name=?)
        )
2026-06-02 09:58:32.734 [http-nio-8080-exec-2] DEBUG org.hibernate.SQL - 
    select
        count_big(a1_0.id) 
    from
        attendance a1_0 
    where
        a1_0.student_status=? 
        and a1_0.check_in_time between ? and ? 
        and (
            ? is null 
            or a1_0.course_id=?
        ) 
        and (
            ? is null 
            or ?='' 
            or exists(select
                s1_0.student_id from student s1_0 
            where
                s1_0.student_id=a1_0.student_id 
                and s1_0.class_name=?)
        )
2026-06-02 09:58:32.736 [http-nio-8080-exec-2] DEBUG org.hibernate.SQL - 
    select
        count_big(a1_0.id) 
    from
        attendance a1_0 
    where
        a1_0.student_status=? 
        and a1_0.check_in_time between ? and ? 
        and (
            ? is null 
            or a1_0.course_id=?
        ) 
        and (
            ? is null 
            or ?='' 
            or exists(select
                s1_0.student_id from student s1_0 
            where
                s1_0.student_id=a1_0.student_id 
                and s1_0.class_name=?)
        )
2026-06-02 09:58:32.738 [http-nio-8080-exec-2] DEBUG org.hibernate.SQL - 
    select
        count_big(a1_0.id) 
    from
        attendance a1_0 
    where
        a1_0.student_status=? 
        and a1_0.check_in_time between ? and ? 
        and (
            ? is null 
            or a1_0.course_id=?
        ) 
        and (
            ? is null 
            or ?='' 
            or exists(select
                s1_0.student_id from student s1_0 
            where
                s1_0.student_id=a1_0.student_id 
                and s1_0.class_name=?)
        )
2026-06-02 09:58:32.739 [http-nio-8080-exec-2] DEBUG org.hibernate.SQL - 
    select
        distinct s1_0.class_name 
    from
        student s1_0 
    where
        s1_0.class_name is not null 
    order by
        s1_0.class_name
2026-06-02 09:58:32.742 [http-nio-8080-exec-2] DEBUG org.hibernate.SQL - 
    select
        count_big(a1_0.id) 
    from
        attendance a1_0 
    where
        a1_0.check_in_time between ? and ? 
        and (
            ? is null 
            or a1_0.course_id=?
        ) 
        and (
            ? is null 
            or ?='' 
            or exists(select
                s1_0.student_id from student s1_0 
            where
                s1_0.student_id=a1_0.student_id 
                and s1_0.class_name=?)
        )
2026-06-02 09:58:32.744 [http-nio-8080-exec-2] DEBUG org.hibernate.SQL - 
    select
        count_big(a1_0.id) 
    from
        attendance a1_0 
    where
        a1_0.student_status=? 
        and a1_0.check_in_time between ? and ? 
        and (
            ? is null 
            or a1_0.course_id=?
        ) 
        and (
            ? is null 
            or ?='' 
            or exists(select
                s1_0.student_id from student s1_0 
            where
                s1_0.student_id=a1_0.student_id 
                and s1_0.class_name=?)
        )
2026-06-02 09:58:32.746 [http-nio-8080-exec-2] DEBUG org.hibernate.SQL - 
    select
        count_big(a1_0.id) 
    from
        attendance a1_0 
    where
        a1_0.check_in_time between ? and ? 
        and (
            ? is null 
            or a1_0.course_id=?
        ) 
        and (
            ? is null 
            or ?='' 
            or exists(select
                s1_0.student_id from student s1_0 
            where
                s1_0.student_id=a1_0.student_id 
                and s1_0.class_name=?)
        )
2026-06-02 09:58:32.747 [http-nio-8080-exec-2] DEBUG org.hibernate.SQL - 
    select
        count_big(a1_0.id) 
    from
        attendance a1_0 
    where
        a1_0.student_status=? 
        and a1_0.check_in_time between ? and ? 
        and (
            ? is null 
            or a1_0.course_id=?
        ) 
        and (
            ? is null 
            or ?='' 
            or exists(select
                s1_0.student_id from student s1_0 
            where
                s1_0.student_id=a1_0.student_id 
                and s1_0.class_name=?)
        )
2026-06-02 09:58:32.750 [http-nio-8080-exec-2] DEBUG org.hibernate.SQL - 
    select
        count_big(a1_0.id) 
    from
        attendance a1_0 
    where
        a1_0.check_in_time between ? and ? 
        and (
            ? is null 
            or a1_0.course_id=?
        ) 
        and (
            ? is null 
            or ?='' 
            or exists(select
                s1_0.student_id from student s1_0 
            where
                s1_0.student_id=a1_0.student_id 
                and s1_0.class_name=?)
        )
2026-06-02 09:58:32.752 [http-nio-8080-exec-2] DEBUG org.hibernate.SQL - 
    select
        count_big(a1_0.id) 
    from
        attendance a1_0 
    where
        a1_0.student_status=? 
        and a1_0.check_in_time between ? and ? 
        and (
            ? is null 
            or a1_0.course_id=?
        ) 
        and (
            ? is null 
            or ?='' 
            or exists(select
                s1_0.student_id from student s1_0 
            where
                s1_0.student_id=a1_0.student_id 
                and s1_0.class_name=?)
        )
2026-06-02 09:58:32.774 [http-nio-8080-exec-2] DEBUG org.hibernate.SQL - 
    select
        count_big(a1_0.id) 
    from
        attendance a1_0 
    where
        a1_0.check_in_time between ? and ? 
        and (
            ? is null 
            or a1_0.course_id=?
        ) 
        and (
            ? is null 
            or ?='' 
            or exists(select
                s1_0.student_id from student s1_0 
            where
                s1_0.student_id=a1_0.student_id 
                and s1_0.class_name=?)
        )
2026-06-02 09:58:32.786 [http-nio-8080-exec-2] DEBUG org.hibernate.SQL - 
    select
        count_big(a1_0.id) 
    from
        attendance a1_0 
    where
        a1_0.student_status=? 
        and a1_0.check_in_time between ? and ? 
        and (
            ? is null 
            or a1_0.course_id=?
        ) 
        and (
            ? is null 
            or ?='' 
            or exists(select
                s1_0.student_id from student s1_0 
            where
                s1_0.student_id=a1_0.student_id 
                and s1_0.class_name=?)
        )
2026-06-02 09:58:32.797 [http-nio-8080-exec-2] DEBUG org.hibernate.SQL - 
    select
        count_big(a1_0.id) 
    from
        attendance a1_0 
    where
        a1_0.check_in_time between ? and ? 
        and (
            ? is null 
            or a1_0.course_id=?
        ) 
        and (
            ? is null 
            or ?='' 
            or exists(select
                s1_0.student_id from student s1_0 
            where
                s1_0.student_id=a1_0.student_id 
                and s1_0.class_name=?)
        )
2026-06-02 09:58:32.801 [http-nio-8080-exec-2] DEBUG org.hibernate.SQL - 
    select
        count_big(a1_0.id) 
    from
        attendance a1_0 
    where
        a1_0.student_status=? 
        and a1_0.check_in_time between ? and ? 
        and (
            ? is null 
            or a1_0.course_id=?
        ) 
        and (
            ? is null 
            or ?='' 
            or exists(select
                s1_0.student_id from student s1_0 
            where
                s1_0.student_id=a1_0.student_id 
                and s1_0.class_name=?)
        )
2026-06-02 09:58:32.801 [http-nio-8080-exec-2] DEBUG org.hibernate.SQL - 
    select
        a1_0.course_id,
        c1_0.course_name,
        count_big(a1_0.id) 
    from
        attendance a1_0 
    left join
        course c1_0 
            on a1_0.course_id=c1_0.course_id 
    where
        a1_0.check_in_time between ? and ? 
        and (
            ? is null 
            or ?='' 
            or exists(select
                s1_0.student_id from student s1_0 
            where
                s1_0.student_id=a1_0.student_id 
                and s1_0.class_name=?)
        ) 
    group by
        a1_0.course_id,
        c1_0.course_name 
    order by
        count_big(a1_0.id) desc
2026-06-02 09:58:49.444 [http-nio-8080-exec-5] DEBUG org.hibernate.SQL - 
    select
        u1_0.id,
        u1_0.class_name,
        u1_0.create_time,
        u1_0.gender,
        u1_0.real_name,
        u1_0.username,
        u1_0.userpassword,
        u1_0.userrole 
    from
        my_user u1_0 
    where
        u1_0.username=?
2026-06-02 09:58:49.454 [http-nio-8080-exec-5] DEBUG org.hibernate.SQL - 
    select
        c1_0.id,
        c1_0.class_name,
        c1_0.course_id,
        c1_0.course_name,
        c1_0.create_time,
        c1_0.location,
        c1_0.teacher_id,
        c1_0.teacher_name,
        c1_0.time_slot,
        c1_0.week_day 
    from
        course c1_0
2026-06-02 09:58:49.458 [http-nio-8080-exec-5] DEBUG org.hibernate.SQL - 
    select
        count_big(*) 
    from
        student s1_0
2026-06-02 09:58:49.460 [http-nio-8080-exec-5] DEBUG org.hibernate.SQL - 
    select
        count_big(u1_0.id) 
    from
        my_user u1_0 
    where
        upper(u1_0.userrole)=upper(?)
2026-06-02 09:58:49.462 [http-nio-8080-exec-5] DEBUG org.hibernate.SQL - 
    select
        count_big(*) 
    from
        course c1_0
2026-06-02 09:58:49.468 [http-nio-8080-exec-5] DEBUG org.hibernate.SQL - 
    select
        a1_0.id,
        a1_0.check_in_time,
        a1_0.course_id,
        a1_0.create_time,
        a1_0.ip_address,
        a1_0.reason,
        a1_0.sign_in_id,
        a1_0.student_id,
        a1_0.student_name,
        a1_0.student_status,
        a1_0.update_time 
    from
        attendance a1_0 
    where
        a1_0.course_id=?
2026-06-02 09:58:49.471 [http-nio-8080-exec-5] DEBUG org.hibernate.SQL - 
    select
        a1_0.id,
        a1_0.check_in_time,
        a1_0.course_id,
        a1_0.create_time,
        a1_0.ip_address,
        a1_0.reason,
        a1_0.sign_in_id,
        a1_0.student_id,
        a1_0.student_name,
        a1_0.student_status,
        a1_0.update_time 
    from
        attendance a1_0 
    where
        a1_0.course_id=?
2026-06-02 09:58:49.475 [http-nio-8080-exec-5] DEBUG org.hibernate.SQL - 
    select
        a1_0.id,
        a1_0.check_in_time,
        a1_0.course_id,
        a1_0.create_time,
        a1_0.ip_address,
        a1_0.reason,
        a1_0.sign_in_id,
        a1_0.student_id,
        a1_0.student_name,
        a1_0.student_status,
        a1_0.update_time 
    from
        attendance a1_0 
    where
        a1_0.course_id=?
2026-06-02 10:07:43.908 [http-nio-8080-exec-9] DEBUG org.hibernate.SQL - 
    select
        u1_0.id,
        u1_0.class_name,
        u1_0.create_time,
        u1_0.gender,
        u1_0.real_name,
        u1_0.username,
        u1_0.userpassword,
        u1_0.userrole 
    from
        my_user u1_0 
    where
        u1_0.username=?
2026-06-02 10:07:43.943 [http-nio-8080-exec-9] DEBUG org.hibernate.SQL - 
    select
        c1_0.id,
        c1_0.class_name,
        c1_0.course_id,
        c1_0.course_name,
        c1_0.create_time,
        c1_0.location,
        c1_0.teacher_id,
        c1_0.teacher_name,
        c1_0.time_slot,
        c1_0.week_day 
    from
        course c1_0
2026-06-02 10:07:43.957 [http-nio-8080-exec-9] DEBUG org.hibernate.SQL - 
    select
        count_big(*) 
    from
        student s1_0
2026-06-02 10:07:43.964 [http-nio-8080-exec-9] DEBUG org.hibernate.SQL - 
    select
        count_big(u1_0.id) 
    from
        my_user u1_0 
    where
        upper(u1_0.userrole)=upper(?)
2026-06-02 10:07:43.969 [http-nio-8080-exec-9] DEBUG org.hibernate.SQL - 
    select
        count_big(*) 
    from
        course c1_0
2026-06-02 10:07:43.975 [http-nio-8080-exec-9] DEBUG org.hibernate.SQL - 
    select
        a1_0.id,
        a1_0.check_in_time,
        a1_0.course_id,
        a1_0.create_time,
        a1_0.ip_address,
        a1_0.reason,
        a1_0.sign_in_id,
        a1_0.student_id,
        a1_0.student_name,
        a1_0.student_status,
        a1_0.update_time 
    from
        attendance a1_0 
    where
        a1_0.course_id=?
2026-06-02 10:07:43.983 [http-nio-8080-exec-9] DEBUG org.hibernate.SQL - 
    select
        a1_0.id,
        a1_0.check_in_time,
        a1_0.course_id,
        a1_0.create_time,
        a1_0.ip_address,
        a1_0.reason,
        a1_0.sign_in_id,
        a1_0.student_id,
        a1_0.student_name,
        a1_0.student_status,
        a1_0.update_time 
    from
        attendance a1_0 
    where
        a1_0.course_id=?
2026-06-02 10:07:43.985 [http-nio-8080-exec-9] DEBUG org.hibernate.SQL - 
    select
        a1_0.id,
        a1_0.check_in_time,
        a1_0.course_id,
        a1_0.create_time,
        a1_0.ip_address,
        a1_0.reason,
        a1_0.sign_in_id,
        a1_0.student_id,
        a1_0.student_name,
        a1_0.student_status,
        a1_0.update_time 
    from
        attendance a1_0 
    where
        a1_0.course_id=?
2026-06-02 10:07:44.564 [http-nio-8080-exec-1] DEBUG org.hibernate.SQL - 
    select
        u1_0.id,
        u1_0.class_name,
        u1_0.create_time,
        u1_0.gender,
        u1_0.real_name,
        u1_0.username,
        u1_0.userpassword,
        u1_0.userrole 
    from
        my_user u1_0 
    where
        u1_0.username=?
2026-06-02 10:07:44.569 [http-nio-8080-exec-1] DEBUG org.hibernate.SQL - 
    select
        c1_0.id,
        c1_0.class_name,
        c1_0.course_id,
        c1_0.course_name,
        c1_0.create_time,
        c1_0.location,
        c1_0.teacher_id,
        c1_0.teacher_name,
        c1_0.time_slot,
        c1_0.week_day 
    from
        course c1_0
2026-06-02 10:07:44.573 [http-nio-8080-exec-1] DEBUG org.hibernate.SQL - 
    select
        count_big(*) 
    from
        student s1_0
2026-06-02 10:07:44.576 [http-nio-8080-exec-1] DEBUG org.hibernate.SQL - 
    select
        count_big(u1_0.id) 
    from
        my_user u1_0 
    where
        upper(u1_0.userrole)=upper(?)
2026-06-02 10:07:44.580 [http-nio-8080-exec-1] DEBUG org.hibernate.SQL - 
    select
        count_big(*) 
    from
        course c1_0
2026-06-02 10:07:44.583 [http-nio-8080-exec-1] DEBUG org.hibernate.SQL - 
    select
        a1_0.id,
        a1_0.check_in_time,
        a1_0.course_id,
        a1_0.create_time,
        a1_0.ip_address,
        a1_0.reason,
        a1_0.sign_in_id,
        a1_0.student_id,
        a1_0.student_name,
        a1_0.student_status,
        a1_0.update_time 
    from
        attendance a1_0 
    where
        a1_0.course_id=?
2026-06-02 10:07:44.589 [http-nio-8080-exec-1] DEBUG org.hibernate.SQL - 
    select
        a1_0.id,
        a1_0.check_in_time,
        a1_0.course_id,
        a1_0.create_time,
        a1_0.ip_address,
        a1_0.reason,
        a1_0.sign_in_id,
        a1_0.student_id,
        a1_0.student_name,
        a1_0.student_status,
        a1_0.update_time 
    from
        attendance a1_0 
    where
        a1_0.course_id=?
2026-06-02 10:07:44.593 [http-nio-8080-exec-1] DEBUG org.hibernate.SQL - 
    select
        a1_0.id,
        a1_0.check_in_time,
        a1_0.course_id,
        a1_0.create_time,
        a1_0.ip_address,
        a1_0.reason,
        a1_0.sign_in_id,
        a1_0.student_id,
        a1_0.student_name,
        a1_0.student_status,
        a1_0.update_time 
    from
        attendance a1_0 
    where
        a1_0.course_id=?
2026-06-02 10:07:45.106 [http-nio-8080-exec-3] DEBUG org.hibernate.SQL - 
    select
        u1_0.id,
        u1_0.class_name,
        u1_0.create_time,
        u1_0.gender,
        u1_0.real_name,
        u1_0.username,
        u1_0.userpassword,
        u1_0.userrole 
    from
        my_user u1_0 
    where
        u1_0.username=?
2026-06-02 10:07:45.112 [http-nio-8080-exec-3] DEBUG org.hibernate.SQL - 
    select
        c1_0.id,
        c1_0.class_name,
        c1_0.course_id,
        c1_0.course_name,
        c1_0.create_time,
        c1_0.location,
        c1_0.teacher_id,
        c1_0.teacher_name,
        c1_0.time_slot,
        c1_0.week_day 
    from
        course c1_0
2026-06-02 10:07:45.116 [http-nio-8080-exec-3] DEBUG org.hibernate.SQL - 
    select
        count_big(*) 
    from
        student s1_0
2026-06-02 10:07:45.124 [http-nio-8080-exec-3] DEBUG org.hibernate.SQL - 
    select
        count_big(u1_0.id) 
    from
        my_user u1_0 
    where
        upper(u1_0.userrole)=upper(?)
2026-06-02 10:07:45.126 [http-nio-8080-exec-3] DEBUG org.hibernate.SQL - 
    select
        count_big(*) 
    from
        course c1_0
2026-06-02 10:07:45.128 [http-nio-8080-exec-3] DEBUG org.hibernate.SQL - 
    select
        a1_0.id,
        a1_0.check_in_time,
        a1_0.course_id,
        a1_0.create_time,
        a1_0.ip_address,
        a1_0.reason,
        a1_0.sign_in_id,
        a1_0.student_id,
        a1_0.student_name,
        a1_0.student_status,
        a1_0.update_time 
    from
        attendance a1_0 
    where
        a1_0.course_id=?
2026-06-02 10:07:45.131 [http-nio-8080-exec-3] DEBUG org.hibernate.SQL - 
    select
        a1_0.id,
        a1_0.check_in_time,
        a1_0.course_id,
        a1_0.create_time,
        a1_0.ip_address,
        a1_0.reason,
        a1_0.sign_in_id,
        a1_0.student_id,
        a1_0.student_name,
        a1_0.student_status,
        a1_0.update_time 
    from
        attendance a1_0 
    where
        a1_0.course_id=?
2026-06-02 10:07:45.137 [http-nio-8080-exec-3] DEBUG org.hibernate.SQL - 
    select
        a1_0.id,
        a1_0.check_in_time,
        a1_0.course_id,
        a1_0.create_time,
        a1_0.ip_address,
        a1_0.reason,
        a1_0.sign_in_id,
        a1_0.student_id,
        a1_0.student_name,
        a1_0.student_status,
        a1_0.update_time 
    from
        attendance a1_0 
    where
        a1_0.course_id=?
2026-06-02 10:07:55.358 [http-nio-8080-exec-5] DEBUG org.hibernate.SQL - 
    select
        u1_0.id,
        u1_0.class_name,
        u1_0.create_time,
        u1_0.gender,
        u1_0.real_name,
        u1_0.username,
        u1_0.userpassword,
        u1_0.userrole 
    from
        my_user u1_0 
    where
        u1_0.username=?
2026-06-02 10:07:55.361 [http-nio-8080-exec-5] DEBUG org.hibernate.SQL - 
    select
        c1_0.id,
        c1_0.class_name,
        c1_0.course_id,
        c1_0.course_name,
        c1_0.create_time,
        c1_0.location,
        c1_0.teacher_id,
        c1_0.teacher_name,
        c1_0.time_slot,
        c1_0.week_day 
    from
        course c1_0
2026-06-02 10:07:55.373 [http-nio-8080-exec-5] DEBUG org.hibernate.SQL - 
    select
        count_big(*) 
    from
        student s1_0
2026-06-02 10:07:55.378 [http-nio-8080-exec-5] DEBUG org.hibernate.SQL - 
    select
        count_big(u1_0.id) 
    from
        my_user u1_0 
    where
        upper(u1_0.userrole)=upper(?)
2026-06-02 10:07:55.386 [http-nio-8080-exec-5] DEBUG org.hibernate.SQL - 
    select
        count_big(*) 
    from
        course c1_0
2026-06-02 10:07:55.389 [http-nio-8080-exec-5] DEBUG org.hibernate.SQL - 
    select
        a1_0.id,
        a1_0.check_in_time,
        a1_0.course_id,
        a1_0.create_time,
        a1_0.ip_address,
        a1_0.reason,
        a1_0.sign_in_id,
        a1_0.student_id,
        a1_0.student_name,
        a1_0.student_status,
        a1_0.update_time 
    from
        attendance a1_0 
    where
        a1_0.course_id=?
2026-06-02 10:07:55.392 [http-nio-8080-exec-5] DEBUG org.hibernate.SQL - 
    select
        a1_0.id,
        a1_0.check_in_time,
        a1_0.course_id,
        a1_0.create_time,
        a1_0.ip_address,
        a1_0.reason,
        a1_0.sign_in_id,
        a1_0.student_id,
        a1_0.student_name,
        a1_0.student_status,
        a1_0.update_time 
    from
        attendance a1_0 
    where
        a1_0.course_id=?
2026-06-02 10:07:55.394 [http-nio-8080-exec-5] DEBUG org.hibernate.SQL - 
    select
        a1_0.id,
        a1_0.check_in_time,
        a1_0.course_id,
        a1_0.create_time,
        a1_0.ip_address,
        a1_0.reason,
        a1_0.sign_in_id,
        a1_0.student_id,
        a1_0.student_name,
        a1_0.student_status,
        a1_0.update_time 
    from
        attendance a1_0 
    where
        a1_0.course_id=?
2026-06-02 10:07:55.777 [http-nio-8080-exec-7] DEBUG org.hibernate.SQL - 
    select
        u1_0.id,
        u1_0.class_name,
        u1_0.create_time,
        u1_0.gender,
        u1_0.real_name,
        u1_0.username,
        u1_0.userpassword,
        u1_0.userrole 
    from
        my_user u1_0 
    where
        u1_0.username=?
2026-06-02 10:07:55.786 [http-nio-8080-exec-7] DEBUG org.hibernate.SQL - 
    select
        c1_0.id,
        c1_0.class_name,
        c1_0.course_id,
        c1_0.course_name,
        c1_0.create_time,
        c1_0.location,
        c1_0.teacher_id,
        c1_0.teacher_name,
        c1_0.time_slot,
        c1_0.week_day 
    from
        course c1_0
2026-06-02 10:07:55.791 [http-nio-8080-exec-7] DEBUG org.hibernate.SQL - 
    select
        count_big(*) 
    from
        student s1_0
2026-06-02 10:07:55.794 [http-nio-8080-exec-7] DEBUG org.hibernate.SQL - 
    select
        count_big(u1_0.id) 
    from
        my_user u1_0 
    where
        upper(u1_0.userrole)=upper(?)
2026-06-02 10:07:55.797 [http-nio-8080-exec-7] DEBUG org.hibernate.SQL - 
    select
        count_big(*) 
    from
        course c1_0
2026-06-02 10:07:55.799 [http-nio-8080-exec-7] DEBUG org.hibernate.SQL - 
    select
        a1_0.id,
        a1_0.check_in_time,
        a1_0.course_id,
        a1_0.create_time,
        a1_0.ip_address,
        a1_0.reason,
        a1_0.sign_in_id,
        a1_0.student_id,
        a1_0.student_name,
        a1_0.student_status,
        a1_0.update_time 
    from
        attendance a1_0 
    where
        a1_0.course_id=?
2026-06-02 10:07:55.802 [http-nio-8080-exec-7] DEBUG org.hibernate.SQL - 
    select
        a1_0.id,
        a1_0.check_in_time,
        a1_0.course_id,
        a1_0.create_time,
        a1_0.ip_address,
        a1_0.reason,
        a1_0.sign_in_id,
        a1_0.student_id,
        a1_0.student_name,
        a1_0.student_status,
        a1_0.update_time 
    from
        attendance a1_0 
    where
        a1_0.course_id=?
2026-06-02 10:07:55.803 [http-nio-8080-exec-7] DEBUG org.hibernate.SQL - 
    select
        a1_0.id,
        a1_0.check_in_time,
        a1_0.course_id,
        a1_0.create_time,
        a1_0.ip_address,
        a1_0.reason,
        a1_0.sign_in_id,
        a1_0.student_id,
        a1_0.student_name,
        a1_0.student_status,
        a1_0.update_time 
    from
        attendance a1_0 
    where
        a1_0.course_id=?
2026-06-02 10:07:56.172 [http-nio-8080-exec-9] DEBUG org.hibernate.SQL - 
    select
        u1_0.id,
        u1_0.class_name,
        u1_0.create_time,
        u1_0.gender,
        u1_0.real_name,
        u1_0.username,
        u1_0.userpassword,
        u1_0.userrole 
    from
        my_user u1_0 
    where
        u1_0.username=?
2026-06-02 10:07:56.176 [http-nio-8080-exec-9] DEBUG org.hibernate.SQL - 
    select
        c1_0.id,
        c1_0.class_name,
        c1_0.course_id,
        c1_0.course_name,
        c1_0.create_time,
        c1_0.location,
        c1_0.teacher_id,
        c1_0.teacher_name,
        c1_0.time_slot,
        c1_0.week_day 
    from
        course c1_0
2026-06-02 10:07:56.181 [http-nio-8080-exec-9] DEBUG org.hibernate.SQL - 
    select
        count_big(*) 
    from
        student s1_0
2026-06-02 10:07:56.185 [http-nio-8080-exec-9] DEBUG org.hibernate.SQL - 
    select
        count_big(u1_0.id) 
    from
        my_user u1_0 
    where
        upper(u1_0.userrole)=upper(?)
2026-06-02 10:07:56.185 [http-nio-8080-exec-9] DEBUG org.hibernate.SQL - 
    select
        count_big(*) 
    from
        course c1_0
2026-06-02 10:07:56.191 [http-nio-8080-exec-9] DEBUG org.hibernate.SQL - 
    select
        a1_0.id,
        a1_0.check_in_time,
        a1_0.course_id,
        a1_0.create_time,
        a1_0.ip_address,
        a1_0.reason,
        a1_0.sign_in_id,
        a1_0.student_id,
        a1_0.student_name,
        a1_0.student_status,
        a1_0.update_time 
    from
        attendance a1_0 
    where
        a1_0.course_id=?
2026-06-02 10:07:56.193 [http-nio-8080-exec-9] DEBUG org.hibernate.SQL - 
    select
        a1_0.id,
        a1_0.check_in_time,
        a1_0.course_id,
        a1_0.create_time,
        a1_0.ip_address,
        a1_0.reason,
        a1_0.sign_in_id,
        a1_0.student_id,
        a1_0.student_name,
        a1_0.student_status,
        a1_0.update_time 
    from
        attendance a1_0 
    where
        a1_0.course_id=?
2026-06-02 10:07:56.194 [http-nio-8080-exec-9] DEBUG org.hibernate.SQL - 
    select
        a1_0.id,
        a1_0.check_in_time,
        a1_0.course_id,
        a1_0.create_time,
        a1_0.ip_address,
        a1_0.reason,
        a1_0.sign_in_id,
        a1_0.student_id,
        a1_0.student_name,
        a1_0.student_status,
        a1_0.update_time 
    from
        attendance a1_0 
    where
        a1_0.course_id=?
2026-06-02 10:08:12.033 [http-nio-8080-exec-8] DEBUG org.hibernate.SQL - 
    select
        u1_0.id,
        u1_0.class_name,
        u1_0.create_time,
        u1_0.gender,
        u1_0.real_name,
        u1_0.username,
        u1_0.userpassword,
        u1_0.userrole 
    from
        my_user u1_0 
    where
        u1_0.username=?
2026-06-02 10:08:13.776 [http-nio-8080-exec-4] DEBUG org.hibernate.SQL - 
    select
        u1_0.id,
        u1_0.class_name,
        u1_0.create_time,
        u1_0.gender,
        u1_0.real_name,
        u1_0.username,
        u1_0.userpassword,
        u1_0.userrole 
    from
        my_user u1_0 
    where
        u1_0.username=?
2026-06-02 10:08:13.780 [http-nio-8080-exec-4] DEBUG org.hibernate.SQL - 
    select
        c1_0.id,
        c1_0.class_name,
        c1_0.course_id,
        c1_0.course_name,
        c1_0.create_time,
        c1_0.location,
        c1_0.teacher_id,
        c1_0.teacher_name,
        c1_0.time_slot,
        c1_0.week_day 
    from
        course c1_0
2026-06-02 10:08:13.790 [http-nio-8080-exec-4] DEBUG org.hibernate.SQL - 
    select
        count_big(*) 
    from
        student s1_0
2026-06-02 10:08:13.804 [http-nio-8080-exec-4] DEBUG org.hibernate.SQL - 
    select
        count_big(u1_0.id) 
    from
        my_user u1_0 
    where
        upper(u1_0.userrole)=upper(?)
2026-06-02 10:08:13.807 [http-nio-8080-exec-4] DEBUG org.hibernate.SQL - 
    select
        count_big(*) 
    from
        course c1_0
2026-06-02 10:08:13.808 [http-nio-8080-exec-4] DEBUG org.hibernate.SQL - 
    select
        a1_0.id,
        a1_0.check_in_time,
        a1_0.course_id,
        a1_0.create_time,
        a1_0.ip_address,
        a1_0.reason,
        a1_0.sign_in_id,
        a1_0.student_id,
        a1_0.student_name,
        a1_0.student_status,
        a1_0.update_time 
    from
        attendance a1_0 
    where
        a1_0.course_id=?
2026-06-02 10:08:13.810 [http-nio-8080-exec-4] DEBUG org.hibernate.SQL - 
    select
        a1_0.id,
        a1_0.check_in_time,
        a1_0.course_id,
        a1_0.create_time,
        a1_0.ip_address,
        a1_0.reason,
        a1_0.sign_in_id,
        a1_0.student_id,
        a1_0.student_name,
        a1_0.student_status,
        a1_0.update_time 
    from
        attendance a1_0 
    where
        a1_0.course_id=?
2026-06-02 10:08:13.812 [http-nio-8080-exec-4] DEBUG org.hibernate.SQL - 
    select
        a1_0.id,
        a1_0.check_in_time,
        a1_0.course_id,
        a1_0.create_time,
        a1_0.ip_address,
        a1_0.reason,
        a1_0.sign_in_id,
        a1_0.student_id,
        a1_0.student_name,
        a1_0.student_status,
        a1_0.update_time 
    from
        attendance a1_0 
    where
        a1_0.course_id=?
2026-06-02 10:08:20.097 [http-nio-8080-exec-2] DEBUG org.hibernate.SQL - 
    select
        c1_0.id,
        c1_0.class_name,
        c1_0.course_id,
        c1_0.course_name,
        c1_0.create_time,
        c1_0.location,
        c1_0.teacher_id,
        c1_0.teacher_name,
        c1_0.time_slot,
        c1_0.week_day 
    from
        course c1_0
2026-06-02 10:08:20.105 [http-nio-8080-exec-3] DEBUG org.hibernate.SQL - 
    select
        distinct s1_0.class_name 
    from
        student s1_0 
    where
        s1_0.class_name is not null 
    order by
        s1_0.class_name
2026-06-02 10:08:20.116 [http-nio-8080-exec-10] DEBUG org.hibernate.SQL - 
    select
        u1_0.id,
        u1_0.class_name,
        u1_0.create_time,
        u1_0.gender,
        u1_0.real_name,
        u1_0.username,
        u1_0.userpassword,
        u1_0.userrole 
    from
        my_user u1_0 
    where
        u1_0.username=?
2026-06-02 10:08:20.120 [http-nio-8080-exec-10] DEBUG org.hibernate.SQL - 
    select
        count_big(*) 
    from
        student s1_0
2026-06-02 10:08:20.124 [http-nio-8080-exec-10] DEBUG org.hibernate.SQL - 
    select
        count_big(a1_0.id) 
    from
        attendance a1_0 
    where
        a1_0.check_in_time between ? and ? 
        and (
            ? is null 
            or a1_0.course_id=?
        ) 
        and (
            ? is null 
            or ?='' 
            or exists(select
                s1_0.student_id from student s1_0 
            where
                s1_0.student_id=a1_0.student_id 
                and s1_0.class_name=?)
        )
2026-06-02 10:08:20.147 [http-nio-8080-exec-10] DEBUG org.hibernate.SQL - 
    select
        count_big(a1_0.id) 
    from
        attendance a1_0 
    where
        a1_0.student_status=? 
        and a1_0.check_in_time between ? and ? 
        and (
            ? is null 
            or a1_0.course_id=?
        ) 
        and (
            ? is null 
            or ?='' 
            or exists(select
                s1_0.student_id from student s1_0 
            where
                s1_0.student_id=a1_0.student_id 
                and s1_0.class_name=?)
        )
2026-06-02 10:08:20.181 [http-nio-8080-exec-10] DEBUG org.hibernate.SQL - 
    select
        count_big(a1_0.id) 
    from
        attendance a1_0 
    where
        a1_0.student_status=? 
        and a1_0.check_in_time between ? and ? 
        and (
            ? is null 
            or a1_0.course_id=?
        ) 
        and (
            ? is null 
            or ?='' 
            or exists(select
                s1_0.student_id from student s1_0 
            where
                s1_0.student_id=a1_0.student_id 
                and s1_0.class_name=?)
        )
2026-06-02 10:08:20.183 [http-nio-8080-exec-10] DEBUG org.hibernate.SQL - 
    select
        count_big(a1_0.id) 
    from
        attendance a1_0 
    where
        a1_0.student_status=? 
        and a1_0.check_in_time between ? and ? 
        and (
            ? is null 
            or a1_0.course_id=?
        ) 
        and (
            ? is null 
            or ?='' 
            or exists(select
                s1_0.student_id from student s1_0 
            where
                s1_0.student_id=a1_0.student_id 
                and s1_0.class_name=?)
        )
2026-06-02 10:08:20.186 [http-nio-8080-exec-10] DEBUG org.hibernate.SQL - 
    select
        count_big(a1_0.id) 
    from
        attendance a1_0 
    where
        a1_0.student_status=? 
        and a1_0.check_in_time between ? and ? 
        and (
            ? is null 
            or a1_0.course_id=?
        ) 
        and (
            ? is null 
            or ?='' 
            or exists(select
                s1_0.student_id from student s1_0 
            where
                s1_0.student_id=a1_0.student_id 
                and s1_0.class_name=?)
        )
2026-06-02 10:08:20.190 [http-nio-8080-exec-10] DEBUG org.hibernate.SQL - 
    select
        count_big(a1_0.id) 
    from
        attendance a1_0 
    where
        a1_0.student_status=? 
        and a1_0.check_in_time between ? and ? 
        and (
            ? is null 
            or a1_0.course_id=?
        ) 
        and (
            ? is null 
            or ?='' 
            or exists(select
                s1_0.student_id from student s1_0 
            where
                s1_0.student_id=a1_0.student_id 
                and s1_0.class_name=?)
        )
2026-06-02 10:08:20.193 [http-nio-8080-exec-10] DEBUG org.hibernate.SQL - 
    select
        count_big(a1_0.id) 
    from
        attendance a1_0 
    where
        a1_0.student_status=? 
        and a1_0.check_in_time between ? and ? 
        and (
            ? is null 
            or a1_0.course_id=?
        ) 
        and (
            ? is null 
            or ?='' 
            or exists(select
                s1_0.student_id from student s1_0 
            where
                s1_0.student_id=a1_0.student_id 
                and s1_0.class_name=?)
        )
2026-06-02 10:08:20.194 [http-nio-8080-exec-10] DEBUG org.hibernate.SQL - 
    select
        count_big(a1_0.id) 
    from
        attendance a1_0 
    where
        a1_0.student_status=? 
        and a1_0.check_in_time between ? and ? 
        and (
            ? is null 
            or a1_0.course_id=?
        ) 
        and (
            ? is null 
            or ?='' 
            or exists(select
                s1_0.student_id from student s1_0 
            where
                s1_0.student_id=a1_0.student_id 
                and s1_0.class_name=?)
        )
2026-06-02 10:08:20.196 [http-nio-8080-exec-10] DEBUG org.hibernate.SQL - 
    select
        count_big(a1_0.id) 
    from
        attendance a1_0 
    where
        a1_0.student_status=? 
        and a1_0.check_in_time between ? and ? 
        and (
            ? is null 
            or a1_0.course_id=?
        ) 
        and (
            ? is null 
            or ?='' 
            or exists(select
                s1_0.student_id from student s1_0 
            where
                s1_0.student_id=a1_0.student_id 
                and s1_0.class_name=?)
        )
2026-06-02 10:08:20.198 [http-nio-8080-exec-10] DEBUG org.hibernate.SQL - 
    select
        count_big(a1_0.id) 
    from
        attendance a1_0 
    where
        a1_0.student_status=? 
        and a1_0.check_in_time between ? and ? 
        and (
            ? is null 
            or a1_0.course_id=?
        ) 
        and (
            ? is null 
            or ?='' 
            or exists(select
                s1_0.student_id from student s1_0 
            where
                s1_0.student_id=a1_0.student_id 
                and s1_0.class_name=?)
        )
2026-06-02 10:08:20.199 [http-nio-8080-exec-10] DEBUG org.hibernate.SQL - 
    select
        count_big(a1_0.id) 
    from
        attendance a1_0 
    where
        a1_0.student_status=? 
        and a1_0.check_in_time between ? and ? 
        and (
            ? is null 
            or a1_0.course_id=?
        ) 
        and (
            ? is null 
            or ?='' 
            or exists(select
                s1_0.student_id from student s1_0 
            where
                s1_0.student_id=a1_0.student_id 
                and s1_0.class_name=?)
        )
2026-06-02 10:08:20.201 [http-nio-8080-exec-10] DEBUG org.hibernate.SQL - 
    select
        count_big(a1_0.id) 
    from
        attendance a1_0 
    where
        a1_0.student_status=? 
        and a1_0.check_in_time between ? and ? 
        and (
            ? is null 
            or a1_0.course_id=?
        ) 
        and (
            ? is null 
            or ?='' 
            or exists(select
                s1_0.student_id from student s1_0 
            where
                s1_0.student_id=a1_0.student_id 
                and s1_0.class_name=?)
        )
2026-06-02 10:08:20.204 [http-nio-8080-exec-10] DEBUG org.hibernate.SQL - 
    select
        count_big(a1_0.id) 
    from
        attendance a1_0 
    where
        a1_0.student_status=? 
        and a1_0.check_in_time between ? and ? 
        and (
            ? is null 
            or a1_0.course_id=?
        ) 
        and (
            ? is null 
            or ?='' 
            or exists(select
                s1_0.student_id from student s1_0 
            where
                s1_0.student_id=a1_0.student_id 
                and s1_0.class_name=?)
        )
2026-06-02 10:08:20.206 [http-nio-8080-exec-10] DEBUG org.hibernate.SQL - 
    select
        count_big(a1_0.id) 
    from
        attendance a1_0 
    where
        a1_0.student_status=? 
        and a1_0.check_in_time between ? and ? 
        and (
            ? is null 
            or a1_0.course_id=?
        ) 
        and (
            ? is null 
            or ?='' 
            or exists(select
                s1_0.student_id from student s1_0 
            where
                s1_0.student_id=a1_0.student_id 
                and s1_0.class_name=?)
        )
2026-06-02 10:08:20.208 [http-nio-8080-exec-10] DEBUG org.hibernate.SQL - 
    select
        count_big(a1_0.id) 
    from
        attendance a1_0 
    where
        a1_0.student_status=? 
        and a1_0.check_in_time between ? and ? 
        and (
            ? is null 
            or a1_0.course_id=?
        ) 
        and (
            ? is null 
            or ?='' 
            or exists(select
                s1_0.student_id from student s1_0 
            where
                s1_0.student_id=a1_0.student_id 
                and s1_0.class_name=?)
        )
2026-06-02 10:08:20.211 [http-nio-8080-exec-10] DEBUG org.hibernate.SQL - 
    select
        count_big(a1_0.id) 
    from
        attendance a1_0 
    where
        a1_0.student_status=? 
        and a1_0.check_in_time between ? and ? 
        and (
            ? is null 
            or a1_0.course_id=?
        ) 
        and (
            ? is null 
            or ?='' 
            or exists(select
                s1_0.student_id from student s1_0 
            where
                s1_0.student_id=a1_0.student_id 
                and s1_0.class_name=?)
        )
2026-06-02 10:08:20.212 [http-nio-8080-exec-10] DEBUG org.hibernate.SQL - 
    select
        count_big(a1_0.id) 
    from
        attendance a1_0 
    where
        a1_0.student_status=? 
        and a1_0.check_in_time between ? and ? 
        and (
            ? is null 
            or a1_0.course_id=?
        ) 
        and (
            ? is null 
            or ?='' 
            or exists(select
                s1_0.student_id from student s1_0 
            where
                s1_0.student_id=a1_0.student_id 
                and s1_0.class_name=?)
        )
2026-06-02 10:08:20.214 [http-nio-8080-exec-10] DEBUG org.hibernate.SQL - 
    select
        count_big(a1_0.id) 
    from
        attendance a1_0 
    where
        a1_0.student_status=? 
        and a1_0.check_in_time between ? and ? 
        and (
            ? is null 
            or a1_0.course_id=?
        ) 
        and (
            ? is null 
            or ?='' 
            or exists(select
                s1_0.student_id from student s1_0 
            where
                s1_0.student_id=a1_0.student_id 
                and s1_0.class_name=?)
        )
2026-06-02 10:08:20.216 [http-nio-8080-exec-10] DEBUG org.hibernate.SQL - 
    select
        count_big(a1_0.id) 
    from
        attendance a1_0 
    where
        a1_0.student_status=? 
        and a1_0.check_in_time between ? and ? 
        and (
            ? is null 
            or a1_0.course_id=?
        ) 
        and (
            ? is null 
            or ?='' 
            or exists(select
                s1_0.student_id from student s1_0 
            where
                s1_0.student_id=a1_0.student_id 
                and s1_0.class_name=?)
        )
2026-06-02 10:08:20.216 [http-nio-8080-exec-10] DEBUG org.hibernate.SQL - 
    select
        count_big(a1_0.id) 
    from
        attendance a1_0 
    where
        a1_0.student_status=? 
        and a1_0.check_in_time between ? and ? 
        and (
            ? is null 
            or a1_0.course_id=?
        ) 
        and (
            ? is null 
            or ?='' 
            or exists(select
                s1_0.student_id from student s1_0 
            where
                s1_0.student_id=a1_0.student_id 
                and s1_0.class_name=?)
        )
2026-06-02 10:08:20.219 [http-nio-8080-exec-10] DEBUG org.hibernate.SQL - 
    select
        count_big(a1_0.id) 
    from
        attendance a1_0 
    where
        a1_0.student_status=? 
        and a1_0.check_in_time between ? and ? 
        and (
            ? is null 
            or a1_0.course_id=?
        ) 
        and (
            ? is null 
            or ?='' 
            or exists(select
                s1_0.student_id from student s1_0 
            where
                s1_0.student_id=a1_0.student_id 
                and s1_0.class_name=?)
        )
2026-06-02 10:08:20.237 [http-nio-8080-exec-10] DEBUG org.hibernate.SQL - 
    select
        count_big(a1_0.id) 
    from
        attendance a1_0 
    where
        a1_0.student_status=? 
        and a1_0.check_in_time between ? and ? 
        and (
            ? is null 
            or a1_0.course_id=?
        ) 
        and (
            ? is null 
            or ?='' 
            or exists(select
                s1_0.student_id from student s1_0 
            where
                s1_0.student_id=a1_0.student_id 
                and s1_0.class_name=?)
        )
2026-06-02 10:08:20.239 [http-nio-8080-exec-10] DEBUG org.hibernate.SQL - 
    select
        count_big(a1_0.id) 
    from
        attendance a1_0 
    where
        a1_0.student_status=? 
        and a1_0.check_in_time between ? and ? 
        and (
            ? is null 
            or a1_0.course_id=?
        ) 
        and (
            ? is null 
            or ?='' 
            or exists(select
                s1_0.student_id from student s1_0 
            where
                s1_0.student_id=a1_0.student_id 
                and s1_0.class_name=?)
        )
2026-06-02 10:08:20.241 [http-nio-8080-exec-10] DEBUG org.hibernate.SQL - 
    select
        count_big(a1_0.id) 
    from
        attendance a1_0 
    where
        a1_0.student_status=? 
        and a1_0.check_in_time between ? and ? 
        and (
            ? is null 
            or a1_0.course_id=?
        ) 
        and (
            ? is null 
            or ?='' 
            or exists(select
                s1_0.student_id from student s1_0 
            where
                s1_0.student_id=a1_0.student_id 
                and s1_0.class_name=?)
        )
2026-06-02 10:08:20.243 [http-nio-8080-exec-10] DEBUG org.hibernate.SQL - 
    select
        count_big(a1_0.id) 
    from
        attendance a1_0 
    where
        a1_0.student_status=? 
        and a1_0.check_in_time between ? and ? 
        and (
            ? is null 
            or a1_0.course_id=?
        ) 
        and (
            ? is null 
            or ?='' 
            or exists(select
                s1_0.student_id from student s1_0 
            where
                s1_0.student_id=a1_0.student_id 
                and s1_0.class_name=?)
        )
2026-06-02 10:08:20.245 [http-nio-8080-exec-10] DEBUG org.hibernate.SQL - 
    select
        count_big(a1_0.id) 
    from
        attendance a1_0 
    where
        a1_0.student_status=? 
        and a1_0.check_in_time between ? and ? 
        and (
            ? is null 
            or a1_0.course_id=?
        ) 
        and (
            ? is null 
            or ?='' 
            or exists(select
                s1_0.student_id from student s1_0 
            where
                s1_0.student_id=a1_0.student_id 
                and s1_0.class_name=?)
        )
2026-06-02 10:08:20.246 [http-nio-8080-exec-10] DEBUG org.hibernate.SQL - 
    select
        count_big(a1_0.id) 
    from
        attendance a1_0 
    where
        a1_0.student_status=? 
        and a1_0.check_in_time between ? and ? 
        and (
            ? is null 
            or a1_0.course_id=?
        ) 
        and (
            ? is null 
            or ?='' 
            or exists(select
                s1_0.student_id from student s1_0 
            where
                s1_0.student_id=a1_0.student_id 
                and s1_0.class_name=?)
        )
2026-06-02 10:08:20.248 [http-nio-8080-exec-10] DEBUG org.hibernate.SQL - 
    select
        count_big(a1_0.id) 
    from
        attendance a1_0 
    where
        a1_0.student_status=? 
        and a1_0.check_in_time between ? and ? 
        and (
            ? is null 
            or a1_0.course_id=?
        ) 
        and (
            ? is null 
            or ?='' 
            or exists(select
                s1_0.student_id from student s1_0 
            where
                s1_0.student_id=a1_0.student_id 
                and s1_0.class_name=?)
        )
2026-06-02 10:08:20.249 [http-nio-8080-exec-10] DEBUG org.hibernate.SQL - 
    select
        count_big(a1_0.id) 
    from
        attendance a1_0 
    where
        a1_0.student_status=? 
        and a1_0.check_in_time between ? and ? 
        and (
            ? is null 
            or a1_0.course_id=?
        ) 
        and (
            ? is null 
            or ?='' 
            or exists(select
                s1_0.student_id from student s1_0 
            where
                s1_0.student_id=a1_0.student_id 
                and s1_0.class_name=?)
        )
2026-06-02 10:08:20.251 [http-nio-8080-exec-10] DEBUG org.hibernate.SQL - 
    select
        count_big(a1_0.id) 
    from
        attendance a1_0 
    where
        a1_0.student_status=? 
        and a1_0.check_in_time between ? and ? 
        and (
            ? is null 
            or a1_0.course_id=?
        ) 
        and (
            ? is null 
            or ?='' 
            or exists(select
                s1_0.student_id from student s1_0 
            where
                s1_0.student_id=a1_0.student_id 
                and s1_0.class_name=?)
        )
2026-06-02 10:08:20.253 [http-nio-8080-exec-10] DEBUG org.hibernate.SQL - 
    select
        count_big(a1_0.id) 
    from
        attendance a1_0 
    where
        a1_0.student_status=? 
        and a1_0.check_in_time between ? and ? 
        and (
            ? is null 
            or a1_0.course_id=?
        ) 
        and (
            ? is null 
            or ?='' 
            or exists(select
                s1_0.student_id from student s1_0 
            where
                s1_0.student_id=a1_0.student_id 
                and s1_0.class_name=?)
        )
2026-06-02 10:08:20.255 [http-nio-8080-exec-10] DEBUG org.hibernate.SQL - 
    select
        count_big(a1_0.id) 
    from
        attendance a1_0 
    where
        a1_0.student_status=? 
        and a1_0.check_in_time between ? and ? 
        and (
            ? is null 
            or a1_0.course_id=?
        ) 
        and (
            ? is null 
            or ?='' 
            or exists(select
                s1_0.student_id from student s1_0 
            where
                s1_0.student_id=a1_0.student_id 
                and s1_0.class_name=?)
        )
2026-06-02 10:08:20.257 [http-nio-8080-exec-10] DEBUG org.hibernate.SQL - 
    select
        count_big(a1_0.id) 
    from
        attendance a1_0 
    where
        a1_0.student_status=? 
        and a1_0.check_in_time between ? and ? 
        and (
            ? is null 
            or a1_0.course_id=?
        ) 
        and (
            ? is null 
            or ?='' 
            or exists(select
                s1_0.student_id from student s1_0 
            where
                s1_0.student_id=a1_0.student_id 
                and s1_0.class_name=?)
        )
2026-06-02 10:08:20.258 [http-nio-8080-exec-10] DEBUG org.hibernate.SQL - 
    select
        count_big(a1_0.id) 
    from
        attendance a1_0 
    where
        a1_0.student_status=? 
        and a1_0.check_in_time between ? and ? 
        and (
            ? is null 
            or a1_0.course_id=?
        ) 
        and (
            ? is null 
            or ?='' 
            or exists(select
                s1_0.student_id from student s1_0 
            where
                s1_0.student_id=a1_0.student_id 
                and s1_0.class_name=?)
        )
2026-06-02 10:08:20.260 [http-nio-8080-exec-10] DEBUG org.hibernate.SQL - 
    select
        count_big(a1_0.id) 
    from
        attendance a1_0 
    where
        a1_0.student_status=? 
        and a1_0.check_in_time between ? and ? 
        and (
            ? is null 
            or a1_0.course_id=?
        ) 
        and (
            ? is null 
            or ?='' 
            or exists(select
                s1_0.student_id from student s1_0 
            where
                s1_0.student_id=a1_0.student_id 
                and s1_0.class_name=?)
        )
2026-06-02 10:08:20.262 [http-nio-8080-exec-10] DEBUG org.hibernate.SQL - 
    select
        count_big(a1_0.id) 
    from
        attendance a1_0 
    where
        a1_0.student_status=? 
        and a1_0.check_in_time between ? and ? 
        and (
            ? is null 
            or a1_0.course_id=?
        ) 
        and (
            ? is null 
            or ?='' 
            or exists(select
                s1_0.student_id from student s1_0 
            where
                s1_0.student_id=a1_0.student_id 
                and s1_0.class_name=?)
        )
2026-06-02 10:08:20.263 [http-nio-8080-exec-10] DEBUG org.hibernate.SQL - 
    select
        count_big(a1_0.id) 
    from
        attendance a1_0 
    where
        a1_0.student_status=? 
        and a1_0.check_in_time between ? and ? 
        and (
            ? is null 
            or a1_0.course_id=?
        ) 
        and (
            ? is null 
            or ?='' 
            or exists(select
                s1_0.student_id from student s1_0 
            where
                s1_0.student_id=a1_0.student_id 
                and s1_0.class_name=?)
        )
2026-06-02 10:08:20.266 [http-nio-8080-exec-10] DEBUG org.hibernate.SQL - 
    select
        distinct s1_0.class_name 
    from
        student s1_0 
    where
        s1_0.class_name is not null 
    order by
        s1_0.class_name
2026-06-02 10:08:20.268 [http-nio-8080-exec-10] DEBUG org.hibernate.SQL - 
    select
        count_big(a1_0.id) 
    from
        attendance a1_0 
    where
        a1_0.check_in_time between ? and ? 
        and (
            ? is null 
            or a1_0.course_id=?
        ) 
        and (
            ? is null 
            or ?='' 
            or exists(select
                s1_0.student_id from student s1_0 
            where
                s1_0.student_id=a1_0.student_id 
                and s1_0.class_name=?)
        )
2026-06-02 10:08:20.270 [http-nio-8080-exec-10] DEBUG org.hibernate.SQL - 
    select
        count_big(a1_0.id) 
    from
        attendance a1_0 
    where
        a1_0.student_status=? 
        and a1_0.check_in_time between ? and ? 
        and (
            ? is null 
            or a1_0.course_id=?
        ) 
        and (
            ? is null 
            or ?='' 
            or exists(select
                s1_0.student_id from student s1_0 
            where
                s1_0.student_id=a1_0.student_id 
                and s1_0.class_name=?)
        )
2026-06-02 10:08:20.272 [http-nio-8080-exec-10] DEBUG org.hibernate.SQL - 
    select
        count_big(a1_0.id) 
    from
        attendance a1_0 
    where
        a1_0.check_in_time between ? and ? 
        and (
            ? is null 
            or a1_0.course_id=?
        ) 
        and (
            ? is null 
            or ?='' 
            or exists(select
                s1_0.student_id from student s1_0 
            where
                s1_0.student_id=a1_0.student_id 
                and s1_0.class_name=?)
        )
2026-06-02 10:08:20.277 [http-nio-8080-exec-10] DEBUG org.hibernate.SQL - 
    select
        count_big(a1_0.id) 
    from
        attendance a1_0 
    where
        a1_0.student_status=? 
        and a1_0.check_in_time between ? and ? 
        and (
            ? is null 
            or a1_0.course_id=?
        ) 
        and (
            ? is null 
            or ?='' 
            or exists(select
                s1_0.student_id from student s1_0 
            where
                s1_0.student_id=a1_0.student_id 
                and s1_0.class_name=?)
        )
2026-06-02 10:08:20.278 [http-nio-8080-exec-10] DEBUG org.hibernate.SQL - 
    select
        count_big(a1_0.id) 
    from
        attendance a1_0 
    where
        a1_0.check_in_time between ? and ? 
        and (
            ? is null 
            or a1_0.course_id=?
        ) 
        and (
            ? is null 
            or ?='' 
            or exists(select
                s1_0.student_id from student s1_0 
            where
                s1_0.student_id=a1_0.student_id 
                and s1_0.class_name=?)
        )
2026-06-02 10:08:20.280 [http-nio-8080-exec-10] DEBUG org.hibernate.SQL - 
    select
        count_big(a1_0.id) 
    from
        attendance a1_0 
    where
        a1_0.student_status=? 
        and a1_0.check_in_time between ? and ? 
        and (
            ? is null 
            or a1_0.course_id=?
        ) 
        and (
            ? is null 
            or ?='' 
            or exists(select
                s1_0.student_id from student s1_0 
            where
                s1_0.student_id=a1_0.student_id 
                and s1_0.class_name=?)
        )
2026-06-02 10:08:20.284 [http-nio-8080-exec-10] DEBUG org.hibernate.SQL - 
    select
        count_big(a1_0.id) 
    from
        attendance a1_0 
    where
        a1_0.check_in_time between ? and ? 
        and (
            ? is null 
            or a1_0.course_id=?
        ) 
        and (
            ? is null 
            or ?='' 
            or exists(select
                s1_0.student_id from student s1_0 
            where
                s1_0.student_id=a1_0.student_id 
                and s1_0.class_name=?)
        )
2026-06-02 10:08:20.287 [http-nio-8080-exec-10] DEBUG org.hibernate.SQL - 
    select
        count_big(a1_0.id) 
    from
        attendance a1_0 
    where
        a1_0.student_status=? 
        and a1_0.check_in_time between ? and ? 
        and (
            ? is null 
            or a1_0.course_id=?
        ) 
        and (
            ? is null 
            or ?='' 
            or exists(select
                s1_0.student_id from student s1_0 
            where
                s1_0.student_id=a1_0.student_id 
                and s1_0.class_name=?)
        )
2026-06-02 10:08:20.289 [http-nio-8080-exec-10] DEBUG org.hibernate.SQL - 
    select
        count_big(a1_0.id) 
    from
        attendance a1_0 
    where
        a1_0.check_in_time between ? and ? 
        and (
            ? is null 
            or a1_0.course_id=?
        ) 
        and (
            ? is null 
            or ?='' 
            or exists(select
                s1_0.student_id from student s1_0 
            where
                s1_0.student_id=a1_0.student_id 
                and s1_0.class_name=?)
        )
2026-06-02 10:08:20.294 [http-nio-8080-exec-10] DEBUG org.hibernate.SQL - 
    select
        count_big(a1_0.id) 
    from
        attendance a1_0 
    where
        a1_0.student_status=? 
        and a1_0.check_in_time between ? and ? 
        and (
            ? is null 
            or a1_0.course_id=?
        ) 
        and (
            ? is null 
            or ?='' 
            or exists(select
                s1_0.student_id from student s1_0 
            where
                s1_0.student_id=a1_0.student_id 
                and s1_0.class_name=?)
        )
2026-06-02 10:08:20.297 [http-nio-8080-exec-10] DEBUG org.hibernate.SQL - 
    select
        a1_0.course_id,
        c1_0.course_name,
        count_big(a1_0.id) 
    from
        attendance a1_0 
    left join
        course c1_0 
            on a1_0.course_id=c1_0.course_id 
    where
        a1_0.check_in_time between ? and ? 
        and (
            ? is null 
            or ?='' 
            or exists(select
                s1_0.student_id from student s1_0 
            where
                s1_0.student_id=a1_0.student_id 
                and s1_0.class_name=?)
        ) 
    group by
        a1_0.course_id,
        c1_0.course_name 
    order by
        count_big(a1_0.id) desc
2026-06-02 10:08:22.022 [http-nio-8080-exec-6] DEBUG org.hibernate.SQL - 
    select
        u1_0.id,
        u1_0.class_name,
        u1_0.create_time,
        u1_0.gender,
        u1_0.real_name,
        u1_0.username,
        u1_0.userpassword,
        u1_0.userrole 
    from
        my_user u1_0 
    where
        u1_0.username=?
2026-06-02 10:08:22.026 [http-nio-8080-exec-6] DEBUG org.hibernate.SQL - 
    select
        c1_0.id,
        c1_0.class_name,
        c1_0.course_id,
        c1_0.course_name,
        c1_0.create_time,
        c1_0.location,
        c1_0.teacher_id,
        c1_0.teacher_name,
        c1_0.time_slot,
        c1_0.week_day 
    from
        course c1_0
2026-06-02 10:08:22.029 [http-nio-8080-exec-6] DEBUG org.hibernate.SQL - 
    select
        count_big(*) 
    from
        student s1_0
2026-06-02 10:08:22.035 [http-nio-8080-exec-6] DEBUG org.hibernate.SQL - 
    select
        count_big(u1_0.id) 
    from
        my_user u1_0 
    where
        upper(u1_0.userrole)=upper(?)
2026-06-02 10:08:22.038 [http-nio-8080-exec-6] DEBUG org.hibernate.SQL - 
    select
        count_big(*) 
    from
        course c1_0
2026-06-02 10:08:22.040 [http-nio-8080-exec-6] DEBUG org.hibernate.SQL - 
    select
        a1_0.id,
        a1_0.check_in_time,
        a1_0.course_id,
        a1_0.create_time,
        a1_0.ip_address,
        a1_0.reason,
        a1_0.sign_in_id,
        a1_0.student_id,
        a1_0.student_name,
        a1_0.student_status,
        a1_0.update_time 
    from
        attendance a1_0 
    where
        a1_0.course_id=?
2026-06-02 10:08:22.043 [http-nio-8080-exec-6] DEBUG org.hibernate.SQL - 
    select
        a1_0.id,
        a1_0.check_in_time,
        a1_0.course_id,
        a1_0.create_time,
        a1_0.ip_address,
        a1_0.reason,
        a1_0.sign_in_id,
        a1_0.student_id,
        a1_0.student_name,
        a1_0.student_status,
        a1_0.update_time 
    from
        attendance a1_0 
    where
        a1_0.course_id=?
2026-06-02 10:08:22.044 [http-nio-8080-exec-6] DEBUG org.hibernate.SQL - 
    select
        a1_0.id,
        a1_0.check_in_time,
        a1_0.course_id,
        a1_0.create_time,
        a1_0.ip_address,
        a1_0.reason,
        a1_0.sign_in_id,
        a1_0.student_id,
        a1_0.student_name,
        a1_0.student_status,
        a1_0.update_time 
    from
        attendance a1_0 
    where
        a1_0.course_id=?
2026-06-02 10:08:59.134 [http-nio-8080-exec-9] DEBUG org.hibernate.SQL - 
    select
        u1_0.id,
        u1_0.class_name,
        u1_0.create_time,
        u1_0.gender,
        u1_0.real_name,
        u1_0.username,
        u1_0.userpassword,
        u1_0.userrole 
    from
        my_user u1_0 
    where
        u1_0.username=?
2026-06-02 10:08:59.164 [http-nio-8080-exec-9] DEBUG org.hibernate.SQL - 
    select
        c1_0.id,
        c1_0.class_name,
        c1_0.course_id,
        c1_0.course_name,
        c1_0.create_time,
        c1_0.location,
        c1_0.teacher_id,
        c1_0.teacher_name,
        c1_0.time_slot,
        c1_0.week_day 
    from
        course c1_0
2026-06-02 10:08:59.177 [http-nio-8080-exec-9] DEBUG org.hibernate.SQL - 
    select
        count_big(*) 
    from
        student s1_0
2026-06-02 10:08:59.181 [http-nio-8080-exec-9] DEBUG org.hibernate.SQL - 
    select
        count_big(u1_0.id) 
    from
        my_user u1_0 
    where
        upper(u1_0.userrole)=upper(?)
2026-06-02 10:08:59.188 [http-nio-8080-exec-9] DEBUG org.hibernate.SQL - 
    select
        count_big(*) 
    from
        course c1_0
2026-06-02 10:08:59.197 [http-nio-8080-exec-9] DEBUG org.hibernate.SQL - 
    select
        a1_0.id,
        a1_0.check_in_time,
        a1_0.course_id,
        a1_0.create_time,
        a1_0.ip_address,
        a1_0.reason,
        a1_0.sign_in_id,
        a1_0.student_id,
        a1_0.student_name,
        a1_0.student_status,
        a1_0.update_time 
    from
        attendance a1_0 
    where
        a1_0.course_id=?
2026-06-02 10:08:59.198 [http-nio-8080-exec-9] DEBUG org.hibernate.SQL - 
    select
        a1_0.id,
        a1_0.check_in_time,
        a1_0.course_id,
        a1_0.create_time,
        a1_0.ip_address,
        a1_0.reason,
        a1_0.sign_in_id,
        a1_0.student_id,
        a1_0.student_name,
        a1_0.student_status,
        a1_0.update_time 
    from
        attendance a1_0 
    where
        a1_0.course_id=?
2026-06-02 10:08:59.198 [http-nio-8080-exec-9] DEBUG org.hibernate.SQL - 
    select
        a1_0.id,
        a1_0.check_in_time,
        a1_0.course_id,
        a1_0.create_time,
        a1_0.ip_address,
        a1_0.reason,
        a1_0.sign_in_id,
        a1_0.student_id,
        a1_0.student_name,
        a1_0.student_status,
        a1_0.update_time 
    from
        attendance a1_0 
    where
        a1_0.course_id=?
2026-06-02 10:08:59.589 [http-nio-8080-exec-1] DEBUG org.hibernate.SQL - 
    select
        u1_0.id,
        u1_0.class_name,
        u1_0.create_time,
        u1_0.gender,
        u1_0.real_name,
        u1_0.username,
        u1_0.userpassword,
        u1_0.userrole 
    from
        my_user u1_0 
    where
        u1_0.username=?
2026-06-02 10:08:59.594 [http-nio-8080-exec-1] DEBUG org.hibernate.SQL - 
    select
        c1_0.id,
        c1_0.class_name,
        c1_0.course_id,
        c1_0.course_name,
        c1_0.create_time,
        c1_0.location,
        c1_0.teacher_id,
        c1_0.teacher_name,
        c1_0.time_slot,
        c1_0.week_day 
    from
        course c1_0
2026-06-02 10:08:59.598 [http-nio-8080-exec-1] DEBUG org.hibernate.SQL - 
    select
        count_big(*) 
    from
        student s1_0
2026-06-02 10:08:59.601 [http-nio-8080-exec-1] DEBUG org.hibernate.SQL - 
    select
        count_big(u1_0.id) 
    from
        my_user u1_0 
    where
        upper(u1_0.userrole)=upper(?)
2026-06-02 10:08:59.601 [http-nio-8080-exec-1] DEBUG org.hibernate.SQL - 
    select
        count_big(*) 
    from
        course c1_0
2026-06-02 10:08:59.601 [http-nio-8080-exec-1] DEBUG org.hibernate.SQL - 
    select
        a1_0.id,
        a1_0.check_in_time,
        a1_0.course_id,
        a1_0.create_time,
        a1_0.ip_address,
        a1_0.reason,
        a1_0.sign_in_id,
        a1_0.student_id,
        a1_0.student_name,
        a1_0.student_status,
        a1_0.update_time 
    from
        attendance a1_0 
    where
        a1_0.course_id=?
2026-06-02 10:08:59.606 [http-nio-8080-exec-1] DEBUG org.hibernate.SQL - 
    select
        a1_0.id,
        a1_0.check_in_time,
        a1_0.course_id,
        a1_0.create_time,
        a1_0.ip_address,
        a1_0.reason,
        a1_0.sign_in_id,
        a1_0.student_id,
        a1_0.student_name,
        a1_0.student_status,
        a1_0.update_time 
    from
        attendance a1_0 
    where
        a1_0.course_id=?
2026-06-02 10:08:59.607 [http-nio-8080-exec-1] DEBUG org.hibernate.SQL - 
    select
        a1_0.id,
        a1_0.check_in_time,
        a1_0.course_id,
        a1_0.create_time,
        a1_0.ip_address,
        a1_0.reason,
        a1_0.sign_in_id,
        a1_0.student_id,
        a1_0.student_name,
        a1_0.student_status,
        a1_0.update_time 
    from
        attendance a1_0 
    where
        a1_0.course_id=?
2026-06-02 13:11:03.657 [HikariPool-1:housekeeper] WARN  com.zaxxer.hikari.pool.HikariPool - HikariPool-1 - Thread starvation or clock leap detected (housekeeper delta=3h1m49s733ms99µs500ns).
2026-06-02 15:45:28.527 [HikariPool-1:housekeeper] WARN  com.zaxxer.hikari.pool.HikariPool - HikariPool-1 - Thread starvation or clock leap detected (housekeeper delta=2h34m32s195ms502µs500ns).
2026-06-02 15:53:30.149 [http-nio-8080-exec-5] DEBUG org.hibernate.SQL - 
    select
        u1_0.id,
        u1_0.class_name,
        u1_0.create_time,
        u1_0.gender,
        u1_0.real_name,
        u1_0.username,
        u1_0.userpassword,
        u1_0.userrole 
    from
        my_user u1_0 
    where
        u1_0.username=?
2026-06-02 15:53:30.186 [http-nio-8080-exec-5] DEBUG org.hibernate.SQL - 
    select
        c1_0.id,
        c1_0.class_name,
        c1_0.course_id,
        c1_0.course_name,
        c1_0.create_time,
        c1_0.location,
        c1_0.teacher_id,
        c1_0.teacher_name,
        c1_0.time_slot,
        c1_0.week_day 
    from
        course c1_0
2026-06-02 15:53:30.200 [http-nio-8080-exec-5] DEBUG org.hibernate.SQL - 
    select
        count_big(*) 
    from
        student s1_0
2026-06-02 15:53:30.206 [http-nio-8080-exec-5] DEBUG org.hibernate.SQL - 
    select
        count_big(u1_0.id) 
    from
        my_user u1_0 
    where
        upper(u1_0.userrole)=upper(?)
2026-06-02 15:53:30.211 [http-nio-8080-exec-5] DEBUG org.hibernate.SQL - 
    select
        count_big(*) 
    from
        course c1_0
2026-06-02 15:53:30.214 [http-nio-8080-exec-5] DEBUG org.hibernate.SQL - 
    select
        a1_0.id,
        a1_0.check_in_time,
        a1_0.course_id,
        a1_0.create_time,
        a1_0.ip_address,
        a1_0.reason,
        a1_0.sign_in_id,
        a1_0.student_id,
        a1_0.student_name,
        a1_0.student_status,
        a1_0.update_time 
    from
        attendance a1_0 
    where
        a1_0.course_id=?
2026-06-02 15:53:30.221 [http-nio-8080-exec-5] DEBUG org.hibernate.SQL - 
    select
        a1_0.id,
        a1_0.check_in_time,
        a1_0.course_id,
        a1_0.create_time,
        a1_0.ip_address,
        a1_0.reason,
        a1_0.sign_in_id,
        a1_0.student_id,
        a1_0.student_name,
        a1_0.student_status,
        a1_0.update_time 
    from
        attendance a1_0 
    where
        a1_0.course_id=?
2026-06-02 15:53:30.223 [http-nio-8080-exec-5] DEBUG org.hibernate.SQL - 
    select
        a1_0.id,
        a1_0.check_in_time,
        a1_0.course_id,
        a1_0.create_time,
        a1_0.ip_address,
        a1_0.reason,
        a1_0.sign_in_id,
        a1_0.student_id,
        a1_0.student_name,
        a1_0.student_status,
        a1_0.update_time 
    from
        attendance a1_0 
    where
        a1_0.course_id=?
2026-06-02 15:53:30.657 [http-nio-8080-exec-7] DEBUG org.hibernate.SQL - 
    select
        u1_0.id,
        u1_0.class_name,
        u1_0.create_time,
        u1_0.gender,
        u1_0.real_name,
        u1_0.username,
        u1_0.userpassword,
        u1_0.userrole 
    from
        my_user u1_0 
    where
        u1_0.username=?
2026-06-02 15:53:30.660 [http-nio-8080-exec-7] DEBUG org.hibernate.SQL - 
    select
        c1_0.id,
        c1_0.class_name,
        c1_0.course_id,
        c1_0.course_name,
        c1_0.create_time,
        c1_0.location,
        c1_0.teacher_id,
        c1_0.teacher_name,
        c1_0.time_slot,
        c1_0.week_day 
    from
        course c1_0
2026-06-02 15:53:30.665 [http-nio-8080-exec-7] DEBUG org.hibernate.SQL - 
    select
        count_big(*) 
    from
        student s1_0
2026-06-02 15:53:30.667 [http-nio-8080-exec-7] DEBUG org.hibernate.SQL - 
    select
        count_big(u1_0.id) 
    from
        my_user u1_0 
    where
        upper(u1_0.userrole)=upper(?)
2026-06-02 15:53:30.671 [http-nio-8080-exec-7] DEBUG org.hibernate.SQL - 
    select
        count_big(*) 
    from
        course c1_0
2026-06-02 15:53:30.673 [http-nio-8080-exec-7] DEBUG org.hibernate.SQL - 
    select
        a1_0.id,
        a1_0.check_in_time,
        a1_0.course_id,
        a1_0.create_time,
        a1_0.ip_address,
        a1_0.reason,
        a1_0.sign_in_id,
        a1_0.student_id,
        a1_0.student_name,
        a1_0.student_status,
        a1_0.update_time 
    from
        attendance a1_0 
    where
        a1_0.course_id=?
2026-06-02 15:53:30.677 [http-nio-8080-exec-7] DEBUG org.hibernate.SQL - 
    select
        a1_0.id,
        a1_0.check_in_time,
        a1_0.course_id,
        a1_0.create_time,
        a1_0.ip_address,
        a1_0.reason,
        a1_0.sign_in_id,
        a1_0.student_id,
        a1_0.student_name,
        a1_0.student_status,
        a1_0.update_time 
    from
        attendance a1_0 
    where
        a1_0.course_id=?
2026-06-02 15:53:30.679 [http-nio-8080-exec-7] DEBUG org.hibernate.SQL - 
    select
        a1_0.id,
        a1_0.check_in_time,
        a1_0.course_id,
        a1_0.create_time,
        a1_0.ip_address,
        a1_0.reason,
        a1_0.sign_in_id,
        a1_0.student_id,
        a1_0.student_name,
        a1_0.student_status,
        a1_0.update_time 
    from
        attendance a1_0 
    where
        a1_0.course_id=?
2026-06-02 15:53:37.981 [http-nio-8080-exec-9] DEBUG org.hibernate.SQL - 
    select
        c1_0.id,
        c1_0.class_name,
        c1_0.course_id,
        c1_0.course_name,
        c1_0.create_time,
        c1_0.location,
        c1_0.teacher_id,
        c1_0.teacher_name,
        c1_0.time_slot,
        c1_0.week_day 
    from
        course c1_0
2026-06-02 15:53:37.990 [http-nio-8080-exec-4] DEBUG org.hibernate.SQL - 
    select
        distinct s1_0.class_name 
    from
        student s1_0 
    where
        s1_0.class_name is not null 
    order by
        s1_0.class_name
2026-06-02 15:53:38.001 [http-nio-8080-exec-1] DEBUG org.hibernate.SQL - 
    select
        u1_0.id,
        u1_0.class_name,
        u1_0.create_time,
        u1_0.gender,
        u1_0.real_name,
        u1_0.username,
        u1_0.userpassword,
        u1_0.userrole 
    from
        my_user u1_0 
    where
        u1_0.username=?
2026-06-02 15:53:38.005 [http-nio-8080-exec-1] DEBUG org.hibernate.SQL - 
    select
        count_big(*) 
    from
        student s1_0
2026-06-02 15:53:38.009 [http-nio-8080-exec-1] DEBUG org.hibernate.SQL - 
    select
        count_big(a1_0.id) 
    from
        attendance a1_0 
    where
        a1_0.check_in_time between ? and ? 
        and (
            ? is null 
            or a1_0.course_id=?
        ) 
        and (
            ? is null 
            or ?='' 
            or exists(select
                s1_0.student_id from student s1_0 
            where
                s1_0.student_id=a1_0.student_id 
                and s1_0.class_name=?)
        )
2026-06-02 15:53:38.037 [http-nio-8080-exec-1] DEBUG org.hibernate.SQL - 
    select
        count_big(a1_0.id) 
    from
        attendance a1_0 
    where
        a1_0.student_status=? 
        and a1_0.check_in_time between ? and ? 
        and (
            ? is null 
            or a1_0.course_id=?
        ) 
        and (
            ? is null 
            or ?='' 
            or exists(select
                s1_0.student_id from student s1_0 
            where
                s1_0.student_id=a1_0.student_id 
                and s1_0.class_name=?)
        )
2026-06-02 15:53:38.059 [http-nio-8080-exec-1] DEBUG org.hibernate.SQL - 
    select
        count_big(a1_0.id) 
    from
        attendance a1_0 
    where
        a1_0.student_status=? 
        and a1_0.check_in_time between ? and ? 
        and (
            ? is null 
            or a1_0.course_id=?
        ) 
        and (
            ? is null 
            or ?='' 
            or exists(select
                s1_0.student_id from student s1_0 
            where
                s1_0.student_id=a1_0.student_id 
                and s1_0.class_name=?)
        )
2026-06-02 15:53:38.061 [http-nio-8080-exec-1] DEBUG org.hibernate.SQL - 
    select
        count_big(a1_0.id) 
    from
        attendance a1_0 
    where
        a1_0.student_status=? 
        and a1_0.check_in_time between ? and ? 
        and (
            ? is null 
            or a1_0.course_id=?
        ) 
        and (
            ? is null 
            or ?='' 
            or exists(select
                s1_0.student_id from student s1_0 
            where
                s1_0.student_id=a1_0.student_id 
                and s1_0.class_name=?)
        )
2026-06-02 15:53:38.062 [http-nio-8080-exec-1] DEBUG org.hibernate.SQL - 
    select
        count_big(a1_0.id) 
    from
        attendance a1_0 
    where
        a1_0.student_status=? 
        and a1_0.check_in_time between ? and ? 
        and (
            ? is null 
            or a1_0.course_id=?
        ) 
        and (
            ? is null 
            or ?='' 
            or exists(select
                s1_0.student_id from student s1_0 
            where
                s1_0.student_id=a1_0.student_id 
                and s1_0.class_name=?)
        )
2026-06-02 15:53:38.064 [http-nio-8080-exec-1] DEBUG org.hibernate.SQL - 
    select
        count_big(a1_0.id) 
    from
        attendance a1_0 
    where
        a1_0.student_status=? 
        and a1_0.check_in_time between ? and ? 
        and (
            ? is null 
            or a1_0.course_id=?
        ) 
        and (
            ? is null 
            or ?='' 
            or exists(select
                s1_0.student_id from student s1_0 
            where
                s1_0.student_id=a1_0.student_id 
                and s1_0.class_name=?)
        )
2026-06-02 15:53:38.069 [http-nio-8080-exec-1] DEBUG org.hibernate.SQL - 
    select
        count_big(a1_0.id) 
    from
        attendance a1_0 
    where
        a1_0.student_status=? 
        and a1_0.check_in_time between ? and ? 
        and (
            ? is null 
            or a1_0.course_id=?
        ) 
        and (
            ? is null 
            or ?='' 
            or exists(select
                s1_0.student_id from student s1_0 
            where
                s1_0.student_id=a1_0.student_id 
                and s1_0.class_name=?)
        )
2026-06-02 15:53:38.070 [http-nio-8080-exec-1] DEBUG org.hibernate.SQL - 
    select
        count_big(a1_0.id) 
    from
        attendance a1_0 
    where
        a1_0.student_status=? 
        and a1_0.check_in_time between ? and ? 
        and (
            ? is null 
            or a1_0.course_id=?
        ) 
        and (
            ? is null 
            or ?='' 
            or exists(select
                s1_0.student_id from student s1_0 
            where
                s1_0.student_id=a1_0.student_id 
                and s1_0.class_name=?)
        )
2026-06-02 15:53:38.073 [http-nio-8080-exec-1] DEBUG org.hibernate.SQL - 
    select
        count_big(a1_0.id) 
    from
        attendance a1_0 
    where
        a1_0.student_status=? 
        and a1_0.check_in_time between ? and ? 
        and (
            ? is null 
            or a1_0.course_id=?
        ) 
        and (
            ? is null 
            or ?='' 
            or exists(select
                s1_0.student_id from student s1_0 
            where
                s1_0.student_id=a1_0.student_id 
                and s1_0.class_name=?)
        )
2026-06-02 15:53:38.074 [http-nio-8080-exec-1] DEBUG org.hibernate.SQL - 
    select
        count_big(a1_0.id) 
    from
        attendance a1_0 
    where
        a1_0.student_status=? 
        and a1_0.check_in_time between ? and ? 
        and (
            ? is null 
            or a1_0.course_id=?
        ) 
        and (
            ? is null 
            or ?='' 
            or exists(select
                s1_0.student_id from student s1_0 
            where
                s1_0.student_id=a1_0.student_id 
                and s1_0.class_name=?)
        )
2026-06-02 15:53:38.076 [http-nio-8080-exec-1] DEBUG org.hibernate.SQL - 
    select
        count_big(a1_0.id) 
    from
        attendance a1_0 
    where
        a1_0.student_status=? 
        and a1_0.check_in_time between ? and ? 
        and (
            ? is null 
            or a1_0.course_id=?
        ) 
        and (
            ? is null 
            or ?='' 
            or exists(select
                s1_0.student_id from student s1_0 
            where
                s1_0.student_id=a1_0.student_id 
                and s1_0.class_name=?)
        )
2026-06-02 15:53:38.078 [http-nio-8080-exec-1] DEBUG org.hibernate.SQL - 
    select
        count_big(a1_0.id) 
    from
        attendance a1_0 
    where
        a1_0.student_status=? 
        and a1_0.check_in_time between ? and ? 
        and (
            ? is null 
            or a1_0.course_id=?
        ) 
        and (
            ? is null 
            or ?='' 
            or exists(select
                s1_0.student_id from student s1_0 
            where
                s1_0.student_id=a1_0.student_id 
                and s1_0.class_name=?)
        )
2026-06-02 15:53:38.079 [http-nio-8080-exec-1] DEBUG org.hibernate.SQL - 
    select
        count_big(a1_0.id) 
    from
        attendance a1_0 
    where
        a1_0.student_status=? 
        and a1_0.check_in_time between ? and ? 
        and (
            ? is null 
            or a1_0.course_id=?
        ) 
        and (
            ? is null 
            or ?='' 
            or exists(select
                s1_0.student_id from student s1_0 
            where
                s1_0.student_id=a1_0.student_id 
                and s1_0.class_name=?)
        )
2026-06-02 15:53:38.080 [http-nio-8080-exec-1] DEBUG org.hibernate.SQL - 
    select
        count_big(a1_0.id) 
    from
        attendance a1_0 
    where
        a1_0.student_status=? 
        and a1_0.check_in_time between ? and ? 
        and (
            ? is null 
            or a1_0.course_id=?
        ) 
        and (
            ? is null 
            or ?='' 
            or exists(select
                s1_0.student_id from student s1_0 
            where
                s1_0.student_id=a1_0.student_id 
                and s1_0.class_name=?)
        )
2026-06-02 15:53:38.081 [http-nio-8080-exec-1] DEBUG org.hibernate.SQL - 
    select
        count_big(a1_0.id) 
    from
        attendance a1_0 
    where
        a1_0.student_status=? 
        and a1_0.check_in_time between ? and ? 
        and (
            ? is null 
            or a1_0.course_id=?
        ) 
        and (
            ? is null 
            or ?='' 
            or exists(select
                s1_0.student_id from student s1_0 
            where
                s1_0.student_id=a1_0.student_id 
                and s1_0.class_name=?)
        )
2026-06-02 15:53:38.083 [http-nio-8080-exec-1] DEBUG org.hibernate.SQL - 
    select
        count_big(a1_0.id) 
    from
        attendance a1_0 
    where
        a1_0.student_status=? 
        and a1_0.check_in_time between ? and ? 
        and (
            ? is null 
            or a1_0.course_id=?
        ) 
        and (
            ? is null 
            or ?='' 
            or exists(select
                s1_0.student_id from student s1_0 
            where
                s1_0.student_id=a1_0.student_id 
                and s1_0.class_name=?)
        )
2026-06-02 15:53:38.087 [http-nio-8080-exec-1] DEBUG org.hibernate.SQL - 
    select
        count_big(a1_0.id) 
    from
        attendance a1_0 
    where
        a1_0.student_status=? 
        and a1_0.check_in_time between ? and ? 
        and (
            ? is null 
            or a1_0.course_id=?
        ) 
        and (
            ? is null 
            or ?='' 
            or exists(select
                s1_0.student_id from student s1_0 
            where
                s1_0.student_id=a1_0.student_id 
                and s1_0.class_name=?)
        )
2026-06-02 15:53:38.088 [http-nio-8080-exec-1] DEBUG org.hibernate.SQL - 
    select
        count_big(a1_0.id) 
    from
        attendance a1_0 
    where
        a1_0.student_status=? 
        and a1_0.check_in_time between ? and ? 
        and (
            ? is null 
            or a1_0.course_id=?
        ) 
        and (
            ? is null 
            or ?='' 
            or exists(select
                s1_0.student_id from student s1_0 
            where
                s1_0.student_id=a1_0.student_id 
                and s1_0.class_name=?)
        )
2026-06-02 15:53:38.090 [http-nio-8080-exec-1] DEBUG org.hibernate.SQL - 
    select
        count_big(a1_0.id) 
    from
        attendance a1_0 
    where
        a1_0.student_status=? 
        and a1_0.check_in_time between ? and ? 
        and (
            ? is null 
            or a1_0.course_id=?
        ) 
        and (
            ? is null 
            or ?='' 
            or exists(select
                s1_0.student_id from student s1_0 
            where
                s1_0.student_id=a1_0.student_id 
                and s1_0.class_name=?)
        )
2026-06-02 15:53:38.091 [http-nio-8080-exec-1] DEBUG org.hibernate.SQL - 
    select
        count_big(a1_0.id) 
    from
        attendance a1_0 
    where
        a1_0.student_status=? 
        and a1_0.check_in_time between ? and ? 
        and (
            ? is null 
            or a1_0.course_id=?
        ) 
        and (
            ? is null 
            or ?='' 
            or exists(select
                s1_0.student_id from student s1_0 
            where
                s1_0.student_id=a1_0.student_id 
                and s1_0.class_name=?)
        )
2026-06-02 15:53:38.092 [http-nio-8080-exec-1] DEBUG org.hibernate.SQL - 
    select
        count_big(a1_0.id) 
    from
        attendance a1_0 
    where
        a1_0.student_status=? 
        and a1_0.check_in_time between ? and ? 
        and (
            ? is null 
            or a1_0.course_id=?
        ) 
        and (
            ? is null 
            or ?='' 
            or exists(select
                s1_0.student_id from student s1_0 
            where
                s1_0.student_id=a1_0.student_id 
                and s1_0.class_name=?)
        )
2026-06-02 15:53:38.093 [http-nio-8080-exec-1] DEBUG org.hibernate.SQL - 
    select
        count_big(a1_0.id) 
    from
        attendance a1_0 
    where
        a1_0.student_status=? 
        and a1_0.check_in_time between ? and ? 
        and (
            ? is null 
            or a1_0.course_id=?
        ) 
        and (
            ? is null 
            or ?='' 
            or exists(select
                s1_0.student_id from student s1_0 
            where
                s1_0.student_id=a1_0.student_id 
                and s1_0.class_name=?)
        )
2026-06-02 15:53:38.095 [http-nio-8080-exec-1] DEBUG org.hibernate.SQL - 
    select
        count_big(a1_0.id) 
    from
        attendance a1_0 
    where
        a1_0.student_status=? 
        and a1_0.check_in_time between ? and ? 
        and (
            ? is null 
            or a1_0.course_id=?
        ) 
        and (
            ? is null 
            or ?='' 
            or exists(select
                s1_0.student_id from student s1_0 
            where
                s1_0.student_id=a1_0.student_id 
                and s1_0.class_name=?)
        )
2026-06-02 15:53:38.097 [http-nio-8080-exec-1] DEBUG org.hibernate.SQL - 
    select
        count_big(a1_0.id) 
    from
        attendance a1_0 
    where
        a1_0.student_status=? 
        and a1_0.check_in_time between ? and ? 
        and (
            ? is null 
            or a1_0.course_id=?
        ) 
        and (
            ? is null 
            or ?='' 
            or exists(select
                s1_0.student_id from student s1_0 
            where
                s1_0.student_id=a1_0.student_id 
                and s1_0.class_name=?)
        )
2026-06-02 15:53:38.102 [http-nio-8080-exec-1] DEBUG org.hibernate.SQL - 
    select
        count_big(a1_0.id) 
    from
        attendance a1_0 
    where
        a1_0.student_status=? 
        and a1_0.check_in_time between ? and ? 
        and (
            ? is null 
            or a1_0.course_id=?
        ) 
        and (
            ? is null 
            or ?='' 
            or exists(select
                s1_0.student_id from student s1_0 
            where
                s1_0.student_id=a1_0.student_id 
                and s1_0.class_name=?)
        )
2026-06-02 15:53:38.103 [http-nio-8080-exec-1] DEBUG org.hibernate.SQL - 
    select
        count_big(a1_0.id) 
    from
        attendance a1_0 
    where
        a1_0.student_status=? 
        and a1_0.check_in_time between ? and ? 
        and (
            ? is null 
            or a1_0.course_id=?
        ) 
        and (
            ? is null 
            or ?='' 
            or exists(select
                s1_0.student_id from student s1_0 
            where
                s1_0.student_id=a1_0.student_id 
                and s1_0.class_name=?)
        )
2026-06-02 15:53:38.105 [http-nio-8080-exec-1] DEBUG org.hibernate.SQL - 
    select
        count_big(a1_0.id) 
    from
        attendance a1_0 
    where
        a1_0.student_status=? 
        and a1_0.check_in_time between ? and ? 
        and (
            ? is null 
            or a1_0.course_id=?
        ) 
        and (
            ? is null 
            or ?='' 
            or exists(select
                s1_0.student_id from student s1_0 
            where
                s1_0.student_id=a1_0.student_id 
                and s1_0.class_name=?)
        )
2026-06-02 15:53:38.106 [http-nio-8080-exec-1] DEBUG org.hibernate.SQL - 
    select
        count_big(a1_0.id) 
    from
        attendance a1_0 
    where
        a1_0.student_status=? 
        and a1_0.check_in_time between ? and ? 
        and (
            ? is null 
            or a1_0.course_id=?
        ) 
        and (
            ? is null 
            or ?='' 
            or exists(select
                s1_0.student_id from student s1_0 
            where
                s1_0.student_id=a1_0.student_id 
                and s1_0.class_name=?)
        )
2026-06-02 15:53:38.107 [http-nio-8080-exec-1] DEBUG org.hibernate.SQL - 
    select
        count_big(a1_0.id) 
    from
        attendance a1_0 
    where
        a1_0.student_status=? 
        and a1_0.check_in_time between ? and ? 
        and (
            ? is null 
            or a1_0.course_id=?
        ) 
        and (
            ? is null 
            or ?='' 
            or exists(select
                s1_0.student_id from student s1_0 
            where
                s1_0.student_id=a1_0.student_id 
                and s1_0.class_name=?)
        )
2026-06-02 15:53:38.109 [http-nio-8080-exec-1] DEBUG org.hibernate.SQL - 
    select
        count_big(a1_0.id) 
    from
        attendance a1_0 
    where
        a1_0.student_status=? 
        and a1_0.check_in_time between ? and ? 
        and (
            ? is null 
            or a1_0.course_id=?
        ) 
        and (
            ? is null 
            or ?='' 
            or exists(select
                s1_0.student_id from student s1_0 
            where
                s1_0.student_id=a1_0.student_id 
                and s1_0.class_name=?)
        )
2026-06-02 15:53:38.110 [http-nio-8080-exec-1] DEBUG org.hibernate.SQL - 
    select
        count_big(a1_0.id) 
    from
        attendance a1_0 
    where
        a1_0.student_status=? 
        and a1_0.check_in_time between ? and ? 
        and (
            ? is null 
            or a1_0.course_id=?
        ) 
        and (
            ? is null 
            or ?='' 
            or exists(select
                s1_0.student_id from student s1_0 
            where
                s1_0.student_id=a1_0.student_id 
                and s1_0.class_name=?)
        )
2026-06-02 15:53:38.112 [http-nio-8080-exec-1] DEBUG org.hibernate.SQL - 
    select
        count_big(a1_0.id) 
    from
        attendance a1_0 
    where
        a1_0.student_status=? 
        and a1_0.check_in_time between ? and ? 
        and (
            ? is null 
            or a1_0.course_id=?
        ) 
        and (
            ? is null 
            or ?='' 
            or exists(select
                s1_0.student_id from student s1_0 
            where
                s1_0.student_id=a1_0.student_id 
                and s1_0.class_name=?)
        )
2026-06-02 15:53:38.113 [http-nio-8080-exec-1] DEBUG org.hibernate.SQL - 
    select
        count_big(a1_0.id) 
    from
        attendance a1_0 
    where
        a1_0.student_status=? 
        and a1_0.check_in_time between ? and ? 
        and (
            ? is null 
            or a1_0.course_id=?
        ) 
        and (
            ? is null 
            or ?='' 
            or exists(select
                s1_0.student_id from student s1_0 
            where
                s1_0.student_id=a1_0.student_id 
                and s1_0.class_name=?)
        )
2026-06-02 15:53:38.114 [http-nio-8080-exec-1] DEBUG org.hibernate.SQL - 
    select
        count_big(a1_0.id) 
    from
        attendance a1_0 
    where
        a1_0.student_status=? 
        and a1_0.check_in_time between ? and ? 
        and (
            ? is null 
            or a1_0.course_id=?
        ) 
        and (
            ? is null 
            or ?='' 
            or exists(select
                s1_0.student_id from student s1_0 
            where
                s1_0.student_id=a1_0.student_id 
                and s1_0.class_name=?)
        )
2026-06-02 15:53:38.116 [http-nio-8080-exec-1] DEBUG org.hibernate.SQL - 
    select
        count_big(a1_0.id) 
    from
        attendance a1_0 
    where
        a1_0.student_status=? 
        and a1_0.check_in_time between ? and ? 
        and (
            ? is null 
            or a1_0.course_id=?
        ) 
        and (
            ? is null 
            or ?='' 
            or exists(select
                s1_0.student_id from student s1_0 
            where
                s1_0.student_id=a1_0.student_id 
                and s1_0.class_name=?)
        )
2026-06-02 15:53:38.117 [http-nio-8080-exec-1] DEBUG org.hibernate.SQL - 
    select
        count_big(a1_0.id) 
    from
        attendance a1_0 
    where
        a1_0.student_status=? 
        and a1_0.check_in_time between ? and ? 
        and (
            ? is null 
            or a1_0.course_id=?
        ) 
        and (
            ? is null 
            or ?='' 
            or exists(select
                s1_0.student_id from student s1_0 
            where
                s1_0.student_id=a1_0.student_id 
                and s1_0.class_name=?)
        )
2026-06-02 15:53:38.118 [http-nio-8080-exec-1] DEBUG org.hibernate.SQL - 
    select
        count_big(a1_0.id) 
    from
        attendance a1_0 
    where
        a1_0.student_status=? 
        and a1_0.check_in_time between ? and ? 
        and (
            ? is null 
            or a1_0.course_id=?
        ) 
        and (
            ? is null 
            or ?='' 
            or exists(select
                s1_0.student_id from student s1_0 
            where
                s1_0.student_id=a1_0.student_id 
                and s1_0.class_name=?)
        )
2026-06-02 15:53:38.121 [http-nio-8080-exec-1] DEBUG org.hibernate.SQL - 
    select
        distinct s1_0.class_name 
    from
        student s1_0 
    where
        s1_0.class_name is not null 
    order by
        s1_0.class_name
2026-06-02 15:53:38.122 [http-nio-8080-exec-1] DEBUG org.hibernate.SQL - 
    select
        count_big(a1_0.id) 
    from
        attendance a1_0 
    where
        a1_0.check_in_time between ? and ? 
        and (
            ? is null 
            or a1_0.course_id=?
        ) 
        and (
            ? is null 
            or ?='' 
            or exists(select
                s1_0.student_id from student s1_0 
            where
                s1_0.student_id=a1_0.student_id 
                and s1_0.class_name=?)
        )
2026-06-02 15:53:38.124 [http-nio-8080-exec-1] DEBUG org.hibernate.SQL - 
    select
        count_big(a1_0.id) 
    from
        attendance a1_0 
    where
        a1_0.student_status=? 
        and a1_0.check_in_time between ? and ? 
        and (
            ? is null 
            or a1_0.course_id=?
        ) 
        and (
            ? is null 
            or ?='' 
            or exists(select
                s1_0.student_id from student s1_0 
            where
                s1_0.student_id=a1_0.student_id 
                and s1_0.class_name=?)
        )
2026-06-02 15:53:38.126 [http-nio-8080-exec-1] DEBUG org.hibernate.SQL - 
    select
        count_big(a1_0.id) 
    from
        attendance a1_0 
    where
        a1_0.check_in_time between ? and ? 
        and (
            ? is null 
            or a1_0.course_id=?
        ) 
        and (
            ? is null 
            or ?='' 
            or exists(select
                s1_0.student_id from student s1_0 
            where
                s1_0.student_id=a1_0.student_id 
                and s1_0.class_name=?)
        )
2026-06-02 15:53:38.127 [http-nio-8080-exec-1] DEBUG org.hibernate.SQL - 
    select
        count_big(a1_0.id) 
    from
        attendance a1_0 
    where
        a1_0.student_status=? 
        and a1_0.check_in_time between ? and ? 
        and (
            ? is null 
            or a1_0.course_id=?
        ) 
        and (
            ? is null 
            or ?='' 
            or exists(select
                s1_0.student_id from student s1_0 
            where
                s1_0.student_id=a1_0.student_id 
                and s1_0.class_name=?)
        )
2026-06-02 15:53:38.127 [http-nio-8080-exec-1] DEBUG org.hibernate.SQL - 
    select
        count_big(a1_0.id) 
    from
        attendance a1_0 
    where
        a1_0.check_in_time between ? and ? 
        and (
            ? is null 
            or a1_0.course_id=?
        ) 
        and (
            ? is null 
            or ?='' 
            or exists(select
                s1_0.student_id from student s1_0 
            where
                s1_0.student_id=a1_0.student_id 
                and s1_0.class_name=?)
        )
2026-06-02 15:53:38.130 [http-nio-8080-exec-1] DEBUG org.hibernate.SQL - 
    select
        count_big(a1_0.id) 
    from
        attendance a1_0 
    where
        a1_0.student_status=? 
        and a1_0.check_in_time between ? and ? 
        and (
            ? is null 
            or a1_0.course_id=?
        ) 
        and (
            ? is null 
            or ?='' 
            or exists(select
                s1_0.student_id from student s1_0 
            where
                s1_0.student_id=a1_0.student_id 
                and s1_0.class_name=?)
        )
2026-06-02 15:53:38.132 [http-nio-8080-exec-1] DEBUG org.hibernate.SQL - 
    select
        count_big(a1_0.id) 
    from
        attendance a1_0 
    where
        a1_0.check_in_time between ? and ? 
        and (
            ? is null 
            or a1_0.course_id=?
        ) 
        and (
            ? is null 
            or ?='' 
            or exists(select
                s1_0.student_id from student s1_0 
            where
                s1_0.student_id=a1_0.student_id 
                and s1_0.class_name=?)
        )
2026-06-02 15:53:38.137 [http-nio-8080-exec-1] DEBUG org.hibernate.SQL - 
    select
        count_big(a1_0.id) 
    from
        attendance a1_0 
    where
        a1_0.student_status=? 
        and a1_0.check_in_time between ? and ? 
        and (
            ? is null 
            or a1_0.course_id=?
        ) 
        and (
            ? is null 
            or ?='' 
            or exists(select
                s1_0.student_id from student s1_0 
            where
                s1_0.student_id=a1_0.student_id 
                and s1_0.class_name=?)
        )
2026-06-02 15:53:38.138 [http-nio-8080-exec-1] DEBUG org.hibernate.SQL - 
    select
        count_big(a1_0.id) 
    from
        attendance a1_0 
    where
        a1_0.check_in_time between ? and ? 
        and (
            ? is null 
            or a1_0.course_id=?
        ) 
        and (
            ? is null 
            or ?='' 
            or exists(select
                s1_0.student_id from student s1_0 
            where
                s1_0.student_id=a1_0.student_id 
                and s1_0.class_name=?)
        )
2026-06-02 15:53:38.141 [http-nio-8080-exec-1] DEBUG org.hibernate.SQL - 
    select
        count_big(a1_0.id) 
    from
        attendance a1_0 
    where
        a1_0.student_status=? 
        and a1_0.check_in_time between ? and ? 
        and (
            ? is null 
            or a1_0.course_id=?
        ) 
        and (
            ? is null 
            or ?='' 
            or exists(select
                s1_0.student_id from student s1_0 
            where
                s1_0.student_id=a1_0.student_id 
                and s1_0.class_name=?)
        )
2026-06-02 15:53:38.143 [http-nio-8080-exec-1] DEBUG org.hibernate.SQL - 
    select
        a1_0.course_id,
        c1_0.course_name,
        count_big(a1_0.id) 
    from
        attendance a1_0 
    left join
        course c1_0 
            on a1_0.course_id=c1_0.course_id 
    where
        a1_0.check_in_time between ? and ? 
        and (
            ? is null 
            or ?='' 
            or exists(select
                s1_0.student_id from student s1_0 
            where
                s1_0.student_id=a1_0.student_id 
                and s1_0.class_name=?)
        ) 
    group by
        a1_0.course_id,
        c1_0.course_name 
    order by
        count_big(a1_0.id) desc
2026-06-02 15:53:40.183 [http-nio-8080-exec-3] DEBUG org.hibernate.SQL - 
    select
        u1_0.id,
        u1_0.class_name,
        u1_0.create_time,
        u1_0.gender,
        u1_0.real_name,
        u1_0.username,
        u1_0.userpassword,
        u1_0.userrole 
    from
        my_user u1_0 
    where
        u1_0.username=?
2026-06-02 15:53:40.190 [http-nio-8080-exec-3] DEBUG org.hibernate.SQL - 
    select
        c1_0.id,
        c1_0.class_name,
        c1_0.course_id,
        c1_0.course_name,
        c1_0.create_time,
        c1_0.location,
        c1_0.teacher_id,
        c1_0.teacher_name,
        c1_0.time_slot,
        c1_0.week_day 
    from
        course c1_0
2026-06-02 15:53:40.194 [http-nio-8080-exec-3] DEBUG org.hibernate.SQL - 
    select
        count_big(*) 
    from
        student s1_0
2026-06-02 15:53:40.198 [http-nio-8080-exec-3] DEBUG org.hibernate.SQL - 
    select
        count_big(u1_0.id) 
    from
        my_user u1_0 
    where
        upper(u1_0.userrole)=upper(?)
2026-06-02 15:53:40.199 [http-nio-8080-exec-3] DEBUG org.hibernate.SQL - 
    select
        count_big(*) 
    from
        course c1_0
2026-06-02 15:53:40.202 [http-nio-8080-exec-3] DEBUG org.hibernate.SQL - 
    select
        a1_0.id,
        a1_0.check_in_time,
        a1_0.course_id,
        a1_0.create_time,
        a1_0.ip_address,
        a1_0.reason,
        a1_0.sign_in_id,
        a1_0.student_id,
        a1_0.student_name,
        a1_0.student_status,
        a1_0.update_time 
    from
        attendance a1_0 
    where
        a1_0.course_id=?
2026-06-02 15:53:40.203 [http-nio-8080-exec-3] DEBUG org.hibernate.SQL - 
    select
        a1_0.id,
        a1_0.check_in_time,
        a1_0.course_id,
        a1_0.create_time,
        a1_0.ip_address,
        a1_0.reason,
        a1_0.sign_in_id,
        a1_0.student_id,
        a1_0.student_name,
        a1_0.student_status,
        a1_0.update_time 
    from
        attendance a1_0 
    where
        a1_0.course_id=?
2026-06-02 15:53:40.204 [http-nio-8080-exec-3] DEBUG org.hibernate.SQL - 
    select
        a1_0.id,
        a1_0.check_in_time,
        a1_0.course_id,
        a1_0.create_time,
        a1_0.ip_address,
        a1_0.reason,
        a1_0.sign_in_id,
        a1_0.student_id,
        a1_0.student_name,
        a1_0.student_status,
        a1_0.update_time 
    from
        attendance a1_0 
    where
        a1_0.course_id=?
2026-06-02 15:53:43.146 [http-nio-8080-exec-10] DEBUG c.e.a.service.impl.UserServiceImpl - 查询所有用户列表
2026-06-02 15:53:43.152 [http-nio-8080-exec-10] DEBUG org.hibernate.SQL - 
    select
        u1_0.id,
        u1_0.class_name,
        u1_0.create_time,
        u1_0.gender,
        u1_0.real_name,
        u1_0.username,
        u1_0.userpassword,
        u1_0.userrole 
    from
        my_user u1_0
2026-06-02 15:53:43.164 [http-nio-8080-exec-10] INFO  c.e.a.service.impl.UserServiceImpl - 查询到 73 个用户
2026-06-02 15:53:47.926 [http-nio-8080-exec-6] DEBUG org.hibernate.SQL - 
    select
        u1_0.id,
        u1_0.class_name,
        u1_0.create_time,
        u1_0.gender,
        u1_0.real_name,
        u1_0.username,
        u1_0.userpassword,
        u1_0.userrole 
    from
        my_user u1_0 
    where
        u1_0.username=?
2026-06-02 15:53:47.931 [http-nio-8080-exec-6] DEBUG org.hibernate.SQL - 
    select
        c1_0.id,
        c1_0.class_name,
        c1_0.course_id,
        c1_0.course_name,
        c1_0.create_time,
        c1_0.location,
        c1_0.teacher_id,
        c1_0.teacher_name,
        c1_0.time_slot,
        c1_0.week_day 
    from
        course c1_0
2026-06-02 15:53:47.936 [http-nio-8080-exec-6] DEBUG org.hibernate.SQL - 
    select
        count_big(*) 
    from
        student s1_0
2026-06-02 15:53:47.938 [http-nio-8080-exec-6] DEBUG org.hibernate.SQL - 
    select
        count_big(u1_0.id) 
    from
        my_user u1_0 
    where
        upper(u1_0.userrole)=upper(?)
2026-06-02 15:53:47.940 [http-nio-8080-exec-6] DEBUG org.hibernate.SQL - 
    select
        count_big(*) 
    from
        course c1_0
2026-06-02 15:53:47.941 [http-nio-8080-exec-6] DEBUG org.hibernate.SQL - 
    select
        a1_0.id,
        a1_0.check_in_time,
        a1_0.course_id,
        a1_0.create_time,
        a1_0.ip_address,
        a1_0.reason,
        a1_0.sign_in_id,
        a1_0.student_id,
        a1_0.student_name,
        a1_0.student_status,
        a1_0.update_time 
    from
        attendance a1_0 
    where
        a1_0.course_id=?
2026-06-02 15:53:47.941 [http-nio-8080-exec-6] DEBUG org.hibernate.SQL - 
    select
        a1_0.id,
        a1_0.check_in_time,
        a1_0.course_id,
        a1_0.create_time,
        a1_0.ip_address,
        a1_0.reason,
        a1_0.sign_in_id,
        a1_0.student_id,
        a1_0.student_name,
        a1_0.student_status,
        a1_0.update_time 
    from
        attendance a1_0 
    where
        a1_0.course_id=?
2026-06-02 15:53:47.944 [http-nio-8080-exec-6] DEBUG org.hibernate.SQL - 
    select
        a1_0.id,
        a1_0.check_in_time,
        a1_0.course_id,
        a1_0.create_time,
        a1_0.ip_address,
        a1_0.reason,
        a1_0.sign_in_id,
        a1_0.student_id,
        a1_0.student_name,
        a1_0.student_status,
        a1_0.update_time 
    from
        attendance a1_0 
    where
        a1_0.course_id=?
2026-06-02 15:53:49.742 [http-nio-8080-exec-7] DEBUG org.hibernate.SQL - 
    select
        c1_0.id,
        c1_0.class_name,
        c1_0.course_id,
        c1_0.course_name,
        c1_0.create_time,
        c1_0.location,
        c1_0.teacher_id,
        c1_0.teacher_name,
        c1_0.time_slot,
        c1_0.week_day 
    from
        course c1_0
2026-06-02 15:53:52.117 [http-nio-8080-exec-9] DEBUG org.hibernate.SQL - 
    select
        u1_0.id,
        u1_0.class_name,
        u1_0.create_time,
        u1_0.gender,
        u1_0.real_name,
        u1_0.username,
        u1_0.userpassword,
        u1_0.userrole 
    from
        my_user u1_0 
    where
        u1_0.username=?
2026-06-02 15:53:52.122 [http-nio-8080-exec-9] DEBUG org.hibernate.SQL - 
    select
        c1_0.id,
        c1_0.class_name,
        c1_0.course_id,
        c1_0.course_name,
        c1_0.create_time,
        c1_0.location,
        c1_0.teacher_id,
        c1_0.teacher_name,
        c1_0.time_slot,
        c1_0.week_day 
    from
        course c1_0
2026-06-02 15:53:52.126 [http-nio-8080-exec-9] DEBUG org.hibernate.SQL - 
    select
        count_big(*) 
    from
        student s1_0
2026-06-02 15:53:52.131 [http-nio-8080-exec-9] DEBUG org.hibernate.SQL - 
    select
        count_big(u1_0.id) 
    from
        my_user u1_0 
    where
        upper(u1_0.userrole)=upper(?)
2026-06-02 15:53:52.133 [http-nio-8080-exec-9] DEBUG org.hibernate.SQL - 
    select
        count_big(*) 
    from
        course c1_0
2026-06-02 15:53:52.136 [http-nio-8080-exec-9] DEBUG org.hibernate.SQL - 
    select
        a1_0.id,
        a1_0.check_in_time,
        a1_0.course_id,
        a1_0.create_time,
        a1_0.ip_address,
        a1_0.reason,
        a1_0.sign_in_id,
        a1_0.student_id,
        a1_0.student_name,
        a1_0.student_status,
        a1_0.update_time 
    from
        attendance a1_0 
    where
        a1_0.course_id=?
2026-06-02 15:53:52.136 [http-nio-8080-exec-9] DEBUG org.hibernate.SQL - 
    select
        a1_0.id,
        a1_0.check_in_time,
        a1_0.course_id,
        a1_0.create_time,
        a1_0.ip_address,
        a1_0.reason,
        a1_0.sign_in_id,
        a1_0.student_id,
        a1_0.student_name,
        a1_0.student_status,
        a1_0.update_time 
    from
        attendance a1_0 
    where
        a1_0.course_id=?
2026-06-02 15:53:52.138 [http-nio-8080-exec-9] DEBUG org.hibernate.SQL - 
    select
        a1_0.id,
        a1_0.check_in_time,
        a1_0.course_id,
        a1_0.create_time,
        a1_0.ip_address,
        a1_0.reason,
        a1_0.sign_in_id,
        a1_0.student_id,
        a1_0.student_name,
        a1_0.student_status,
        a1_0.update_time 
    from
        attendance a1_0 
    where
        a1_0.course_id=?
2026-06-02 15:56:54.263 [http-nio-8080-exec-3] DEBUG org.hibernate.SQL - 
    select
        u1_0.id,
        u1_0.class_name,
        u1_0.create_time,
        u1_0.gender,
        u1_0.real_name,
        u1_0.username,
        u1_0.userpassword,
        u1_0.userrole 
    from
        my_user u1_0 
    where
        u1_0.username=?
2026-06-02 15:56:54.280 [http-nio-8080-exec-3] DEBUG org.hibernate.SQL - 
    select
        c1_0.id,
        c1_0.class_name,
        c1_0.course_id,
        c1_0.course_name,
        c1_0.create_time,
        c1_0.location,
        c1_0.teacher_id,
        c1_0.teacher_name,
        c1_0.time_slot,
        c1_0.week_day 
    from
        course c1_0
2026-06-02 15:56:54.290 [http-nio-8080-exec-3] DEBUG org.hibernate.SQL - 
    select
        count_big(*) 
    from
        student s1_0
2026-06-02 15:56:54.296 [http-nio-8080-exec-3] DEBUG org.hibernate.SQL - 
    select
        count_big(u1_0.id) 
    from
        my_user u1_0 
    where
        upper(u1_0.userrole)=upper(?)
2026-06-02 15:56:54.301 [http-nio-8080-exec-3] DEBUG org.hibernate.SQL - 
    select
        count_big(*) 
    from
        course c1_0
2026-06-02 15:56:54.304 [http-nio-8080-exec-3] DEBUG org.hibernate.SQL - 
    select
        a1_0.id,
        a1_0.check_in_time,
        a1_0.course_id,
        a1_0.create_time,
        a1_0.ip_address,
        a1_0.reason,
        a1_0.sign_in_id,
        a1_0.student_id,
        a1_0.student_name,
        a1_0.student_status,
        a1_0.update_time 
    from
        attendance a1_0 
    where
        a1_0.course_id=?
2026-06-02 15:56:54.310 [http-nio-8080-exec-3] DEBUG org.hibernate.SQL - 
    select
        a1_0.id,
        a1_0.check_in_time,
        a1_0.course_id,
        a1_0.create_time,
        a1_0.ip_address,
        a1_0.reason,
        a1_0.sign_in_id,
        a1_0.student_id,
        a1_0.student_name,
        a1_0.student_status,
        a1_0.update_time 
    from
        attendance a1_0 
    where
        a1_0.course_id=?
2026-06-02 15:56:54.311 [http-nio-8080-exec-3] DEBUG org.hibernate.SQL - 
    select
        a1_0.id,
        a1_0.check_in_time,
        a1_0.course_id,
        a1_0.create_time,
        a1_0.ip_address,
        a1_0.reason,
        a1_0.sign_in_id,
        a1_0.student_id,
        a1_0.student_name,
        a1_0.student_status,
        a1_0.update_time 
    from
        attendance a1_0 
    where
        a1_0.course_id=?
2026-06-02 15:56:54.552 [http-nio-8080-exec-5] DEBUG org.hibernate.SQL - 
    select
        u1_0.id,
        u1_0.class_name,
        u1_0.create_time,
        u1_0.gender,
        u1_0.real_name,
        u1_0.username,
        u1_0.userpassword,
        u1_0.userrole 
    from
        my_user u1_0 
    where
        u1_0.username=?
2026-06-02 15:56:54.556 [http-nio-8080-exec-5] DEBUG org.hibernate.SQL - 
    select
        c1_0.id,
        c1_0.class_name,
        c1_0.course_id,
        c1_0.course_name,
        c1_0.create_time,
        c1_0.location,
        c1_0.teacher_id,
        c1_0.teacher_name,
        c1_0.time_slot,
        c1_0.week_day 
    from
        course c1_0
2026-06-02 15:56:54.559 [http-nio-8080-exec-5] DEBUG org.hibernate.SQL - 
    select
        count_big(*) 
    from
        student s1_0
2026-06-02 15:56:54.560 [http-nio-8080-exec-5] DEBUG org.hibernate.SQL - 
    select
        count_big(u1_0.id) 
    from
        my_user u1_0 
    where
        upper(u1_0.userrole)=upper(?)
2026-06-02 15:56:54.564 [http-nio-8080-exec-5] DEBUG org.hibernate.SQL - 
    select
        count_big(*) 
    from
        course c1_0
2026-06-02 15:56:54.566 [http-nio-8080-exec-5] DEBUG org.hibernate.SQL - 
    select
        a1_0.id,
        a1_0.check_in_time,
        a1_0.course_id,
        a1_0.create_time,
        a1_0.ip_address,
        a1_0.reason,
        a1_0.sign_in_id,
        a1_0.student_id,
        a1_0.student_name,
        a1_0.student_status,
        a1_0.update_time 
    from
        attendance a1_0 
    where
        a1_0.course_id=?
2026-06-02 15:56:54.567 [http-nio-8080-exec-5] DEBUG org.hibernate.SQL - 
    select
        a1_0.id,
        a1_0.check_in_time,
        a1_0.course_id,
        a1_0.create_time,
        a1_0.ip_address,
        a1_0.reason,
        a1_0.sign_in_id,
        a1_0.student_id,
        a1_0.student_name,
        a1_0.student_status,
        a1_0.update_time 
    from
        attendance a1_0 
    where
        a1_0.course_id=?
2026-06-02 15:56:54.569 [http-nio-8080-exec-5] DEBUG org.hibernate.SQL - 
    select
        a1_0.id,
        a1_0.check_in_time,
        a1_0.course_id,
        a1_0.create_time,
        a1_0.ip_address,
        a1_0.reason,
        a1_0.sign_in_id,
        a1_0.student_id,
        a1_0.student_name,
        a1_0.student_status,
        a1_0.update_time 
    from
        attendance a1_0 
    where
        a1_0.course_id=?
2026-06-02 15:56:54.784 [http-nio-8080-exec-7] DEBUG org.hibernate.SQL - 
    select
        u1_0.id,
        u1_0.class_name,
        u1_0.create_time,
        u1_0.gender,
        u1_0.real_name,
        u1_0.username,
        u1_0.userpassword,
        u1_0.userrole 
    from
        my_user u1_0 
    where
        u1_0.username=?
2026-06-02 15:56:54.789 [http-nio-8080-exec-7] DEBUG org.hibernate.SQL - 
    select
        c1_0.id,
        c1_0.class_name,
        c1_0.course_id,
        c1_0.course_name,
        c1_0.create_time,
        c1_0.location,
        c1_0.teacher_id,
        c1_0.teacher_name,
        c1_0.time_slot,
        c1_0.week_day 
    from
        course c1_0
2026-06-02 15:56:54.792 [http-nio-8080-exec-7] DEBUG org.hibernate.SQL - 
    select
        count_big(*) 
    from
        student s1_0
2026-06-02 15:56:54.796 [http-nio-8080-exec-7] DEBUG org.hibernate.SQL - 
    select
        count_big(u1_0.id) 
    from
        my_user u1_0 
    where
        upper(u1_0.userrole)=upper(?)
2026-06-02 15:56:54.797 [http-nio-8080-exec-7] DEBUG org.hibernate.SQL - 
    select
        count_big(*) 
    from
        course c1_0
2026-06-02 15:56:54.799 [http-nio-8080-exec-7] DEBUG org.hibernate.SQL - 
    select
        a1_0.id,
        a1_0.check_in_time,
        a1_0.course_id,
        a1_0.create_time,
        a1_0.ip_address,
        a1_0.reason,
        a1_0.sign_in_id,
        a1_0.student_id,
        a1_0.student_name,
        a1_0.student_status,
        a1_0.update_time 
    from
        attendance a1_0 
    where
        a1_0.course_id=?
2026-06-02 15:56:54.801 [http-nio-8080-exec-7] DEBUG org.hibernate.SQL - 
    select
        a1_0.id,
        a1_0.check_in_time,
        a1_0.course_id,
        a1_0.create_time,
        a1_0.ip_address,
        a1_0.reason,
        a1_0.sign_in_id,
        a1_0.student_id,
        a1_0.student_name,
        a1_0.student_status,
        a1_0.update_time 
    from
        attendance a1_0 
    where
        a1_0.course_id=?
2026-06-02 15:56:54.801 [http-nio-8080-exec-7] DEBUG org.hibernate.SQL - 
    select
        a1_0.id,
        a1_0.check_in_time,
        a1_0.course_id,
        a1_0.create_time,
        a1_0.ip_address,
        a1_0.reason,
        a1_0.sign_in_id,
        a1_0.student_id,
        a1_0.student_name,
        a1_0.student_status,
        a1_0.update_time 
    from
        attendance a1_0 
    where
        a1_0.course_id=?
2026-06-02 15:56:57.006 [http-nio-8080-exec-9] DEBUG org.hibernate.SQL - 
    select
        c1_0.id,
        c1_0.class_name,
        c1_0.course_id,
        c1_0.course_name,
        c1_0.create_time,
        c1_0.location,
        c1_0.teacher_id,
        c1_0.teacher_name,
        c1_0.time_slot,
        c1_0.week_day 
    from
        course c1_0
2026-06-02 15:56:57.013 [http-nio-8080-exec-4] DEBUG org.hibernate.SQL - 
    select
        distinct s1_0.class_name 
    from
        student s1_0 
    where
        s1_0.class_name is not null 
    order by
        s1_0.class_name
2026-06-02 15:56:57.024 [http-nio-8080-exec-1] DEBUG org.hibernate.SQL - 
    select
        u1_0.id,
        u1_0.class_name,
        u1_0.create_time,
        u1_0.gender,
        u1_0.real_name,
        u1_0.username,
        u1_0.userpassword,
        u1_0.userrole 
    from
        my_user u1_0 
    where
        u1_0.username=?
2026-06-02 15:56:57.026 [http-nio-8080-exec-1] DEBUG org.hibernate.SQL - 
    select
        count_big(*) 
    from
        student s1_0
2026-06-02 15:56:57.028 [http-nio-8080-exec-1] DEBUG org.hibernate.SQL - 
    select
        count_big(a1_0.id) 
    from
        attendance a1_0 
    where
        a1_0.check_in_time between ? and ? 
        and (
            ? is null 
            or a1_0.course_id=?
        ) 
        and (
            ? is null 
            or ?='' 
            or exists(select
                s1_0.student_id from student s1_0 
            where
                s1_0.student_id=a1_0.student_id 
                and s1_0.class_name=?)
        )
2026-06-02 15:56:57.050 [http-nio-8080-exec-1] DEBUG org.hibernate.SQL - 
    select
        count_big(a1_0.id) 
    from
        attendance a1_0 
    where
        a1_0.student_status=? 
        and a1_0.check_in_time between ? and ? 
        and (
            ? is null 
            or a1_0.course_id=?
        ) 
        and (
            ? is null 
            or ?='' 
            or exists(select
                s1_0.student_id from student s1_0 
            where
                s1_0.student_id=a1_0.student_id 
                and s1_0.class_name=?)
        )
2026-06-02 15:56:57.066 [http-nio-8080-exec-1] DEBUG org.hibernate.SQL - 
    select
        count_big(a1_0.id) 
    from
        attendance a1_0 
    where
        a1_0.student_status=? 
        and a1_0.check_in_time between ? and ? 
        and (
            ? is null 
            or a1_0.course_id=?
        ) 
        and (
            ? is null 
            or ?='' 
            or exists(select
                s1_0.student_id from student s1_0 
            where
                s1_0.student_id=a1_0.student_id 
                and s1_0.class_name=?)
        )
2026-06-02 15:56:57.069 [http-nio-8080-exec-1] DEBUG org.hibernate.SQL - 
    select
        count_big(a1_0.id) 
    from
        attendance a1_0 
    where
        a1_0.student_status=? 
        and a1_0.check_in_time between ? and ? 
        and (
            ? is null 
            or a1_0.course_id=?
        ) 
        and (
            ? is null 
            or ?='' 
            or exists(select
                s1_0.student_id from student s1_0 
            where
                s1_0.student_id=a1_0.student_id 
                and s1_0.class_name=?)
        )
2026-06-02 15:56:57.071 [http-nio-8080-exec-1] DEBUG org.hibernate.SQL - 
    select
        count_big(a1_0.id) 
    from
        attendance a1_0 
    where
        a1_0.student_status=? 
        and a1_0.check_in_time between ? and ? 
        and (
            ? is null 
            or a1_0.course_id=?
        ) 
        and (
            ? is null 
            or ?='' 
            or exists(select
                s1_0.student_id from student s1_0 
            where
                s1_0.student_id=a1_0.student_id 
                and s1_0.class_name=?)
        )
2026-06-02 15:56:57.072 [http-nio-8080-exec-1] DEBUG org.hibernate.SQL - 
    select
        count_big(a1_0.id) 
    from
        attendance a1_0 
    where
        a1_0.student_status=? 
        and a1_0.check_in_time between ? and ? 
        and (
            ? is null 
            or a1_0.course_id=?
        ) 
        and (
            ? is null 
            or ?='' 
            or exists(select
                s1_0.student_id from student s1_0 
            where
                s1_0.student_id=a1_0.student_id 
                and s1_0.class_name=?)
        )
2026-06-02 15:56:57.074 [http-nio-8080-exec-1] DEBUG org.hibernate.SQL - 
    select
        count_big(a1_0.id) 
    from
        attendance a1_0 
    where
        a1_0.student_status=? 
        and a1_0.check_in_time between ? and ? 
        and (
            ? is null 
            or a1_0.course_id=?
        ) 
        and (
            ? is null 
            or ?='' 
            or exists(select
                s1_0.student_id from student s1_0 
            where
                s1_0.student_id=a1_0.student_id 
                and s1_0.class_name=?)
        )
2026-06-02 15:56:57.076 [http-nio-8080-exec-1] DEBUG org.hibernate.SQL - 
    select
        count_big(a1_0.id) 
    from
        attendance a1_0 
    where
        a1_0.student_status=? 
        and a1_0.check_in_time between ? and ? 
        and (
            ? is null 
            or a1_0.course_id=?
        ) 
        and (
            ? is null 
            or ?='' 
            or exists(select
                s1_0.student_id from student s1_0 
            where
                s1_0.student_id=a1_0.student_id 
                and s1_0.class_name=?)
        )
2026-06-02 15:56:57.077 [http-nio-8080-exec-1] DEBUG org.hibernate.SQL - 
    select
        count_big(a1_0.id) 
    from
        attendance a1_0 
    where
        a1_0.student_status=? 
        and a1_0.check_in_time between ? and ? 
        and (
            ? is null 
            or a1_0.course_id=?
        ) 
        and (
            ? is null 
            or ?='' 
            or exists(select
                s1_0.student_id from student s1_0 
            where
                s1_0.student_id=a1_0.student_id 
                and s1_0.class_name=?)
        )
2026-06-02 15:56:57.079 [http-nio-8080-exec-1] DEBUG org.hibernate.SQL - 
    select
        count_big(a1_0.id) 
    from
        attendance a1_0 
    where
        a1_0.student_status=? 
        and a1_0.check_in_time between ? and ? 
        and (
            ? is null 
            or a1_0.course_id=?
        ) 
        and (
            ? is null 
            or ?='' 
            or exists(select
                s1_0.student_id from student s1_0 
            where
                s1_0.student_id=a1_0.student_id 
                and s1_0.class_name=?)
        )
2026-06-02 15:56:57.080 [http-nio-8080-exec-1] DEBUG org.hibernate.SQL - 
    select
        count_big(a1_0.id) 
    from
        attendance a1_0 
    where
        a1_0.student_status=? 
        and a1_0.check_in_time between ? and ? 
        and (
            ? is null 
            or a1_0.course_id=?
        ) 
        and (
            ? is null 
            or ?='' 
            or exists(select
                s1_0.student_id from student s1_0 
            where
                s1_0.student_id=a1_0.student_id 
                and s1_0.class_name=?)
        )
2026-06-02 15:56:57.082 [http-nio-8080-exec-1] DEBUG org.hibernate.SQL - 
    select
        count_big(a1_0.id) 
    from
        attendance a1_0 
    where
        a1_0.student_status=? 
        and a1_0.check_in_time between ? and ? 
        and (
            ? is null 
            or a1_0.course_id=?
        ) 
        and (
            ? is null 
            or ?='' 
            or exists(select
                s1_0.student_id from student s1_0 
            where
                s1_0.student_id=a1_0.student_id 
                and s1_0.class_name=?)
        )
2026-06-02 15:56:57.083 [http-nio-8080-exec-1] DEBUG org.hibernate.SQL - 
    select
        count_big(a1_0.id) 
    from
        attendance a1_0 
    where
        a1_0.student_status=? 
        and a1_0.check_in_time between ? and ? 
        and (
            ? is null 
            or a1_0.course_id=?
        ) 
        and (
            ? is null 
            or ?='' 
            or exists(select
                s1_0.student_id from student s1_0 
            where
                s1_0.student_id=a1_0.student_id 
                and s1_0.class_name=?)
        )
2026-06-02 15:56:57.085 [http-nio-8080-exec-1] DEBUG org.hibernate.SQL - 
    select
        count_big(a1_0.id) 
    from
        attendance a1_0 
    where
        a1_0.student_status=? 
        and a1_0.check_in_time between ? and ? 
        and (
            ? is null 
            or a1_0.course_id=?
        ) 
        and (
            ? is null 
            or ?='' 
            or exists(select
                s1_0.student_id from student s1_0 
            where
                s1_0.student_id=a1_0.student_id 
                and s1_0.class_name=?)
        )
2026-06-02 15:56:57.087 [http-nio-8080-exec-1] DEBUG org.hibernate.SQL - 
    select
        count_big(a1_0.id) 
    from
        attendance a1_0 
    where
        a1_0.student_status=? 
        and a1_0.check_in_time between ? and ? 
        and (
            ? is null 
            or a1_0.course_id=?
        ) 
        and (
            ? is null 
            or ?='' 
            or exists(select
                s1_0.student_id from student s1_0 
            where
                s1_0.student_id=a1_0.student_id 
                and s1_0.class_name=?)
        )
2026-06-02 15:56:57.088 [http-nio-8080-exec-1] DEBUG org.hibernate.SQL - 
    select
        count_big(a1_0.id) 
    from
        attendance a1_0 
    where
        a1_0.student_status=? 
        and a1_0.check_in_time between ? and ? 
        and (
            ? is null 
            or a1_0.course_id=?
        ) 
        and (
            ? is null 
            or ?='' 
            or exists(select
                s1_0.student_id from student s1_0 
            where
                s1_0.student_id=a1_0.student_id 
                and s1_0.class_name=?)
        )
2026-06-02 15:56:57.090 [http-nio-8080-exec-1] DEBUG org.hibernate.SQL - 
    select
        count_big(a1_0.id) 
    from
        attendance a1_0 
    where
        a1_0.student_status=? 
        and a1_0.check_in_time between ? and ? 
        and (
            ? is null 
            or a1_0.course_id=?
        ) 
        and (
            ? is null 
            or ?='' 
            or exists(select
                s1_0.student_id from student s1_0 
            where
                s1_0.student_id=a1_0.student_id 
                and s1_0.class_name=?)
        )
2026-06-02 15:56:57.091 [http-nio-8080-exec-1] DEBUG org.hibernate.SQL - 
    select
        count_big(a1_0.id) 
    from
        attendance a1_0 
    where
        a1_0.student_status=? 
        and a1_0.check_in_time between ? and ? 
        and (
            ? is null 
            or a1_0.course_id=?
        ) 
        and (
            ? is null 
            or ?='' 
            or exists(select
                s1_0.student_id from student s1_0 
            where
                s1_0.student_id=a1_0.student_id 
                and s1_0.class_name=?)
        )
2026-06-02 15:56:57.092 [http-nio-8080-exec-1] DEBUG org.hibernate.SQL - 
    select
        count_big(a1_0.id) 
    from
        attendance a1_0 
    where
        a1_0.student_status=? 
        and a1_0.check_in_time between ? and ? 
        and (
            ? is null 
            or a1_0.course_id=?
        ) 
        and (
            ? is null 
            or ?='' 
            or exists(select
                s1_0.student_id from student s1_0 
            where
                s1_0.student_id=a1_0.student_id 
                and s1_0.class_name=?)
        )
2026-06-02 15:56:57.094 [http-nio-8080-exec-1] DEBUG org.hibernate.SQL - 
    select
        count_big(a1_0.id) 
    from
        attendance a1_0 
    where
        a1_0.student_status=? 
        and a1_0.check_in_time between ? and ? 
        and (
            ? is null 
            or a1_0.course_id=?
        ) 
        and (
            ? is null 
            or ?='' 
            or exists(select
                s1_0.student_id from student s1_0 
            where
                s1_0.student_id=a1_0.student_id 
                and s1_0.class_name=?)
        )
2026-06-02 15:56:57.096 [http-nio-8080-exec-1] DEBUG org.hibernate.SQL - 
    select
        count_big(a1_0.id) 
    from
        attendance a1_0 
    where
        a1_0.student_status=? 
        and a1_0.check_in_time between ? and ? 
        and (
            ? is null 
            or a1_0.course_id=?
        ) 
        and (
            ? is null 
            or ?='' 
            or exists(select
                s1_0.student_id from student s1_0 
            where
                s1_0.student_id=a1_0.student_id 
                and s1_0.class_name=?)
        )
2026-06-02 15:56:57.097 [http-nio-8080-exec-1] DEBUG org.hibernate.SQL - 
    select
        count_big(a1_0.id) 
    from
        attendance a1_0 
    where
        a1_0.student_status=? 
        and a1_0.check_in_time between ? and ? 
        and (
            ? is null 
            or a1_0.course_id=?
        ) 
        and (
            ? is null 
            or ?='' 
            or exists(select
                s1_0.student_id from student s1_0 
            where
                s1_0.student_id=a1_0.student_id 
                and s1_0.class_name=?)
        )
2026-06-02 15:56:57.098 [http-nio-8080-exec-1] DEBUG org.hibernate.SQL - 
    select
        count_big(a1_0.id) 
    from
        attendance a1_0 
    where
        a1_0.student_status=? 
        and a1_0.check_in_time between ? and ? 
        and (
            ? is null 
            or a1_0.course_id=?
        ) 
        and (
            ? is null 
            or ?='' 
            or exists(select
                s1_0.student_id from student s1_0 
            where
                s1_0.student_id=a1_0.student_id 
                and s1_0.class_name=?)
        )
2026-06-02 15:56:57.099 [http-nio-8080-exec-1] DEBUG org.hibernate.SQL - 
    select
        count_big(a1_0.id) 
    from
        attendance a1_0 
    where
        a1_0.student_status=? 
        and a1_0.check_in_time between ? and ? 
        and (
            ? is null 
            or a1_0.course_id=?
        ) 
        and (
            ? is null 
            or ?='' 
            or exists(select
                s1_0.student_id from student s1_0 
            where
                s1_0.student_id=a1_0.student_id 
                and s1_0.class_name=?)
        )
2026-06-02 15:56:57.101 [http-nio-8080-exec-1] DEBUG org.hibernate.SQL - 
    select
        count_big(a1_0.id) 
    from
        attendance a1_0 
    where
        a1_0.student_status=? 
        and a1_0.check_in_time between ? and ? 
        and (
            ? is null 
            or a1_0.course_id=?
        ) 
        and (
            ? is null 
            or ?='' 
            or exists(select
                s1_0.student_id from student s1_0 
            where
                s1_0.student_id=a1_0.student_id 
                and s1_0.class_name=?)
        )
2026-06-02 15:56:57.102 [http-nio-8080-exec-1] DEBUG org.hibernate.SQL - 
    select
        count_big(a1_0.id) 
    from
        attendance a1_0 
    where
        a1_0.student_status=? 
        and a1_0.check_in_time between ? and ? 
        and (
            ? is null 
            or a1_0.course_id=?
        ) 
        and (
            ? is null 
            or ?='' 
            or exists(select
                s1_0.student_id from student s1_0 
            where
                s1_0.student_id=a1_0.student_id 
                and s1_0.class_name=?)
        )
2026-06-02 15:56:57.112 [http-nio-8080-exec-1] DEBUG org.hibernate.SQL - 
    select
        count_big(a1_0.id) 
    from
        attendance a1_0 
    where
        a1_0.student_status=? 
        and a1_0.check_in_time between ? and ? 
        and (
            ? is null 
            or a1_0.course_id=?
        ) 
        and (
            ? is null 
            or ?='' 
            or exists(select
                s1_0.student_id from student s1_0 
            where
                s1_0.student_id=a1_0.student_id 
                and s1_0.class_name=?)
        )
2026-06-02 15:56:57.118 [http-nio-8080-exec-1] DEBUG org.hibernate.SQL - 
    select
        count_big(a1_0.id) 
    from
        attendance a1_0 
    where
        a1_0.student_status=? 
        and a1_0.check_in_time between ? and ? 
        and (
            ? is null 
            or a1_0.course_id=?
        ) 
        and (
            ? is null 
            or ?='' 
            or exists(select
                s1_0.student_id from student s1_0 
            where
                s1_0.student_id=a1_0.student_id 
                and s1_0.class_name=?)
        )
2026-06-02 15:56:57.129 [http-nio-8080-exec-1] DEBUG org.hibernate.SQL - 
    select
        count_big(a1_0.id) 
    from
        attendance a1_0 
    where
        a1_0.student_status=? 
        and a1_0.check_in_time between ? and ? 
        and (
            ? is null 
            or a1_0.course_id=?
        ) 
        and (
            ? is null 
            or ?='' 
            or exists(select
                s1_0.student_id from student s1_0 
            where
                s1_0.student_id=a1_0.student_id 
                and s1_0.class_name=?)
        )
2026-06-02 15:56:57.130 [http-nio-8080-exec-1] DEBUG org.hibernate.SQL - 
    select
        count_big(a1_0.id) 
    from
        attendance a1_0 
    where
        a1_0.student_status=? 
        and a1_0.check_in_time between ? and ? 
        and (
            ? is null 
            or a1_0.course_id=?
        ) 
        and (
            ? is null 
            or ?='' 
            or exists(select
                s1_0.student_id from student s1_0 
            where
                s1_0.student_id=a1_0.student_id 
                and s1_0.class_name=?)
        )
2026-06-02 15:56:57.132 [http-nio-8080-exec-1] DEBUG org.hibernate.SQL - 
    select
        count_big(a1_0.id) 
    from
        attendance a1_0 
    where
        a1_0.student_status=? 
        and a1_0.check_in_time between ? and ? 
        and (
            ? is null 
            or a1_0.course_id=?
        ) 
        and (
            ? is null 
            or ?='' 
            or exists(select
                s1_0.student_id from student s1_0 
            where
                s1_0.student_id=a1_0.student_id 
                and s1_0.class_name=?)
        )
2026-06-02 15:56:57.134 [http-nio-8080-exec-1] DEBUG org.hibernate.SQL - 
    select
        count_big(a1_0.id) 
    from
        attendance a1_0 
    where
        a1_0.student_status=? 
        and a1_0.check_in_time between ? and ? 
        and (
            ? is null 
            or a1_0.course_id=?
        ) 
        and (
            ? is null 
            or ?='' 
            or exists(select
                s1_0.student_id from student s1_0 
            where
                s1_0.student_id=a1_0.student_id 
                and s1_0.class_name=?)
        )
2026-06-02 15:56:57.136 [http-nio-8080-exec-1] DEBUG org.hibernate.SQL - 
    select
        count_big(a1_0.id) 
    from
        attendance a1_0 
    where
        a1_0.student_status=? 
        and a1_0.check_in_time between ? and ? 
        and (
            ? is null 
            or a1_0.course_id=?
        ) 
        and (
            ? is null 
            or ?='' 
            or exists(select
                s1_0.student_id from student s1_0 
            where
                s1_0.student_id=a1_0.student_id 
                and s1_0.class_name=?)
        )
2026-06-02 15:56:57.136 [http-nio-8080-exec-1] DEBUG org.hibernate.SQL - 
    select
        count_big(a1_0.id) 
    from
        attendance a1_0 
    where
        a1_0.student_status=? 
        and a1_0.check_in_time between ? and ? 
        and (
            ? is null 
            or a1_0.course_id=?
        ) 
        and (
            ? is null 
            or ?='' 
            or exists(select
                s1_0.student_id from student s1_0 
            where
                s1_0.student_id=a1_0.student_id 
                and s1_0.class_name=?)
        )
2026-06-02 15:56:57.138 [http-nio-8080-exec-1] DEBUG org.hibernate.SQL - 
    select
        count_big(a1_0.id) 
    from
        attendance a1_0 
    where
        a1_0.student_status=? 
        and a1_0.check_in_time between ? and ? 
        and (
            ? is null 
            or a1_0.course_id=?
        ) 
        and (
            ? is null 
            or ?='' 
            or exists(select
                s1_0.student_id from student s1_0 
            where
                s1_0.student_id=a1_0.student_id 
                and s1_0.class_name=?)
        )
2026-06-02 15:56:57.139 [http-nio-8080-exec-1] DEBUG org.hibernate.SQL - 
    select
        count_big(a1_0.id) 
    from
        attendance a1_0 
    where
        a1_0.student_status=? 
        and a1_0.check_in_time between ? and ? 
        and (
            ? is null 
            or a1_0.course_id=?
        ) 
        and (
            ? is null 
            or ?='' 
            or exists(select
                s1_0.student_id from student s1_0 
            where
                s1_0.student_id=a1_0.student_id 
                and s1_0.class_name=?)
        )
2026-06-02 15:56:57.146 [http-nio-8080-exec-1] DEBUG org.hibernate.SQL - 
    select
        count_big(a1_0.id) 
    from
        attendance a1_0 
    where
        a1_0.student_status=? 
        and a1_0.check_in_time between ? and ? 
        and (
            ? is null 
            or a1_0.course_id=?
        ) 
        and (
            ? is null 
            or ?='' 
            or exists(select
                s1_0.student_id from student s1_0 
            where
                s1_0.student_id=a1_0.student_id 
                and s1_0.class_name=?)
        )
2026-06-02 15:56:57.148 [http-nio-8080-exec-1] DEBUG org.hibernate.SQL - 
    select
        distinct s1_0.class_name 
    from
        student s1_0 
    where
        s1_0.class_name is not null 
    order by
        s1_0.class_name
2026-06-02 15:56:57.149 [http-nio-8080-exec-1] DEBUG org.hibernate.SQL - 
    select
        count_big(a1_0.id) 
    from
        attendance a1_0 
    where
        a1_0.check_in_time between ? and ? 
        and (
            ? is null 
            or a1_0.course_id=?
        ) 
        and (
            ? is null 
            or ?='' 
            or exists(select
                s1_0.student_id from student s1_0 
            where
                s1_0.student_id=a1_0.student_id 
                and s1_0.class_name=?)
        )
2026-06-02 15:56:57.151 [http-nio-8080-exec-1] DEBUG org.hibernate.SQL - 
    select
        count_big(a1_0.id) 
    from
        attendance a1_0 
    where
        a1_0.student_status=? 
        and a1_0.check_in_time between ? and ? 
        and (
            ? is null 
            or a1_0.course_id=?
        ) 
        and (
            ? is null 
            or ?='' 
            or exists(select
                s1_0.student_id from student s1_0 
            where
                s1_0.student_id=a1_0.student_id 
                and s1_0.class_name=?)
        )
2026-06-02 15:56:57.164 [http-nio-8080-exec-1] DEBUG org.hibernate.SQL - 
    select
        count_big(a1_0.id) 
    from
        attendance a1_0 
    where
        a1_0.check_in_time between ? and ? 
        and (
            ? is null 
            or a1_0.course_id=?
        ) 
        and (
            ? is null 
            or ?='' 
            or exists(select
                s1_0.student_id from student s1_0 
            where
                s1_0.student_id=a1_0.student_id 
                and s1_0.class_name=?)
        )
2026-06-02 15:56:57.165 [http-nio-8080-exec-1] DEBUG org.hibernate.SQL - 
    select
        count_big(a1_0.id) 
    from
        attendance a1_0 
    where
        a1_0.student_status=? 
        and a1_0.check_in_time between ? and ? 
        and (
            ? is null 
            or a1_0.course_id=?
        ) 
        and (
            ? is null 
            or ?='' 
            or exists(select
                s1_0.student_id from student s1_0 
            where
                s1_0.student_id=a1_0.student_id 
                and s1_0.class_name=?)
        )
2026-06-02 15:56:57.167 [http-nio-8080-exec-1] DEBUG org.hibernate.SQL - 
    select
        count_big(a1_0.id) 
    from
        attendance a1_0 
    where
        a1_0.check_in_time between ? and ? 
        and (
            ? is null 
            or a1_0.course_id=?
        ) 
        and (
            ? is null 
            or ?='' 
            or exists(select
                s1_0.student_id from student s1_0 
            where
                s1_0.student_id=a1_0.student_id 
                and s1_0.class_name=?)
        )
2026-06-02 15:56:57.170 [http-nio-8080-exec-1] DEBUG org.hibernate.SQL - 
    select
        count_big(a1_0.id) 
    from
        attendance a1_0 
    where
        a1_0.student_status=? 
        and a1_0.check_in_time between ? and ? 
        and (
            ? is null 
            or a1_0.course_id=?
        ) 
        and (
            ? is null 
            or ?='' 
            or exists(select
                s1_0.student_id from student s1_0 
            where
                s1_0.student_id=a1_0.student_id 
                and s1_0.class_name=?)
        )
2026-06-02 15:56:57.170 [http-nio-8080-exec-1] DEBUG org.hibernate.SQL - 
    select
        count_big(a1_0.id) 
    from
        attendance a1_0 
    where
        a1_0.check_in_time between ? and ? 
        and (
            ? is null 
            or a1_0.course_id=?
        ) 
        and (
            ? is null 
            or ?='' 
            or exists(select
                s1_0.student_id from student s1_0 
            where
                s1_0.student_id=a1_0.student_id 
                and s1_0.class_name=?)
        )
2026-06-02 15:56:57.172 [http-nio-8080-exec-1] DEBUG org.hibernate.SQL - 
    select
        count_big(a1_0.id) 
    from
        attendance a1_0 
    where
        a1_0.student_status=? 
        and a1_0.check_in_time between ? and ? 
        and (
            ? is null 
            or a1_0.course_id=?
        ) 
        and (
            ? is null 
            or ?='' 
            or exists(select
                s1_0.student_id from student s1_0 
            where
                s1_0.student_id=a1_0.student_id 
                and s1_0.class_name=?)
        )
2026-06-02 15:56:57.175 [http-nio-8080-exec-1] DEBUG org.hibernate.SQL - 
    select
        count_big(a1_0.id) 
    from
        attendance a1_0 
    where
        a1_0.check_in_time between ? and ? 
        and (
            ? is null 
            or a1_0.course_id=?
        ) 
        and (
            ? is null 
            or ?='' 
            or exists(select
                s1_0.student_id from student s1_0 
            where
                s1_0.student_id=a1_0.student_id 
                and s1_0.class_name=?)
        )
2026-06-02 15:56:57.177 [http-nio-8080-exec-1] DEBUG org.hibernate.SQL - 
    select
        count_big(a1_0.id) 
    from
        attendance a1_0 
    where
        a1_0.student_status=? 
        and a1_0.check_in_time between ? and ? 
        and (
            ? is null 
            or a1_0.course_id=?
        ) 
        and (
            ? is null 
            or ?='' 
            or exists(select
                s1_0.student_id from student s1_0 
            where
                s1_0.student_id=a1_0.student_id 
                and s1_0.class_name=?)
        )
2026-06-02 15:56:57.179 [http-nio-8080-exec-1] DEBUG org.hibernate.SQL - 
    select
        a1_0.course_id,
        c1_0.course_name,
        count_big(a1_0.id) 
    from
        attendance a1_0 
    left join
        course c1_0 
            on a1_0.course_id=c1_0.course_id 
    where
        a1_0.check_in_time between ? and ? 
        and (
            ? is null 
            or ?='' 
            or exists(select
                s1_0.student_id from student s1_0 
            where
                s1_0.student_id=a1_0.student_id 
                and s1_0.class_name=?)
        ) 
    group by
        a1_0.course_id,
        c1_0.course_name 
    order by
        count_big(a1_0.id) desc
2026-06-02 15:59:30.034 [http-nio-8080-exec-6] DEBUG org.hibernate.SQL - 
    select
        u1_0.id,
        u1_0.class_name,
        u1_0.create_time,
        u1_0.gender,
        u1_0.real_name,
        u1_0.username,
        u1_0.userpassword,
        u1_0.userrole 
    from
        my_user u1_0 
    where
        u1_0.username=?
2026-06-02 15:59:31.829 [http-nio-8080-exec-8] DEBUG org.hibernate.SQL - 
    select
        u1_0.id,
        u1_0.class_name,
        u1_0.create_time,
        u1_0.gender,
        u1_0.real_name,
        u1_0.username,
        u1_0.userpassword,
        u1_0.userrole 
    from
        my_user u1_0 
    where
        u1_0.username=?
2026-06-02 15:59:31.832 [http-nio-8080-exec-8] DEBUG org.hibernate.SQL - 
    select
        c1_0.id,
        c1_0.class_name,
        c1_0.course_id,
        c1_0.course_name,
        c1_0.create_time,
        c1_0.location,
        c1_0.teacher_id,
        c1_0.teacher_name,
        c1_0.time_slot,
        c1_0.week_day 
    from
        course c1_0
2026-06-02 15:59:31.839 [http-nio-8080-exec-8] DEBUG org.hibernate.SQL - 
    select
        count_big(*) 
    from
        student s1_0
2026-06-02 15:59:31.847 [http-nio-8080-exec-8] DEBUG org.hibernate.SQL - 
    select
        count_big(u1_0.id) 
    from
        my_user u1_0 
    where
        upper(u1_0.userrole)=upper(?)
2026-06-02 15:59:31.851 [http-nio-8080-exec-8] DEBUG org.hibernate.SQL - 
    select
        count_big(*) 
    from
        course c1_0
2026-06-02 15:59:31.856 [http-nio-8080-exec-8] DEBUG org.hibernate.SQL - 
    select
        a1_0.id,
        a1_0.check_in_time,
        a1_0.course_id,
        a1_0.create_time,
        a1_0.ip_address,
        a1_0.reason,
        a1_0.sign_in_id,
        a1_0.student_id,
        a1_0.student_name,
        a1_0.student_status,
        a1_0.update_time 
    from
        attendance a1_0 
    where
        a1_0.course_id=?
2026-06-02 15:59:31.861 [http-nio-8080-exec-8] DEBUG org.hibernate.SQL - 
    select
        a1_0.id,
        a1_0.check_in_time,
        a1_0.course_id,
        a1_0.create_time,
        a1_0.ip_address,
        a1_0.reason,
        a1_0.sign_in_id,
        a1_0.student_id,
        a1_0.student_name,
        a1_0.student_status,
        a1_0.update_time 
    from
        attendance a1_0 
    where
        a1_0.course_id=?
2026-06-02 15:59:31.862 [http-nio-8080-exec-8] DEBUG org.hibernate.SQL - 
    select
        a1_0.id,
        a1_0.check_in_time,
        a1_0.course_id,
        a1_0.create_time,
        a1_0.ip_address,
        a1_0.reason,
        a1_0.sign_in_id,
        a1_0.student_id,
        a1_0.student_name,
        a1_0.student_status,
        a1_0.update_time 
    from
        attendance a1_0 
    where
        a1_0.course_id=?
2026-06-02 15:59:41.547 [http-nio-8080-exec-4] DEBUG org.hibernate.SQL - 
    select
        u1_0.id,
        u1_0.class_name,
        u1_0.create_time,
        u1_0.gender,
        u1_0.real_name,
        u1_0.username,
        u1_0.userpassword,
        u1_0.userrole 
    from
        my_user u1_0 
    where
        u1_0.username=?
2026-06-02 15:59:41.552 [http-nio-8080-exec-1] DEBUG c.e.a.s.impl.AttendanceServiceImpl - 分页查询考勤记录，页码: 0, 每页数量: 10
2026-06-02 15:59:41.552 [http-nio-8080-exec-4] DEBUG org.hibernate.SQL - 
    select
        c1_0.id,
        c1_0.class_name,
        c1_0.course_id,
        c1_0.course_name,
        c1_0.create_time,
        c1_0.location,
        c1_0.teacher_id,
        c1_0.teacher_name,
        c1_0.time_slot,
        c1_0.week_day 
    from
        course c1_0
2026-06-02 15:59:41.554 [http-nio-8080-exec-4] DEBUG org.hibernate.SQL - 
    select
        count_big(*) 
    from
        student s1_0
2026-06-02 15:59:41.556 [http-nio-8080-exec-4] DEBUG org.hibernate.SQL - 
    select
        count_big(u1_0.id) 
    from
        my_user u1_0 
    where
        upper(u1_0.userrole)=upper(?)
2026-06-02 15:59:41.556 [http-nio-8080-exec-4] DEBUG org.hibernate.SQL - 
    select
        count_big(*) 
    from
        course c1_0
2026-06-02 15:59:41.558 [http-nio-8080-exec-4] DEBUG org.hibernate.SQL - 
    select
        a1_0.id,
        a1_0.check_in_time,
        a1_0.course_id,
        a1_0.create_time,
        a1_0.ip_address,
        a1_0.reason,
        a1_0.sign_in_id,
        a1_0.student_id,
        a1_0.student_name,
        a1_0.student_status,
        a1_0.update_time 
    from
        attendance a1_0 
    where
        a1_0.course_id=?
2026-06-02 15:59:41.560 [http-nio-8080-exec-4] DEBUG org.hibernate.SQL - 
    select
        a1_0.id,
        a1_0.check_in_time,
        a1_0.course_id,
        a1_0.create_time,
        a1_0.ip_address,
        a1_0.reason,
        a1_0.sign_in_id,
        a1_0.student_id,
        a1_0.student_name,
        a1_0.student_status,
        a1_0.update_time 
    from
        attendance a1_0 
    where
        a1_0.course_id=?
2026-06-02 15:59:41.561 [http-nio-8080-exec-4] DEBUG org.hibernate.SQL - 
    select
        a1_0.id,
        a1_0.check_in_time,
        a1_0.course_id,
        a1_0.create_time,
        a1_0.ip_address,
        a1_0.reason,
        a1_0.sign_in_id,
        a1_0.student_id,
        a1_0.student_name,
        a1_0.student_status,
        a1_0.update_time 
    from
        attendance a1_0 
    where
        a1_0.course_id=?
2026-06-02 15:59:41.582 [http-nio-8080-exec-1] DEBUG org.hibernate.SQL - 
    select
        a1_0.id,
        a1_0.check_in_time,
        a1_0.course_id,
        a1_0.create_time,
        a1_0.ip_address,
        a1_0.reason,
        a1_0.sign_in_id,
        a1_0.student_id,
        a1_0.student_name,
        a1_0.student_status,
        a1_0.update_time 
    from
        attendance a1_0 
    order by
        a1_0.check_in_time desc 
    offset
        ? rows 
    fetch
        first ? rows only
2026-06-02 15:59:41.593 [http-nio-8080-exec-1] DEBUG org.hibernate.SQL - 
    select
        count_big(a1_0.id) 
    from
        attendance a1_0
2026-06-02 15:59:41.599 [http-nio-8080-exec-1] INFO  c.e.a.s.impl.AttendanceServiceImpl - 考勤记录分页查询完成，总数: 29
2026-06-02 15:59:41.606 [http-nio-8080-exec-1] WARN  o.s.d.w.c.SpringDataJackson3Configuration$PageModule$WarningLoggingModifier - Serializing PageImpl instances as-is is not supported, meaning that there is no guarantee about the stability of the resulting JSON structure!
	For a stable JSON structure, please use Spring Data's PagedModel (globally via @EnableSpringDataWebSupport(pageSerializationMode = VIA_DTO))
	or Spring HATEOAS and Spring Data's PagedResourcesAssembler as documented in https://docs.spring.io/spring-data/commons/reference/repositories/core-extensions.html#core.web.pageables.

2026-06-02 15:59:44.507 [http-nio-8080-exec-3] DEBUG org.hibernate.SQL - 
    select
        u1_0.id,
        u1_0.class_name,
        u1_0.create_time,
        u1_0.gender,
        u1_0.real_name,
        u1_0.username,
        u1_0.userpassword,
        u1_0.userrole 
    from
        my_user u1_0 
    where
        u1_0.username=?
2026-06-02 15:59:44.513 [http-nio-8080-exec-3] DEBUG org.hibernate.SQL - 
    select
        c1_0.id,
        c1_0.class_name,
        c1_0.course_id,
        c1_0.course_name,
        c1_0.create_time,
        c1_0.location,
        c1_0.teacher_id,
        c1_0.teacher_name,
        c1_0.time_slot,
        c1_0.week_day 
    from
        course c1_0
2026-06-02 15:59:44.519 [http-nio-8080-exec-3] DEBUG org.hibernate.SQL - 
    select
        count_big(*) 
    from
        student s1_0
2026-06-02 15:59:44.520 [http-nio-8080-exec-3] DEBUG org.hibernate.SQL - 
    select
        count_big(u1_0.id) 
    from
        my_user u1_0 
    where
        upper(u1_0.userrole)=upper(?)
2026-06-02 15:59:44.523 [http-nio-8080-exec-3] DEBUG org.hibernate.SQL - 
    select
        count_big(*) 
    from
        course c1_0
2026-06-02 15:59:44.524 [http-nio-8080-exec-3] DEBUG org.hibernate.SQL - 
    select
        a1_0.id,
        a1_0.check_in_time,
        a1_0.course_id,
        a1_0.create_time,
        a1_0.ip_address,
        a1_0.reason,
        a1_0.sign_in_id,
        a1_0.student_id,
        a1_0.student_name,
        a1_0.student_status,
        a1_0.update_time 
    from
        attendance a1_0 
    where
        a1_0.course_id=?
2026-06-02 15:59:44.526 [http-nio-8080-exec-3] DEBUG org.hibernate.SQL - 
    select
        a1_0.id,
        a1_0.check_in_time,
        a1_0.course_id,
        a1_0.create_time,
        a1_0.ip_address,
        a1_0.reason,
        a1_0.sign_in_id,
        a1_0.student_id,
        a1_0.student_name,
        a1_0.student_status,
        a1_0.update_time 
    from
        attendance a1_0 
    where
        a1_0.course_id=?
2026-06-02 15:59:44.527 [http-nio-8080-exec-3] DEBUG org.hibernate.SQL - 
    select
        a1_0.id,
        a1_0.check_in_time,
        a1_0.course_id,
        a1_0.create_time,
        a1_0.ip_address,
        a1_0.reason,
        a1_0.sign_in_id,
        a1_0.student_id,
        a1_0.student_name,
        a1_0.student_status,
        a1_0.update_time 
    from
        attendance a1_0 
    where
        a1_0.course_id=?
2026-06-02 15:59:46.474 [http-nio-8080-exec-10] DEBUG org.hibernate.SQL - 
    select
        c1_0.id,
        c1_0.class_name,
        c1_0.course_id,
        c1_0.course_name,
        c1_0.create_time,
        c1_0.location,
        c1_0.teacher_id,
        c1_0.teacher_name,
        c1_0.time_slot,
        c1_0.week_day 
    from
        course c1_0
2026-06-02 15:59:48.389 [http-nio-8080-exec-6] DEBUG org.hibernate.SQL - 
    select
        u1_0.id,
        u1_0.class_name,
        u1_0.create_time,
        u1_0.gender,
        u1_0.real_name,
        u1_0.username,
        u1_0.userpassword,
        u1_0.userrole 
    from
        my_user u1_0 
    where
        u1_0.username=?
2026-06-02 15:59:48.394 [http-nio-8080-exec-6] DEBUG org.hibernate.SQL - 
    select
        c1_0.id,
        c1_0.class_name,
        c1_0.course_id,
        c1_0.course_name,
        c1_0.create_time,
        c1_0.location,
        c1_0.teacher_id,
        c1_0.teacher_name,
        c1_0.time_slot,
        c1_0.week_day 
    from
        course c1_0
2026-06-02 15:59:48.398 [http-nio-8080-exec-6] DEBUG org.hibernate.SQL - 
    select
        count_big(*) 
    from
        student s1_0
2026-06-02 15:59:48.400 [http-nio-8080-exec-6] DEBUG org.hibernate.SQL - 
    select
        count_big(u1_0.id) 
    from
        my_user u1_0 
    where
        upper(u1_0.userrole)=upper(?)
2026-06-02 15:59:48.403 [http-nio-8080-exec-6] DEBUG org.hibernate.SQL - 
    select
        count_big(*) 
    from
        course c1_0
2026-06-02 15:59:48.406 [http-nio-8080-exec-6] DEBUG org.hibernate.SQL - 
    select
        a1_0.id,
        a1_0.check_in_time,
        a1_0.course_id,
        a1_0.create_time,
        a1_0.ip_address,
        a1_0.reason,
        a1_0.sign_in_id,
        a1_0.student_id,
        a1_0.student_name,
        a1_0.student_status,
        a1_0.update_time 
    from
        attendance a1_0 
    where
        a1_0.course_id=?
2026-06-02 15:59:48.407 [http-nio-8080-exec-6] DEBUG org.hibernate.SQL - 
    select
        a1_0.id,
        a1_0.check_in_time,
        a1_0.course_id,
        a1_0.create_time,
        a1_0.ip_address,
        a1_0.reason,
        a1_0.sign_in_id,
        a1_0.student_id,
        a1_0.student_name,
        a1_0.student_status,
        a1_0.update_time 
    from
        attendance a1_0 
    where
        a1_0.course_id=?
2026-06-02 15:59:48.409 [http-nio-8080-exec-6] DEBUG org.hibernate.SQL - 
    select
        a1_0.id,
        a1_0.check_in_time,
        a1_0.course_id,
        a1_0.create_time,
        a1_0.ip_address,
        a1_0.reason,
        a1_0.sign_in_id,
        a1_0.student_id,
        a1_0.student_name,
        a1_0.student_status,
        a1_0.update_time 
    from
        attendance a1_0 
    where
        a1_0.course_id=?
2026-06-02 15:59:50.220 [http-nio-8080-exec-7] DEBUG org.hibernate.SQL - 
    select
        c1_0.id,
        c1_0.class_name,
        c1_0.course_id,
        c1_0.course_name,
        c1_0.create_time,
        c1_0.location,
        c1_0.teacher_id,
        c1_0.teacher_name,
        c1_0.time_slot,
        c1_0.week_day 
    from
        course c1_0
2026-06-02 15:59:51.936 [http-nio-8080-exec-9] DEBUG org.hibernate.SQL - 
    select
        u1_0.id,
        u1_0.class_name,
        u1_0.create_time,
        u1_0.gender,
        u1_0.real_name,
        u1_0.username,
        u1_0.userpassword,
        u1_0.userrole 
    from
        my_user u1_0 
    where
        u1_0.username=?
2026-06-02 15:59:51.940 [http-nio-8080-exec-9] DEBUG org.hibernate.SQL - 
    select
        c1_0.id,
        c1_0.class_name,
        c1_0.course_id,
        c1_0.course_name,
        c1_0.create_time,
        c1_0.location,
        c1_0.teacher_id,
        c1_0.teacher_name,
        c1_0.time_slot,
        c1_0.week_day 
    from
        course c1_0
2026-06-02 15:59:51.949 [http-nio-8080-exec-9] DEBUG org.hibernate.SQL - 
    select
        count_big(*) 
    from
        student s1_0
2026-06-02 15:59:51.951 [http-nio-8080-exec-9] DEBUG org.hibernate.SQL - 
    select
        count_big(u1_0.id) 
    from
        my_user u1_0 
    where
        upper(u1_0.userrole)=upper(?)
2026-06-02 15:59:51.954 [http-nio-8080-exec-9] DEBUG org.hibernate.SQL - 
    select
        count_big(*) 
    from
        course c1_0
2026-06-02 15:59:51.956 [http-nio-8080-exec-9] DEBUG org.hibernate.SQL - 
    select
        a1_0.id,
        a1_0.check_in_time,
        a1_0.course_id,
        a1_0.create_time,
        a1_0.ip_address,
        a1_0.reason,
        a1_0.sign_in_id,
        a1_0.student_id,
        a1_0.student_name,
        a1_0.student_status,
        a1_0.update_time 
    from
        attendance a1_0 
    where
        a1_0.course_id=?
2026-06-02 15:59:51.957 [http-nio-8080-exec-9] DEBUG org.hibernate.SQL - 
    select
        a1_0.id,
        a1_0.check_in_time,
        a1_0.course_id,
        a1_0.create_time,
        a1_0.ip_address,
        a1_0.reason,
        a1_0.sign_in_id,
        a1_0.student_id,
        a1_0.student_name,
        a1_0.student_status,
        a1_0.update_time 
    from
        attendance a1_0 
    where
        a1_0.course_id=?
2026-06-02 15:59:51.958 [http-nio-8080-exec-9] DEBUG org.hibernate.SQL - 
    select
        a1_0.id,
        a1_0.check_in_time,
        a1_0.course_id,
        a1_0.create_time,
        a1_0.ip_address,
        a1_0.reason,
        a1_0.sign_in_id,
        a1_0.student_id,
        a1_0.student_name,
        a1_0.student_status,
        a1_0.update_time 
    from
        attendance a1_0 
    where
        a1_0.course_id=?
2026-06-02 15:59:53.955 [http-nio-8080-exec-1] DEBUG org.hibernate.SQL - 
    select
        c1_0.id,
        c1_0.class_name,
        c1_0.course_id,
        c1_0.course_name,
        c1_0.create_time,
        c1_0.location,
        c1_0.teacher_id,
        c1_0.teacher_name,
        c1_0.time_slot,
        c1_0.week_day 
    from
        course c1_0
2026-06-02 15:59:53.961 [http-nio-8080-exec-2] DEBUG org.hibernate.SQL - 
    select
        distinct s1_0.class_name 
    from
        student s1_0 
    where
        s1_0.class_name is not null 
    order by
        s1_0.class_name
2026-06-02 15:59:53.977 [http-nio-8080-exec-3] DEBUG org.hibernate.SQL - 
    select
        u1_0.id,
        u1_0.class_name,
        u1_0.create_time,
        u1_0.gender,
        u1_0.real_name,
        u1_0.username,
        u1_0.userpassword,
        u1_0.userrole 
    from
        my_user u1_0 
    where
        u1_0.username=?
2026-06-02 15:59:53.980 [http-nio-8080-exec-3] DEBUG org.hibernate.SQL - 
    select
        count_big(*) 
    from
        student s1_0
2026-06-02 15:59:53.983 [http-nio-8080-exec-3] DEBUG org.hibernate.SQL - 
    select
        count_big(a1_0.id) 
    from
        attendance a1_0 
    where
        a1_0.check_in_time between ? and ? 
        and (
            ? is null 
            or a1_0.course_id=?
        ) 
        and (
            ? is null 
            or ?='' 
            or exists(select
                s1_0.student_id from student s1_0 
            where
                s1_0.student_id=a1_0.student_id 
                and s1_0.class_name=?)
        )
2026-06-02 15:59:54.000 [http-nio-8080-exec-3] DEBUG org.hibernate.SQL - 
    select
        count_big(a1_0.id) 
    from
        attendance a1_0 
    where
        a1_0.student_status=? 
        and a1_0.check_in_time between ? and ? 
        and (
            ? is null 
            or a1_0.course_id=?
        ) 
        and (
            ? is null 
            or ?='' 
            or exists(select
                s1_0.student_id from student s1_0 
            where
                s1_0.student_id=a1_0.student_id 
                and s1_0.class_name=?)
        )
2026-06-02 15:59:54.018 [http-nio-8080-exec-3] DEBUG org.hibernate.SQL - 
    select
        count_big(a1_0.id) 
    from
        attendance a1_0 
    where
        a1_0.student_status=? 
        and a1_0.check_in_time between ? and ? 
        and (
            ? is null 
            or a1_0.course_id=?
        ) 
        and (
            ? is null 
            or ?='' 
            or exists(select
                s1_0.student_id from student s1_0 
            where
                s1_0.student_id=a1_0.student_id 
                and s1_0.class_name=?)
        )
2026-06-02 15:59:54.020 [http-nio-8080-exec-3] DEBUG org.hibernate.SQL - 
    select
        count_big(a1_0.id) 
    from
        attendance a1_0 
    where
        a1_0.student_status=? 
        and a1_0.check_in_time between ? and ? 
        and (
            ? is null 
            or a1_0.course_id=?
        ) 
        and (
            ? is null 
            or ?='' 
            or exists(select
                s1_0.student_id from student s1_0 
            where
                s1_0.student_id=a1_0.student_id 
                and s1_0.class_name=?)
        )
2026-06-02 15:59:54.020 [http-nio-8080-exec-3] DEBUG org.hibernate.SQL - 
    select
        count_big(a1_0.id) 
    from
        attendance a1_0 
    where
        a1_0.student_status=? 
        and a1_0.check_in_time between ? and ? 
        and (
            ? is null 
            or a1_0.course_id=?
        ) 
        and (
            ? is null 
            or ?='' 
            or exists(select
                s1_0.student_id from student s1_0 
            where
                s1_0.student_id=a1_0.student_id 
                and s1_0.class_name=?)
        )
2026-06-02 15:59:54.023 [http-nio-8080-exec-3] DEBUG org.hibernate.SQL - 
    select
        count_big(a1_0.id) 
    from
        attendance a1_0 
    where
        a1_0.student_status=? 
        and a1_0.check_in_time between ? and ? 
        and (
            ? is null 
            or a1_0.course_id=?
        ) 
        and (
            ? is null 
            or ?='' 
            or exists(select
                s1_0.student_id from student s1_0 
            where
                s1_0.student_id=a1_0.student_id 
                and s1_0.class_name=?)
        )
2026-06-02 15:59:54.025 [http-nio-8080-exec-3] DEBUG org.hibernate.SQL - 
    select
        count_big(a1_0.id) 
    from
        attendance a1_0 
    where
        a1_0.student_status=? 
        and a1_0.check_in_time between ? and ? 
        and (
            ? is null 
            or a1_0.course_id=?
        ) 
        and (
            ? is null 
            or ?='' 
            or exists(select
                s1_0.student_id from student s1_0 
            where
                s1_0.student_id=a1_0.student_id 
                and s1_0.class_name=?)
        )
2026-06-02 15:59:54.026 [http-nio-8080-exec-3] DEBUG org.hibernate.SQL - 
    select
        count_big(a1_0.id) 
    from
        attendance a1_0 
    where
        a1_0.student_status=? 
        and a1_0.check_in_time between ? and ? 
        and (
            ? is null 
            or a1_0.course_id=?
        ) 
        and (
            ? is null 
            or ?='' 
            or exists(select
                s1_0.student_id from student s1_0 
            where
                s1_0.student_id=a1_0.student_id 
                and s1_0.class_name=?)
        )
2026-06-02 15:59:54.027 [http-nio-8080-exec-3] DEBUG org.hibernate.SQL - 
    select
        count_big(a1_0.id) 
    from
        attendance a1_0 
    where
        a1_0.student_status=? 
        and a1_0.check_in_time between ? and ? 
        and (
            ? is null 
            or a1_0.course_id=?
        ) 
        and (
            ? is null 
            or ?='' 
            or exists(select
                s1_0.student_id from student s1_0 
            where
                s1_0.student_id=a1_0.student_id 
                and s1_0.class_name=?)
        )
2026-06-02 15:59:54.029 [http-nio-8080-exec-3] DEBUG org.hibernate.SQL - 
    select
        count_big(a1_0.id) 
    from
        attendance a1_0 
    where
        a1_0.student_status=? 
        and a1_0.check_in_time between ? and ? 
        and (
            ? is null 
            or a1_0.course_id=?
        ) 
        and (
            ? is null 
            or ?='' 
            or exists(select
                s1_0.student_id from student s1_0 
            where
                s1_0.student_id=a1_0.student_id 
                and s1_0.class_name=?)
        )
2026-06-02 15:59:54.030 [http-nio-8080-exec-3] DEBUG org.hibernate.SQL - 
    select
        count_big(a1_0.id) 
    from
        attendance a1_0 
    where
        a1_0.student_status=? 
        and a1_0.check_in_time between ? and ? 
        and (
            ? is null 
            or a1_0.course_id=?
        ) 
        and (
            ? is null 
            or ?='' 
            or exists(select
                s1_0.student_id from student s1_0 
            where
                s1_0.student_id=a1_0.student_id 
                and s1_0.class_name=?)
        )
2026-06-02 15:59:54.032 [http-nio-8080-exec-3] DEBUG org.hibernate.SQL - 
    select
        count_big(a1_0.id) 
    from
        attendance a1_0 
    where
        a1_0.student_status=? 
        and a1_0.check_in_time between ? and ? 
        and (
            ? is null 
            or a1_0.course_id=?
        ) 
        and (
            ? is null 
            or ?='' 
            or exists(select
                s1_0.student_id from student s1_0 
            where
                s1_0.student_id=a1_0.student_id 
                and s1_0.class_name=?)
        )
2026-06-02 15:59:54.033 [http-nio-8080-exec-3] DEBUG org.hibernate.SQL - 
    select
        count_big(a1_0.id) 
    from
        attendance a1_0 
    where
        a1_0.student_status=? 
        and a1_0.check_in_time between ? and ? 
        and (
            ? is null 
            or a1_0.course_id=?
        ) 
        and (
            ? is null 
            or ?='' 
            or exists(select
                s1_0.student_id from student s1_0 
            where
                s1_0.student_id=a1_0.student_id 
                and s1_0.class_name=?)
        )
2026-06-02 15:59:54.034 [http-nio-8080-exec-3] DEBUG org.hibernate.SQL - 
    select
        count_big(a1_0.id) 
    from
        attendance a1_0 
    where
        a1_0.student_status=? 
        and a1_0.check_in_time between ? and ? 
        and (
            ? is null 
            or a1_0.course_id=?
        ) 
        and (
            ? is null 
            or ?='' 
            or exists(select
                s1_0.student_id from student s1_0 
            where
                s1_0.student_id=a1_0.student_id 
                and s1_0.class_name=?)
        )
2026-06-02 15:59:54.037 [http-nio-8080-exec-3] DEBUG org.hibernate.SQL - 
    select
        count_big(a1_0.id) 
    from
        attendance a1_0 
    where
        a1_0.student_status=? 
        and a1_0.check_in_time between ? and ? 
        and (
            ? is null 
            or a1_0.course_id=?
        ) 
        and (
            ? is null 
            or ?='' 
            or exists(select
                s1_0.student_id from student s1_0 
            where
                s1_0.student_id=a1_0.student_id 
                and s1_0.class_name=?)
        )
2026-06-02 15:59:54.038 [http-nio-8080-exec-3] DEBUG org.hibernate.SQL - 
    select
        count_big(a1_0.id) 
    from
        attendance a1_0 
    where
        a1_0.student_status=? 
        and a1_0.check_in_time between ? and ? 
        and (
            ? is null 
            or a1_0.course_id=?
        ) 
        and (
            ? is null 
            or ?='' 
            or exists(select
                s1_0.student_id from student s1_0 
            where
                s1_0.student_id=a1_0.student_id 
                and s1_0.class_name=?)
        )
2026-06-02 15:59:54.039 [http-nio-8080-exec-3] DEBUG org.hibernate.SQL - 
    select
        count_big(a1_0.id) 
    from
        attendance a1_0 
    where
        a1_0.student_status=? 
        and a1_0.check_in_time between ? and ? 
        and (
            ? is null 
            or a1_0.course_id=?
        ) 
        and (
            ? is null 
            or ?='' 
            or exists(select
                s1_0.student_id from student s1_0 
            where
                s1_0.student_id=a1_0.student_id 
                and s1_0.class_name=?)
        )
2026-06-02 15:59:54.041 [http-nio-8080-exec-3] DEBUG org.hibernate.SQL - 
    select
        count_big(a1_0.id) 
    from
        attendance a1_0 
    where
        a1_0.student_status=? 
        and a1_0.check_in_time between ? and ? 
        and (
            ? is null 
            or a1_0.course_id=?
        ) 
        and (
            ? is null 
            or ?='' 
            or exists(select
                s1_0.student_id from student s1_0 
            where
                s1_0.student_id=a1_0.student_id 
                and s1_0.class_name=?)
        )
2026-06-02 15:59:54.043 [http-nio-8080-exec-3] DEBUG org.hibernate.SQL - 
    select
        count_big(a1_0.id) 
    from
        attendance a1_0 
    where
        a1_0.student_status=? 
        and a1_0.check_in_time between ? and ? 
        and (
            ? is null 
            or a1_0.course_id=?
        ) 
        and (
            ? is null 
            or ?='' 
            or exists(select
                s1_0.student_id from student s1_0 
            where
                s1_0.student_id=a1_0.student_id 
                and s1_0.class_name=?)
        )
2026-06-02 15:59:54.044 [http-nio-8080-exec-3] DEBUG org.hibernate.SQL - 
    select
        count_big(a1_0.id) 
    from
        attendance a1_0 
    where
        a1_0.student_status=? 
        and a1_0.check_in_time between ? and ? 
        and (
            ? is null 
            or a1_0.course_id=?
        ) 
        and (
            ? is null 
            or ?='' 
            or exists(select
                s1_0.student_id from student s1_0 
            where
                s1_0.student_id=a1_0.student_id 
                and s1_0.class_name=?)
        )
2026-06-02 15:59:54.045 [http-nio-8080-exec-3] DEBUG org.hibernate.SQL - 
    select
        count_big(a1_0.id) 
    from
        attendance a1_0 
    where
        a1_0.student_status=? 
        and a1_0.check_in_time between ? and ? 
        and (
            ? is null 
            or a1_0.course_id=?
        ) 
        and (
            ? is null 
            or ?='' 
            or exists(select
                s1_0.student_id from student s1_0 
            where
                s1_0.student_id=a1_0.student_id 
                and s1_0.class_name=?)
        )
2026-06-02 15:59:54.046 [http-nio-8080-exec-3] DEBUG org.hibernate.SQL - 
    select
        count_big(a1_0.id) 
    from
        attendance a1_0 
    where
        a1_0.student_status=? 
        and a1_0.check_in_time between ? and ? 
        and (
            ? is null 
            or a1_0.course_id=?
        ) 
        and (
            ? is null 
            or ?='' 
            or exists(select
                s1_0.student_id from student s1_0 
            where
                s1_0.student_id=a1_0.student_id 
                and s1_0.class_name=?)
        )
2026-06-02 15:59:54.048 [http-nio-8080-exec-3] DEBUG org.hibernate.SQL - 
    select
        count_big(a1_0.id) 
    from
        attendance a1_0 
    where
        a1_0.student_status=? 
        and a1_0.check_in_time between ? and ? 
        and (
            ? is null 
            or a1_0.course_id=?
        ) 
        and (
            ? is null 
            or ?='' 
            or exists(select
                s1_0.student_id from student s1_0 
            where
                s1_0.student_id=a1_0.student_id 
                and s1_0.class_name=?)
        )
2026-06-02 15:59:54.049 [http-nio-8080-exec-3] DEBUG org.hibernate.SQL - 
    select
        count_big(a1_0.id) 
    from
        attendance a1_0 
    where
        a1_0.student_status=? 
        and a1_0.check_in_time between ? and ? 
        and (
            ? is null 
            or a1_0.course_id=?
        ) 
        and (
            ? is null 
            or ?='' 
            or exists(select
                s1_0.student_id from student s1_0 
            where
                s1_0.student_id=a1_0.student_id 
                and s1_0.class_name=?)
        )
2026-06-02 15:59:54.050 [http-nio-8080-exec-3] DEBUG org.hibernate.SQL - 
    select
        count_big(a1_0.id) 
    from
        attendance a1_0 
    where
        a1_0.student_status=? 
        and a1_0.check_in_time between ? and ? 
        and (
            ? is null 
            or a1_0.course_id=?
        ) 
        and (
            ? is null 
            or ?='' 
            or exists(select
                s1_0.student_id from student s1_0 
            where
                s1_0.student_id=a1_0.student_id 
                and s1_0.class_name=?)
        )
2026-06-02 15:59:54.052 [http-nio-8080-exec-3] DEBUG org.hibernate.SQL - 
    select
        count_big(a1_0.id) 
    from
        attendance a1_0 
    where
        a1_0.student_status=? 
        and a1_0.check_in_time between ? and ? 
        and (
            ? is null 
            or a1_0.course_id=?
        ) 
        and (
            ? is null 
            or ?='' 
            or exists(select
                s1_0.student_id from student s1_0 
            where
                s1_0.student_id=a1_0.student_id 
                and s1_0.class_name=?)
        )
2026-06-02 15:59:54.053 [http-nio-8080-exec-3] DEBUG org.hibernate.SQL - 
    select
        count_big(a1_0.id) 
    from
        attendance a1_0 
    where
        a1_0.student_status=? 
        and a1_0.check_in_time between ? and ? 
        and (
            ? is null 
            or a1_0.course_id=?
        ) 
        and (
            ? is null 
            or ?='' 
            or exists(select
                s1_0.student_id from student s1_0 
            where
                s1_0.student_id=a1_0.student_id 
                and s1_0.class_name=?)
        )
2026-06-02 15:59:54.055 [http-nio-8080-exec-3] DEBUG org.hibernate.SQL - 
    select
        count_big(a1_0.id) 
    from
        attendance a1_0 
    where
        a1_0.student_status=? 
        and a1_0.check_in_time between ? and ? 
        and (
            ? is null 
            or a1_0.course_id=?
        ) 
        and (
            ? is null 
            or ?='' 
            or exists(select
                s1_0.student_id from student s1_0 
            where
                s1_0.student_id=a1_0.student_id 
                and s1_0.class_name=?)
        )
2026-06-02 15:59:54.056 [http-nio-8080-exec-3] DEBUG org.hibernate.SQL - 
    select
        count_big(a1_0.id) 
    from
        attendance a1_0 
    where
        a1_0.student_status=? 
        and a1_0.check_in_time between ? and ? 
        and (
            ? is null 
            or a1_0.course_id=?
        ) 
        and (
            ? is null 
            or ?='' 
            or exists(select
                s1_0.student_id from student s1_0 
            where
                s1_0.student_id=a1_0.student_id 
                and s1_0.class_name=?)
        )
2026-06-02 15:59:54.057 [http-nio-8080-exec-3] DEBUG org.hibernate.SQL - 
    select
        count_big(a1_0.id) 
    from
        attendance a1_0 
    where
        a1_0.student_status=? 
        and a1_0.check_in_time between ? and ? 
        and (
            ? is null 
            or a1_0.course_id=?
        ) 
        and (
            ? is null 
            or ?='' 
            or exists(select
                s1_0.student_id from student s1_0 
            where
                s1_0.student_id=a1_0.student_id 
                and s1_0.class_name=?)
        )
2026-06-02 15:59:54.058 [http-nio-8080-exec-3] DEBUG org.hibernate.SQL - 
    select
        count_big(a1_0.id) 
    from
        attendance a1_0 
    where
        a1_0.student_status=? 
        and a1_0.check_in_time between ? and ? 
        and (
            ? is null 
            or a1_0.course_id=?
        ) 
        and (
            ? is null 
            or ?='' 
            or exists(select
                s1_0.student_id from student s1_0 
            where
                s1_0.student_id=a1_0.student_id 
                and s1_0.class_name=?)
        )
2026-06-02 15:59:54.060 [http-nio-8080-exec-3] DEBUG org.hibernate.SQL - 
    select
        count_big(a1_0.id) 
    from
        attendance a1_0 
    where
        a1_0.student_status=? 
        and a1_0.check_in_time between ? and ? 
        and (
            ? is null 
            or a1_0.course_id=?
        ) 
        and (
            ? is null 
            or ?='' 
            or exists(select
                s1_0.student_id from student s1_0 
            where
                s1_0.student_id=a1_0.student_id 
                and s1_0.class_name=?)
        )
2026-06-02 15:59:54.061 [http-nio-8080-exec-3] DEBUG org.hibernate.SQL - 
    select
        count_big(a1_0.id) 
    from
        attendance a1_0 
    where
        a1_0.student_status=? 
        and a1_0.check_in_time between ? and ? 
        and (
            ? is null 
            or a1_0.course_id=?
        ) 
        and (
            ? is null 
            or ?='' 
            or exists(select
                s1_0.student_id from student s1_0 
            where
                s1_0.student_id=a1_0.student_id 
                and s1_0.class_name=?)
        )
2026-06-02 15:59:54.063 [http-nio-8080-exec-3] DEBUG org.hibernate.SQL - 
    select
        count_big(a1_0.id) 
    from
        attendance a1_0 
    where
        a1_0.student_status=? 
        and a1_0.check_in_time between ? and ? 
        and (
            ? is null 
            or a1_0.course_id=?
        ) 
        and (
            ? is null 
            or ?='' 
            or exists(select
                s1_0.student_id from student s1_0 
            where
                s1_0.student_id=a1_0.student_id 
                and s1_0.class_name=?)
        )
2026-06-02 15:59:54.064 [http-nio-8080-exec-3] DEBUG org.hibernate.SQL - 
    select
        count_big(a1_0.id) 
    from
        attendance a1_0 
    where
        a1_0.student_status=? 
        and a1_0.check_in_time between ? and ? 
        and (
            ? is null 
            or a1_0.course_id=?
        ) 
        and (
            ? is null 
            or ?='' 
            or exists(select
                s1_0.student_id from student s1_0 
            where
                s1_0.student_id=a1_0.student_id 
                and s1_0.class_name=?)
        )
2026-06-02 15:59:54.066 [http-nio-8080-exec-3] DEBUG org.hibernate.SQL - 
    select
        count_big(a1_0.id) 
    from
        attendance a1_0 
    where
        a1_0.student_status=? 
        and a1_0.check_in_time between ? and ? 
        and (
            ? is null 
            or a1_0.course_id=?
        ) 
        and (
            ? is null 
            or ?='' 
            or exists(select
                s1_0.student_id from student s1_0 
            where
                s1_0.student_id=a1_0.student_id 
                and s1_0.class_name=?)
        )
2026-06-02 15:59:54.067 [http-nio-8080-exec-3] DEBUG org.hibernate.SQL - 
    select
        count_big(a1_0.id) 
    from
        attendance a1_0 
    where
        a1_0.student_status=? 
        and a1_0.check_in_time between ? and ? 
        and (
            ? is null 
            or a1_0.course_id=?
        ) 
        and (
            ? is null 
            or ?='' 
            or exists(select
                s1_0.student_id from student s1_0 
            where
                s1_0.student_id=a1_0.student_id 
                and s1_0.class_name=?)
        )
2026-06-02 15:59:54.068 [http-nio-8080-exec-3] DEBUG org.hibernate.SQL - 
    select
        distinct s1_0.class_name 
    from
        student s1_0 
    where
        s1_0.class_name is not null 
    order by
        s1_0.class_name
2026-06-02 15:59:54.069 [http-nio-8080-exec-3] DEBUG org.hibernate.SQL - 
    select
        count_big(a1_0.id) 
    from
        attendance a1_0 
    where
        a1_0.check_in_time between ? and ? 
        and (
            ? is null 
            or a1_0.course_id=?
        ) 
        and (
            ? is null 
            or ?='' 
            or exists(select
                s1_0.student_id from student s1_0 
            where
                s1_0.student_id=a1_0.student_id 
                and s1_0.class_name=?)
        )
2026-06-02 15:59:54.072 [http-nio-8080-exec-3] DEBUG org.hibernate.SQL - 
    select
        count_big(a1_0.id) 
    from
        attendance a1_0 
    where
        a1_0.student_status=? 
        and a1_0.check_in_time between ? and ? 
        and (
            ? is null 
            or a1_0.course_id=?
        ) 
        and (
            ? is null 
            or ?='' 
            or exists(select
                s1_0.student_id from student s1_0 
            where
                s1_0.student_id=a1_0.student_id 
                and s1_0.class_name=?)
        )
2026-06-02 15:59:54.073 [http-nio-8080-exec-3] DEBUG org.hibernate.SQL - 
    select
        count_big(a1_0.id) 
    from
        attendance a1_0 
    where
        a1_0.check_in_time between ? and ? 
        and (
            ? is null 
            or a1_0.course_id=?
        ) 
        and (
            ? is null 
            or ?='' 
            or exists(select
                s1_0.student_id from student s1_0 
            where
                s1_0.student_id=a1_0.student_id 
                and s1_0.class_name=?)
        )
2026-06-02 15:59:54.075 [http-nio-8080-exec-3] DEBUG org.hibernate.SQL - 
    select
        count_big(a1_0.id) 
    from
        attendance a1_0 
    where
        a1_0.student_status=? 
        and a1_0.check_in_time between ? and ? 
        and (
            ? is null 
            or a1_0.course_id=?
        ) 
        and (
            ? is null 
            or ?='' 
            or exists(select
                s1_0.student_id from student s1_0 
            where
                s1_0.student_id=a1_0.student_id 
                and s1_0.class_name=?)
        )
2026-06-02 15:59:54.077 [http-nio-8080-exec-3] DEBUG org.hibernate.SQL - 
    select
        count_big(a1_0.id) 
    from
        attendance a1_0 
    where
        a1_0.check_in_time between ? and ? 
        and (
            ? is null 
            or a1_0.course_id=?
        ) 
        and (
            ? is null 
            or ?='' 
            or exists(select
                s1_0.student_id from student s1_0 
            where
                s1_0.student_id=a1_0.student_id 
                and s1_0.class_name=?)
        )
2026-06-02 15:59:54.080 [http-nio-8080-exec-3] DEBUG org.hibernate.SQL - 
    select
        count_big(a1_0.id) 
    from
        attendance a1_0 
    where
        a1_0.student_status=? 
        and a1_0.check_in_time between ? and ? 
        and (
            ? is null 
            or a1_0.course_id=?
        ) 
        and (
            ? is null 
            or ?='' 
            or exists(select
                s1_0.student_id from student s1_0 
            where
                s1_0.student_id=a1_0.student_id 
                and s1_0.class_name=?)
        )
2026-06-02 15:59:54.081 [http-nio-8080-exec-3] DEBUG org.hibernate.SQL - 
    select
        count_big(a1_0.id) 
    from
        attendance a1_0 
    where
        a1_0.check_in_time between ? and ? 
        and (
            ? is null 
            or a1_0.course_id=?
        ) 
        and (
            ? is null 
            or ?='' 
            or exists(select
                s1_0.student_id from student s1_0 
            where
                s1_0.student_id=a1_0.student_id 
                and s1_0.class_name=?)
        )
2026-06-02 15:59:54.083 [http-nio-8080-exec-3] DEBUG org.hibernate.SQL - 
    select
        count_big(a1_0.id) 
    from
        attendance a1_0 
    where
        a1_0.student_status=? 
        and a1_0.check_in_time between ? and ? 
        and (
            ? is null 
            or a1_0.course_id=?
        ) 
        and (
            ? is null 
            or ?='' 
            or exists(select
                s1_0.student_id from student s1_0 
            where
                s1_0.student_id=a1_0.student_id 
                and s1_0.class_name=?)
        )
2026-06-02 15:59:54.085 [http-nio-8080-exec-3] DEBUG org.hibernate.SQL - 
    select
        count_big(a1_0.id) 
    from
        attendance a1_0 
    where
        a1_0.check_in_time between ? and ? 
        and (
            ? is null 
            or a1_0.course_id=?
        ) 
        and (
            ? is null 
            or ?='' 
            or exists(select
                s1_0.student_id from student s1_0 
            where
                s1_0.student_id=a1_0.student_id 
                and s1_0.class_name=?)
        )
2026-06-02 15:59:54.086 [http-nio-8080-exec-3] DEBUG org.hibernate.SQL - 
    select
        count_big(a1_0.id) 
    from
        attendance a1_0 
    where
        a1_0.student_status=? 
        and a1_0.check_in_time between ? and ? 
        and (
            ? is null 
            or a1_0.course_id=?
        ) 
        and (
            ? is null 
            or ?='' 
            or exists(select
                s1_0.student_id from student s1_0 
            where
                s1_0.student_id=a1_0.student_id 
                and s1_0.class_name=?)
        )
2026-06-02 15:59:54.088 [http-nio-8080-exec-3] DEBUG org.hibernate.SQL - 
    select
        a1_0.course_id,
        c1_0.course_name,
        count_big(a1_0.id) 
    from
        attendance a1_0 
    left join
        course c1_0 
            on a1_0.course_id=c1_0.course_id 
    where
        a1_0.check_in_time between ? and ? 
        and (
            ? is null 
            or ?='' 
            or exists(select
                s1_0.student_id from student s1_0 
            where
                s1_0.student_id=a1_0.student_id 
                and s1_0.class_name=?)
        ) 
    group by
        a1_0.course_id,
        c1_0.course_name 
    order by
        count_big(a1_0.id) desc
2026-06-02 16:00:03.638 [http-nio-8080-exec-5] DEBUG org.hibernate.SQL - 
    select
        c1_0.id,
        c1_0.class_name,
        c1_0.course_id,
        c1_0.course_name,
        c1_0.create_time,
        c1_0.location,
        c1_0.teacher_id,
        c1_0.teacher_name,
        c1_0.time_slot,
        c1_0.week_day 
    from
        course c1_0
2026-06-02 16:00:03.651 [http-nio-8080-exec-6] DEBUG org.hibernate.SQL - 
    select
        distinct s1_0.class_name 
    from
        student s1_0 
    where
        s1_0.class_name is not null 
    order by
        s1_0.class_name
2026-06-02 16:00:03.663 [http-nio-8080-exec-7] DEBUG org.hibernate.SQL - 
    select
        u1_0.id,
        u1_0.class_name,
        u1_0.create_time,
        u1_0.gender,
        u1_0.real_name,
        u1_0.username,
        u1_0.userpassword,
        u1_0.userrole 
    from
        my_user u1_0 
    where
        u1_0.username=?
2026-06-02 16:00:03.666 [http-nio-8080-exec-7] DEBUG org.hibernate.SQL - 
    select
        count_big(*) 
    from
        student s1_0
2026-06-02 16:00:03.668 [http-nio-8080-exec-7] DEBUG org.hibernate.SQL - 
    select
        count_big(a1_0.id) 
    from
        attendance a1_0 
    where
        a1_0.check_in_time between ? and ? 
        and (
            ? is null 
            or a1_0.course_id=?
        ) 
        and (
            ? is null 
            or ?='' 
            or exists(select
                s1_0.student_id from student s1_0 
            where
                s1_0.student_id=a1_0.student_id 
                and s1_0.class_name=?)
        )
2026-06-02 16:00:03.670 [http-nio-8080-exec-7] DEBUG org.hibernate.SQL - 
    select
        count_big(a1_0.id) 
    from
        attendance a1_0 
    where
        a1_0.student_status=? 
        and a1_0.check_in_time between ? and ? 
        and (
            ? is null 
            or a1_0.course_id=?
        ) 
        and (
            ? is null 
            or ?='' 
            or exists(select
                s1_0.student_id from student s1_0 
            where
                s1_0.student_id=a1_0.student_id 
                and s1_0.class_name=?)
        )
2026-06-02 16:00:03.671 [http-nio-8080-exec-7] DEBUG org.hibernate.SQL - 
    select
        count_big(a1_0.id) 
    from
        attendance a1_0 
    where
        a1_0.student_status=? 
        and a1_0.check_in_time between ? and ? 
        and (
            ? is null 
            or a1_0.course_id=?
        ) 
        and (
            ? is null 
            or ?='' 
            or exists(select
                s1_0.student_id from student s1_0 
            where
                s1_0.student_id=a1_0.student_id 
                and s1_0.class_name=?)
        )
2026-06-02 16:00:03.672 [http-nio-8080-exec-7] DEBUG org.hibernate.SQL - 
    select
        count_big(a1_0.id) 
    from
        attendance a1_0 
    where
        a1_0.student_status=? 
        and a1_0.check_in_time between ? and ? 
        and (
            ? is null 
            or a1_0.course_id=?
        ) 
        and (
            ? is null 
            or ?='' 
            or exists(select
                s1_0.student_id from student s1_0 
            where
                s1_0.student_id=a1_0.student_id 
                and s1_0.class_name=?)
        )
2026-06-02 16:00:03.673 [http-nio-8080-exec-7] DEBUG org.hibernate.SQL - 
    select
        count_big(a1_0.id) 
    from
        attendance a1_0 
    where
        a1_0.student_status=? 
        and a1_0.check_in_time between ? and ? 
        and (
            ? is null 
            or a1_0.course_id=?
        ) 
        and (
            ? is null 
            or ?='' 
            or exists(select
                s1_0.student_id from student s1_0 
            where
                s1_0.student_id=a1_0.student_id 
                and s1_0.class_name=?)
        )
2026-06-02 16:00:03.674 [http-nio-8080-exec-7] DEBUG org.hibernate.SQL - 
    select
        count_big(a1_0.id) 
    from
        attendance a1_0 
    where
        a1_0.student_status=? 
        and a1_0.check_in_time between ? and ? 
        and (
            ? is null 
            or a1_0.course_id=?
        ) 
        and (
            ? is null 
            or ?='' 
            or exists(select
                s1_0.student_id from student s1_0 
            where
                s1_0.student_id=a1_0.student_id 
                and s1_0.class_name=?)
        )
2026-06-02 16:00:03.676 [http-nio-8080-exec-7] DEBUG org.hibernate.SQL - 
    select
        count_big(a1_0.id) 
    from
        attendance a1_0 
    where
        a1_0.student_status=? 
        and a1_0.check_in_time between ? and ? 
        and (
            ? is null 
            or a1_0.course_id=?
        ) 
        and (
            ? is null 
            or ?='' 
            or exists(select
                s1_0.student_id from student s1_0 
            where
                s1_0.student_id=a1_0.student_id 
                and s1_0.class_name=?)
        )
2026-06-02 16:00:03.677 [http-nio-8080-exec-7] DEBUG org.hibernate.SQL - 
    select
        count_big(a1_0.id) 
    from
        attendance a1_0 
    where
        a1_0.student_status=? 
        and a1_0.check_in_time between ? and ? 
        and (
            ? is null 
            or a1_0.course_id=?
        ) 
        and (
            ? is null 
            or ?='' 
            or exists(select
                s1_0.student_id from student s1_0 
            where
                s1_0.student_id=a1_0.student_id 
                and s1_0.class_name=?)
        )
2026-06-02 16:00:03.678 [http-nio-8080-exec-7] DEBUG org.hibernate.SQL - 
    select
        count_big(a1_0.id) 
    from
        attendance a1_0 
    where
        a1_0.student_status=? 
        and a1_0.check_in_time between ? and ? 
        and (
            ? is null 
            or a1_0.course_id=?
        ) 
        and (
            ? is null 
            or ?='' 
            or exists(select
                s1_0.student_id from student s1_0 
            where
                s1_0.student_id=a1_0.student_id 
                and s1_0.class_name=?)
        )
2026-06-02 16:00:03.679 [http-nio-8080-exec-7] DEBUG org.hibernate.SQL - 
    select
        count_big(a1_0.id) 
    from
        attendance a1_0 
    where
        a1_0.student_status=? 
        and a1_0.check_in_time between ? and ? 
        and (
            ? is null 
            or a1_0.course_id=?
        ) 
        and (
            ? is null 
            or ?='' 
            or exists(select
                s1_0.student_id from student s1_0 
            where
                s1_0.student_id=a1_0.student_id 
                and s1_0.class_name=?)
        )
2026-06-02 16:00:03.680 [http-nio-8080-exec-7] DEBUG org.hibernate.SQL - 
    select
        count_big(a1_0.id) 
    from
        attendance a1_0 
    where
        a1_0.student_status=? 
        and a1_0.check_in_time between ? and ? 
        and (
            ? is null 
            or a1_0.course_id=?
        ) 
        and (
            ? is null 
            or ?='' 
            or exists(select
                s1_0.student_id from student s1_0 
            where
                s1_0.student_id=a1_0.student_id 
                and s1_0.class_name=?)
        )
2026-06-02 16:00:03.682 [http-nio-8080-exec-7] DEBUG org.hibernate.SQL - 
    select
        count_big(a1_0.id) 
    from
        attendance a1_0 
    where
        a1_0.student_status=? 
        and a1_0.check_in_time between ? and ? 
        and (
            ? is null 
            or a1_0.course_id=?
        ) 
        and (
            ? is null 
            or ?='' 
            or exists(select
                s1_0.student_id from student s1_0 
            where
                s1_0.student_id=a1_0.student_id 
                and s1_0.class_name=?)
        )
2026-06-02 16:00:03.682 [http-nio-8080-exec-7] DEBUG org.hibernate.SQL - 
    select
        count_big(a1_0.id) 
    from
        attendance a1_0 
    where
        a1_0.student_status=? 
        and a1_0.check_in_time between ? and ? 
        and (
            ? is null 
            or a1_0.course_id=?
        ) 
        and (
            ? is null 
            or ?='' 
            or exists(select
                s1_0.student_id from student s1_0 
            where
                s1_0.student_id=a1_0.student_id 
                and s1_0.class_name=?)
        )
2026-06-02 16:00:03.684 [http-nio-8080-exec-7] DEBUG org.hibernate.SQL - 
    select
        count_big(a1_0.id) 
    from
        attendance a1_0 
    where
        a1_0.student_status=? 
        and a1_0.check_in_time between ? and ? 
        and (
            ? is null 
            or a1_0.course_id=?
        ) 
        and (
            ? is null 
            or ?='' 
            or exists(select
                s1_0.student_id from student s1_0 
            where
                s1_0.student_id=a1_0.student_id 
                and s1_0.class_name=?)
        )
2026-06-02 16:00:03.685 [http-nio-8080-exec-7] DEBUG org.hibernate.SQL - 
    select
        count_big(a1_0.id) 
    from
        attendance a1_0 
    where
        a1_0.student_status=? 
        and a1_0.check_in_time between ? and ? 
        and (
            ? is null 
            or a1_0.course_id=?
        ) 
        and (
            ? is null 
            or ?='' 
            or exists(select
                s1_0.student_id from student s1_0 
            where
                s1_0.student_id=a1_0.student_id 
                and s1_0.class_name=?)
        )
2026-06-02 16:00:03.686 [http-nio-8080-exec-7] DEBUG org.hibernate.SQL - 
    select
        count_big(a1_0.id) 
    from
        attendance a1_0 
    where
        a1_0.student_status=? 
        and a1_0.check_in_time between ? and ? 
        and (
            ? is null 
            or a1_0.course_id=?
        ) 
        and (
            ? is null 
            or ?='' 
            or exists(select
                s1_0.student_id from student s1_0 
            where
                s1_0.student_id=a1_0.student_id 
                and s1_0.class_name=?)
        )
2026-06-02 16:00:03.687 [http-nio-8080-exec-7] DEBUG org.hibernate.SQL - 
    select
        count_big(a1_0.id) 
    from
        attendance a1_0 
    where
        a1_0.student_status=? 
        and a1_0.check_in_time between ? and ? 
        and (
            ? is null 
            or a1_0.course_id=?
        ) 
        and (
            ? is null 
            or ?='' 
            or exists(select
                s1_0.student_id from student s1_0 
            where
                s1_0.student_id=a1_0.student_id 
                and s1_0.class_name=?)
        )
2026-06-02 16:00:03.689 [http-nio-8080-exec-7] DEBUG org.hibernate.SQL - 
    select
        count_big(a1_0.id) 
    from
        attendance a1_0 
    where
        a1_0.student_status=? 
        and a1_0.check_in_time between ? and ? 
        and (
            ? is null 
            or a1_0.course_id=?
        ) 
        and (
            ? is null 
            or ?='' 
            or exists(select
                s1_0.student_id from student s1_0 
            where
                s1_0.student_id=a1_0.student_id 
                and s1_0.class_name=?)
        )
2026-06-02 16:00:03.691 [http-nio-8080-exec-7] DEBUG org.hibernate.SQL - 
    select
        count_big(a1_0.id) 
    from
        attendance a1_0 
    where
        a1_0.student_status=? 
        and a1_0.check_in_time between ? and ? 
        and (
            ? is null 
            or a1_0.course_id=?
        ) 
        and (
            ? is null 
            or ?='' 
            or exists(select
                s1_0.student_id from student s1_0 
            where
                s1_0.student_id=a1_0.student_id 
                and s1_0.class_name=?)
        )
2026-06-02 16:00:03.692 [http-nio-8080-exec-7] DEBUG org.hibernate.SQL - 
    select
        count_big(a1_0.id) 
    from
        attendance a1_0 
    where
        a1_0.student_status=? 
        and a1_0.check_in_time between ? and ? 
        and (
            ? is null 
            or a1_0.course_id=?
        ) 
        and (
            ? is null 
            or ?='' 
            or exists(select
                s1_0.student_id from student s1_0 
            where
                s1_0.student_id=a1_0.student_id 
                and s1_0.class_name=?)
        )
2026-06-02 16:00:03.693 [http-nio-8080-exec-7] DEBUG org.hibernate.SQL - 
    select
        count_big(a1_0.id) 
    from
        attendance a1_0 
    where
        a1_0.student_status=? 
        and a1_0.check_in_time between ? and ? 
        and (
            ? is null 
            or a1_0.course_id=?
        ) 
        and (
            ? is null 
            or ?='' 
            or exists(select
                s1_0.student_id from student s1_0 
            where
                s1_0.student_id=a1_0.student_id 
                and s1_0.class_name=?)
        )
2026-06-02 16:00:03.694 [http-nio-8080-exec-7] DEBUG org.hibernate.SQL - 
    select
        count_big(a1_0.id) 
    from
        attendance a1_0 
    where
        a1_0.student_status=? 
        and a1_0.check_in_time between ? and ? 
        and (
            ? is null 
            or a1_0.course_id=?
        ) 
        and (
            ? is null 
            or ?='' 
            or exists(select
                s1_0.student_id from student s1_0 
            where
                s1_0.student_id=a1_0.student_id 
                and s1_0.class_name=?)
        )
2026-06-02 16:00:03.694 [http-nio-8080-exec-7] DEBUG org.hibernate.SQL - 
    select
        count_big(a1_0.id) 
    from
        attendance a1_0 
    where
        a1_0.student_status=? 
        and a1_0.check_in_time between ? and ? 
        and (
            ? is null 
            or a1_0.course_id=?
        ) 
        and (
            ? is null 
            or ?='' 
            or exists(select
                s1_0.student_id from student s1_0 
            where
                s1_0.student_id=a1_0.student_id 
                and s1_0.class_name=?)
        )
2026-06-02 16:00:03.696 [http-nio-8080-exec-7] DEBUG org.hibernate.SQL - 
    select
        count_big(a1_0.id) 
    from
        attendance a1_0 
    where
        a1_0.student_status=? 
        and a1_0.check_in_time between ? and ? 
        and (
            ? is null 
            or a1_0.course_id=?
        ) 
        and (
            ? is null 
            or ?='' 
            or exists(select
                s1_0.student_id from student s1_0 
            where
                s1_0.student_id=a1_0.student_id 
                and s1_0.class_name=?)
        )
2026-06-02 16:00:03.697 [http-nio-8080-exec-7] DEBUG org.hibernate.SQL - 
    select
        count_big(a1_0.id) 
    from
        attendance a1_0 
    where
        a1_0.student_status=? 
        and a1_0.check_in_time between ? and ? 
        and (
            ? is null 
            or a1_0.course_id=?
        ) 
        and (
            ? is null 
            or ?='' 
            or exists(select
                s1_0.student_id from student s1_0 
            where
                s1_0.student_id=a1_0.student_id 
                and s1_0.class_name=?)
        )
2026-06-02 16:00:03.699 [http-nio-8080-exec-7] DEBUG org.hibernate.SQL - 
    select
        count_big(a1_0.id) 
    from
        attendance a1_0 
    where
        a1_0.student_status=? 
        and a1_0.check_in_time between ? and ? 
        and (
            ? is null 
            or a1_0.course_id=?
        ) 
        and (
            ? is null 
            or ?='' 
            or exists(select
                s1_0.student_id from student s1_0 
            where
                s1_0.student_id=a1_0.student_id 
                and s1_0.class_name=?)
        )
2026-06-02 16:00:03.699 [http-nio-8080-exec-7] DEBUG org.hibernate.SQL - 
    select
        count_big(a1_0.id) 
    from
        attendance a1_0 
    where
        a1_0.student_status=? 
        and a1_0.check_in_time between ? and ? 
        and (
            ? is null 
            or a1_0.course_id=?
        ) 
        and (
            ? is null 
            or ?='' 
            or exists(select
                s1_0.student_id from student s1_0 
            where
                s1_0.student_id=a1_0.student_id 
                and s1_0.class_name=?)
        )
2026-06-02 16:00:03.701 [http-nio-8080-exec-7] DEBUG org.hibernate.SQL - 
    select
        count_big(a1_0.id) 
    from
        attendance a1_0 
    where
        a1_0.student_status=? 
        and a1_0.check_in_time between ? and ? 
        and (
            ? is null 
            or a1_0.course_id=?
        ) 
        and (
            ? is null 
            or ?='' 
            or exists(select
                s1_0.student_id from student s1_0 
            where
                s1_0.student_id=a1_0.student_id 
                and s1_0.class_name=?)
        )
2026-06-02 16:00:03.702 [http-nio-8080-exec-7] DEBUG org.hibernate.SQL - 
    select
        count_big(a1_0.id) 
    from
        attendance a1_0 
    where
        a1_0.student_status=? 
        and a1_0.check_in_time between ? and ? 
        and (
            ? is null 
            or a1_0.course_id=?
        ) 
        and (
            ? is null 
            or ?='' 
            or exists(select
                s1_0.student_id from student s1_0 
            where
                s1_0.student_id=a1_0.student_id 
                and s1_0.class_name=?)
        )
2026-06-02 16:00:03.703 [http-nio-8080-exec-7] DEBUG org.hibernate.SQL - 
    select
        count_big(a1_0.id) 
    from
        attendance a1_0 
    where
        a1_0.student_status=? 
        and a1_0.check_in_time between ? and ? 
        and (
            ? is null 
            or a1_0.course_id=?
        ) 
        and (
            ? is null 
            or ?='' 
            or exists(select
                s1_0.student_id from student s1_0 
            where
                s1_0.student_id=a1_0.student_id 
                and s1_0.class_name=?)
        )
2026-06-02 16:00:03.704 [http-nio-8080-exec-7] DEBUG org.hibernate.SQL - 
    select
        count_big(a1_0.id) 
    from
        attendance a1_0 
    where
        a1_0.student_status=? 
        and a1_0.check_in_time between ? and ? 
        and (
            ? is null 
            or a1_0.course_id=?
        ) 
        and (
            ? is null 
            or ?='' 
            or exists(select
                s1_0.student_id from student s1_0 
            where
                s1_0.student_id=a1_0.student_id 
                and s1_0.class_name=?)
        )
2026-06-02 16:00:03.706 [http-nio-8080-exec-7] DEBUG org.hibernate.SQL - 
    select
        count_big(a1_0.id) 
    from
        attendance a1_0 
    where
        a1_0.student_status=? 
        and a1_0.check_in_time between ? and ? 
        and (
            ? is null 
            or a1_0.course_id=?
        ) 
        and (
            ? is null 
            or ?='' 
            or exists(select
                s1_0.student_id from student s1_0 
            where
                s1_0.student_id=a1_0.student_id 
                and s1_0.class_name=?)
        )
2026-06-02 16:00:03.707 [http-nio-8080-exec-7] DEBUG org.hibernate.SQL - 
    select
        count_big(a1_0.id) 
    from
        attendance a1_0 
    where
        a1_0.student_status=? 
        and a1_0.check_in_time between ? and ? 
        and (
            ? is null 
            or a1_0.course_id=?
        ) 
        and (
            ? is null 
            or ?='' 
            or exists(select
                s1_0.student_id from student s1_0 
            where
                s1_0.student_id=a1_0.student_id 
                and s1_0.class_name=?)
        )
2026-06-02 16:00:03.708 [http-nio-8080-exec-7] DEBUG org.hibernate.SQL - 
    select
        count_big(a1_0.id) 
    from
        attendance a1_0 
    where
        a1_0.student_status=? 
        and a1_0.check_in_time between ? and ? 
        and (
            ? is null 
            or a1_0.course_id=?
        ) 
        and (
            ? is null 
            or ?='' 
            or exists(select
                s1_0.student_id from student s1_0 
            where
                s1_0.student_id=a1_0.student_id 
                and s1_0.class_name=?)
        )
2026-06-02 16:00:03.709 [http-nio-8080-exec-7] DEBUG org.hibernate.SQL - 
    select
        count_big(a1_0.id) 
    from
        attendance a1_0 
    where
        a1_0.student_status=? 
        and a1_0.check_in_time between ? and ? 
        and (
            ? is null 
            or a1_0.course_id=?
        ) 
        and (
            ? is null 
            or ?='' 
            or exists(select
                s1_0.student_id from student s1_0 
            where
                s1_0.student_id=a1_0.student_id 
                and s1_0.class_name=?)
        )
2026-06-02 16:00:03.710 [http-nio-8080-exec-7] DEBUG org.hibernate.SQL - 
    select
        count_big(a1_0.id) 
    from
        attendance a1_0 
    where
        a1_0.student_status=? 
        and a1_0.check_in_time between ? and ? 
        and (
            ? is null 
            or a1_0.course_id=?
        ) 
        and (
            ? is null 
            or ?='' 
            or exists(select
                s1_0.student_id from student s1_0 
            where
                s1_0.student_id=a1_0.student_id 
                and s1_0.class_name=?)
        )
2026-06-02 16:00:03.711 [http-nio-8080-exec-7] DEBUG org.hibernate.SQL - 
    select
        count_big(a1_0.id) 
    from
        attendance a1_0 
    where
        a1_0.student_status=? 
        and a1_0.check_in_time between ? and ? 
        and (
            ? is null 
            or a1_0.course_id=?
        ) 
        and (
            ? is null 
            or ?='' 
            or exists(select
                s1_0.student_id from student s1_0 
            where
                s1_0.student_id=a1_0.student_id 
                and s1_0.class_name=?)
        )
2026-06-02 16:00:03.712 [http-nio-8080-exec-7] DEBUG org.hibernate.SQL - 
    select
        distinct s1_0.class_name 
    from
        student s1_0 
    where
        s1_0.class_name is not null 
    order by
        s1_0.class_name
2026-06-02 16:00:03.714 [http-nio-8080-exec-7] DEBUG org.hibernate.SQL - 
    select
        count_big(a1_0.id) 
    from
        attendance a1_0 
    where
        a1_0.check_in_time between ? and ? 
        and (
            ? is null 
            or a1_0.course_id=?
        ) 
        and (
            ? is null 
            or ?='' 
            or exists(select
                s1_0.student_id from student s1_0 
            where
                s1_0.student_id=a1_0.student_id 
                and s1_0.class_name=?)
        )
2026-06-02 16:00:03.715 [http-nio-8080-exec-7] DEBUG org.hibernate.SQL - 
    select
        count_big(a1_0.id) 
    from
        attendance a1_0 
    where
        a1_0.student_status=? 
        and a1_0.check_in_time between ? and ? 
        and (
            ? is null 
            or a1_0.course_id=?
        ) 
        and (
            ? is null 
            or ?='' 
            or exists(select
                s1_0.student_id from student s1_0 
            where
                s1_0.student_id=a1_0.student_id 
                and s1_0.class_name=?)
        )
2026-06-02 16:00:03.716 [http-nio-8080-exec-7] DEBUG org.hibernate.SQL - 
    select
        count_big(a1_0.id) 
    from
        attendance a1_0 
    where
        a1_0.check_in_time between ? and ? 
        and (
            ? is null 
            or a1_0.course_id=?
        ) 
        and (
            ? is null 
            or ?='' 
            or exists(select
                s1_0.student_id from student s1_0 
            where
                s1_0.student_id=a1_0.student_id 
                and s1_0.class_name=?)
        )
2026-06-02 16:00:03.718 [http-nio-8080-exec-7] DEBUG org.hibernate.SQL - 
    select
        count_big(a1_0.id) 
    from
        attendance a1_0 
    where
        a1_0.student_status=? 
        and a1_0.check_in_time between ? and ? 
        and (
            ? is null 
            or a1_0.course_id=?
        ) 
        and (
            ? is null 
            or ?='' 
            or exists(select
                s1_0.student_id from student s1_0 
            where
                s1_0.student_id=a1_0.student_id 
                and s1_0.class_name=?)
        )
2026-06-02 16:00:03.719 [http-nio-8080-exec-7] DEBUG org.hibernate.SQL - 
    select
        count_big(a1_0.id) 
    from
        attendance a1_0 
    where
        a1_0.check_in_time between ? and ? 
        and (
            ? is null 
            or a1_0.course_id=?
        ) 
        and (
            ? is null 
            or ?='' 
            or exists(select
                s1_0.student_id from student s1_0 
            where
                s1_0.student_id=a1_0.student_id 
                and s1_0.class_name=?)
        )
2026-06-02 16:00:03.720 [http-nio-8080-exec-7] DEBUG org.hibernate.SQL - 
    select
        count_big(a1_0.id) 
    from
        attendance a1_0 
    where
        a1_0.student_status=? 
        and a1_0.check_in_time between ? and ? 
        and (
            ? is null 
            or a1_0.course_id=?
        ) 
        and (
            ? is null 
            or ?='' 
            or exists(select
                s1_0.student_id from student s1_0 
            where
                s1_0.student_id=a1_0.student_id 
                and s1_0.class_name=?)
        )
2026-06-02 16:00:03.721 [http-nio-8080-exec-7] DEBUG org.hibernate.SQL - 
    select
        count_big(a1_0.id) 
    from
        attendance a1_0 
    where
        a1_0.check_in_time between ? and ? 
        and (
            ? is null 
            or a1_0.course_id=?
        ) 
        and (
            ? is null 
            or ?='' 
            or exists(select
                s1_0.student_id from student s1_0 
            where
                s1_0.student_id=a1_0.student_id 
                and s1_0.class_name=?)
        )
2026-06-02 16:00:03.722 [http-nio-8080-exec-7] DEBUG org.hibernate.SQL - 
    select
        count_big(a1_0.id) 
    from
        attendance a1_0 
    where
        a1_0.student_status=? 
        and a1_0.check_in_time between ? and ? 
        and (
            ? is null 
            or a1_0.course_id=?
        ) 
        and (
            ? is null 
            or ?='' 
            or exists(select
                s1_0.student_id from student s1_0 
            where
                s1_0.student_id=a1_0.student_id 
                and s1_0.class_name=?)
        )
2026-06-02 16:00:03.725 [http-nio-8080-exec-7] DEBUG org.hibernate.SQL - 
    select
        count_big(a1_0.id) 
    from
        attendance a1_0 
    where
        a1_0.check_in_time between ? and ? 
        and (
            ? is null 
            or a1_0.course_id=?
        ) 
        and (
            ? is null 
            or ?='' 
            or exists(select
                s1_0.student_id from student s1_0 
            where
                s1_0.student_id=a1_0.student_id 
                and s1_0.class_name=?)
        )
2026-06-02 16:00:03.726 [http-nio-8080-exec-7] DEBUG org.hibernate.SQL - 
    select
        count_big(a1_0.id) 
    from
        attendance a1_0 
    where
        a1_0.student_status=? 
        and a1_0.check_in_time between ? and ? 
        and (
            ? is null 
            or a1_0.course_id=?
        ) 
        and (
            ? is null 
            or ?='' 
            or exists(select
                s1_0.student_id from student s1_0 
            where
                s1_0.student_id=a1_0.student_id 
                and s1_0.class_name=?)
        )
2026-06-02 16:00:03.728 [http-nio-8080-exec-7] DEBUG org.hibernate.SQL - 
    select
        a1_0.course_id,
        c1_0.course_name,
        count_big(a1_0.id) 
    from
        attendance a1_0 
    left join
        course c1_0 
            on a1_0.course_id=c1_0.course_id 
    where
        a1_0.check_in_time between ? and ? 
        and (
            ? is null 
            or ?='' 
            or exists(select
                s1_0.student_id from student s1_0 
            where
                s1_0.student_id=a1_0.student_id 
                and s1_0.class_name=?)
        ) 
    group by
        a1_0.course_id,
        c1_0.course_name 
    order by
        count_big(a1_0.id) desc
2026-06-02 16:00:04.581 [http-nio-8080-exec-9] DEBUG org.hibernate.SQL - 
    select
        c1_0.id,
        c1_0.class_name,
        c1_0.course_id,
        c1_0.course_name,
        c1_0.create_time,
        c1_0.location,
        c1_0.teacher_id,
        c1_0.teacher_name,
        c1_0.time_slot,
        c1_0.week_day 
    from
        course c1_0
2026-06-02 16:00:04.590 [http-nio-8080-exec-4] DEBUG org.hibernate.SQL - 
    select
        distinct s1_0.class_name 
    from
        student s1_0 
    where
        s1_0.class_name is not null 
    order by
        s1_0.class_name
2026-06-02 16:00:04.608 [http-nio-8080-exec-1] DEBUG org.hibernate.SQL - 
    select
        u1_0.id,
        u1_0.class_name,
        u1_0.create_time,
        u1_0.gender,
        u1_0.real_name,
        u1_0.username,
        u1_0.userpassword,
        u1_0.userrole 
    from
        my_user u1_0 
    where
        u1_0.username=?
2026-06-02 16:00:04.611 [http-nio-8080-exec-1] DEBUG org.hibernate.SQL - 
    select
        count_big(*) 
    from
        student s1_0
2026-06-02 16:00:04.614 [http-nio-8080-exec-1] DEBUG org.hibernate.SQL - 
    select
        count_big(a1_0.id) 
    from
        attendance a1_0 
    where
        a1_0.check_in_time between ? and ? 
        and (
            ? is null 
            or a1_0.course_id=?
        ) 
        and (
            ? is null 
            or ?='' 
            or exists(select
                s1_0.student_id from student s1_0 
            where
                s1_0.student_id=a1_0.student_id 
                and s1_0.class_name=?)
        )
2026-06-02 16:00:04.616 [http-nio-8080-exec-1] DEBUG org.hibernate.SQL - 
    select
        count_big(a1_0.id) 
    from
        attendance a1_0 
    where
        a1_0.student_status=? 
        and a1_0.check_in_time between ? and ? 
        and (
            ? is null 
            or a1_0.course_id=?
        ) 
        and (
            ? is null 
            or ?='' 
            or exists(select
                s1_0.student_id from student s1_0 
            where
                s1_0.student_id=a1_0.student_id 
                and s1_0.class_name=?)
        )
2026-06-02 16:00:04.618 [http-nio-8080-exec-1] DEBUG org.hibernate.SQL - 
    select
        count_big(a1_0.id) 
    from
        attendance a1_0 
    where
        a1_0.student_status=? 
        and a1_0.check_in_time between ? and ? 
        and (
            ? is null 
            or a1_0.course_id=?
        ) 
        and (
            ? is null 
            or ?='' 
            or exists(select
                s1_0.student_id from student s1_0 
            where
                s1_0.student_id=a1_0.student_id 
                and s1_0.class_name=?)
        )
2026-06-02 16:00:04.619 [http-nio-8080-exec-1] DEBUG org.hibernate.SQL - 
    select
        count_big(a1_0.id) 
    from
        attendance a1_0 
    where
        a1_0.student_status=? 
        and a1_0.check_in_time between ? and ? 
        and (
            ? is null 
            or a1_0.course_id=?
        ) 
        and (
            ? is null 
            or ?='' 
            or exists(select
                s1_0.student_id from student s1_0 
            where
                s1_0.student_id=a1_0.student_id 
                and s1_0.class_name=?)
        )
2026-06-02 16:00:04.620 [http-nio-8080-exec-1] DEBUG org.hibernate.SQL - 
    select
        count_big(a1_0.id) 
    from
        attendance a1_0 
    where
        a1_0.student_status=? 
        and a1_0.check_in_time between ? and ? 
        and (
            ? is null 
            or a1_0.course_id=?
        ) 
        and (
            ? is null 
            or ?='' 
            or exists(select
                s1_0.student_id from student s1_0 
            where
                s1_0.student_id=a1_0.student_id 
                and s1_0.class_name=?)
        )
2026-06-02 16:00:04.621 [http-nio-8080-exec-1] DEBUG org.hibernate.SQL - 
    select
        count_big(a1_0.id) 
    from
        attendance a1_0 
    where
        a1_0.student_status=? 
        and a1_0.check_in_time between ? and ? 
        and (
            ? is null 
            or a1_0.course_id=?
        ) 
        and (
            ? is null 
            or ?='' 
            or exists(select
                s1_0.student_id from student s1_0 
            where
                s1_0.student_id=a1_0.student_id 
                and s1_0.class_name=?)
        )
2026-06-02 16:00:04.622 [http-nio-8080-exec-1] DEBUG org.hibernate.SQL - 
    select
        count_big(a1_0.id) 
    from
        attendance a1_0 
    where
        a1_0.student_status=? 
        and a1_0.check_in_time between ? and ? 
        and (
            ? is null 
            or a1_0.course_id=?
        ) 
        and (
            ? is null 
            or ?='' 
            or exists(select
                s1_0.student_id from student s1_0 
            where
                s1_0.student_id=a1_0.student_id 
                and s1_0.class_name=?)
        )
2026-06-02 16:00:04.623 [http-nio-8080-exec-1] DEBUG org.hibernate.SQL - 
    select
        count_big(a1_0.id) 
    from
        attendance a1_0 
    where
        a1_0.student_status=? 
        and a1_0.check_in_time between ? and ? 
        and (
            ? is null 
            or a1_0.course_id=?
        ) 
        and (
            ? is null 
            or ?='' 
            or exists(select
                s1_0.student_id from student s1_0 
            where
                s1_0.student_id=a1_0.student_id 
                and s1_0.class_name=?)
        )
2026-06-02 16:00:04.625 [http-nio-8080-exec-1] DEBUG org.hibernate.SQL - 
    select
        count_big(a1_0.id) 
    from
        attendance a1_0 
    where
        a1_0.student_status=? 
        and a1_0.check_in_time between ? and ? 
        and (
            ? is null 
            or a1_0.course_id=?
        ) 
        and (
            ? is null 
            or ?='' 
            or exists(select
                s1_0.student_id from student s1_0 
            where
                s1_0.student_id=a1_0.student_id 
                and s1_0.class_name=?)
        )
2026-06-02 16:00:04.626 [http-nio-8080-exec-1] DEBUG org.hibernate.SQL - 
    select
        count_big(a1_0.id) 
    from
        attendance a1_0 
    where
        a1_0.student_status=? 
        and a1_0.check_in_time between ? and ? 
        and (
            ? is null 
            or a1_0.course_id=?
        ) 
        and (
            ? is null 
            or ?='' 
            or exists(select
                s1_0.student_id from student s1_0 
            where
                s1_0.student_id=a1_0.student_id 
                and s1_0.class_name=?)
        )
2026-06-02 16:00:04.628 [http-nio-8080-exec-1] DEBUG org.hibernate.SQL - 
    select
        count_big(a1_0.id) 
    from
        attendance a1_0 
    where
        a1_0.student_status=? 
        and a1_0.check_in_time between ? and ? 
        and (
            ? is null 
            or a1_0.course_id=?
        ) 
        and (
            ? is null 
            or ?='' 
            or exists(select
                s1_0.student_id from student s1_0 
            where
                s1_0.student_id=a1_0.student_id 
                and s1_0.class_name=?)
        )
2026-06-02 16:00:04.628 [http-nio-8080-exec-1] DEBUG org.hibernate.SQL - 
    select
        count_big(a1_0.id) 
    from
        attendance a1_0 
    where
        a1_0.student_status=? 
        and a1_0.check_in_time between ? and ? 
        and (
            ? is null 
            or a1_0.course_id=?
        ) 
        and (
            ? is null 
            or ?='' 
            or exists(select
                s1_0.student_id from student s1_0 
            where
                s1_0.student_id=a1_0.student_id 
                and s1_0.class_name=?)
        )
2026-06-02 16:00:04.629 [http-nio-8080-exec-1] DEBUG org.hibernate.SQL - 
    select
        count_big(a1_0.id) 
    from
        attendance a1_0 
    where
        a1_0.student_status=? 
        and a1_0.check_in_time between ? and ? 
        and (
            ? is null 
            or a1_0.course_id=?
        ) 
        and (
            ? is null 
            or ?='' 
            or exists(select
                s1_0.student_id from student s1_0 
            where
                s1_0.student_id=a1_0.student_id 
                and s1_0.class_name=?)
        )
2026-06-02 16:00:04.631 [http-nio-8080-exec-1] DEBUG org.hibernate.SQL - 
    select
        count_big(a1_0.id) 
    from
        attendance a1_0 
    where
        a1_0.student_status=? 
        and a1_0.check_in_time between ? and ? 
        and (
            ? is null 
            or a1_0.course_id=?
        ) 
        and (
            ? is null 
            or ?='' 
            or exists(select
                s1_0.student_id from student s1_0 
            where
                s1_0.student_id=a1_0.student_id 
                and s1_0.class_name=?)
        )
2026-06-02 16:00:04.632 [http-nio-8080-exec-1] DEBUG org.hibernate.SQL - 
    select
        count_big(a1_0.id) 
    from
        attendance a1_0 
    where
        a1_0.student_status=? 
        and a1_0.check_in_time between ? and ? 
        and (
            ? is null 
            or a1_0.course_id=?
        ) 
        and (
            ? is null 
            or ?='' 
            or exists(select
                s1_0.student_id from student s1_0 
            where
                s1_0.student_id=a1_0.student_id 
                and s1_0.class_name=?)
        )
2026-06-02 16:00:04.633 [http-nio-8080-exec-1] DEBUG org.hibernate.SQL - 
    select
        count_big(a1_0.id) 
    from
        attendance a1_0 
    where
        a1_0.student_status=? 
        and a1_0.check_in_time between ? and ? 
        and (
            ? is null 
            or a1_0.course_id=?
        ) 
        and (
            ? is null 
            or ?='' 
            or exists(select
                s1_0.student_id from student s1_0 
            where
                s1_0.student_id=a1_0.student_id 
                and s1_0.class_name=?)
        )
2026-06-02 16:00:04.634 [http-nio-8080-exec-1] DEBUG org.hibernate.SQL - 
    select
        count_big(a1_0.id) 
    from
        attendance a1_0 
    where
        a1_0.student_status=? 
        and a1_0.check_in_time between ? and ? 
        and (
            ? is null 
            or a1_0.course_id=?
        ) 
        and (
            ? is null 
            or ?='' 
            or exists(select
                s1_0.student_id from student s1_0 
            where
                s1_0.student_id=a1_0.student_id 
                and s1_0.class_name=?)
        )
2026-06-02 16:00:04.636 [http-nio-8080-exec-1] DEBUG org.hibernate.SQL - 
    select
        count_big(a1_0.id) 
    from
        attendance a1_0 
    where
        a1_0.student_status=? 
        and a1_0.check_in_time between ? and ? 
        and (
            ? is null 
            or a1_0.course_id=?
        ) 
        and (
            ? is null 
            or ?='' 
            or exists(select
                s1_0.student_id from student s1_0 
            where
                s1_0.student_id=a1_0.student_id 
                and s1_0.class_name=?)
        )
2026-06-02 16:00:04.637 [http-nio-8080-exec-1] DEBUG org.hibernate.SQL - 
    select
        count_big(a1_0.id) 
    from
        attendance a1_0 
    where
        a1_0.student_status=? 
        and a1_0.check_in_time between ? and ? 
        and (
            ? is null 
            or a1_0.course_id=?
        ) 
        and (
            ? is null 
            or ?='' 
            or exists(select
                s1_0.student_id from student s1_0 
            where
                s1_0.student_id=a1_0.student_id 
                and s1_0.class_name=?)
        )
2026-06-02 16:00:04.638 [http-nio-8080-exec-1] DEBUG org.hibernate.SQL - 
    select
        count_big(a1_0.id) 
    from
        attendance a1_0 
    where
        a1_0.student_status=? 
        and a1_0.check_in_time between ? and ? 
        and (
            ? is null 
            or a1_0.course_id=?
        ) 
        and (
            ? is null 
            or ?='' 
            or exists(select
                s1_0.student_id from student s1_0 
            where
                s1_0.student_id=a1_0.student_id 
                and s1_0.class_name=?)
        )
2026-06-02 16:00:04.639 [http-nio-8080-exec-1] DEBUG org.hibernate.SQL - 
    select
        count_big(a1_0.id) 
    from
        attendance a1_0 
    where
        a1_0.student_status=? 
        and a1_0.check_in_time between ? and ? 
        and (
            ? is null 
            or a1_0.course_id=?
        ) 
        and (
            ? is null 
            or ?='' 
            or exists(select
                s1_0.student_id from student s1_0 
            where
                s1_0.student_id=a1_0.student_id 
                and s1_0.class_name=?)
        )
2026-06-02 16:00:04.641 [http-nio-8080-exec-1] DEBUG org.hibernate.SQL - 
    select
        count_big(a1_0.id) 
    from
        attendance a1_0 
    where
        a1_0.student_status=? 
        and a1_0.check_in_time between ? and ? 
        and (
            ? is null 
            or a1_0.course_id=?
        ) 
        and (
            ? is null 
            or ?='' 
            or exists(select
                s1_0.student_id from student s1_0 
            where
                s1_0.student_id=a1_0.student_id 
                and s1_0.class_name=?)
        )
2026-06-02 16:00:04.642 [http-nio-8080-exec-1] DEBUG org.hibernate.SQL - 
    select
        count_big(a1_0.id) 
    from
        attendance a1_0 
    where
        a1_0.student_status=? 
        and a1_0.check_in_time between ? and ? 
        and (
            ? is null 
            or a1_0.course_id=?
        ) 
        and (
            ? is null 
            or ?='' 
            or exists(select
                s1_0.student_id from student s1_0 
            where
                s1_0.student_id=a1_0.student_id 
                and s1_0.class_name=?)
        )
2026-06-02 16:00:04.643 [http-nio-8080-exec-1] DEBUG org.hibernate.SQL - 
    select
        count_big(a1_0.id) 
    from
        attendance a1_0 
    where
        a1_0.student_status=? 
        and a1_0.check_in_time between ? and ? 
        and (
            ? is null 
            or a1_0.course_id=?
        ) 
        and (
            ? is null 
            or ?='' 
            or exists(select
                s1_0.student_id from student s1_0 
            where
                s1_0.student_id=a1_0.student_id 
                and s1_0.class_name=?)
        )
2026-06-02 16:00:04.644 [http-nio-8080-exec-1] DEBUG org.hibernate.SQL - 
    select
        count_big(a1_0.id) 
    from
        attendance a1_0 
    where
        a1_0.student_status=? 
        and a1_0.check_in_time between ? and ? 
        and (
            ? is null 
            or a1_0.course_id=?
        ) 
        and (
            ? is null 
            or ?='' 
            or exists(select
                s1_0.student_id from student s1_0 
            where
                s1_0.student_id=a1_0.student_id 
                and s1_0.class_name=?)
        )
2026-06-02 16:00:04.646 [http-nio-8080-exec-1] DEBUG org.hibernate.SQL - 
    select
        count_big(a1_0.id) 
    from
        attendance a1_0 
    where
        a1_0.student_status=? 
        and a1_0.check_in_time between ? and ? 
        and (
            ? is null 
            or a1_0.course_id=?
        ) 
        and (
            ? is null 
            or ?='' 
            or exists(select
                s1_0.student_id from student s1_0 
            where
                s1_0.student_id=a1_0.student_id 
                and s1_0.class_name=?)
        )
2026-06-02 16:00:04.651 [http-nio-8080-exec-1] DEBUG org.hibernate.SQL - 
    select
        count_big(a1_0.id) 
    from
        attendance a1_0 
    where
        a1_0.student_status=? 
        and a1_0.check_in_time between ? and ? 
        and (
            ? is null 
            or a1_0.course_id=?
        ) 
        and (
            ? is null 
            or ?='' 
            or exists(select
                s1_0.student_id from student s1_0 
            where
                s1_0.student_id=a1_0.student_id 
                and s1_0.class_name=?)
        )
2026-06-02 16:00:04.652 [http-nio-8080-exec-1] DEBUG org.hibernate.SQL - 
    select
        count_big(a1_0.id) 
    from
        attendance a1_0 
    where
        a1_0.student_status=? 
        and a1_0.check_in_time between ? and ? 
        and (
            ? is null 
            or a1_0.course_id=?
        ) 
        and (
            ? is null 
            or ?='' 
            or exists(select
                s1_0.student_id from student s1_0 
            where
                s1_0.student_id=a1_0.student_id 
                and s1_0.class_name=?)
        )
2026-06-02 16:00:04.677 [http-nio-8080-exec-1] DEBUG org.hibernate.SQL - 
    select
        count_big(a1_0.id) 
    from
        attendance a1_0 
    where
        a1_0.student_status=? 
        and a1_0.check_in_time between ? and ? 
        and (
            ? is null 
            or a1_0.course_id=?
        ) 
        and (
            ? is null 
            or ?='' 
            or exists(select
                s1_0.student_id from student s1_0 
            where
                s1_0.student_id=a1_0.student_id 
                and s1_0.class_name=?)
        )
2026-06-02 16:00:04.680 [http-nio-8080-exec-1] DEBUG org.hibernate.SQL - 
    select
        count_big(a1_0.id) 
    from
        attendance a1_0 
    where
        a1_0.student_status=? 
        and a1_0.check_in_time between ? and ? 
        and (
            ? is null 
            or a1_0.course_id=?
        ) 
        and (
            ? is null 
            or ?='' 
            or exists(select
                s1_0.student_id from student s1_0 
            where
                s1_0.student_id=a1_0.student_id 
                and s1_0.class_name=?)
        )
2026-06-02 16:00:04.680 [http-nio-8080-exec-1] DEBUG org.hibernate.SQL - 
    select
        count_big(a1_0.id) 
    from
        attendance a1_0 
    where
        a1_0.student_status=? 
        and a1_0.check_in_time between ? and ? 
        and (
            ? is null 
            or a1_0.course_id=?
        ) 
        and (
            ? is null 
            or ?='' 
            or exists(select
                s1_0.student_id from student s1_0 
            where
                s1_0.student_id=a1_0.student_id 
                and s1_0.class_name=?)
        )
2026-06-02 16:00:04.682 [http-nio-8080-exec-1] DEBUG org.hibernate.SQL - 
    select
        count_big(a1_0.id) 
    from
        attendance a1_0 
    where
        a1_0.student_status=? 
        and a1_0.check_in_time between ? and ? 
        and (
            ? is null 
            or a1_0.course_id=?
        ) 
        and (
            ? is null 
            or ?='' 
            or exists(select
                s1_0.student_id from student s1_0 
            where
                s1_0.student_id=a1_0.student_id 
                and s1_0.class_name=?)
        )
2026-06-02 16:00:04.682 [http-nio-8080-exec-1] DEBUG org.hibernate.SQL - 
    select
        count_big(a1_0.id) 
    from
        attendance a1_0 
    where
        a1_0.student_status=? 
        and a1_0.check_in_time between ? and ? 
        and (
            ? is null 
            or a1_0.course_id=?
        ) 
        and (
            ? is null 
            or ?='' 
            or exists(select
                s1_0.student_id from student s1_0 
            where
                s1_0.student_id=a1_0.student_id 
                and s1_0.class_name=?)
        )
2026-06-02 16:00:04.685 [http-nio-8080-exec-1] DEBUG org.hibernate.SQL - 
    select
        count_big(a1_0.id) 
    from
        attendance a1_0 
    where
        a1_0.student_status=? 
        and a1_0.check_in_time between ? and ? 
        and (
            ? is null 
            or a1_0.course_id=?
        ) 
        and (
            ? is null 
            or ?='' 
            or exists(select
                s1_0.student_id from student s1_0 
            where
                s1_0.student_id=a1_0.student_id 
                and s1_0.class_name=?)
        )
2026-06-02 16:00:04.686 [http-nio-8080-exec-1] DEBUG org.hibernate.SQL - 
    select
        count_big(a1_0.id) 
    from
        attendance a1_0 
    where
        a1_0.student_status=? 
        and a1_0.check_in_time between ? and ? 
        and (
            ? is null 
            or a1_0.course_id=?
        ) 
        and (
            ? is null 
            or ?='' 
            or exists(select
                s1_0.student_id from student s1_0 
            where
                s1_0.student_id=a1_0.student_id 
                and s1_0.class_name=?)
        )
2026-06-02 16:00:04.687 [http-nio-8080-exec-1] DEBUG org.hibernate.SQL - 
    select
        count_big(a1_0.id) 
    from
        attendance a1_0 
    where
        a1_0.student_status=? 
        and a1_0.check_in_time between ? and ? 
        and (
            ? is null 
            or a1_0.course_id=?
        ) 
        and (
            ? is null 
            or ?='' 
            or exists(select
                s1_0.student_id from student s1_0 
            where
                s1_0.student_id=a1_0.student_id 
                and s1_0.class_name=?)
        )
2026-06-02 16:00:04.688 [http-nio-8080-exec-1] DEBUG org.hibernate.SQL - 
    select
        count_big(a1_0.id) 
    from
        attendance a1_0 
    where
        a1_0.student_status=? 
        and a1_0.check_in_time between ? and ? 
        and (
            ? is null 
            or a1_0.course_id=?
        ) 
        and (
            ? is null 
            or ?='' 
            or exists(select
                s1_0.student_id from student s1_0 
            where
                s1_0.student_id=a1_0.student_id 
                and s1_0.class_name=?)
        )
2026-06-02 16:00:04.690 [http-nio-8080-exec-1] DEBUG org.hibernate.SQL - 
    select
        distinct s1_0.class_name 
    from
        student s1_0 
    where
        s1_0.class_name is not null 
    order by
        s1_0.class_name
2026-06-02 16:00:04.691 [http-nio-8080-exec-1] DEBUG org.hibernate.SQL - 
    select
        count_big(a1_0.id) 
    from
        attendance a1_0 
    where
        a1_0.check_in_time between ? and ? 
        and (
            ? is null 
            or a1_0.course_id=?
        ) 
        and (
            ? is null 
            or ?='' 
            or exists(select
                s1_0.student_id from student s1_0 
            where
                s1_0.student_id=a1_0.student_id 
                and s1_0.class_name=?)
        )
2026-06-02 16:00:04.692 [http-nio-8080-exec-1] DEBUG org.hibernate.SQL - 
    select
        count_big(a1_0.id) 
    from
        attendance a1_0 
    where
        a1_0.student_status=? 
        and a1_0.check_in_time between ? and ? 
        and (
            ? is null 
            or a1_0.course_id=?
        ) 
        and (
            ? is null 
            or ?='' 
            or exists(select
                s1_0.student_id from student s1_0 
            where
                s1_0.student_id=a1_0.student_id 
                and s1_0.class_name=?)
        )
2026-06-02 16:00:04.694 [http-nio-8080-exec-1] DEBUG org.hibernate.SQL - 
    select
        count_big(a1_0.id) 
    from
        attendance a1_0 
    where
        a1_0.check_in_time between ? and ? 
        and (
            ? is null 
            or a1_0.course_id=?
        ) 
        and (
            ? is null 
            or ?='' 
            or exists(select
                s1_0.student_id from student s1_0 
            where
                s1_0.student_id=a1_0.student_id 
                and s1_0.class_name=?)
        )
2026-06-02 16:00:04.695 [http-nio-8080-exec-1] DEBUG org.hibernate.SQL - 
    select
        count_big(a1_0.id) 
    from
        attendance a1_0 
    where
        a1_0.student_status=? 
        and a1_0.check_in_time between ? and ? 
        and (
            ? is null 
            or a1_0.course_id=?
        ) 
        and (
            ? is null 
            or ?='' 
            or exists(select
                s1_0.student_id from student s1_0 
            where
                s1_0.student_id=a1_0.student_id 
                and s1_0.class_name=?)
        )
2026-06-02 16:00:04.697 [http-nio-8080-exec-1] DEBUG org.hibernate.SQL - 
    select
        count_big(a1_0.id) 
    from
        attendance a1_0 
    where
        a1_0.check_in_time between ? and ? 
        and (
            ? is null 
            or a1_0.course_id=?
        ) 
        and (
            ? is null 
            or ?='' 
            or exists(select
                s1_0.student_id from student s1_0 
            where
                s1_0.student_id=a1_0.student_id 
                and s1_0.class_name=?)
        )
2026-06-02 16:00:04.698 [http-nio-8080-exec-1] DEBUG org.hibernate.SQL - 
    select
        count_big(a1_0.id) 
    from
        attendance a1_0 
    where
        a1_0.student_status=? 
        and a1_0.check_in_time between ? and ? 
        and (
            ? is null 
            or a1_0.course_id=?
        ) 
        and (
            ? is null 
            or ?='' 
            or exists(select
                s1_0.student_id from student s1_0 
            where
                s1_0.student_id=a1_0.student_id 
                and s1_0.class_name=?)
        )
2026-06-02 16:00:04.699 [http-nio-8080-exec-1] DEBUG org.hibernate.SQL - 
    select
        count_big(a1_0.id) 
    from
        attendance a1_0 
    where
        a1_0.check_in_time between ? and ? 
        and (
            ? is null 
            or a1_0.course_id=?
        ) 
        and (
            ? is null 
            or ?='' 
            or exists(select
                s1_0.student_id from student s1_0 
            where
                s1_0.student_id=a1_0.student_id 
                and s1_0.class_name=?)
        )
2026-06-02 16:00:04.701 [http-nio-8080-exec-1] DEBUG org.hibernate.SQL - 
    select
        count_big(a1_0.id) 
    from
        attendance a1_0 
    where
        a1_0.student_status=? 
        and a1_0.check_in_time between ? and ? 
        and (
            ? is null 
            or a1_0.course_id=?
        ) 
        and (
            ? is null 
            or ?='' 
            or exists(select
                s1_0.student_id from student s1_0 
            where
                s1_0.student_id=a1_0.student_id 
                and s1_0.class_name=?)
        )
2026-06-02 16:00:04.703 [http-nio-8080-exec-1] DEBUG org.hibernate.SQL - 
    select
        count_big(a1_0.id) 
    from
        attendance a1_0 
    where
        a1_0.check_in_time between ? and ? 
        and (
            ? is null 
            or a1_0.course_id=?
        ) 
        and (
            ? is null 
            or ?='' 
            or exists(select
                s1_0.student_id from student s1_0 
            where
                s1_0.student_id=a1_0.student_id 
                and s1_0.class_name=?)
        )
2026-06-02 16:00:04.703 [http-nio-8080-exec-1] DEBUG org.hibernate.SQL - 
    select
        count_big(a1_0.id) 
    from
        attendance a1_0 
    where
        a1_0.student_status=? 
        and a1_0.check_in_time between ? and ? 
        and (
            ? is null 
            or a1_0.course_id=?
        ) 
        and (
            ? is null 
            or ?='' 
            or exists(select
                s1_0.student_id from student s1_0 
            where
                s1_0.student_id=a1_0.student_id 
                and s1_0.class_name=?)
        )
2026-06-02 16:00:04.704 [http-nio-8080-exec-1] DEBUG org.hibernate.SQL - 
    select
        a1_0.course_id,
        c1_0.course_name,
        count_big(a1_0.id) 
    from
        attendance a1_0 
    left join
        course c1_0 
            on a1_0.course_id=c1_0.course_id 
    where
        a1_0.check_in_time between ? and ? 
        and (
            ? is null 
            or ?='' 
            or exists(select
                s1_0.student_id from student s1_0 
            where
                s1_0.student_id=a1_0.student_id 
                and s1_0.class_name=?)
        ) 
    group by
        a1_0.course_id,
        c1_0.course_name 
    order by
        count_big(a1_0.id) desc
2026-06-02 16:00:05.272 [http-nio-8080-exec-3] DEBUG org.hibernate.SQL - 
    select
        c1_0.id,
        c1_0.class_name,
        c1_0.course_id,
        c1_0.course_name,
        c1_0.create_time,
        c1_0.location,
        c1_0.teacher_id,
        c1_0.teacher_name,
        c1_0.time_slot,
        c1_0.week_day 
    from
        course c1_0
2026-06-02 16:00:05.282 [http-nio-8080-exec-10] DEBUG org.hibernate.SQL - 
    select
        distinct s1_0.class_name 
    from
        student s1_0 
    where
        s1_0.class_name is not null 
    order by
        s1_0.class_name
2026-06-02 16:00:05.288 [http-nio-8080-exec-5] DEBUG org.hibernate.SQL - 
    select
        u1_0.id,
        u1_0.class_name,
        u1_0.create_time,
        u1_0.gender,
        u1_0.real_name,
        u1_0.username,
        u1_0.userpassword,
        u1_0.userrole 
    from
        my_user u1_0 
    where
        u1_0.username=?
2026-06-02 16:00:05.290 [http-nio-8080-exec-5] DEBUG org.hibernate.SQL - 
    select
        count_big(*) 
    from
        student s1_0
2026-06-02 16:00:05.292 [http-nio-8080-exec-5] DEBUG org.hibernate.SQL - 
    select
        count_big(a1_0.id) 
    from
        attendance a1_0 
    where
        a1_0.check_in_time between ? and ? 
        and (
            ? is null 
            or a1_0.course_id=?
        ) 
        and (
            ? is null 
            or ?='' 
            or exists(select
                s1_0.student_id from student s1_0 
            where
                s1_0.student_id=a1_0.student_id 
                and s1_0.class_name=?)
        )
2026-06-02 16:00:05.293 [http-nio-8080-exec-5] DEBUG org.hibernate.SQL - 
    select
        count_big(a1_0.id) 
    from
        attendance a1_0 
    where
        a1_0.student_status=? 
        and a1_0.check_in_time between ? and ? 
        and (
            ? is null 
            or a1_0.course_id=?
        ) 
        and (
            ? is null 
            or ?='' 
            or exists(select
                s1_0.student_id from student s1_0 
            where
                s1_0.student_id=a1_0.student_id 
                and s1_0.class_name=?)
        )
2026-06-02 16:00:05.294 [http-nio-8080-exec-5] DEBUG org.hibernate.SQL - 
    select
        count_big(a1_0.id) 
    from
        attendance a1_0 
    where
        a1_0.student_status=? 
        and a1_0.check_in_time between ? and ? 
        and (
            ? is null 
            or a1_0.course_id=?
        ) 
        and (
            ? is null 
            or ?='' 
            or exists(select
                s1_0.student_id from student s1_0 
            where
                s1_0.student_id=a1_0.student_id 
                and s1_0.class_name=?)
        )
2026-06-02 16:00:05.296 [http-nio-8080-exec-5] DEBUG org.hibernate.SQL - 
    select
        count_big(a1_0.id) 
    from
        attendance a1_0 
    where
        a1_0.student_status=? 
        and a1_0.check_in_time between ? and ? 
        and (
            ? is null 
            or a1_0.course_id=?
        ) 
        and (
            ? is null 
            or ?='' 
            or exists(select
                s1_0.student_id from student s1_0 
            where
                s1_0.student_id=a1_0.student_id 
                and s1_0.class_name=?)
        )
2026-06-02 16:00:05.297 [http-nio-8080-exec-5] DEBUG org.hibernate.SQL - 
    select
        count_big(a1_0.id) 
    from
        attendance a1_0 
    where
        a1_0.student_status=? 
        and a1_0.check_in_time between ? and ? 
        and (
            ? is null 
            or a1_0.course_id=?
        ) 
        and (
            ? is null 
            or ?='' 
            or exists(select
                s1_0.student_id from student s1_0 
            where
                s1_0.student_id=a1_0.student_id 
                and s1_0.class_name=?)
        )
2026-06-02 16:00:05.298 [http-nio-8080-exec-5] DEBUG org.hibernate.SQL - 
    select
        count_big(a1_0.id) 
    from
        attendance a1_0 
    where
        a1_0.student_status=? 
        and a1_0.check_in_time between ? and ? 
        and (
            ? is null 
            or a1_0.course_id=?
        ) 
        and (
            ? is null 
            or ?='' 
            or exists(select
                s1_0.student_id from student s1_0 
            where
                s1_0.student_id=a1_0.student_id 
                and s1_0.class_name=?)
        )
2026-06-02 16:00:05.299 [http-nio-8080-exec-5] DEBUG org.hibernate.SQL - 
    select
        count_big(a1_0.id) 
    from
        attendance a1_0 
    where
        a1_0.student_status=? 
        and a1_0.check_in_time between ? and ? 
        and (
            ? is null 
            or a1_0.course_id=?
        ) 
        and (
            ? is null 
            or ?='' 
            or exists(select
                s1_0.student_id from student s1_0 
            where
                s1_0.student_id=a1_0.student_id 
                and s1_0.class_name=?)
        )
2026-06-02 16:00:05.301 [http-nio-8080-exec-5] DEBUG org.hibernate.SQL - 
    select
        count_big(a1_0.id) 
    from
        attendance a1_0 
    where
        a1_0.student_status=? 
        and a1_0.check_in_time between ? and ? 
        and (
            ? is null 
            or a1_0.course_id=?
        ) 
        and (
            ? is null 
            or ?='' 
            or exists(select
                s1_0.student_id from student s1_0 
            where
                s1_0.student_id=a1_0.student_id 
                and s1_0.class_name=?)
        )
2026-06-02 16:00:05.302 [http-nio-8080-exec-5] DEBUG org.hibernate.SQL - 
    select
        count_big(a1_0.id) 
    from
        attendance a1_0 
    where
        a1_0.student_status=? 
        and a1_0.check_in_time between ? and ? 
        and (
            ? is null 
            or a1_0.course_id=?
        ) 
        and (
            ? is null 
            or ?='' 
            or exists(select
                s1_0.student_id from student s1_0 
            where
                s1_0.student_id=a1_0.student_id 
                and s1_0.class_name=?)
        )
2026-06-02 16:00:05.303 [http-nio-8080-exec-5] DEBUG org.hibernate.SQL - 
    select
        count_big(a1_0.id) 
    from
        attendance a1_0 
    where
        a1_0.student_status=? 
        and a1_0.check_in_time between ? and ? 
        and (
            ? is null 
            or a1_0.course_id=?
        ) 
        and (
            ? is null 
            or ?='' 
            or exists(select
                s1_0.student_id from student s1_0 
            where
                s1_0.student_id=a1_0.student_id 
                and s1_0.class_name=?)
        )
2026-06-02 16:00:05.305 [http-nio-8080-exec-5] DEBUG org.hibernate.SQL - 
    select
        count_big(a1_0.id) 
    from
        attendance a1_0 
    where
        a1_0.student_status=? 
        and a1_0.check_in_time between ? and ? 
        and (
            ? is null 
            or a1_0.course_id=?
        ) 
        and (
            ? is null 
            or ?='' 
            or exists(select
                s1_0.student_id from student s1_0 
            where
                s1_0.student_id=a1_0.student_id 
                and s1_0.class_name=?)
        )
2026-06-02 16:00:05.306 [http-nio-8080-exec-5] DEBUG org.hibernate.SQL - 
    select
        count_big(a1_0.id) 
    from
        attendance a1_0 
    where
        a1_0.student_status=? 
        and a1_0.check_in_time between ? and ? 
        and (
            ? is null 
            or a1_0.course_id=?
        ) 
        and (
            ? is null 
            or ?='' 
            or exists(select
                s1_0.student_id from student s1_0 
            where
                s1_0.student_id=a1_0.student_id 
                and s1_0.class_name=?)
        )
2026-06-02 16:00:05.308 [http-nio-8080-exec-5] DEBUG org.hibernate.SQL - 
    select
        count_big(a1_0.id) 
    from
        attendance a1_0 
    where
        a1_0.student_status=? 
        and a1_0.check_in_time between ? and ? 
        and (
            ? is null 
            or a1_0.course_id=?
        ) 
        and (
            ? is null 
            or ?='' 
            or exists(select
                s1_0.student_id from student s1_0 
            where
                s1_0.student_id=a1_0.student_id 
                and s1_0.class_name=?)
        )
2026-06-02 16:00:05.309 [http-nio-8080-exec-5] DEBUG org.hibernate.SQL - 
    select
        count_big(a1_0.id) 
    from
        attendance a1_0 
    where
        a1_0.student_status=? 
        and a1_0.check_in_time between ? and ? 
        and (
            ? is null 
            or a1_0.course_id=?
        ) 
        and (
            ? is null 
            or ?='' 
            or exists(select
                s1_0.student_id from student s1_0 
            where
                s1_0.student_id=a1_0.student_id 
                and s1_0.class_name=?)
        )
2026-06-02 16:00:05.310 [http-nio-8080-exec-5] DEBUG org.hibernate.SQL - 
    select
        count_big(a1_0.id) 
    from
        attendance a1_0 
    where
        a1_0.student_status=? 
        and a1_0.check_in_time between ? and ? 
        and (
            ? is null 
            or a1_0.course_id=?
        ) 
        and (
            ? is null 
            or ?='' 
            or exists(select
                s1_0.student_id from student s1_0 
            where
                s1_0.student_id=a1_0.student_id 
                and s1_0.class_name=?)
        )
2026-06-02 16:00:05.311 [http-nio-8080-exec-5] DEBUG org.hibernate.SQL - 
    select
        count_big(a1_0.id) 
    from
        attendance a1_0 
    where
        a1_0.student_status=? 
        and a1_0.check_in_time between ? and ? 
        and (
            ? is null 
            or a1_0.course_id=?
        ) 
        and (
            ? is null 
            or ?='' 
            or exists(select
                s1_0.student_id from student s1_0 
            where
                s1_0.student_id=a1_0.student_id 
                and s1_0.class_name=?)
        )
2026-06-02 16:00:05.312 [http-nio-8080-exec-5] DEBUG org.hibernate.SQL - 
    select
        count_big(a1_0.id) 
    from
        attendance a1_0 
    where
        a1_0.student_status=? 
        and a1_0.check_in_time between ? and ? 
        and (
            ? is null 
            or a1_0.course_id=?
        ) 
        and (
            ? is null 
            or ?='' 
            or exists(select
                s1_0.student_id from student s1_0 
            where
                s1_0.student_id=a1_0.student_id 
                and s1_0.class_name=?)
        )
2026-06-02 16:00:05.314 [http-nio-8080-exec-5] DEBUG org.hibernate.SQL - 
    select
        count_big(a1_0.id) 
    from
        attendance a1_0 
    where
        a1_0.student_status=? 
        and a1_0.check_in_time between ? and ? 
        and (
            ? is null 
            or a1_0.course_id=?
        ) 
        and (
            ? is null 
            or ?='' 
            or exists(select
                s1_0.student_id from student s1_0 
            where
                s1_0.student_id=a1_0.student_id 
                and s1_0.class_name=?)
        )
2026-06-02 16:00:05.315 [http-nio-8080-exec-5] DEBUG org.hibernate.SQL - 
    select
        count_big(a1_0.id) 
    from
        attendance a1_0 
    where
        a1_0.student_status=? 
        and a1_0.check_in_time between ? and ? 
        and (
            ? is null 
            or a1_0.course_id=?
        ) 
        and (
            ? is null 
            or ?='' 
            or exists(select
                s1_0.student_id from student s1_0 
            where
                s1_0.student_id=a1_0.student_id 
                and s1_0.class_name=?)
        )
2026-06-02 16:00:05.316 [http-nio-8080-exec-5] DEBUG org.hibernate.SQL - 
    select
        count_big(a1_0.id) 
    from
        attendance a1_0 
    where
        a1_0.student_status=? 
        and a1_0.check_in_time between ? and ? 
        and (
            ? is null 
            or a1_0.course_id=?
        ) 
        and (
            ? is null 
            or ?='' 
            or exists(select
                s1_0.student_id from student s1_0 
            where
                s1_0.student_id=a1_0.student_id 
                and s1_0.class_name=?)
        )
2026-06-02 16:00:05.317 [http-nio-8080-exec-5] DEBUG org.hibernate.SQL - 
    select
        count_big(a1_0.id) 
    from
        attendance a1_0 
    where
        a1_0.student_status=? 
        and a1_0.check_in_time between ? and ? 
        and (
            ? is null 
            or a1_0.course_id=?
        ) 
        and (
            ? is null 
            or ?='' 
            or exists(select
                s1_0.student_id from student s1_0 
            where
                s1_0.student_id=a1_0.student_id 
                and s1_0.class_name=?)
        )
2026-06-02 16:00:05.318 [http-nio-8080-exec-5] DEBUG org.hibernate.SQL - 
    select
        count_big(a1_0.id) 
    from
        attendance a1_0 
    where
        a1_0.student_status=? 
        and a1_0.check_in_time between ? and ? 
        and (
            ? is null 
            or a1_0.course_id=?
        ) 
        and (
            ? is null 
            or ?='' 
            or exists(select
                s1_0.student_id from student s1_0 
            where
                s1_0.student_id=a1_0.student_id 
                and s1_0.class_name=?)
        )
2026-06-02 16:00:05.319 [http-nio-8080-exec-5] DEBUG org.hibernate.SQL - 
    select
        count_big(a1_0.id) 
    from
        attendance a1_0 
    where
        a1_0.student_status=? 
        and a1_0.check_in_time between ? and ? 
        and (
            ? is null 
            or a1_0.course_id=?
        ) 
        and (
            ? is null 
            or ?='' 
            or exists(select
                s1_0.student_id from student s1_0 
            where
                s1_0.student_id=a1_0.student_id 
                and s1_0.class_name=?)
        )
2026-06-02 16:00:05.320 [http-nio-8080-exec-5] DEBUG org.hibernate.SQL - 
    select
        count_big(a1_0.id) 
    from
        attendance a1_0 
    where
        a1_0.student_status=? 
        and a1_0.check_in_time between ? and ? 
        and (
            ? is null 
            or a1_0.course_id=?
        ) 
        and (
            ? is null 
            or ?='' 
            or exists(select
                s1_0.student_id from student s1_0 
            where
                s1_0.student_id=a1_0.student_id 
                and s1_0.class_name=?)
        )
2026-06-02 16:00:05.321 [http-nio-8080-exec-5] DEBUG org.hibernate.SQL - 
    select
        count_big(a1_0.id) 
    from
        attendance a1_0 
    where
        a1_0.student_status=? 
        and a1_0.check_in_time between ? and ? 
        and (
            ? is null 
            or a1_0.course_id=?
        ) 
        and (
            ? is null 
            or ?='' 
            or exists(select
                s1_0.student_id from student s1_0 
            where
                s1_0.student_id=a1_0.student_id 
                and s1_0.class_name=?)
        )
2026-06-02 16:00:05.322 [http-nio-8080-exec-5] DEBUG org.hibernate.SQL - 
    select
        count_big(a1_0.id) 
    from
        attendance a1_0 
    where
        a1_0.student_status=? 
        and a1_0.check_in_time between ? and ? 
        and (
            ? is null 
            or a1_0.course_id=?
        ) 
        and (
            ? is null 
            or ?='' 
            or exists(select
                s1_0.student_id from student s1_0 
            where
                s1_0.student_id=a1_0.student_id 
                and s1_0.class_name=?)
        )
2026-06-02 16:00:05.323 [http-nio-8080-exec-5] DEBUG org.hibernate.SQL - 
    select
        count_big(a1_0.id) 
    from
        attendance a1_0 
    where
        a1_0.student_status=? 
        and a1_0.check_in_time between ? and ? 
        and (
            ? is null 
            or a1_0.course_id=?
        ) 
        and (
            ? is null 
            or ?='' 
            or exists(select
                s1_0.student_id from student s1_0 
            where
                s1_0.student_id=a1_0.student_id 
                and s1_0.class_name=?)
        )
2026-06-02 16:00:05.324 [http-nio-8080-exec-5] DEBUG org.hibernate.SQL - 
    select
        count_big(a1_0.id) 
    from
        attendance a1_0 
    where
        a1_0.student_status=? 
        and a1_0.check_in_time between ? and ? 
        and (
            ? is null 
            or a1_0.course_id=?
        ) 
        and (
            ? is null 
            or ?='' 
            or exists(select
                s1_0.student_id from student s1_0 
            where
                s1_0.student_id=a1_0.student_id 
                and s1_0.class_name=?)
        )
2026-06-02 16:00:05.326 [http-nio-8080-exec-5] DEBUG org.hibernate.SQL - 
    select
        count_big(a1_0.id) 
    from
        attendance a1_0 
    where
        a1_0.student_status=? 
        and a1_0.check_in_time between ? and ? 
        and (
            ? is null 
            or a1_0.course_id=?
        ) 
        and (
            ? is null 
            or ?='' 
            or exists(select
                s1_0.student_id from student s1_0 
            where
                s1_0.student_id=a1_0.student_id 
                and s1_0.class_name=?)
        )
2026-06-02 16:00:05.328 [http-nio-8080-exec-5] DEBUG org.hibernate.SQL - 
    select
        count_big(a1_0.id) 
    from
        attendance a1_0 
    where
        a1_0.student_status=? 
        and a1_0.check_in_time between ? and ? 
        and (
            ? is null 
            or a1_0.course_id=?
        ) 
        and (
            ? is null 
            or ?='' 
            or exists(select
                s1_0.student_id from student s1_0 
            where
                s1_0.student_id=a1_0.student_id 
                and s1_0.class_name=?)
        )
2026-06-02 16:00:05.329 [http-nio-8080-exec-5] DEBUG org.hibernate.SQL - 
    select
        count_big(a1_0.id) 
    from
        attendance a1_0 
    where
        a1_0.student_status=? 
        and a1_0.check_in_time between ? and ? 
        and (
            ? is null 
            or a1_0.course_id=?
        ) 
        and (
            ? is null 
            or ?='' 
            or exists(select
                s1_0.student_id from student s1_0 
            where
                s1_0.student_id=a1_0.student_id 
                and s1_0.class_name=?)
        )
2026-06-02 16:00:05.330 [http-nio-8080-exec-5] DEBUG org.hibernate.SQL - 
    select
        count_big(a1_0.id) 
    from
        attendance a1_0 
    where
        a1_0.student_status=? 
        and a1_0.check_in_time between ? and ? 
        and (
            ? is null 
            or a1_0.course_id=?
        ) 
        and (
            ? is null 
            or ?='' 
            or exists(select
                s1_0.student_id from student s1_0 
            where
                s1_0.student_id=a1_0.student_id 
                and s1_0.class_name=?)
        )
2026-06-02 16:00:05.331 [http-nio-8080-exec-5] DEBUG org.hibernate.SQL - 
    select
        count_big(a1_0.id) 
    from
        attendance a1_0 
    where
        a1_0.student_status=? 
        and a1_0.check_in_time between ? and ? 
        and (
            ? is null 
            or a1_0.course_id=?
        ) 
        and (
            ? is null 
            or ?='' 
            or exists(select
                s1_0.student_id from student s1_0 
            where
                s1_0.student_id=a1_0.student_id 
                and s1_0.class_name=?)
        )
2026-06-02 16:00:05.333 [http-nio-8080-exec-5] DEBUG org.hibernate.SQL - 
    select
        count_big(a1_0.id) 
    from
        attendance a1_0 
    where
        a1_0.student_status=? 
        and a1_0.check_in_time between ? and ? 
        and (
            ? is null 
            or a1_0.course_id=?
        ) 
        and (
            ? is null 
            or ?='' 
            or exists(select
                s1_0.student_id from student s1_0 
            where
                s1_0.student_id=a1_0.student_id 
                and s1_0.class_name=?)
        )
2026-06-02 16:00:05.334 [http-nio-8080-exec-5] DEBUG org.hibernate.SQL - 
    select
        count_big(a1_0.id) 
    from
        attendance a1_0 
    where
        a1_0.student_status=? 
        and a1_0.check_in_time between ? and ? 
        and (
            ? is null 
            or a1_0.course_id=?
        ) 
        and (
            ? is null 
            or ?='' 
            or exists(select
                s1_0.student_id from student s1_0 
            where
                s1_0.student_id=a1_0.student_id 
                and s1_0.class_name=?)
        )
2026-06-02 16:00:05.334 [http-nio-8080-exec-5] DEBUG org.hibernate.SQL - 
    select
        count_big(a1_0.id) 
    from
        attendance a1_0 
    where
        a1_0.student_status=? 
        and a1_0.check_in_time between ? and ? 
        and (
            ? is null 
            or a1_0.course_id=?
        ) 
        and (
            ? is null 
            or ?='' 
            or exists(select
                s1_0.student_id from student s1_0 
            where
                s1_0.student_id=a1_0.student_id 
                and s1_0.class_name=?)
        )
2026-06-02 16:00:05.336 [http-nio-8080-exec-5] DEBUG org.hibernate.SQL - 
    select
        count_big(a1_0.id) 
    from
        attendance a1_0 
    where
        a1_0.student_status=? 
        and a1_0.check_in_time between ? and ? 
        and (
            ? is null 
            or a1_0.course_id=?
        ) 
        and (
            ? is null 
            or ?='' 
            or exists(select
                s1_0.student_id from student s1_0 
            where
                s1_0.student_id=a1_0.student_id 
                and s1_0.class_name=?)
        )
2026-06-02 16:00:05.337 [http-nio-8080-exec-5] DEBUG org.hibernate.SQL - 
    select
        distinct s1_0.class_name 
    from
        student s1_0 
    where
        s1_0.class_name is not null 
    order by
        s1_0.class_name
2026-06-02 16:00:05.338 [http-nio-8080-exec-5] DEBUG org.hibernate.SQL - 
    select
        count_big(a1_0.id) 
    from
        attendance a1_0 
    where
        a1_0.check_in_time between ? and ? 
        and (
            ? is null 
            or a1_0.course_id=?
        ) 
        and (
            ? is null 
            or ?='' 
            or exists(select
                s1_0.student_id from student s1_0 
            where
                s1_0.student_id=a1_0.student_id 
                and s1_0.class_name=?)
        )
2026-06-02 16:00:05.340 [http-nio-8080-exec-5] DEBUG org.hibernate.SQL - 
    select
        count_big(a1_0.id) 
    from
        attendance a1_0 
    where
        a1_0.student_status=? 
        and a1_0.check_in_time between ? and ? 
        and (
            ? is null 
            or a1_0.course_id=?
        ) 
        and (
            ? is null 
            or ?='' 
            or exists(select
                s1_0.student_id from student s1_0 
            where
                s1_0.student_id=a1_0.student_id 
                and s1_0.class_name=?)
        )
2026-06-02 16:00:05.341 [http-nio-8080-exec-5] DEBUG org.hibernate.SQL - 
    select
        count_big(a1_0.id) 
    from
        attendance a1_0 
    where
        a1_0.check_in_time between ? and ? 
        and (
            ? is null 
            or a1_0.course_id=?
        ) 
        and (
            ? is null 
            or ?='' 
            or exists(select
                s1_0.student_id from student s1_0 
            where
                s1_0.student_id=a1_0.student_id 
                and s1_0.class_name=?)
        )
2026-06-02 16:00:05.342 [http-nio-8080-exec-5] DEBUG org.hibernate.SQL - 
    select
        count_big(a1_0.id) 
    from
        attendance a1_0 
    where
        a1_0.student_status=? 
        and a1_0.check_in_time between ? and ? 
        and (
            ? is null 
            or a1_0.course_id=?
        ) 
        and (
            ? is null 
            or ?='' 
            or exists(select
                s1_0.student_id from student s1_0 
            where
                s1_0.student_id=a1_0.student_id 
                and s1_0.class_name=?)
        )
2026-06-02 16:00:05.344 [http-nio-8080-exec-5] DEBUG org.hibernate.SQL - 
    select
        count_big(a1_0.id) 
    from
        attendance a1_0 
    where
        a1_0.check_in_time between ? and ? 
        and (
            ? is null 
            or a1_0.course_id=?
        ) 
        and (
            ? is null 
            or ?='' 
            or exists(select
                s1_0.student_id from student s1_0 
            where
                s1_0.student_id=a1_0.student_id 
                and s1_0.class_name=?)
        )
2026-06-02 16:00:05.345 [http-nio-8080-exec-5] DEBUG org.hibernate.SQL - 
    select
        count_big(a1_0.id) 
    from
        attendance a1_0 
    where
        a1_0.student_status=? 
        and a1_0.check_in_time between ? and ? 
        and (
            ? is null 
            or a1_0.course_id=?
        ) 
        and (
            ? is null 
            or ?='' 
            or exists(select
                s1_0.student_id from student s1_0 
            where
                s1_0.student_id=a1_0.student_id 
                and s1_0.class_name=?)
        )
2026-06-02 16:00:05.347 [http-nio-8080-exec-5] DEBUG org.hibernate.SQL - 
    select
        count_big(a1_0.id) 
    from
        attendance a1_0 
    where
        a1_0.check_in_time between ? and ? 
        and (
            ? is null 
            or a1_0.course_id=?
        ) 
        and (
            ? is null 
            or ?='' 
            or exists(select
                s1_0.student_id from student s1_0 
            where
                s1_0.student_id=a1_0.student_id 
                and s1_0.class_name=?)
        )
2026-06-02 16:00:05.348 [http-nio-8080-exec-5] DEBUG org.hibernate.SQL - 
    select
        count_big(a1_0.id) 
    from
        attendance a1_0 
    where
        a1_0.student_status=? 
        and a1_0.check_in_time between ? and ? 
        and (
            ? is null 
            or a1_0.course_id=?
        ) 
        and (
            ? is null 
            or ?='' 
            or exists(select
                s1_0.student_id from student s1_0 
            where
                s1_0.student_id=a1_0.student_id 
                and s1_0.class_name=?)
        )
2026-06-02 16:00:05.349 [http-nio-8080-exec-5] DEBUG org.hibernate.SQL - 
    select
        count_big(a1_0.id) 
    from
        attendance a1_0 
    where
        a1_0.check_in_time between ? and ? 
        and (
            ? is null 
            or a1_0.course_id=?
        ) 
        and (
            ? is null 
            or ?='' 
            or exists(select
                s1_0.student_id from student s1_0 
            where
                s1_0.student_id=a1_0.student_id 
                and s1_0.class_name=?)
        )
2026-06-02 16:00:05.351 [http-nio-8080-exec-5] DEBUG org.hibernate.SQL - 
    select
        count_big(a1_0.id) 
    from
        attendance a1_0 
    where
        a1_0.student_status=? 
        and a1_0.check_in_time between ? and ? 
        and (
            ? is null 
            or a1_0.course_id=?
        ) 
        and (
            ? is null 
            or ?='' 
            or exists(select
                s1_0.student_id from student s1_0 
            where
                s1_0.student_id=a1_0.student_id 
                and s1_0.class_name=?)
        )
2026-06-02 16:00:05.352 [http-nio-8080-exec-5] DEBUG org.hibernate.SQL - 
    select
        a1_0.course_id,
        c1_0.course_name,
        count_big(a1_0.id) 
    from
        attendance a1_0 
    left join
        course c1_0 
            on a1_0.course_id=c1_0.course_id 
    where
        a1_0.check_in_time between ? and ? 
        and (
            ? is null 
            or ?='' 
            or exists(select
                s1_0.student_id from student s1_0 
            where
                s1_0.student_id=a1_0.student_id 
                and s1_0.class_name=?)
        ) 
    group by
        a1_0.course_id,
        c1_0.course_name 
    order by
        count_big(a1_0.id) desc
2026-06-02 16:00:07.079 [http-nio-8080-exec-7] DEBUG org.hibernate.SQL - 
    select
        u1_0.id,
        u1_0.class_name,
        u1_0.create_time,
        u1_0.gender,
        u1_0.real_name,
        u1_0.username,
        u1_0.userpassword,
        u1_0.userrole 
    from
        my_user u1_0 
    where
        u1_0.username=?
2026-06-02 16:00:07.085 [http-nio-8080-exec-7] DEBUG org.hibernate.SQL - 
    select
        c1_0.id,
        c1_0.class_name,
        c1_0.course_id,
        c1_0.course_name,
        c1_0.create_time,
        c1_0.location,
        c1_0.teacher_id,
        c1_0.teacher_name,
        c1_0.time_slot,
        c1_0.week_day 
    from
        course c1_0
2026-06-02 16:00:07.090 [http-nio-8080-exec-7] DEBUG org.hibernate.SQL - 
    select
        count_big(*) 
    from
        student s1_0
2026-06-02 16:00:07.093 [http-nio-8080-exec-7] DEBUG org.hibernate.SQL - 
    select
        count_big(u1_0.id) 
    from
        my_user u1_0 
    where
        upper(u1_0.userrole)=upper(?)
2026-06-02 16:00:07.094 [http-nio-8080-exec-7] DEBUG org.hibernate.SQL - 
    select
        count_big(*) 
    from
        course c1_0
2026-06-02 16:00:07.096 [http-nio-8080-exec-7] DEBUG org.hibernate.SQL - 
    select
        a1_0.id,
        a1_0.check_in_time,
        a1_0.course_id,
        a1_0.create_time,
        a1_0.ip_address,
        a1_0.reason,
        a1_0.sign_in_id,
        a1_0.student_id,
        a1_0.student_name,
        a1_0.student_status,
        a1_0.update_time 
    from
        attendance a1_0 
    where
        a1_0.course_id=?
2026-06-02 16:00:07.098 [http-nio-8080-exec-7] DEBUG org.hibernate.SQL - 
    select
        a1_0.id,
        a1_0.check_in_time,
        a1_0.course_id,
        a1_0.create_time,
        a1_0.ip_address,
        a1_0.reason,
        a1_0.sign_in_id,
        a1_0.student_id,
        a1_0.student_name,
        a1_0.student_status,
        a1_0.update_time 
    from
        attendance a1_0 
    where
        a1_0.course_id=?
2026-06-02 16:00:07.099 [http-nio-8080-exec-7] DEBUG org.hibernate.SQL - 
    select
        a1_0.id,
        a1_0.check_in_time,
        a1_0.course_id,
        a1_0.create_time,
        a1_0.ip_address,
        a1_0.reason,
        a1_0.sign_in_id,
        a1_0.student_id,
        a1_0.student_name,
        a1_0.student_status,
        a1_0.update_time 
    from
        attendance a1_0 
    where
        a1_0.course_id=?
2026-06-02 16:00:08.941 [http-nio-8080-exec-9] DEBUG org.hibernate.SQL - 
    select
        c1_0.id,
        c1_0.class_name,
        c1_0.course_id,
        c1_0.course_name,
        c1_0.create_time,
        c1_0.location,
        c1_0.teacher_id,
        c1_0.teacher_name,
        c1_0.time_slot,
        c1_0.week_day 
    from
        course c1_0
2026-06-02 16:00:08.948 [http-nio-8080-exec-4] DEBUG org.hibernate.SQL - 
    select
        distinct s1_0.class_name 
    from
        student s1_0 
    where
        s1_0.class_name is not null 
    order by
        s1_0.class_name
2026-06-02 16:00:08.953 [http-nio-8080-exec-1] DEBUG org.hibernate.SQL - 
    select
        u1_0.id,
        u1_0.class_name,
        u1_0.create_time,
        u1_0.gender,
        u1_0.real_name,
        u1_0.username,
        u1_0.userpassword,
        u1_0.userrole 
    from
        my_user u1_0 
    where
        u1_0.username=?
2026-06-02 16:00:08.956 [http-nio-8080-exec-1] DEBUG org.hibernate.SQL - 
    select
        count_big(*) 
    from
        student s1_0
2026-06-02 16:00:08.959 [http-nio-8080-exec-1] DEBUG org.hibernate.SQL - 
    select
        count_big(a1_0.id) 
    from
        attendance a1_0 
    where
        a1_0.check_in_time between ? and ? 
        and (
            ? is null 
            or a1_0.course_id=?
        ) 
        and (
            ? is null 
            or ?='' 
            or exists(select
                s1_0.student_id from student s1_0 
            where
                s1_0.student_id=a1_0.student_id 
                and s1_0.class_name=?)
        )
2026-06-02 16:00:08.960 [http-nio-8080-exec-1] DEBUG org.hibernate.SQL - 
    select
        count_big(a1_0.id) 
    from
        attendance a1_0 
    where
        a1_0.student_status=? 
        and a1_0.check_in_time between ? and ? 
        and (
            ? is null 
            or a1_0.course_id=?
        ) 
        and (
            ? is null 
            or ?='' 
            or exists(select
                s1_0.student_id from student s1_0 
            where
                s1_0.student_id=a1_0.student_id 
                and s1_0.class_name=?)
        )
2026-06-02 16:00:08.961 [http-nio-8080-exec-1] DEBUG org.hibernate.SQL - 
    select
        count_big(a1_0.id) 
    from
        attendance a1_0 
    where
        a1_0.student_status=? 
        and a1_0.check_in_time between ? and ? 
        and (
            ? is null 
            or a1_0.course_id=?
        ) 
        and (
            ? is null 
            or ?='' 
            or exists(select
                s1_0.student_id from student s1_0 
            where
                s1_0.student_id=a1_0.student_id 
                and s1_0.class_name=?)
        )
2026-06-02 16:00:08.962 [http-nio-8080-exec-1] DEBUG org.hibernate.SQL - 
    select
        count_big(a1_0.id) 
    from
        attendance a1_0 
    where
        a1_0.student_status=? 
        and a1_0.check_in_time between ? and ? 
        and (
            ? is null 
            or a1_0.course_id=?
        ) 
        and (
            ? is null 
            or ?='' 
            or exists(select
                s1_0.student_id from student s1_0 
            where
                s1_0.student_id=a1_0.student_id 
                and s1_0.class_name=?)
        )
2026-06-02 16:00:08.964 [http-nio-8080-exec-1] DEBUG org.hibernate.SQL - 
    select
        count_big(a1_0.id) 
    from
        attendance a1_0 
    where
        a1_0.student_status=? 
        and a1_0.check_in_time between ? and ? 
        and (
            ? is null 
            or a1_0.course_id=?
        ) 
        and (
            ? is null 
            or ?='' 
            or exists(select
                s1_0.student_id from student s1_0 
            where
                s1_0.student_id=a1_0.student_id 
                and s1_0.class_name=?)
        )
2026-06-02 16:00:08.967 [http-nio-8080-exec-1] DEBUG org.hibernate.SQL - 
    select
        count_big(a1_0.id) 
    from
        attendance a1_0 
    where
        a1_0.student_status=? 
        and a1_0.check_in_time between ? and ? 
        and (
            ? is null 
            or a1_0.course_id=?
        ) 
        and (
            ? is null 
            or ?='' 
            or exists(select
                s1_0.student_id from student s1_0 
            where
                s1_0.student_id=a1_0.student_id 
                and s1_0.class_name=?)
        )
2026-06-02 16:00:08.968 [http-nio-8080-exec-1] DEBUG org.hibernate.SQL - 
    select
        count_big(a1_0.id) 
    from
        attendance a1_0 
    where
        a1_0.student_status=? 
        and a1_0.check_in_time between ? and ? 
        and (
            ? is null 
            or a1_0.course_id=?
        ) 
        and (
            ? is null 
            or ?='' 
            or exists(select
                s1_0.student_id from student s1_0 
            where
                s1_0.student_id=a1_0.student_id 
                and s1_0.class_name=?)
        )
2026-06-02 16:00:08.969 [http-nio-8080-exec-1] DEBUG org.hibernate.SQL - 
    select
        count_big(a1_0.id) 
    from
        attendance a1_0 
    where
        a1_0.student_status=? 
        and a1_0.check_in_time between ? and ? 
        and (
            ? is null 
            or a1_0.course_id=?
        ) 
        and (
            ? is null 
            or ?='' 
            or exists(select
                s1_0.student_id from student s1_0 
            where
                s1_0.student_id=a1_0.student_id 
                and s1_0.class_name=?)
        )
2026-06-02 16:00:08.971 [http-nio-8080-exec-1] DEBUG org.hibernate.SQL - 
    select
        count_big(a1_0.id) 
    from
        attendance a1_0 
    where
        a1_0.student_status=? 
        and a1_0.check_in_time between ? and ? 
        and (
            ? is null 
            or a1_0.course_id=?
        ) 
        and (
            ? is null 
            or ?='' 
            or exists(select
                s1_0.student_id from student s1_0 
            where
                s1_0.student_id=a1_0.student_id 
                and s1_0.class_name=?)
        )
2026-06-02 16:00:08.972 [http-nio-8080-exec-1] DEBUG org.hibernate.SQL - 
    select
        count_big(a1_0.id) 
    from
        attendance a1_0 
    where
        a1_0.student_status=? 
        and a1_0.check_in_time between ? and ? 
        and (
            ? is null 
            or a1_0.course_id=?
        ) 
        and (
            ? is null 
            or ?='' 
            or exists(select
                s1_0.student_id from student s1_0 
            where
                s1_0.student_id=a1_0.student_id 
                and s1_0.class_name=?)
        )
2026-06-02 16:00:08.974 [http-nio-8080-exec-1] DEBUG org.hibernate.SQL - 
    select
        count_big(a1_0.id) 
    from
        attendance a1_0 
    where
        a1_0.student_status=? 
        and a1_0.check_in_time between ? and ? 
        and (
            ? is null 
            or a1_0.course_id=?
        ) 
        and (
            ? is null 
            or ?='' 
            or exists(select
                s1_0.student_id from student s1_0 
            where
                s1_0.student_id=a1_0.student_id 
                and s1_0.class_name=?)
        )
2026-06-02 16:00:08.975 [http-nio-8080-exec-1] DEBUG org.hibernate.SQL - 
    select
        count_big(a1_0.id) 
    from
        attendance a1_0 
    where
        a1_0.student_status=? 
        and a1_0.check_in_time between ? and ? 
        and (
            ? is null 
            or a1_0.course_id=?
        ) 
        and (
            ? is null 
            or ?='' 
            or exists(select
                s1_0.student_id from student s1_0 
            where
                s1_0.student_id=a1_0.student_id 
                and s1_0.class_name=?)
        )
2026-06-02 16:00:08.976 [http-nio-8080-exec-1] DEBUG org.hibernate.SQL - 
    select
        count_big(a1_0.id) 
    from
        attendance a1_0 
    where
        a1_0.student_status=? 
        and a1_0.check_in_time between ? and ? 
        and (
            ? is null 
            or a1_0.course_id=?
        ) 
        and (
            ? is null 
            or ?='' 
            or exists(select
                s1_0.student_id from student s1_0 
            where
                s1_0.student_id=a1_0.student_id 
                and s1_0.class_name=?)
        )
2026-06-02 16:00:08.977 [http-nio-8080-exec-1] DEBUG org.hibernate.SQL - 
    select
        count_big(a1_0.id) 
    from
        attendance a1_0 
    where
        a1_0.student_status=? 
        and a1_0.check_in_time between ? and ? 
        and (
            ? is null 
            or a1_0.course_id=?
        ) 
        and (
            ? is null 
            or ?='' 
            or exists(select
                s1_0.student_id from student s1_0 
            where
                s1_0.student_id=a1_0.student_id 
                and s1_0.class_name=?)
        )
2026-06-02 16:00:08.978 [http-nio-8080-exec-1] DEBUG org.hibernate.SQL - 
    select
        count_big(a1_0.id) 
    from
        attendance a1_0 
    where
        a1_0.student_status=? 
        and a1_0.check_in_time between ? and ? 
        and (
            ? is null 
            or a1_0.course_id=?
        ) 
        and (
            ? is null 
            or ?='' 
            or exists(select
                s1_0.student_id from student s1_0 
            where
                s1_0.student_id=a1_0.student_id 
                and s1_0.class_name=?)
        )
2026-06-02 16:00:08.980 [http-nio-8080-exec-1] DEBUG org.hibernate.SQL - 
    select
        count_big(a1_0.id) 
    from
        attendance a1_0 
    where
        a1_0.student_status=? 
        and a1_0.check_in_time between ? and ? 
        and (
            ? is null 
            or a1_0.course_id=?
        ) 
        and (
            ? is null 
            or ?='' 
            or exists(select
                s1_0.student_id from student s1_0 
            where
                s1_0.student_id=a1_0.student_id 
                and s1_0.class_name=?)
        )
2026-06-02 16:00:08.982 [http-nio-8080-exec-1] DEBUG org.hibernate.SQL - 
    select
        count_big(a1_0.id) 
    from
        attendance a1_0 
    where
        a1_0.student_status=? 
        and a1_0.check_in_time between ? and ? 
        and (
            ? is null 
            or a1_0.course_id=?
        ) 
        and (
            ? is null 
            or ?='' 
            or exists(select
                s1_0.student_id from student s1_0 
            where
                s1_0.student_id=a1_0.student_id 
                and s1_0.class_name=?)
        )
2026-06-02 16:00:08.983 [http-nio-8080-exec-1] DEBUG org.hibernate.SQL - 
    select
        count_big(a1_0.id) 
    from
        attendance a1_0 
    where
        a1_0.student_status=? 
        and a1_0.check_in_time between ? and ? 
        and (
            ? is null 
            or a1_0.course_id=?
        ) 
        and (
            ? is null 
            or ?='' 
            or exists(select
                s1_0.student_id from student s1_0 
            where
                s1_0.student_id=a1_0.student_id 
                and s1_0.class_name=?)
        )
2026-06-02 16:00:08.984 [http-nio-8080-exec-1] DEBUG org.hibernate.SQL - 
    select
        count_big(a1_0.id) 
    from
        attendance a1_0 
    where
        a1_0.student_status=? 
        and a1_0.check_in_time between ? and ? 
        and (
            ? is null 
            or a1_0.course_id=?
        ) 
        and (
            ? is null 
            or ?='' 
            or exists(select
                s1_0.student_id from student s1_0 
            where
                s1_0.student_id=a1_0.student_id 
                and s1_0.class_name=?)
        )
2026-06-02 16:00:08.986 [http-nio-8080-exec-1] DEBUG org.hibernate.SQL - 
    select
        count_big(a1_0.id) 
    from
        attendance a1_0 
    where
        a1_0.student_status=? 
        and a1_0.check_in_time between ? and ? 
        and (
            ? is null 
            or a1_0.course_id=?
        ) 
        and (
            ? is null 
            or ?='' 
            or exists(select
                s1_0.student_id from student s1_0 
            where
                s1_0.student_id=a1_0.student_id 
                and s1_0.class_name=?)
        )
2026-06-02 16:00:08.988 [http-nio-8080-exec-1] DEBUG org.hibernate.SQL - 
    select
        count_big(a1_0.id) 
    from
        attendance a1_0 
    where
        a1_0.student_status=? 
        and a1_0.check_in_time between ? and ? 
        and (
            ? is null 
            or a1_0.course_id=?
        ) 
        and (
            ? is null 
            or ?='' 
            or exists(select
                s1_0.student_id from student s1_0 
            where
                s1_0.student_id=a1_0.student_id 
                and s1_0.class_name=?)
        )
2026-06-02 16:00:08.989 [http-nio-8080-exec-1] DEBUG org.hibernate.SQL - 
    select
        count_big(a1_0.id) 
    from
        attendance a1_0 
    where
        a1_0.student_status=? 
        and a1_0.check_in_time between ? and ? 
        and (
            ? is null 
            or a1_0.course_id=?
        ) 
        and (
            ? is null 
            or ?='' 
            or exists(select
                s1_0.student_id from student s1_0 
            where
                s1_0.student_id=a1_0.student_id 
                and s1_0.class_name=?)
        )
2026-06-02 16:00:08.991 [http-nio-8080-exec-1] DEBUG org.hibernate.SQL - 
    select
        count_big(a1_0.id) 
    from
        attendance a1_0 
    where
        a1_0.student_status=? 
        and a1_0.check_in_time between ? and ? 
        and (
            ? is null 
            or a1_0.course_id=?
        ) 
        and (
            ? is null 
            or ?='' 
            or exists(select
                s1_0.student_id from student s1_0 
            where
                s1_0.student_id=a1_0.student_id 
                and s1_0.class_name=?)
        )
2026-06-02 16:00:08.991 [http-nio-8080-exec-1] DEBUG org.hibernate.SQL - 
    select
        count_big(a1_0.id) 
    from
        attendance a1_0 
    where
        a1_0.student_status=? 
        and a1_0.check_in_time between ? and ? 
        and (
            ? is null 
            or a1_0.course_id=?
        ) 
        and (
            ? is null 
            or ?='' 
            or exists(select
                s1_0.student_id from student s1_0 
            where
                s1_0.student_id=a1_0.student_id 
                and s1_0.class_name=?)
        )
2026-06-02 16:00:08.992 [http-nio-8080-exec-1] DEBUG org.hibernate.SQL - 
    select
        count_big(a1_0.id) 
    from
        attendance a1_0 
    where
        a1_0.student_status=? 
        and a1_0.check_in_time between ? and ? 
        and (
            ? is null 
            or a1_0.course_id=?
        ) 
        and (
            ? is null 
            or ?='' 
            or exists(select
                s1_0.student_id from student s1_0 
            where
                s1_0.student_id=a1_0.student_id 
                and s1_0.class_name=?)
        )
2026-06-02 16:00:08.994 [http-nio-8080-exec-1] DEBUG org.hibernate.SQL - 
    select
        count_big(a1_0.id) 
    from
        attendance a1_0 
    where
        a1_0.student_status=? 
        and a1_0.check_in_time between ? and ? 
        and (
            ? is null 
            or a1_0.course_id=?
        ) 
        and (
            ? is null 
            or ?='' 
            or exists(select
                s1_0.student_id from student s1_0 
            where
                s1_0.student_id=a1_0.student_id 
                and s1_0.class_name=?)
        )
2026-06-02 16:00:08.996 [http-nio-8080-exec-1] DEBUG org.hibernate.SQL - 
    select
        count_big(a1_0.id) 
    from
        attendance a1_0 
    where
        a1_0.student_status=? 
        and a1_0.check_in_time between ? and ? 
        and (
            ? is null 
            or a1_0.course_id=?
        ) 
        and (
            ? is null 
            or ?='' 
            or exists(select
                s1_0.student_id from student s1_0 
            where
                s1_0.student_id=a1_0.student_id 
                and s1_0.class_name=?)
        )
2026-06-02 16:00:08.997 [http-nio-8080-exec-1] DEBUG org.hibernate.SQL - 
    select
        count_big(a1_0.id) 
    from
        attendance a1_0 
    where
        a1_0.student_status=? 
        and a1_0.check_in_time between ? and ? 
        and (
            ? is null 
            or a1_0.course_id=?
        ) 
        and (
            ? is null 
            or ?='' 
            or exists(select
                s1_0.student_id from student s1_0 
            where
                s1_0.student_id=a1_0.student_id 
                and s1_0.class_name=?)
        )
2026-06-02 16:00:08.998 [http-nio-8080-exec-1] DEBUG org.hibernate.SQL - 
    select
        count_big(a1_0.id) 
    from
        attendance a1_0 
    where
        a1_0.student_status=? 
        and a1_0.check_in_time between ? and ? 
        and (
            ? is null 
            or a1_0.course_id=?
        ) 
        and (
            ? is null 
            or ?='' 
            or exists(select
                s1_0.student_id from student s1_0 
            where
                s1_0.student_id=a1_0.student_id 
                and s1_0.class_name=?)
        )
2026-06-02 16:00:08.999 [http-nio-8080-exec-1] DEBUG org.hibernate.SQL - 
    select
        count_big(a1_0.id) 
    from
        attendance a1_0 
    where
        a1_0.student_status=? 
        and a1_0.check_in_time between ? and ? 
        and (
            ? is null 
            or a1_0.course_id=?
        ) 
        and (
            ? is null 
            or ?='' 
            or exists(select
                s1_0.student_id from student s1_0 
            where
                s1_0.student_id=a1_0.student_id 
                and s1_0.class_name=?)
        )
2026-06-02 16:00:09.000 [http-nio-8080-exec-1] DEBUG org.hibernate.SQL - 
    select
        count_big(a1_0.id) 
    from
        attendance a1_0 
    where
        a1_0.student_status=? 
        and a1_0.check_in_time between ? and ? 
        and (
            ? is null 
            or a1_0.course_id=?
        ) 
        and (
            ? is null 
            or ?='' 
            or exists(select
                s1_0.student_id from student s1_0 
            where
                s1_0.student_id=a1_0.student_id 
                and s1_0.class_name=?)
        )
2026-06-02 16:00:09.001 [http-nio-8080-exec-1] DEBUG org.hibernate.SQL - 
    select
        count_big(a1_0.id) 
    from
        attendance a1_0 
    where
        a1_0.student_status=? 
        and a1_0.check_in_time between ? and ? 
        and (
            ? is null 
            or a1_0.course_id=?
        ) 
        and (
            ? is null 
            or ?='' 
            or exists(select
                s1_0.student_id from student s1_0 
            where
                s1_0.student_id=a1_0.student_id 
                and s1_0.class_name=?)
        )
2026-06-02 16:00:09.002 [http-nio-8080-exec-1] DEBUG org.hibernate.SQL - 
    select
        count_big(a1_0.id) 
    from
        attendance a1_0 
    where
        a1_0.student_status=? 
        and a1_0.check_in_time between ? and ? 
        and (
            ? is null 
            or a1_0.course_id=?
        ) 
        and (
            ? is null 
            or ?='' 
            or exists(select
                s1_0.student_id from student s1_0 
            where
                s1_0.student_id=a1_0.student_id 
                and s1_0.class_name=?)
        )
2026-06-02 16:00:09.004 [http-nio-8080-exec-1] DEBUG org.hibernate.SQL - 
    select
        count_big(a1_0.id) 
    from
        attendance a1_0 
    where
        a1_0.student_status=? 
        and a1_0.check_in_time between ? and ? 
        and (
            ? is null 
            or a1_0.course_id=?
        ) 
        and (
            ? is null 
            or ?='' 
            or exists(select
                s1_0.student_id from student s1_0 
            where
                s1_0.student_id=a1_0.student_id 
                and s1_0.class_name=?)
        )
2026-06-02 16:00:09.006 [http-nio-8080-exec-1] DEBUG org.hibernate.SQL - 
    select
        count_big(a1_0.id) 
    from
        attendance a1_0 
    where
        a1_0.student_status=? 
        and a1_0.check_in_time between ? and ? 
        and (
            ? is null 
            or a1_0.course_id=?
        ) 
        and (
            ? is null 
            or ?='' 
            or exists(select
                s1_0.student_id from student s1_0 
            where
                s1_0.student_id=a1_0.student_id 
                and s1_0.class_name=?)
        )
2026-06-02 16:00:09.007 [http-nio-8080-exec-1] DEBUG org.hibernate.SQL - 
    select
        count_big(a1_0.id) 
    from
        attendance a1_0 
    where
        a1_0.student_status=? 
        and a1_0.check_in_time between ? and ? 
        and (
            ? is null 
            or a1_0.course_id=?
        ) 
        and (
            ? is null 
            or ?='' 
            or exists(select
                s1_0.student_id from student s1_0 
            where
                s1_0.student_id=a1_0.student_id 
                and s1_0.class_name=?)
        )
2026-06-02 16:00:09.008 [http-nio-8080-exec-1] DEBUG org.hibernate.SQL - 
    select
        count_big(a1_0.id) 
    from
        attendance a1_0 
    where
        a1_0.student_status=? 
        and a1_0.check_in_time between ? and ? 
        and (
            ? is null 
            or a1_0.course_id=?
        ) 
        and (
            ? is null 
            or ?='' 
            or exists(select
                s1_0.student_id from student s1_0 
            where
                s1_0.student_id=a1_0.student_id 
                and s1_0.class_name=?)
        )
2026-06-02 16:00:09.009 [http-nio-8080-exec-1] DEBUG org.hibernate.SQL - 
    select
        distinct s1_0.class_name 
    from
        student s1_0 
    where
        s1_0.class_name is not null 
    order by
        s1_0.class_name
2026-06-02 16:00:09.011 [http-nio-8080-exec-1] DEBUG org.hibernate.SQL - 
    select
        count_big(a1_0.id) 
    from
        attendance a1_0 
    where
        a1_0.check_in_time between ? and ? 
        and (
            ? is null 
            or a1_0.course_id=?
        ) 
        and (
            ? is null 
            or ?='' 
            or exists(select
                s1_0.student_id from student s1_0 
            where
                s1_0.student_id=a1_0.student_id 
                and s1_0.class_name=?)
        )
2026-06-02 16:00:09.012 [http-nio-8080-exec-1] DEBUG org.hibernate.SQL - 
    select
        count_big(a1_0.id) 
    from
        attendance a1_0 
    where
        a1_0.student_status=? 
        and a1_0.check_in_time between ? and ? 
        and (
            ? is null 
            or a1_0.course_id=?
        ) 
        and (
            ? is null 
            or ?='' 
            or exists(select
                s1_0.student_id from student s1_0 
            where
                s1_0.student_id=a1_0.student_id 
                and s1_0.class_name=?)
        )
2026-06-02 16:00:09.013 [http-nio-8080-exec-1] DEBUG org.hibernate.SQL - 
    select
        count_big(a1_0.id) 
    from
        attendance a1_0 
    where
        a1_0.check_in_time between ? and ? 
        and (
            ? is null 
            or a1_0.course_id=?
        ) 
        and (
            ? is null 
            or ?='' 
            or exists(select
                s1_0.student_id from student s1_0 
            where
                s1_0.student_id=a1_0.student_id 
                and s1_0.class_name=?)
        )
2026-06-02 16:00:09.014 [http-nio-8080-exec-1] DEBUG org.hibernate.SQL - 
    select
        count_big(a1_0.id) 
    from
        attendance a1_0 
    where
        a1_0.student_status=? 
        and a1_0.check_in_time between ? and ? 
        and (
            ? is null 
            or a1_0.course_id=?
        ) 
        and (
            ? is null 
            or ?='' 
            or exists(select
                s1_0.student_id from student s1_0 
            where
                s1_0.student_id=a1_0.student_id 
                and s1_0.class_name=?)
        )
2026-06-02 16:00:09.016 [http-nio-8080-exec-1] DEBUG org.hibernate.SQL - 
    select
        count_big(a1_0.id) 
    from
        attendance a1_0 
    where
        a1_0.check_in_time between ? and ? 
        and (
            ? is null 
            or a1_0.course_id=?
        ) 
        and (
            ? is null 
            or ?='' 
            or exists(select
                s1_0.student_id from student s1_0 
            where
                s1_0.student_id=a1_0.student_id 
                and s1_0.class_name=?)
        )
2026-06-02 16:00:09.017 [http-nio-8080-exec-1] DEBUG org.hibernate.SQL - 
    select
        count_big(a1_0.id) 
    from
        attendance a1_0 
    where
        a1_0.student_status=? 
        and a1_0.check_in_time between ? and ? 
        and (
            ? is null 
            or a1_0.course_id=?
        ) 
        and (
            ? is null 
            or ?='' 
            or exists(select
                s1_0.student_id from student s1_0 
            where
                s1_0.student_id=a1_0.student_id 
                and s1_0.class_name=?)
        )
2026-06-02 16:00:09.018 [http-nio-8080-exec-1] DEBUG org.hibernate.SQL - 
    select
        count_big(a1_0.id) 
    from
        attendance a1_0 
    where
        a1_0.check_in_time between ? and ? 
        and (
            ? is null 
            or a1_0.course_id=?
        ) 
        and (
            ? is null 
            or ?='' 
            or exists(select
                s1_0.student_id from student s1_0 
            where
                s1_0.student_id=a1_0.student_id 
                and s1_0.class_name=?)
        )
2026-06-02 16:00:09.021 [http-nio-8080-exec-1] DEBUG org.hibernate.SQL - 
    select
        count_big(a1_0.id) 
    from
        attendance a1_0 
    where
        a1_0.student_status=? 
        and a1_0.check_in_time between ? and ? 
        and (
            ? is null 
            or a1_0.course_id=?
        ) 
        and (
            ? is null 
            or ?='' 
            or exists(select
                s1_0.student_id from student s1_0 
            where
                s1_0.student_id=a1_0.student_id 
                and s1_0.class_name=?)
        )
2026-06-02 16:00:09.022 [http-nio-8080-exec-1] DEBUG org.hibernate.SQL - 
    select
        count_big(a1_0.id) 
    from
        attendance a1_0 
    where
        a1_0.check_in_time between ? and ? 
        and (
            ? is null 
            or a1_0.course_id=?
        ) 
        and (
            ? is null 
            or ?='' 
            or exists(select
                s1_0.student_id from student s1_0 
            where
                s1_0.student_id=a1_0.student_id 
                and s1_0.class_name=?)
        )
2026-06-02 16:00:09.024 [http-nio-8080-exec-1] DEBUG org.hibernate.SQL - 
    select
        count_big(a1_0.id) 
    from
        attendance a1_0 
    where
        a1_0.student_status=? 
        and a1_0.check_in_time between ? and ? 
        and (
            ? is null 
            or a1_0.course_id=?
        ) 
        and (
            ? is null 
            or ?='' 
            or exists(select
                s1_0.student_id from student s1_0 
            where
                s1_0.student_id=a1_0.student_id 
                and s1_0.class_name=?)
        )
2026-06-02 16:00:09.025 [http-nio-8080-exec-1] DEBUG org.hibernate.SQL - 
    select
        a1_0.course_id,
        c1_0.course_name,
        count_big(a1_0.id) 
    from
        attendance a1_0 
    left join
        course c1_0 
            on a1_0.course_id=c1_0.course_id 
    where
        a1_0.check_in_time between ? and ? 
        and (
            ? is null 
            or ?='' 
            or exists(select
                s1_0.student_id from student s1_0 
            where
                s1_0.student_id=a1_0.student_id 
                and s1_0.class_name=?)
        ) 
    group by
        a1_0.course_id,
        c1_0.course_name 
    order by
        count_big(a1_0.id) desc
2026-06-02 16:00:16.510 [http-nio-8080-exec-3] DEBUG org.hibernate.SQL - 
    select
        c1_0.id,
        c1_0.class_name,
        c1_0.course_id,
        c1_0.course_name,
        c1_0.create_time,
        c1_0.location,
        c1_0.teacher_id,
        c1_0.teacher_name,
        c1_0.time_slot,
        c1_0.week_day 
    from
        course c1_0
2026-06-02 16:00:16.518 [http-nio-8080-exec-10] DEBUG org.hibernate.SQL - 
    select
        distinct s1_0.class_name 
    from
        student s1_0 
    where
        s1_0.class_name is not null 
    order by
        s1_0.class_name
2026-06-02 16:00:16.526 [http-nio-8080-exec-5] DEBUG org.hibernate.SQL - 
    select
        u1_0.id,
        u1_0.class_name,
        u1_0.create_time,
        u1_0.gender,
        u1_0.real_name,
        u1_0.username,
        u1_0.userpassword,
        u1_0.userrole 
    from
        my_user u1_0 
    where
        u1_0.username=?
2026-06-02 16:00:16.528 [http-nio-8080-exec-5] DEBUG org.hibernate.SQL - 
    select
        count_big(*) 
    from
        student s1_0
2026-06-02 16:00:16.530 [http-nio-8080-exec-5] DEBUG org.hibernate.SQL - 
    select
        count_big(a1_0.id) 
    from
        attendance a1_0 
    where
        a1_0.check_in_time between ? and ? 
        and (
            ? is null 
            or a1_0.course_id=?
        ) 
        and (
            ? is null 
            or ?='' 
            or exists(select
                s1_0.student_id from student s1_0 
            where
                s1_0.student_id=a1_0.student_id 
                and s1_0.class_name=?)
        )
2026-06-02 16:00:16.531 [http-nio-8080-exec-5] DEBUG org.hibernate.SQL - 
    select
        count_big(a1_0.id) 
    from
        attendance a1_0 
    where
        a1_0.student_status=? 
        and a1_0.check_in_time between ? and ? 
        and (
            ? is null 
            or a1_0.course_id=?
        ) 
        and (
            ? is null 
            or ?='' 
            or exists(select
                s1_0.student_id from student s1_0 
            where
                s1_0.student_id=a1_0.student_id 
                and s1_0.class_name=?)
        )
2026-06-02 16:00:16.532 [http-nio-8080-exec-5] DEBUG org.hibernate.SQL - 
    select
        count_big(a1_0.id) 
    from
        attendance a1_0 
    where
        a1_0.student_status=? 
        and a1_0.check_in_time between ? and ? 
        and (
            ? is null 
            or a1_0.course_id=?
        ) 
        and (
            ? is null 
            or ?='' 
            or exists(select
                s1_0.student_id from student s1_0 
            where
                s1_0.student_id=a1_0.student_id 
                and s1_0.class_name=?)
        )
2026-06-02 16:00:16.533 [http-nio-8080-exec-5] DEBUG org.hibernate.SQL - 
    select
        count_big(a1_0.id) 
    from
        attendance a1_0 
    where
        a1_0.student_status=? 
        and a1_0.check_in_time between ? and ? 
        and (
            ? is null 
            or a1_0.course_id=?
        ) 
        and (
            ? is null 
            or ?='' 
            or exists(select
                s1_0.student_id from student s1_0 
            where
                s1_0.student_id=a1_0.student_id 
                and s1_0.class_name=?)
        )
2026-06-02 16:00:16.534 [http-nio-8080-exec-5] DEBUG org.hibernate.SQL - 
    select
        count_big(a1_0.id) 
    from
        attendance a1_0 
    where
        a1_0.student_status=? 
        and a1_0.check_in_time between ? and ? 
        and (
            ? is null 
            or a1_0.course_id=?
        ) 
        and (
            ? is null 
            or ?='' 
            or exists(select
                s1_0.student_id from student s1_0 
            where
                s1_0.student_id=a1_0.student_id 
                and s1_0.class_name=?)
        )
2026-06-02 16:00:16.536 [http-nio-8080-exec-5] DEBUG org.hibernate.SQL - 
    select
        count_big(a1_0.id) 
    from
        attendance a1_0 
    where
        a1_0.student_status=? 
        and a1_0.check_in_time between ? and ? 
        and (
            ? is null 
            or a1_0.course_id=?
        ) 
        and (
            ? is null 
            or ?='' 
            or exists(select
                s1_0.student_id from student s1_0 
            where
                s1_0.student_id=a1_0.student_id 
                and s1_0.class_name=?)
        )
2026-06-02 16:00:16.537 [http-nio-8080-exec-5] DEBUG org.hibernate.SQL - 
    select
        count_big(a1_0.id) 
    from
        attendance a1_0 
    where
        a1_0.student_status=? 
        and a1_0.check_in_time between ? and ? 
        and (
            ? is null 
            or a1_0.course_id=?
        ) 
        and (
            ? is null 
            or ?='' 
            or exists(select
                s1_0.student_id from student s1_0 
            where
                s1_0.student_id=a1_0.student_id 
                and s1_0.class_name=?)
        )
2026-06-02 16:00:16.538 [http-nio-8080-exec-5] DEBUG org.hibernate.SQL - 
    select
        count_big(a1_0.id) 
    from
        attendance a1_0 
    where
        a1_0.student_status=? 
        and a1_0.check_in_time between ? and ? 
        and (
            ? is null 
            or a1_0.course_id=?
        ) 
        and (
            ? is null 
            or ?='' 
            or exists(select
                s1_0.student_id from student s1_0 
            where
                s1_0.student_id=a1_0.student_id 
                and s1_0.class_name=?)
        )
2026-06-02 16:00:16.540 [http-nio-8080-exec-5] DEBUG org.hibernate.SQL - 
    select
        count_big(a1_0.id) 
    from
        attendance a1_0 
    where
        a1_0.student_status=? 
        and a1_0.check_in_time between ? and ? 
        and (
            ? is null 
            or a1_0.course_id=?
        ) 
        and (
            ? is null 
            or ?='' 
            or exists(select
                s1_0.student_id from student s1_0 
            where
                s1_0.student_id=a1_0.student_id 
                and s1_0.class_name=?)
        )
2026-06-02 16:00:16.541 [http-nio-8080-exec-5] DEBUG org.hibernate.SQL - 
    select
        count_big(a1_0.id) 
    from
        attendance a1_0 
    where
        a1_0.student_status=? 
        and a1_0.check_in_time between ? and ? 
        and (
            ? is null 
            or a1_0.course_id=?
        ) 
        and (
            ? is null 
            or ?='' 
            or exists(select
                s1_0.student_id from student s1_0 
            where
                s1_0.student_id=a1_0.student_id 
                and s1_0.class_name=?)
        )
2026-06-02 16:00:16.542 [http-nio-8080-exec-5] DEBUG org.hibernate.SQL - 
    select
        count_big(a1_0.id) 
    from
        attendance a1_0 
    where
        a1_0.student_status=? 
        and a1_0.check_in_time between ? and ? 
        and (
            ? is null 
            or a1_0.course_id=?
        ) 
        and (
            ? is null 
            or ?='' 
            or exists(select
                s1_0.student_id from student s1_0 
            where
                s1_0.student_id=a1_0.student_id 
                and s1_0.class_name=?)
        )
2026-06-02 16:00:16.544 [http-nio-8080-exec-5] DEBUG org.hibernate.SQL - 
    select
        count_big(a1_0.id) 
    from
        attendance a1_0 
    where
        a1_0.student_status=? 
        and a1_0.check_in_time between ? and ? 
        and (
            ? is null 
            or a1_0.course_id=?
        ) 
        and (
            ? is null 
            or ?='' 
            or exists(select
                s1_0.student_id from student s1_0 
            where
                s1_0.student_id=a1_0.student_id 
                and s1_0.class_name=?)
        )
2026-06-02 16:00:16.544 [http-nio-8080-exec-5] DEBUG org.hibernate.SQL - 
    select
        count_big(a1_0.id) 
    from
        attendance a1_0 
    where
        a1_0.student_status=? 
        and a1_0.check_in_time between ? and ? 
        and (
            ? is null 
            or a1_0.course_id=?
        ) 
        and (
            ? is null 
            or ?='' 
            or exists(select
                s1_0.student_id from student s1_0 
            where
                s1_0.student_id=a1_0.student_id 
                and s1_0.class_name=?)
        )
2026-06-02 16:00:16.546 [http-nio-8080-exec-5] DEBUG org.hibernate.SQL - 
    select
        count_big(a1_0.id) 
    from
        attendance a1_0 
    where
        a1_0.student_status=? 
        and a1_0.check_in_time between ? and ? 
        and (
            ? is null 
            or a1_0.course_id=?
        ) 
        and (
            ? is null 
            or ?='' 
            or exists(select
                s1_0.student_id from student s1_0 
            where
                s1_0.student_id=a1_0.student_id 
                and s1_0.class_name=?)
        )
2026-06-02 16:00:16.547 [http-nio-8080-exec-5] DEBUG org.hibernate.SQL - 
    select
        count_big(a1_0.id) 
    from
        attendance a1_0 
    where
        a1_0.student_status=? 
        and a1_0.check_in_time between ? and ? 
        and (
            ? is null 
            or a1_0.course_id=?
        ) 
        and (
            ? is null 
            or ?='' 
            or exists(select
                s1_0.student_id from student s1_0 
            where
                s1_0.student_id=a1_0.student_id 
                and s1_0.class_name=?)
        )
2026-06-02 16:00:16.548 [http-nio-8080-exec-5] DEBUG org.hibernate.SQL - 
    select
        count_big(a1_0.id) 
    from
        attendance a1_0 
    where
        a1_0.student_status=? 
        and a1_0.check_in_time between ? and ? 
        and (
            ? is null 
            or a1_0.course_id=?
        ) 
        and (
            ? is null 
            or ?='' 
            or exists(select
                s1_0.student_id from student s1_0 
            where
                s1_0.student_id=a1_0.student_id 
                and s1_0.class_name=?)
        )
2026-06-02 16:00:16.550 [http-nio-8080-exec-5] DEBUG org.hibernate.SQL - 
    select
        count_big(a1_0.id) 
    from
        attendance a1_0 
    where
        a1_0.student_status=? 
        and a1_0.check_in_time between ? and ? 
        and (
            ? is null 
            or a1_0.course_id=?
        ) 
        and (
            ? is null 
            or ?='' 
            or exists(select
                s1_0.student_id from student s1_0 
            where
                s1_0.student_id=a1_0.student_id 
                and s1_0.class_name=?)
        )
2026-06-02 16:00:16.551 [http-nio-8080-exec-5] DEBUG org.hibernate.SQL - 
    select
        count_big(a1_0.id) 
    from
        attendance a1_0 
    where
        a1_0.student_status=? 
        and a1_0.check_in_time between ? and ? 
        and (
            ? is null 
            or a1_0.course_id=?
        ) 
        and (
            ? is null 
            or ?='' 
            or exists(select
                s1_0.student_id from student s1_0 
            where
                s1_0.student_id=a1_0.student_id 
                and s1_0.class_name=?)
        )
2026-06-02 16:00:16.552 [http-nio-8080-exec-5] DEBUG org.hibernate.SQL - 
    select
        count_big(a1_0.id) 
    from
        attendance a1_0 
    where
        a1_0.student_status=? 
        and a1_0.check_in_time between ? and ? 
        and (
            ? is null 
            or a1_0.course_id=?
        ) 
        and (
            ? is null 
            or ?='' 
            or exists(select
                s1_0.student_id from student s1_0 
            where
                s1_0.student_id=a1_0.student_id 
                and s1_0.class_name=?)
        )
2026-06-02 16:00:16.554 [http-nio-8080-exec-5] DEBUG org.hibernate.SQL - 
    select
        count_big(a1_0.id) 
    from
        attendance a1_0 
    where
        a1_0.student_status=? 
        and a1_0.check_in_time between ? and ? 
        and (
            ? is null 
            or a1_0.course_id=?
        ) 
        and (
            ? is null 
            or ?='' 
            or exists(select
                s1_0.student_id from student s1_0 
            where
                s1_0.student_id=a1_0.student_id 
                and s1_0.class_name=?)
        )
2026-06-02 16:00:16.554 [http-nio-8080-exec-5] DEBUG org.hibernate.SQL - 
    select
        count_big(a1_0.id) 
    from
        attendance a1_0 
    where
        a1_0.student_status=? 
        and a1_0.check_in_time between ? and ? 
        and (
            ? is null 
            or a1_0.course_id=?
        ) 
        and (
            ? is null 
            or ?='' 
            or exists(select
                s1_0.student_id from student s1_0 
            where
                s1_0.student_id=a1_0.student_id 
                and s1_0.class_name=?)
        )
2026-06-02 16:00:16.556 [http-nio-8080-exec-5] DEBUG org.hibernate.SQL - 
    select
        count_big(a1_0.id) 
    from
        attendance a1_0 
    where
        a1_0.student_status=? 
        and a1_0.check_in_time between ? and ? 
        and (
            ? is null 
            or a1_0.course_id=?
        ) 
        and (
            ? is null 
            or ?='' 
            or exists(select
                s1_0.student_id from student s1_0 
            where
                s1_0.student_id=a1_0.student_id 
                and s1_0.class_name=?)
        )
2026-06-02 16:00:16.557 [http-nio-8080-exec-5] DEBUG org.hibernate.SQL - 
    select
        count_big(a1_0.id) 
    from
        attendance a1_0 
    where
        a1_0.student_status=? 
        and a1_0.check_in_time between ? and ? 
        and (
            ? is null 
            or a1_0.course_id=?
        ) 
        and (
            ? is null 
            or ?='' 
            or exists(select
                s1_0.student_id from student s1_0 
            where
                s1_0.student_id=a1_0.student_id 
                and s1_0.class_name=?)
        )
2026-06-02 16:00:16.558 [http-nio-8080-exec-5] DEBUG org.hibernate.SQL - 
    select
        count_big(a1_0.id) 
    from
        attendance a1_0 
    where
        a1_0.student_status=? 
        and a1_0.check_in_time between ? and ? 
        and (
            ? is null 
            or a1_0.course_id=?
        ) 
        and (
            ? is null 
            or ?='' 
            or exists(select
                s1_0.student_id from student s1_0 
            where
                s1_0.student_id=a1_0.student_id 
                and s1_0.class_name=?)
        )
2026-06-02 16:00:16.559 [http-nio-8080-exec-5] DEBUG org.hibernate.SQL - 
    select
        count_big(a1_0.id) 
    from
        attendance a1_0 
    where
        a1_0.student_status=? 
        and a1_0.check_in_time between ? and ? 
        and (
            ? is null 
            or a1_0.course_id=?
        ) 
        and (
            ? is null 
            or ?='' 
            or exists(select
                s1_0.student_id from student s1_0 
            where
                s1_0.student_id=a1_0.student_id 
                and s1_0.class_name=?)
        )
2026-06-02 16:00:16.560 [http-nio-8080-exec-5] DEBUG org.hibernate.SQL - 
    select
        count_big(a1_0.id) 
    from
        attendance a1_0 
    where
        a1_0.student_status=? 
        and a1_0.check_in_time between ? and ? 
        and (
            ? is null 
            or a1_0.course_id=?
        ) 
        and (
            ? is null 
            or ?='' 
            or exists(select
                s1_0.student_id from student s1_0 
            where
                s1_0.student_id=a1_0.student_id 
                and s1_0.class_name=?)
        )
2026-06-02 16:00:16.560 [http-nio-8080-exec-5] DEBUG org.hibernate.SQL - 
    select
        count_big(a1_0.id) 
    from
        attendance a1_0 
    where
        a1_0.student_status=? 
        and a1_0.check_in_time between ? and ? 
        and (
            ? is null 
            or a1_0.course_id=?
        ) 
        and (
            ? is null 
            or ?='' 
            or exists(select
                s1_0.student_id from student s1_0 
            where
                s1_0.student_id=a1_0.student_id 
                and s1_0.class_name=?)
        )
2026-06-02 16:00:16.562 [http-nio-8080-exec-5] DEBUG org.hibernate.SQL - 
    select
        count_big(a1_0.id) 
    from
        attendance a1_0 
    where
        a1_0.student_status=? 
        and a1_0.check_in_time between ? and ? 
        and (
            ? is null 
            or a1_0.course_id=?
        ) 
        and (
            ? is null 
            or ?='' 
            or exists(select
                s1_0.student_id from student s1_0 
            where
                s1_0.student_id=a1_0.student_id 
                and s1_0.class_name=?)
        )
2026-06-02 16:00:16.563 [http-nio-8080-exec-5] DEBUG org.hibernate.SQL - 
    select
        count_big(a1_0.id) 
    from
        attendance a1_0 
    where
        a1_0.student_status=? 
        and a1_0.check_in_time between ? and ? 
        and (
            ? is null 
            or a1_0.course_id=?
        ) 
        and (
            ? is null 
            or ?='' 
            or exists(select
                s1_0.student_id from student s1_0 
            where
                s1_0.student_id=a1_0.student_id 
                and s1_0.class_name=?)
        )
2026-06-02 16:00:16.564 [http-nio-8080-exec-5] DEBUG org.hibernate.SQL - 
    select
        count_big(a1_0.id) 
    from
        attendance a1_0 
    where
        a1_0.student_status=? 
        and a1_0.check_in_time between ? and ? 
        and (
            ? is null 
            or a1_0.course_id=?
        ) 
        and (
            ? is null 
            or ?='' 
            or exists(select
                s1_0.student_id from student s1_0 
            where
                s1_0.student_id=a1_0.student_id 
                and s1_0.class_name=?)
        )
2026-06-02 16:00:16.565 [http-nio-8080-exec-5] DEBUG org.hibernate.SQL - 
    select
        count_big(a1_0.id) 
    from
        attendance a1_0 
    where
        a1_0.student_status=? 
        and a1_0.check_in_time between ? and ? 
        and (
            ? is null 
            or a1_0.course_id=?
        ) 
        and (
            ? is null 
            or ?='' 
            or exists(select
                s1_0.student_id from student s1_0 
            where
                s1_0.student_id=a1_0.student_id 
                and s1_0.class_name=?)
        )
2026-06-02 16:00:16.565 [http-nio-8080-exec-5] DEBUG org.hibernate.SQL - 
    select
        count_big(a1_0.id) 
    from
        attendance a1_0 
    where
        a1_0.student_status=? 
        and a1_0.check_in_time between ? and ? 
        and (
            ? is null 
            or a1_0.course_id=?
        ) 
        and (
            ? is null 
            or ?='' 
            or exists(select
                s1_0.student_id from student s1_0 
            where
                s1_0.student_id=a1_0.student_id 
                and s1_0.class_name=?)
        )
2026-06-02 16:00:16.567 [http-nio-8080-exec-5] DEBUG org.hibernate.SQL - 
    select
        count_big(a1_0.id) 
    from
        attendance a1_0 
    where
        a1_0.student_status=? 
        and a1_0.check_in_time between ? and ? 
        and (
            ? is null 
            or a1_0.course_id=?
        ) 
        and (
            ? is null 
            or ?='' 
            or exists(select
                s1_0.student_id from student s1_0 
            where
                s1_0.student_id=a1_0.student_id 
                and s1_0.class_name=?)
        )
2026-06-02 16:00:16.568 [http-nio-8080-exec-5] DEBUG org.hibernate.SQL - 
    select
        count_big(a1_0.id) 
    from
        attendance a1_0 
    where
        a1_0.student_status=? 
        and a1_0.check_in_time between ? and ? 
        and (
            ? is null 
            or a1_0.course_id=?
        ) 
        and (
            ? is null 
            or ?='' 
            or exists(select
                s1_0.student_id from student s1_0 
            where
                s1_0.student_id=a1_0.student_id 
                and s1_0.class_name=?)
        )
2026-06-02 16:00:16.570 [http-nio-8080-exec-5] DEBUG org.hibernate.SQL - 
    select
        count_big(a1_0.id) 
    from
        attendance a1_0 
    where
        a1_0.student_status=? 
        and a1_0.check_in_time between ? and ? 
        and (
            ? is null 
            or a1_0.course_id=?
        ) 
        and (
            ? is null 
            or ?='' 
            or exists(select
                s1_0.student_id from student s1_0 
            where
                s1_0.student_id=a1_0.student_id 
                and s1_0.class_name=?)
        )
2026-06-02 16:00:16.571 [http-nio-8080-exec-5] DEBUG org.hibernate.SQL - 
    select
        count_big(a1_0.id) 
    from
        attendance a1_0 
    where
        a1_0.student_status=? 
        and a1_0.check_in_time between ? and ? 
        and (
            ? is null 
            or a1_0.course_id=?
        ) 
        and (
            ? is null 
            or ?='' 
            or exists(select
                s1_0.student_id from student s1_0 
            where
                s1_0.student_id=a1_0.student_id 
                and s1_0.class_name=?)
        )
2026-06-02 16:00:16.572 [http-nio-8080-exec-5] DEBUG org.hibernate.SQL - 
    select
        count_big(a1_0.id) 
    from
        attendance a1_0 
    where
        a1_0.student_status=? 
        and a1_0.check_in_time between ? and ? 
        and (
            ? is null 
            or a1_0.course_id=?
        ) 
        and (
            ? is null 
            or ?='' 
            or exists(select
                s1_0.student_id from student s1_0 
            where
                s1_0.student_id=a1_0.student_id 
                and s1_0.class_name=?)
        )
2026-06-02 16:00:16.573 [http-nio-8080-exec-5] DEBUG org.hibernate.SQL - 
    select
        distinct s1_0.class_name 
    from
        student s1_0 
    where
        s1_0.class_name is not null 
    order by
        s1_0.class_name
2026-06-02 16:00:16.574 [http-nio-8080-exec-5] DEBUG org.hibernate.SQL - 
    select
        count_big(a1_0.id) 
    from
        attendance a1_0 
    where
        a1_0.check_in_time between ? and ? 
        and (
            ? is null 
            or a1_0.course_id=?
        ) 
        and (
            ? is null 
            or ?='' 
            or exists(select
                s1_0.student_id from student s1_0 
            where
                s1_0.student_id=a1_0.student_id 
                and s1_0.class_name=?)
        )
2026-06-02 16:00:16.575 [http-nio-8080-exec-5] DEBUG org.hibernate.SQL - 
    select
        count_big(a1_0.id) 
    from
        attendance a1_0 
    where
        a1_0.student_status=? 
        and a1_0.check_in_time between ? and ? 
        and (
            ? is null 
            or a1_0.course_id=?
        ) 
        and (
            ? is null 
            or ?='' 
            or exists(select
                s1_0.student_id from student s1_0 
            where
                s1_0.student_id=a1_0.student_id 
                and s1_0.class_name=?)
        )
2026-06-02 16:00:16.576 [http-nio-8080-exec-5] DEBUG org.hibernate.SQL - 
    select
        count_big(a1_0.id) 
    from
        attendance a1_0 
    where
        a1_0.check_in_time between ? and ? 
        and (
            ? is null 
            or a1_0.course_id=?
        ) 
        and (
            ? is null 
            or ?='' 
            or exists(select
                s1_0.student_id from student s1_0 
            where
                s1_0.student_id=a1_0.student_id 
                and s1_0.class_name=?)
        )
2026-06-02 16:00:16.576 [http-nio-8080-exec-5] DEBUG org.hibernate.SQL - 
    select
        count_big(a1_0.id) 
    from
        attendance a1_0 
    where
        a1_0.student_status=? 
        and a1_0.check_in_time between ? and ? 
        and (
            ? is null 
            or a1_0.course_id=?
        ) 
        and (
            ? is null 
            or ?='' 
            or exists(select
                s1_0.student_id from student s1_0 
            where
                s1_0.student_id=a1_0.student_id 
                and s1_0.class_name=?)
        )
2026-06-02 16:00:16.577 [http-nio-8080-exec-5] DEBUG org.hibernate.SQL - 
    select
        count_big(a1_0.id) 
    from
        attendance a1_0 
    where
        a1_0.check_in_time between ? and ? 
        and (
            ? is null 
            or a1_0.course_id=?
        ) 
        and (
            ? is null 
            or ?='' 
            or exists(select
                s1_0.student_id from student s1_0 
            where
                s1_0.student_id=a1_0.student_id 
                and s1_0.class_name=?)
        )
2026-06-02 16:00:16.579 [http-nio-8080-exec-5] DEBUG org.hibernate.SQL - 
    select
        count_big(a1_0.id) 
    from
        attendance a1_0 
    where
        a1_0.student_status=? 
        and a1_0.check_in_time between ? and ? 
        and (
            ? is null 
            or a1_0.course_id=?
        ) 
        and (
            ? is null 
            or ?='' 
            or exists(select
                s1_0.student_id from student s1_0 
            where
                s1_0.student_id=a1_0.student_id 
                and s1_0.class_name=?)
        )
2026-06-02 16:00:16.580 [http-nio-8080-exec-5] DEBUG org.hibernate.SQL - 
    select
        count_big(a1_0.id) 
    from
        attendance a1_0 
    where
        a1_0.check_in_time between ? and ? 
        and (
            ? is null 
            or a1_0.course_id=?
        ) 
        and (
            ? is null 
            or ?='' 
            or exists(select
                s1_0.student_id from student s1_0 
            where
                s1_0.student_id=a1_0.student_id 
                and s1_0.class_name=?)
        )
2026-06-02 16:00:16.582 [http-nio-8080-exec-5] DEBUG org.hibernate.SQL - 
    select
        count_big(a1_0.id) 
    from
        attendance a1_0 
    where
        a1_0.student_status=? 
        and a1_0.check_in_time between ? and ? 
        and (
            ? is null 
            or a1_0.course_id=?
        ) 
        and (
            ? is null 
            or ?='' 
            or exists(select
                s1_0.student_id from student s1_0 
            where
                s1_0.student_id=a1_0.student_id 
                and s1_0.class_name=?)
        )
2026-06-02 16:00:16.583 [http-nio-8080-exec-5] DEBUG org.hibernate.SQL - 
    select
        count_big(a1_0.id) 
    from
        attendance a1_0 
    where
        a1_0.check_in_time between ? and ? 
        and (
            ? is null 
            or a1_0.course_id=?
        ) 
        and (
            ? is null 
            or ?='' 
            or exists(select
                s1_0.student_id from student s1_0 
            where
                s1_0.student_id=a1_0.student_id 
                and s1_0.class_name=?)
        )
2026-06-02 16:00:16.584 [http-nio-8080-exec-5] DEBUG org.hibernate.SQL - 
    select
        count_big(a1_0.id) 
    from
        attendance a1_0 
    where
        a1_0.student_status=? 
        and a1_0.check_in_time between ? and ? 
        and (
            ? is null 
            or a1_0.course_id=?
        ) 
        and (
            ? is null 
            or ?='' 
            or exists(select
                s1_0.student_id from student s1_0 
            where
                s1_0.student_id=a1_0.student_id 
                and s1_0.class_name=?)
        )
2026-06-02 16:00:16.586 [http-nio-8080-exec-5] DEBUG org.hibernate.SQL - 
    select
        a1_0.course_id,
        c1_0.course_name,
        count_big(a1_0.id) 
    from
        attendance a1_0 
    left join
        course c1_0 
            on a1_0.course_id=c1_0.course_id 
    where
        a1_0.check_in_time between ? and ? 
        and (
            ? is null 
            or ?='' 
            or exists(select
                s1_0.student_id from student s1_0 
            where
                s1_0.student_id=a1_0.student_id 
                and s1_0.class_name=?)
        ) 
    group by
        a1_0.course_id,
        c1_0.course_name 
    order by
        count_big(a1_0.id) desc
2026-06-02 16:00:23.287 [http-nio-8080-exec-7] DEBUG org.hibernate.SQL - 
    select
        u1_0.id,
        u1_0.class_name,
        u1_0.create_time,
        u1_0.gender,
        u1_0.real_name,
        u1_0.username,
        u1_0.userpassword,
        u1_0.userrole 
    from
        my_user u1_0 
    where
        u1_0.username=?
2026-06-02 16:00:23.292 [http-nio-8080-exec-7] DEBUG org.hibernate.SQL - 
    select
        c1_0.id,
        c1_0.class_name,
        c1_0.course_id,
        c1_0.course_name,
        c1_0.create_time,
        c1_0.location,
        c1_0.teacher_id,
        c1_0.teacher_name,
        c1_0.time_slot,
        c1_0.week_day 
    from
        course c1_0
2026-06-02 16:00:23.295 [http-nio-8080-exec-7] DEBUG org.hibernate.SQL - 
    select
        count_big(*) 
    from
        student s1_0
2026-06-02 16:00:23.298 [http-nio-8080-exec-7] DEBUG org.hibernate.SQL - 
    select
        count_big(u1_0.id) 
    from
        my_user u1_0 
    where
        upper(u1_0.userrole)=upper(?)
2026-06-02 16:00:23.301 [http-nio-8080-exec-7] DEBUG org.hibernate.SQL - 
    select
        count_big(*) 
    from
        course c1_0
2026-06-02 16:00:23.303 [http-nio-8080-exec-7] DEBUG org.hibernate.SQL - 
    select
        a1_0.id,
        a1_0.check_in_time,
        a1_0.course_id,
        a1_0.create_time,
        a1_0.ip_address,
        a1_0.reason,
        a1_0.sign_in_id,
        a1_0.student_id,
        a1_0.student_name,
        a1_0.student_status,
        a1_0.update_time 
    from
        attendance a1_0 
    where
        a1_0.course_id=?
2026-06-02 16:00:23.305 [http-nio-8080-exec-7] DEBUG org.hibernate.SQL - 
    select
        a1_0.id,
        a1_0.check_in_time,
        a1_0.course_id,
        a1_0.create_time,
        a1_0.ip_address,
        a1_0.reason,
        a1_0.sign_in_id,
        a1_0.student_id,
        a1_0.student_name,
        a1_0.student_status,
        a1_0.update_time 
    from
        attendance a1_0 
    where
        a1_0.course_id=?
2026-06-02 16:00:23.306 [http-nio-8080-exec-7] DEBUG org.hibernate.SQL - 
    select
        a1_0.id,
        a1_0.check_in_time,
        a1_0.course_id,
        a1_0.create_time,
        a1_0.ip_address,
        a1_0.reason,
        a1_0.sign_in_id,
        a1_0.student_id,
        a1_0.student_name,
        a1_0.student_status,
        a1_0.update_time 
    from
        attendance a1_0 
    where
        a1_0.course_id=?
2026-06-02 16:00:27.969 [http-nio-8080-exec-8] DEBUG org.hibernate.SQL - 
    select
        c1_0.id,
        c1_0.class_name,
        c1_0.course_id,
        c1_0.course_name,
        c1_0.create_time,
        c1_0.location,
        c1_0.teacher_id,
        c1_0.teacher_name,
        c1_0.time_slot,
        c1_0.week_day 
    from
        course c1_0
2026-06-02 16:00:29.815 [http-nio-8080-exec-4] DEBUG org.hibernate.SQL - 
    select
        u1_0.id,
        u1_0.class_name,
        u1_0.create_time,
        u1_0.gender,
        u1_0.real_name,
        u1_0.username,
        u1_0.userpassword,
        u1_0.userrole 
    from
        my_user u1_0 
    where
        u1_0.username=?
2026-06-02 16:00:29.846 [http-nio-8080-exec-4] DEBUG org.hibernate.SQL - 
    select
        c1_0.id,
        c1_0.class_name,
        c1_0.course_id,
        c1_0.course_name,
        c1_0.create_time,
        c1_0.location,
        c1_0.teacher_id,
        c1_0.teacher_name,
        c1_0.time_slot,
        c1_0.week_day 
    from
        course c1_0
2026-06-02 16:00:29.861 [http-nio-8080-exec-4] DEBUG org.hibernate.SQL - 
    select
        count_big(*) 
    from
        student s1_0
2026-06-02 16:00:29.871 [http-nio-8080-exec-4] DEBUG org.hibernate.SQL - 
    select
        count_big(u1_0.id) 
    from
        my_user u1_0 
    where
        upper(u1_0.userrole)=upper(?)
2026-06-02 16:00:29.878 [http-nio-8080-exec-4] DEBUG org.hibernate.SQL - 
    select
        count_big(*) 
    from
        course c1_0
2026-06-02 16:00:29.882 [http-nio-8080-exec-4] DEBUG org.hibernate.SQL - 
    select
        a1_0.id,
        a1_0.check_in_time,
        a1_0.course_id,
        a1_0.create_time,
        a1_0.ip_address,
        a1_0.reason,
        a1_0.sign_in_id,
        a1_0.student_id,
        a1_0.student_name,
        a1_0.student_status,
        a1_0.update_time 
    from
        attendance a1_0 
    where
        a1_0.course_id=?
2026-06-02 16:00:29.890 [http-nio-8080-exec-4] DEBUG org.hibernate.SQL - 
    select
        a1_0.id,
        a1_0.check_in_time,
        a1_0.course_id,
        a1_0.create_time,
        a1_0.ip_address,
        a1_0.reason,
        a1_0.sign_in_id,
        a1_0.student_id,
        a1_0.student_name,
        a1_0.student_status,
        a1_0.update_time 
    from
        attendance a1_0 
    where
        a1_0.course_id=?
2026-06-02 16:00:29.892 [http-nio-8080-exec-4] DEBUG org.hibernate.SQL - 
    select
        a1_0.id,
        a1_0.check_in_time,
        a1_0.course_id,
        a1_0.create_time,
        a1_0.ip_address,
        a1_0.reason,
        a1_0.sign_in_id,
        a1_0.student_id,
        a1_0.student_name,
        a1_0.student_status,
        a1_0.update_time 
    from
        attendance a1_0 
    where
        a1_0.course_id=?
2026-06-02 16:02:14.917 [http-nio-8080-exec-10] DEBUG org.hibernate.SQL - 
    select
        c1_0.id,
        c1_0.class_name,
        c1_0.course_id,
        c1_0.course_name,
        c1_0.create_time,
        c1_0.location,
        c1_0.teacher_id,
        c1_0.teacher_name,
        c1_0.time_slot,
        c1_0.week_day 
    from
        course c1_0
2026-06-02 16:02:14.938 [http-nio-8080-exec-5] DEBUG org.hibernate.SQL - 
    select
        distinct s1_0.class_name 
    from
        student s1_0 
    where
        s1_0.class_name is not null 
    order by
        s1_0.class_name
2026-06-02 16:02:14.946 [http-nio-8080-exec-6] DEBUG org.hibernate.SQL - 
    select
        u1_0.id,
        u1_0.class_name,
        u1_0.create_time,
        u1_0.gender,
        u1_0.real_name,
        u1_0.username,
        u1_0.userpassword,
        u1_0.userrole 
    from
        my_user u1_0 
    where
        u1_0.username=?
2026-06-02 16:02:14.954 [http-nio-8080-exec-6] DEBUG org.hibernate.SQL - 
    select
        count_big(*) 
    from
        student s1_0
2026-06-02 16:02:14.956 [http-nio-8080-exec-6] DEBUG org.hibernate.SQL - 
    select
        count_big(a1_0.id) 
    from
        attendance a1_0 
    where
        a1_0.check_in_time between ? and ? 
        and (
            ? is null 
            or a1_0.course_id=?
        ) 
        and (
            ? is null 
            or ?='' 
            or exists(select
                s1_0.student_id from student s1_0 
            where
                s1_0.student_id=a1_0.student_id 
                and s1_0.class_name=?)
        )
2026-06-02 16:02:14.973 [http-nio-8080-exec-6] DEBUG org.hibernate.SQL - 
    select
        count_big(a1_0.id) 
    from
        attendance a1_0 
    where
        a1_0.student_status=? 
        and a1_0.check_in_time between ? and ? 
        and (
            ? is null 
            or a1_0.course_id=?
        ) 
        and (
            ? is null 
            or ?='' 
            or exists(select
                s1_0.student_id from student s1_0 
            where
                s1_0.student_id=a1_0.student_id 
                and s1_0.class_name=?)
        )
2026-06-02 16:02:14.987 [http-nio-8080-exec-6] DEBUG org.hibernate.SQL - 
    select
        count_big(a1_0.id) 
    from
        attendance a1_0 
    where
        a1_0.student_status=? 
        and a1_0.check_in_time between ? and ? 
        and (
            ? is null 
            or a1_0.course_id=?
        ) 
        and (
            ? is null 
            or ?='' 
            or exists(select
                s1_0.student_id from student s1_0 
            where
                s1_0.student_id=a1_0.student_id 
                and s1_0.class_name=?)
        )
2026-06-02 16:02:14.989 [http-nio-8080-exec-6] DEBUG org.hibernate.SQL - 
    select
        count_big(a1_0.id) 
    from
        attendance a1_0 
    where
        a1_0.student_status=? 
        and a1_0.check_in_time between ? and ? 
        and (
            ? is null 
            or a1_0.course_id=?
        ) 
        and (
            ? is null 
            or ?='' 
            or exists(select
                s1_0.student_id from student s1_0 
            where
                s1_0.student_id=a1_0.student_id 
                and s1_0.class_name=?)
        )
2026-06-02 16:02:14.989 [http-nio-8080-exec-6] DEBUG org.hibernate.SQL - 
    select
        count_big(a1_0.id) 
    from
        attendance a1_0 
    where
        a1_0.student_status=? 
        and a1_0.check_in_time between ? and ? 
        and (
            ? is null 
            or a1_0.course_id=?
        ) 
        and (
            ? is null 
            or ?='' 
            or exists(select
                s1_0.student_id from student s1_0 
            where
                s1_0.student_id=a1_0.student_id 
                and s1_0.class_name=?)
        )
2026-06-02 16:02:14.990 [http-nio-8080-exec-6] DEBUG org.hibernate.SQL - 
    select
        count_big(a1_0.id) 
    from
        attendance a1_0 
    where
        a1_0.student_status=? 
        and a1_0.check_in_time between ? and ? 
        and (
            ? is null 
            or a1_0.course_id=?
        ) 
        and (
            ? is null 
            or ?='' 
            or exists(select
                s1_0.student_id from student s1_0 
            where
                s1_0.student_id=a1_0.student_id 
                and s1_0.class_name=?)
        )
2026-06-02 16:02:14.991 [http-nio-8080-exec-6] DEBUG org.hibernate.SQL - 
    select
        count_big(a1_0.id) 
    from
        attendance a1_0 
    where
        a1_0.student_status=? 
        and a1_0.check_in_time between ? and ? 
        and (
            ? is null 
            or a1_0.course_id=?
        ) 
        and (
            ? is null 
            or ?='' 
            or exists(select
                s1_0.student_id from student s1_0 
            where
                s1_0.student_id=a1_0.student_id 
                and s1_0.class_name=?)
        )
2026-06-02 16:02:14.993 [http-nio-8080-exec-6] DEBUG org.hibernate.SQL - 
    select
        count_big(a1_0.id) 
    from
        attendance a1_0 
    where
        a1_0.student_status=? 
        and a1_0.check_in_time between ? and ? 
        and (
            ? is null 
            or a1_0.course_id=?
        ) 
        and (
            ? is null 
            or ?='' 
            or exists(select
                s1_0.student_id from student s1_0 
            where
                s1_0.student_id=a1_0.student_id 
                and s1_0.class_name=?)
        )
2026-06-02 16:02:14.994 [http-nio-8080-exec-6] DEBUG org.hibernate.SQL - 
    select
        count_big(a1_0.id) 
    from
        attendance a1_0 
    where
        a1_0.student_status=? 
        and a1_0.check_in_time between ? and ? 
        and (
            ? is null 
            or a1_0.course_id=?
        ) 
        and (
            ? is null 
            or ?='' 
            or exists(select
                s1_0.student_id from student s1_0 
            where
                s1_0.student_id=a1_0.student_id 
                and s1_0.class_name=?)
        )
2026-06-02 16:02:14.995 [http-nio-8080-exec-6] DEBUG org.hibernate.SQL - 
    select
        count_big(a1_0.id) 
    from
        attendance a1_0 
    where
        a1_0.student_status=? 
        and a1_0.check_in_time between ? and ? 
        and (
            ? is null 
            or a1_0.course_id=?
        ) 
        and (
            ? is null 
            or ?='' 
            or exists(select
                s1_0.student_id from student s1_0 
            where
                s1_0.student_id=a1_0.student_id 
                and s1_0.class_name=?)
        )
2026-06-02 16:02:14.996 [http-nio-8080-exec-6] DEBUG org.hibernate.SQL - 
    select
        count_big(a1_0.id) 
    from
        attendance a1_0 
    where
        a1_0.student_status=? 
        and a1_0.check_in_time between ? and ? 
        and (
            ? is null 
            or a1_0.course_id=?
        ) 
        and (
            ? is null 
            or ?='' 
            or exists(select
                s1_0.student_id from student s1_0 
            where
                s1_0.student_id=a1_0.student_id 
                and s1_0.class_name=?)
        )
2026-06-02 16:02:14.997 [http-nio-8080-exec-6] DEBUG org.hibernate.SQL - 
    select
        count_big(a1_0.id) 
    from
        attendance a1_0 
    where
        a1_0.student_status=? 
        and a1_0.check_in_time between ? and ? 
        and (
            ? is null 
            or a1_0.course_id=?
        ) 
        and (
            ? is null 
            or ?='' 
            or exists(select
                s1_0.student_id from student s1_0 
            where
                s1_0.student_id=a1_0.student_id 
                and s1_0.class_name=?)
        )
2026-06-02 16:02:14.999 [http-nio-8080-exec-6] DEBUG org.hibernate.SQL - 
    select
        count_big(a1_0.id) 
    from
        attendance a1_0 
    where
        a1_0.student_status=? 
        and a1_0.check_in_time between ? and ? 
        and (
            ? is null 
            or a1_0.course_id=?
        ) 
        and (
            ? is null 
            or ?='' 
            or exists(select
                s1_0.student_id from student s1_0 
            where
                s1_0.student_id=a1_0.student_id 
                and s1_0.class_name=?)
        )
2026-06-02 16:02:15.000 [http-nio-8080-exec-6] DEBUG org.hibernate.SQL - 
    select
        count_big(a1_0.id) 
    from
        attendance a1_0 
    where
        a1_0.student_status=? 
        and a1_0.check_in_time between ? and ? 
        and (
            ? is null 
            or a1_0.course_id=?
        ) 
        and (
            ? is null 
            or ?='' 
            or exists(select
                s1_0.student_id from student s1_0 
            where
                s1_0.student_id=a1_0.student_id 
                and s1_0.class_name=?)
        )
2026-06-02 16:02:15.001 [http-nio-8080-exec-6] DEBUG org.hibernate.SQL - 
    select
        count_big(a1_0.id) 
    from
        attendance a1_0 
    where
        a1_0.student_status=? 
        and a1_0.check_in_time between ? and ? 
        and (
            ? is null 
            or a1_0.course_id=?
        ) 
        and (
            ? is null 
            or ?='' 
            or exists(select
                s1_0.student_id from student s1_0 
            where
                s1_0.student_id=a1_0.student_id 
                and s1_0.class_name=?)
        )
2026-06-02 16:02:15.002 [http-nio-8080-exec-6] DEBUG org.hibernate.SQL - 
    select
        count_big(a1_0.id) 
    from
        attendance a1_0 
    where
        a1_0.student_status=? 
        and a1_0.check_in_time between ? and ? 
        and (
            ? is null 
            or a1_0.course_id=?
        ) 
        and (
            ? is null 
            or ?='' 
            or exists(select
                s1_0.student_id from student s1_0 
            where
                s1_0.student_id=a1_0.student_id 
                and s1_0.class_name=?)
        )
2026-06-02 16:02:15.004 [http-nio-8080-exec-6] DEBUG org.hibernate.SQL - 
    select
        count_big(a1_0.id) 
    from
        attendance a1_0 
    where
        a1_0.student_status=? 
        and a1_0.check_in_time between ? and ? 
        and (
            ? is null 
            or a1_0.course_id=?
        ) 
        and (
            ? is null 
            or ?='' 
            or exists(select
                s1_0.student_id from student s1_0 
            where
                s1_0.student_id=a1_0.student_id 
                and s1_0.class_name=?)
        )
2026-06-02 16:02:15.006 [http-nio-8080-exec-6] DEBUG org.hibernate.SQL - 
    select
        count_big(a1_0.id) 
    from
        attendance a1_0 
    where
        a1_0.student_status=? 
        and a1_0.check_in_time between ? and ? 
        and (
            ? is null 
            or a1_0.course_id=?
        ) 
        and (
            ? is null 
            or ?='' 
            or exists(select
                s1_0.student_id from student s1_0 
            where
                s1_0.student_id=a1_0.student_id 
                and s1_0.class_name=?)
        )
2026-06-02 16:02:15.006 [http-nio-8080-exec-6] DEBUG org.hibernate.SQL - 
    select
        count_big(a1_0.id) 
    from
        attendance a1_0 
    where
        a1_0.student_status=? 
        and a1_0.check_in_time between ? and ? 
        and (
            ? is null 
            or a1_0.course_id=?
        ) 
        and (
            ? is null 
            or ?='' 
            or exists(select
                s1_0.student_id from student s1_0 
            where
                s1_0.student_id=a1_0.student_id 
                and s1_0.class_name=?)
        )
2026-06-02 16:02:15.007 [http-nio-8080-exec-6] DEBUG org.hibernate.SQL - 
    select
        count_big(a1_0.id) 
    from
        attendance a1_0 
    where
        a1_0.student_status=? 
        and a1_0.check_in_time between ? and ? 
        and (
            ? is null 
            or a1_0.course_id=?
        ) 
        and (
            ? is null 
            or ?='' 
            or exists(select
                s1_0.student_id from student s1_0 
            where
                s1_0.student_id=a1_0.student_id 
                and s1_0.class_name=?)
        )
2026-06-02 16:02:15.009 [http-nio-8080-exec-6] DEBUG org.hibernate.SQL - 
    select
        count_big(a1_0.id) 
    from
        attendance a1_0 
    where
        a1_0.student_status=? 
        and a1_0.check_in_time between ? and ? 
        and (
            ? is null 
            or a1_0.course_id=?
        ) 
        and (
            ? is null 
            or ?='' 
            or exists(select
                s1_0.student_id from student s1_0 
            where
                s1_0.student_id=a1_0.student_id 
                and s1_0.class_name=?)
        )
2026-06-02 16:02:15.009 [http-nio-8080-exec-6] DEBUG org.hibernate.SQL - 
    select
        count_big(a1_0.id) 
    from
        attendance a1_0 
    where
        a1_0.student_status=? 
        and a1_0.check_in_time between ? and ? 
        and (
            ? is null 
            or a1_0.course_id=?
        ) 
        and (
            ? is null 
            or ?='' 
            or exists(select
                s1_0.student_id from student s1_0 
            where
                s1_0.student_id=a1_0.student_id 
                and s1_0.class_name=?)
        )
2026-06-02 16:02:15.011 [http-nio-8080-exec-6] DEBUG org.hibernate.SQL - 
    select
        count_big(a1_0.id) 
    from
        attendance a1_0 
    where
        a1_0.student_status=? 
        and a1_0.check_in_time between ? and ? 
        and (
            ? is null 
            or a1_0.course_id=?
        ) 
        and (
            ? is null 
            or ?='' 
            or exists(select
                s1_0.student_id from student s1_0 
            where
                s1_0.student_id=a1_0.student_id 
                and s1_0.class_name=?)
        )
2026-06-02 16:02:15.012 [http-nio-8080-exec-6] DEBUG org.hibernate.SQL - 
    select
        count_big(a1_0.id) 
    from
        attendance a1_0 
    where
        a1_0.student_status=? 
        and a1_0.check_in_time between ? and ? 
        and (
            ? is null 
            or a1_0.course_id=?
        ) 
        and (
            ? is null 
            or ?='' 
            or exists(select
                s1_0.student_id from student s1_0 
            where
                s1_0.student_id=a1_0.student_id 
                and s1_0.class_name=?)
        )
2026-06-02 16:02:15.013 [http-nio-8080-exec-6] DEBUG org.hibernate.SQL - 
    select
        count_big(a1_0.id) 
    from
        attendance a1_0 
    where
        a1_0.student_status=? 
        and a1_0.check_in_time between ? and ? 
        and (
            ? is null 
            or a1_0.course_id=?
        ) 
        and (
            ? is null 
            or ?='' 
            or exists(select
                s1_0.student_id from student s1_0 
            where
                s1_0.student_id=a1_0.student_id 
                and s1_0.class_name=?)
        )
2026-06-02 16:02:15.013 [http-nio-8080-exec-6] DEBUG org.hibernate.SQL - 
    select
        count_big(a1_0.id) 
    from
        attendance a1_0 
    where
        a1_0.student_status=? 
        and a1_0.check_in_time between ? and ? 
        and (
            ? is null 
            or a1_0.course_id=?
        ) 
        and (
            ? is null 
            or ?='' 
            or exists(select
                s1_0.student_id from student s1_0 
            where
                s1_0.student_id=a1_0.student_id 
                and s1_0.class_name=?)
        )
2026-06-02 16:02:15.014 [http-nio-8080-exec-6] DEBUG org.hibernate.SQL - 
    select
        count_big(a1_0.id) 
    from
        attendance a1_0 
    where
        a1_0.student_status=? 
        and a1_0.check_in_time between ? and ? 
        and (
            ? is null 
            or a1_0.course_id=?
        ) 
        and (
            ? is null 
            or ?='' 
            or exists(select
                s1_0.student_id from student s1_0 
            where
                s1_0.student_id=a1_0.student_id 
                and s1_0.class_name=?)
        )
2026-06-02 16:02:15.015 [http-nio-8080-exec-6] DEBUG org.hibernate.SQL - 
    select
        count_big(a1_0.id) 
    from
        attendance a1_0 
    where
        a1_0.student_status=? 
        and a1_0.check_in_time between ? and ? 
        and (
            ? is null 
            or a1_0.course_id=?
        ) 
        and (
            ? is null 
            or ?='' 
            or exists(select
                s1_0.student_id from student s1_0 
            where
                s1_0.student_id=a1_0.student_id 
                and s1_0.class_name=?)
        )
2026-06-02 16:02:15.016 [http-nio-8080-exec-6] DEBUG org.hibernate.SQL - 
    select
        count_big(a1_0.id) 
    from
        attendance a1_0 
    where
        a1_0.student_status=? 
        and a1_0.check_in_time between ? and ? 
        and (
            ? is null 
            or a1_0.course_id=?
        ) 
        and (
            ? is null 
            or ?='' 
            or exists(select
                s1_0.student_id from student s1_0 
            where
                s1_0.student_id=a1_0.student_id 
                and s1_0.class_name=?)
        )
2026-06-02 16:02:15.017 [http-nio-8080-exec-6] DEBUG org.hibernate.SQL - 
    select
        count_big(a1_0.id) 
    from
        attendance a1_0 
    where
        a1_0.student_status=? 
        and a1_0.check_in_time between ? and ? 
        and (
            ? is null 
            or a1_0.course_id=?
        ) 
        and (
            ? is null 
            or ?='' 
            or exists(select
                s1_0.student_id from student s1_0 
            where
                s1_0.student_id=a1_0.student_id 
                and s1_0.class_name=?)
        )
2026-06-02 16:02:15.017 [http-nio-8080-exec-6] DEBUG org.hibernate.SQL - 
    select
        count_big(a1_0.id) 
    from
        attendance a1_0 
    where
        a1_0.student_status=? 
        and a1_0.check_in_time between ? and ? 
        and (
            ? is null 
            or a1_0.course_id=?
        ) 
        and (
            ? is null 
            or ?='' 
            or exists(select
                s1_0.student_id from student s1_0 
            where
                s1_0.student_id=a1_0.student_id 
                and s1_0.class_name=?)
        )
2026-06-02 16:02:15.018 [http-nio-8080-exec-6] DEBUG org.hibernate.SQL - 
    select
        count_big(a1_0.id) 
    from
        attendance a1_0 
    where
        a1_0.student_status=? 
        and a1_0.check_in_time between ? and ? 
        and (
            ? is null 
            or a1_0.course_id=?
        ) 
        and (
            ? is null 
            or ?='' 
            or exists(select
                s1_0.student_id from student s1_0 
            where
                s1_0.student_id=a1_0.student_id 
                and s1_0.class_name=?)
        )
2026-06-02 16:02:15.018 [http-nio-8080-exec-6] DEBUG org.hibernate.SQL - 
    select
        count_big(a1_0.id) 
    from
        attendance a1_0 
    where
        a1_0.student_status=? 
        and a1_0.check_in_time between ? and ? 
        and (
            ? is null 
            or a1_0.course_id=?
        ) 
        and (
            ? is null 
            or ?='' 
            or exists(select
                s1_0.student_id from student s1_0 
            where
                s1_0.student_id=a1_0.student_id 
                and s1_0.class_name=?)
        )
2026-06-02 16:02:15.018 [http-nio-8080-exec-6] DEBUG org.hibernate.SQL - 
    select
        count_big(a1_0.id) 
    from
        attendance a1_0 
    where
        a1_0.student_status=? 
        and a1_0.check_in_time between ? and ? 
        and (
            ? is null 
            or a1_0.course_id=?
        ) 
        and (
            ? is null 
            or ?='' 
            or exists(select
                s1_0.student_id from student s1_0 
            where
                s1_0.student_id=a1_0.student_id 
                and s1_0.class_name=?)
        )
2026-06-02 16:02:15.019 [http-nio-8080-exec-6] DEBUG org.hibernate.SQL - 
    select
        count_big(a1_0.id) 
    from
        attendance a1_0 
    where
        a1_0.student_status=? 
        and a1_0.check_in_time between ? and ? 
        and (
            ? is null 
            or a1_0.course_id=?
        ) 
        and (
            ? is null 
            or ?='' 
            or exists(select
                s1_0.student_id from student s1_0 
            where
                s1_0.student_id=a1_0.student_id 
                and s1_0.class_name=?)
        )
2026-06-02 16:02:15.021 [http-nio-8080-exec-6] DEBUG org.hibernate.SQL - 
    select
        count_big(a1_0.id) 
    from
        attendance a1_0 
    where
        a1_0.student_status=? 
        and a1_0.check_in_time between ? and ? 
        and (
            ? is null 
            or a1_0.course_id=?
        ) 
        and (
            ? is null 
            or ?='' 
            or exists(select
                s1_0.student_id from student s1_0 
            where
                s1_0.student_id=a1_0.student_id 
                and s1_0.class_name=?)
        )
2026-06-02 16:02:15.022 [http-nio-8080-exec-6] DEBUG org.hibernate.SQL - 
    select
        count_big(a1_0.id) 
    from
        attendance a1_0 
    where
        a1_0.student_status=? 
        and a1_0.check_in_time between ? and ? 
        and (
            ? is null 
            or a1_0.course_id=?
        ) 
        and (
            ? is null 
            or ?='' 
            or exists(select
                s1_0.student_id from student s1_0 
            where
                s1_0.student_id=a1_0.student_id 
                and s1_0.class_name=?)
        )
2026-06-02 16:02:15.023 [http-nio-8080-exec-6] DEBUG org.hibernate.SQL - 
    select
        distinct s1_0.class_name 
    from
        student s1_0 
    where
        s1_0.class_name is not null 
    order by
        s1_0.class_name
2026-06-02 16:02:15.024 [http-nio-8080-exec-6] DEBUG org.hibernate.SQL - 
    select
        count_big(a1_0.id) 
    from
        attendance a1_0 
    where
        a1_0.check_in_time between ? and ? 
        and (
            ? is null 
            or a1_0.course_id=?
        ) 
        and (
            ? is null 
            or ?='' 
            or exists(select
                s1_0.student_id from student s1_0 
            where
                s1_0.student_id=a1_0.student_id 
                and s1_0.class_name=?)
        )
2026-06-02 16:02:15.024 [http-nio-8080-exec-6] DEBUG org.hibernate.SQL - 
    select
        count_big(a1_0.id) 
    from
        attendance a1_0 
    where
        a1_0.student_status=? 
        and a1_0.check_in_time between ? and ? 
        and (
            ? is null 
            or a1_0.course_id=?
        ) 
        and (
            ? is null 
            or ?='' 
            or exists(select
                s1_0.student_id from student s1_0 
            where
                s1_0.student_id=a1_0.student_id 
                and s1_0.class_name=?)
        )
2026-06-02 16:02:15.026 [http-nio-8080-exec-6] DEBUG org.hibernate.SQL - 
    select
        count_big(a1_0.id) 
    from
        attendance a1_0 
    where
        a1_0.check_in_time between ? and ? 
        and (
            ? is null 
            or a1_0.course_id=?
        ) 
        and (
            ? is null 
            or ?='' 
            or exists(select
                s1_0.student_id from student s1_0 
            where
                s1_0.student_id=a1_0.student_id 
                and s1_0.class_name=?)
        )
2026-06-02 16:02:15.027 [http-nio-8080-exec-6] DEBUG org.hibernate.SQL - 
    select
        count_big(a1_0.id) 
    from
        attendance a1_0 
    where
        a1_0.student_status=? 
        and a1_0.check_in_time between ? and ? 
        and (
            ? is null 
            or a1_0.course_id=?
        ) 
        and (
            ? is null 
            or ?='' 
            or exists(select
                s1_0.student_id from student s1_0 
            where
                s1_0.student_id=a1_0.student_id 
                and s1_0.class_name=?)
        )
2026-06-02 16:02:15.028 [http-nio-8080-exec-6] DEBUG org.hibernate.SQL - 
    select
        count_big(a1_0.id) 
    from
        attendance a1_0 
    where
        a1_0.check_in_time between ? and ? 
        and (
            ? is null 
            or a1_0.course_id=?
        ) 
        and (
            ? is null 
            or ?='' 
            or exists(select
                s1_0.student_id from student s1_0 
            where
                s1_0.student_id=a1_0.student_id 
                and s1_0.class_name=?)
        )
2026-06-02 16:02:15.029 [http-nio-8080-exec-6] DEBUG org.hibernate.SQL - 
    select
        count_big(a1_0.id) 
    from
        attendance a1_0 
    where
        a1_0.student_status=? 
        and a1_0.check_in_time between ? and ? 
        and (
            ? is null 
            or a1_0.course_id=?
        ) 
        and (
            ? is null 
            or ?='' 
            or exists(select
                s1_0.student_id from student s1_0 
            where
                s1_0.student_id=a1_0.student_id 
                and s1_0.class_name=?)
        )
2026-06-02 16:02:15.030 [http-nio-8080-exec-6] DEBUG org.hibernate.SQL - 
    select
        count_big(a1_0.id) 
    from
        attendance a1_0 
    where
        a1_0.check_in_time between ? and ? 
        and (
            ? is null 
            or a1_0.course_id=?
        ) 
        and (
            ? is null 
            or ?='' 
            or exists(select
                s1_0.student_id from student s1_0 
            where
                s1_0.student_id=a1_0.student_id 
                and s1_0.class_name=?)
        )
2026-06-02 16:02:15.031 [http-nio-8080-exec-6] DEBUG org.hibernate.SQL - 
    select
        count_big(a1_0.id) 
    from
        attendance a1_0 
    where
        a1_0.student_status=? 
        and a1_0.check_in_time between ? and ? 
        and (
            ? is null 
            or a1_0.course_id=?
        ) 
        and (
            ? is null 
            or ?='' 
            or exists(select
                s1_0.student_id from student s1_0 
            where
                s1_0.student_id=a1_0.student_id 
                and s1_0.class_name=?)
        )
2026-06-02 16:02:15.031 [http-nio-8080-exec-6] DEBUG org.hibernate.SQL - 
    select
        count_big(a1_0.id) 
    from
        attendance a1_0 
    where
        a1_0.check_in_time between ? and ? 
        and (
            ? is null 
            or a1_0.course_id=?
        ) 
        and (
            ? is null 
            or ?='' 
            or exists(select
                s1_0.student_id from student s1_0 
            where
                s1_0.student_id=a1_0.student_id 
                and s1_0.class_name=?)
        )
2026-06-02 16:02:15.031 [http-nio-8080-exec-6] DEBUG org.hibernate.SQL - 
    select
        count_big(a1_0.id) 
    from
        attendance a1_0 
    where
        a1_0.student_status=? 
        and a1_0.check_in_time between ? and ? 
        and (
            ? is null 
            or a1_0.course_id=?
        ) 
        and (
            ? is null 
            or ?='' 
            or exists(select
                s1_0.student_id from student s1_0 
            where
                s1_0.student_id=a1_0.student_id 
                and s1_0.class_name=?)
        )
2026-06-02 16:02:15.033 [http-nio-8080-exec-6] DEBUG org.hibernate.SQL - 
    select
        a1_0.course_id,
        c1_0.course_name,
        count_big(a1_0.id) 
    from
        attendance a1_0 
    left join
        course c1_0 
            on a1_0.course_id=c1_0.course_id 
    where
        a1_0.check_in_time between ? and ? 
        and (
            ? is null 
            or ?='' 
            or exists(select
                s1_0.student_id from student s1_0 
            where
                s1_0.student_id=a1_0.student_id 
                and s1_0.class_name=?)
        ) 
    group by
        a1_0.course_id,
        c1_0.course_name 
    order by
        count_big(a1_0.id) desc
2026-06-02 16:02:18.473 [http-nio-8080-exec-8] DEBUG org.hibernate.SQL - 
    select
        u1_0.id,
        u1_0.class_name,
        u1_0.create_time,
        u1_0.gender,
        u1_0.real_name,
        u1_0.username,
        u1_0.userpassword,
        u1_0.userrole 
    from
        my_user u1_0 
    where
        u1_0.username=?
2026-06-02 16:02:18.476 [http-nio-8080-exec-8] DEBUG org.hibernate.SQL - 
    select
        c1_0.id,
        c1_0.class_name,
        c1_0.course_id,
        c1_0.course_name,
        c1_0.create_time,
        c1_0.location,
        c1_0.teacher_id,
        c1_0.teacher_name,
        c1_0.time_slot,
        c1_0.week_day 
    from
        course c1_0
2026-06-02 16:02:18.480 [http-nio-8080-exec-8] DEBUG org.hibernate.SQL - 
    select
        count_big(*) 
    from
        student s1_0
2026-06-02 16:02:18.485 [http-nio-8080-exec-8] DEBUG org.hibernate.SQL - 
    select
        count_big(u1_0.id) 
    from
        my_user u1_0 
    where
        upper(u1_0.userrole)=upper(?)
2026-06-02 16:02:18.492 [http-nio-8080-exec-8] DEBUG org.hibernate.SQL - 
    select
        count_big(*) 
    from
        course c1_0
2026-06-02 16:02:18.494 [http-nio-8080-exec-8] DEBUG org.hibernate.SQL - 
    select
        a1_0.id,
        a1_0.check_in_time,
        a1_0.course_id,
        a1_0.create_time,
        a1_0.ip_address,
        a1_0.reason,
        a1_0.sign_in_id,
        a1_0.student_id,
        a1_0.student_name,
        a1_0.student_status,
        a1_0.update_time 
    from
        attendance a1_0 
    where
        a1_0.course_id=?
2026-06-02 16:02:18.498 [http-nio-8080-exec-8] DEBUG org.hibernate.SQL - 
    select
        a1_0.id,
        a1_0.check_in_time,
        a1_0.course_id,
        a1_0.create_time,
        a1_0.ip_address,
        a1_0.reason,
        a1_0.sign_in_id,
        a1_0.student_id,
        a1_0.student_name,
        a1_0.student_status,
        a1_0.update_time 
    from
        attendance a1_0 
    where
        a1_0.course_id=?
2026-06-02 16:02:18.500 [http-nio-8080-exec-8] DEBUG org.hibernate.SQL - 
    select
        a1_0.id,
        a1_0.check_in_time,
        a1_0.course_id,
        a1_0.create_time,
        a1_0.ip_address,
        a1_0.reason,
        a1_0.sign_in_id,
        a1_0.student_id,
        a1_0.student_name,
        a1_0.student_status,
        a1_0.update_time 
    from
        attendance a1_0 
    where
        a1_0.course_id=?
2026-06-02 16:02:23.446 [http-nio-8080-exec-1] DEBUG c.e.a.s.impl.AttendanceServiceImpl - 分页查询考勤记录，页码: 0, 每页数量: 10
2026-06-02 16:02:23.446 [http-nio-8080-exec-4] DEBUG org.hibernate.SQL - 
    select
        u1_0.id,
        u1_0.class_name,
        u1_0.create_time,
        u1_0.gender,
        u1_0.real_name,
        u1_0.username,
        u1_0.userpassword,
        u1_0.userrole 
    from
        my_user u1_0 
    where
        u1_0.username=?
2026-06-02 16:02:23.450 [http-nio-8080-exec-4] DEBUG org.hibernate.SQL - 
    select
        c1_0.id,
        c1_0.class_name,
        c1_0.course_id,
        c1_0.course_name,
        c1_0.create_time,
        c1_0.location,
        c1_0.teacher_id,
        c1_0.teacher_name,
        c1_0.time_slot,
        c1_0.week_day 
    from
        course c1_0
2026-06-02 16:02:23.455 [http-nio-8080-exec-4] DEBUG org.hibernate.SQL - 
    select
        count_big(*) 
    from
        student s1_0
2026-06-02 16:02:23.455 [http-nio-8080-exec-1] DEBUG org.hibernate.SQL - 
    select
        a1_0.id,
        a1_0.check_in_time,
        a1_0.course_id,
        a1_0.create_time,
        a1_0.ip_address,
        a1_0.reason,
        a1_0.sign_in_id,
        a1_0.student_id,
        a1_0.student_name,
        a1_0.student_status,
        a1_0.update_time 
    from
        attendance a1_0 
    order by
        a1_0.check_in_time desc 
    offset
        ? rows 
    fetch
        first ? rows only
2026-06-02 16:02:23.459 [http-nio-8080-exec-4] DEBUG org.hibernate.SQL - 
    select
        count_big(u1_0.id) 
    from
        my_user u1_0 
    where
        upper(u1_0.userrole)=upper(?)
2026-06-02 16:02:23.463 [http-nio-8080-exec-4] DEBUG org.hibernate.SQL - 
    select
        count_big(*) 
    from
        course c1_0
2026-06-02 16:02:23.463 [http-nio-8080-exec-1] DEBUG org.hibernate.SQL - 
    select
        count_big(a1_0.id) 
    from
        attendance a1_0
2026-06-02 16:02:23.466 [http-nio-8080-exec-4] DEBUG org.hibernate.SQL - 
    select
        a1_0.id,
        a1_0.check_in_time,
        a1_0.course_id,
        a1_0.create_time,
        a1_0.ip_address,
        a1_0.reason,
        a1_0.sign_in_id,
        a1_0.student_id,
        a1_0.student_name,
        a1_0.student_status,
        a1_0.update_time 
    from
        attendance a1_0 
    where
        a1_0.course_id=?
2026-06-02 16:02:23.466 [http-nio-8080-exec-1] INFO  c.e.a.s.impl.AttendanceServiceImpl - 考勤记录分页查询完成，总数: 29
2026-06-02 16:02:23.467 [http-nio-8080-exec-4] DEBUG org.hibernate.SQL - 
    select
        a1_0.id,
        a1_0.check_in_time,
        a1_0.course_id,
        a1_0.create_time,
        a1_0.ip_address,
        a1_0.reason,
        a1_0.sign_in_id,
        a1_0.student_id,
        a1_0.student_name,
        a1_0.student_status,
        a1_0.update_time 
    from
        attendance a1_0 
    where
        a1_0.course_id=?
2026-06-02 16:02:23.471 [http-nio-8080-exec-4] DEBUG org.hibernate.SQL - 
    select
        a1_0.id,
        a1_0.check_in_time,
        a1_0.course_id,
        a1_0.create_time,
        a1_0.ip_address,
        a1_0.reason,
        a1_0.sign_in_id,
        a1_0.student_id,
        a1_0.student_name,
        a1_0.student_status,
        a1_0.update_time 
    from
        attendance a1_0 
    where
        a1_0.course_id=?
2026-06-02 16:02:25.064 [http-nio-8080-exec-2] DEBUG c.e.a.s.impl.AttendanceServiceImpl - 分页查询考勤记录，页码: 0, 每页数量: 10
2026-06-02 16:02:25.074 [http-nio-8080-exec-2] DEBUG org.hibernate.SQL - 
    select
        a1_0.id,
        a1_0.check_in_time,
        a1_0.course_id,
        a1_0.create_time,
        a1_0.ip_address,
        a1_0.reason,
        a1_0.sign_in_id,
        a1_0.student_id,
        a1_0.student_name,
        a1_0.student_status,
        a1_0.update_time 
    from
        attendance a1_0 
    order by
        a1_0.check_in_time desc 
    offset
        ? rows 
    fetch
        first ? rows only
2026-06-02 16:02:25.083 [http-nio-8080-exec-2] DEBUG org.hibernate.SQL - 
    select
        count_big(a1_0.id) 
    from
        attendance a1_0
2026-06-02 16:02:25.091 [http-nio-8080-exec-2] INFO  c.e.a.s.impl.AttendanceServiceImpl - 考勤记录分页查询完成，总数: 29
2026-06-02 16:02:27.917 [http-nio-8080-exec-3] DEBUG c.e.a.s.impl.AttendanceServiceImpl - 分页查询考勤记录，页码: 1, 每页数量: 10
2026-06-02 16:02:27.922 [http-nio-8080-exec-3] DEBUG org.hibernate.SQL - 
    select
        a1_0.id,
        a1_0.check_in_time,
        a1_0.course_id,
        a1_0.create_time,
        a1_0.ip_address,
        a1_0.reason,
        a1_0.sign_in_id,
        a1_0.student_id,
        a1_0.student_name,
        a1_0.student_status,
        a1_0.update_time 
    from
        attendance a1_0 
    order by
        a1_0.check_in_time desc 
    offset
        ? rows 
    fetch
        first ? rows only
2026-06-02 16:02:27.925 [http-nio-8080-exec-3] DEBUG org.hibernate.SQL - 
    select
        count_big(a1_0.id) 
    from
        attendance a1_0
2026-06-02 16:02:27.927 [http-nio-8080-exec-3] INFO  c.e.a.s.impl.AttendanceServiceImpl - 考勤记录分页查询完成，总数: 29
2026-06-02 16:02:29.494 [http-nio-8080-exec-10] DEBUG c.e.a.s.impl.AttendanceServiceImpl - 分页查询考勤记录，页码: 2, 每页数量: 10
2026-06-02 16:02:29.497 [http-nio-8080-exec-10] DEBUG org.hibernate.SQL - 
    select
        a1_0.id,
        a1_0.check_in_time,
        a1_0.course_id,
        a1_0.create_time,
        a1_0.ip_address,
        a1_0.reason,
        a1_0.sign_in_id,
        a1_0.student_id,
        a1_0.student_name,
        a1_0.student_status,
        a1_0.update_time 
    from
        attendance a1_0 
    order by
        a1_0.check_in_time desc 
    offset
        ? rows 
    fetch
        first ? rows only
2026-06-02 16:02:29.500 [http-nio-8080-exec-10] INFO  c.e.a.s.impl.AttendanceServiceImpl - 考勤记录分页查询完成，总数: 29
2026-06-02 16:02:31.604 [http-nio-8080-exec-6] DEBUG org.hibernate.SQL - 
    select
        u1_0.id,
        u1_0.class_name,
        u1_0.create_time,
        u1_0.gender,
        u1_0.real_name,
        u1_0.username,
        u1_0.userpassword,
        u1_0.userrole 
    from
        my_user u1_0 
    where
        u1_0.username=?
2026-06-02 16:02:31.607 [http-nio-8080-exec-6] DEBUG org.hibernate.SQL - 
    select
        c1_0.id,
        c1_0.class_name,
        c1_0.course_id,
        c1_0.course_name,
        c1_0.create_time,
        c1_0.location,
        c1_0.teacher_id,
        c1_0.teacher_name,
        c1_0.time_slot,
        c1_0.week_day 
    from
        course c1_0
2026-06-02 16:02:31.610 [http-nio-8080-exec-6] DEBUG org.hibernate.SQL - 
    select
        count_big(*) 
    from
        student s1_0
2026-06-02 16:02:31.612 [http-nio-8080-exec-6] DEBUG org.hibernate.SQL - 
    select
        count_big(u1_0.id) 
    from
        my_user u1_0 
    where
        upper(u1_0.userrole)=upper(?)
2026-06-02 16:02:31.614 [http-nio-8080-exec-6] DEBUG org.hibernate.SQL - 
    select
        count_big(*) 
    from
        course c1_0
2026-06-02 16:02:31.614 [http-nio-8080-exec-6] DEBUG org.hibernate.SQL - 
    select
        a1_0.id,
        a1_0.check_in_time,
        a1_0.course_id,
        a1_0.create_time,
        a1_0.ip_address,
        a1_0.reason,
        a1_0.sign_in_id,
        a1_0.student_id,
        a1_0.student_name,
        a1_0.student_status,
        a1_0.update_time 
    from
        attendance a1_0 
    where
        a1_0.course_id=?
2026-06-02 16:02:31.617 [http-nio-8080-exec-6] DEBUG org.hibernate.SQL - 
    select
        a1_0.id,
        a1_0.check_in_time,
        a1_0.course_id,
        a1_0.create_time,
        a1_0.ip_address,
        a1_0.reason,
        a1_0.sign_in_id,
        a1_0.student_id,
        a1_0.student_name,
        a1_0.student_status,
        a1_0.update_time 
    from
        attendance a1_0 
    where
        a1_0.course_id=?
2026-06-02 16:02:31.617 [http-nio-8080-exec-6] DEBUG org.hibernate.SQL - 
    select
        a1_0.id,
        a1_0.check_in_time,
        a1_0.course_id,
        a1_0.create_time,
        a1_0.ip_address,
        a1_0.reason,
        a1_0.sign_in_id,
        a1_0.student_id,
        a1_0.student_name,
        a1_0.student_status,
        a1_0.update_time 
    from
        attendance a1_0 
    where
        a1_0.course_id=?
2026-06-02 16:05:20.691 [http-nio-8080-exec-1] DEBUG org.hibernate.SQL - 
    select
        u1_0.id,
        u1_0.class_name,
        u1_0.create_time,
        u1_0.gender,
        u1_0.real_name,
        u1_0.username,
        u1_0.userpassword,
        u1_0.userrole 
    from
        my_user u1_0 
    where
        u1_0.username=?
2026-06-02 16:05:20.705 [http-nio-8080-exec-1] DEBUG org.hibernate.SQL - 
    select
        c1_0.id,
        c1_0.class_name,
        c1_0.course_id,
        c1_0.course_name,
        c1_0.create_time,
        c1_0.location,
        c1_0.teacher_id,
        c1_0.teacher_name,
        c1_0.time_slot,
        c1_0.week_day 
    from
        course c1_0
2026-06-02 16:05:20.710 [http-nio-8080-exec-1] DEBUG org.hibernate.SQL - 
    select
        count_big(*) 
    from
        student s1_0
2026-06-02 16:05:20.712 [http-nio-8080-exec-1] DEBUG org.hibernate.SQL - 
    select
        count_big(u1_0.id) 
    from
        my_user u1_0 
    where
        upper(u1_0.userrole)=upper(?)
2026-06-02 16:05:20.717 [http-nio-8080-exec-1] DEBUG org.hibernate.SQL - 
    select
        count_big(*) 
    from
        course c1_0
2026-06-02 16:05:20.719 [http-nio-8080-exec-1] DEBUG org.hibernate.SQL - 
    select
        a1_0.id,
        a1_0.check_in_time,
        a1_0.course_id,
        a1_0.create_time,
        a1_0.ip_address,
        a1_0.reason,
        a1_0.sign_in_id,
        a1_0.student_id,
        a1_0.student_name,
        a1_0.student_status,
        a1_0.update_time 
    from
        attendance a1_0 
    where
        a1_0.course_id=?
2026-06-02 16:05:20.723 [http-nio-8080-exec-1] DEBUG org.hibernate.SQL - 
    select
        a1_0.id,
        a1_0.check_in_time,
        a1_0.course_id,
        a1_0.create_time,
        a1_0.ip_address,
        a1_0.reason,
        a1_0.sign_in_id,
        a1_0.student_id,
        a1_0.student_name,
        a1_0.student_status,
        a1_0.update_time 
    from
        attendance a1_0 
    where
        a1_0.course_id=?
2026-06-02 16:05:20.723 [http-nio-8080-exec-1] DEBUG org.hibernate.SQL - 
    select
        a1_0.id,
        a1_0.check_in_time,
        a1_0.course_id,
        a1_0.create_time,
        a1_0.ip_address,
        a1_0.reason,
        a1_0.sign_in_id,
        a1_0.student_id,
        a1_0.student_name,
        a1_0.student_status,
        a1_0.update_time 
    from
        attendance a1_0 
    where
        a1_0.course_id=?
2026-06-02 16:05:21.176 [http-nio-8080-exec-2] DEBUG org.hibernate.SQL - 
    select
        u1_0.id,
        u1_0.class_name,
        u1_0.create_time,
        u1_0.gender,
        u1_0.real_name,
        u1_0.username,
        u1_0.userpassword,
        u1_0.userrole 
    from
        my_user u1_0 
    where
        u1_0.username=?
2026-06-02 16:05:21.187 [http-nio-8080-exec-2] DEBUG org.hibernate.SQL - 
    select
        c1_0.id,
        c1_0.class_name,
        c1_0.course_id,
        c1_0.course_name,
        c1_0.create_time,
        c1_0.location,
        c1_0.teacher_id,
        c1_0.teacher_name,
        c1_0.time_slot,
        c1_0.week_day 
    from
        course c1_0
2026-06-02 16:05:21.189 [http-nio-8080-exec-2] DEBUG org.hibernate.SQL - 
    select
        count_big(*) 
    from
        student s1_0
2026-06-02 16:05:21.191 [http-nio-8080-exec-2] DEBUG org.hibernate.SQL - 
    select
        count_big(u1_0.id) 
    from
        my_user u1_0 
    where
        upper(u1_0.userrole)=upper(?)
2026-06-02 16:05:21.193 [http-nio-8080-exec-2] DEBUG org.hibernate.SQL - 
    select
        count_big(*) 
    from
        course c1_0
2026-06-02 16:05:21.194 [http-nio-8080-exec-2] DEBUG org.hibernate.SQL - 
    select
        a1_0.id,
        a1_0.check_in_time,
        a1_0.course_id,
        a1_0.create_time,
        a1_0.ip_address,
        a1_0.reason,
        a1_0.sign_in_id,
        a1_0.student_id,
        a1_0.student_name,
        a1_0.student_status,
        a1_0.update_time 
    from
        attendance a1_0 
    where
        a1_0.course_id=?
2026-06-02 16:05:21.195 [http-nio-8080-exec-2] DEBUG org.hibernate.SQL - 
    select
        a1_0.id,
        a1_0.check_in_time,
        a1_0.course_id,
        a1_0.create_time,
        a1_0.ip_address,
        a1_0.reason,
        a1_0.sign_in_id,
        a1_0.student_id,
        a1_0.student_name,
        a1_0.student_status,
        a1_0.update_time 
    from
        attendance a1_0 
    where
        a1_0.course_id=?
2026-06-02 16:05:21.195 [http-nio-8080-exec-2] DEBUG org.hibernate.SQL - 
    select
        a1_0.id,
        a1_0.check_in_time,
        a1_0.course_id,
        a1_0.create_time,
        a1_0.ip_address,
        a1_0.reason,
        a1_0.sign_in_id,
        a1_0.student_id,
        a1_0.student_name,
        a1_0.student_status,
        a1_0.update_time 
    from
        attendance a1_0 
    where
        a1_0.course_id=?
2026-06-02 16:06:35.622 [http-nio-8080-exec-6] DEBUG org.hibernate.SQL - 
    select
        u1_0.id,
        u1_0.class_name,
        u1_0.create_time,
        u1_0.gender,
        u1_0.real_name,
        u1_0.username,
        u1_0.userpassword,
        u1_0.userrole 
    from
        my_user u1_0 
    where
        u1_0.username=?
2026-06-02 16:06:35.650 [http-nio-8080-exec-6] DEBUG org.hibernate.SQL - 
    select
        c1_0.id,
        c1_0.class_name,
        c1_0.course_id,
        c1_0.course_name,
        c1_0.create_time,
        c1_0.location,
        c1_0.teacher_id,
        c1_0.teacher_name,
        c1_0.time_slot,
        c1_0.week_day 
    from
        course c1_0
2026-06-02 16:06:35.655 [http-nio-8080-exec-6] DEBUG org.hibernate.SQL - 
    select
        count_big(*) 
    from
        student s1_0
2026-06-02 16:06:35.660 [http-nio-8080-exec-6] DEBUG org.hibernate.SQL - 
    select
        count_big(u1_0.id) 
    from
        my_user u1_0 
    where
        upper(u1_0.userrole)=upper(?)
2026-06-02 16:06:35.663 [http-nio-8080-exec-6] DEBUG org.hibernate.SQL - 
    select
        count_big(*) 
    from
        course c1_0
2026-06-02 16:06:35.666 [http-nio-8080-exec-6] DEBUG org.hibernate.SQL - 
    select
        a1_0.id,
        a1_0.check_in_time,
        a1_0.course_id,
        a1_0.create_time,
        a1_0.ip_address,
        a1_0.reason,
        a1_0.sign_in_id,
        a1_0.student_id,
        a1_0.student_name,
        a1_0.student_status,
        a1_0.update_time 
    from
        attendance a1_0 
    where
        a1_0.course_id=?
2026-06-02 16:06:35.670 [http-nio-8080-exec-6] DEBUG org.hibernate.SQL - 
    select
        a1_0.id,
        a1_0.check_in_time,
        a1_0.course_id,
        a1_0.create_time,
        a1_0.ip_address,
        a1_0.reason,
        a1_0.sign_in_id,
        a1_0.student_id,
        a1_0.student_name,
        a1_0.student_status,
        a1_0.update_time 
    from
        attendance a1_0 
    where
        a1_0.course_id=?
2026-06-02 16:06:35.670 [http-nio-8080-exec-6] DEBUG org.hibernate.SQL - 
    select
        a1_0.id,
        a1_0.check_in_time,
        a1_0.course_id,
        a1_0.create_time,
        a1_0.ip_address,
        a1_0.reason,
        a1_0.sign_in_id,
        a1_0.student_id,
        a1_0.student_name,
        a1_0.student_status,
        a1_0.update_time 
    from
        attendance a1_0 
    where
        a1_0.course_id=?
2026-06-02 16:06:39.440 [http-nio-8080-exec-8] DEBUG org.hibernate.SQL - 
    select
        u1_0.id,
        u1_0.class_name,
        u1_0.create_time,
        u1_0.gender,
        u1_0.real_name,
        u1_0.username,
        u1_0.userpassword,
        u1_0.userrole 
    from
        my_user u1_0 
    where
        u1_0.username=?
2026-06-02 16:06:39.443 [http-nio-8080-exec-8] DEBUG org.hibernate.SQL - 
    select
        c1_0.id,
        c1_0.class_name,
        c1_0.course_id,
        c1_0.course_name,
        c1_0.create_time,
        c1_0.location,
        c1_0.teacher_id,
        c1_0.teacher_name,
        c1_0.time_slot,
        c1_0.week_day 
    from
        course c1_0
2026-06-02 16:06:39.444 [http-nio-8080-exec-8] DEBUG org.hibernate.SQL - 
    select
        count_big(*) 
    from
        student s1_0
2026-06-02 16:06:39.444 [http-nio-8080-exec-8] DEBUG org.hibernate.SQL - 
    select
        count_big(u1_0.id) 
    from
        my_user u1_0 
    where
        upper(u1_0.userrole)=upper(?)
2026-06-02 16:06:39.446 [http-nio-8080-exec-8] DEBUG org.hibernate.SQL - 
    select
        count_big(*) 
    from
        course c1_0
2026-06-02 16:06:39.447 [http-nio-8080-exec-8] DEBUG org.hibernate.SQL - 
    select
        a1_0.id,
        a1_0.check_in_time,
        a1_0.course_id,
        a1_0.create_time,
        a1_0.ip_address,
        a1_0.reason,
        a1_0.sign_in_id,
        a1_0.student_id,
        a1_0.student_name,
        a1_0.student_status,
        a1_0.update_time 
    from
        attendance a1_0 
    where
        a1_0.course_id=?
2026-06-02 16:06:39.448 [http-nio-8080-exec-8] DEBUG org.hibernate.SQL - 
    select
        a1_0.id,
        a1_0.check_in_time,
        a1_0.course_id,
        a1_0.create_time,
        a1_0.ip_address,
        a1_0.reason,
        a1_0.sign_in_id,
        a1_0.student_id,
        a1_0.student_name,
        a1_0.student_status,
        a1_0.update_time 
    from
        attendance a1_0 
    where
        a1_0.course_id=?
2026-06-02 16:06:39.448 [http-nio-8080-exec-8] DEBUG org.hibernate.SQL - 
    select
        a1_0.id,
        a1_0.check_in_time,
        a1_0.course_id,
        a1_0.create_time,
        a1_0.ip_address,
        a1_0.reason,
        a1_0.sign_in_id,
        a1_0.student_id,
        a1_0.student_name,
        a1_0.student_status,
        a1_0.update_time 
    from
        attendance a1_0 
    where
        a1_0.course_id=?
2026-06-02 16:06:39.829 [http-nio-8080-exec-1] DEBUG org.hibernate.SQL - 
    select
        u1_0.id,
        u1_0.class_name,
        u1_0.create_time,
        u1_0.gender,
        u1_0.real_name,
        u1_0.username,
        u1_0.userpassword,
        u1_0.userrole 
    from
        my_user u1_0 
    where
        u1_0.username=?
2026-06-02 16:06:39.842 [http-nio-8080-exec-1] DEBUG org.hibernate.SQL - 
    select
        c1_0.id,
        c1_0.class_name,
        c1_0.course_id,
        c1_0.course_name,
        c1_0.create_time,
        c1_0.location,
        c1_0.teacher_id,
        c1_0.teacher_name,
        c1_0.time_slot,
        c1_0.week_day 
    from
        course c1_0
2026-06-02 16:06:39.843 [http-nio-8080-exec-1] DEBUG org.hibernate.SQL - 
    select
        count_big(*) 
    from
        student s1_0
2026-06-02 16:06:39.844 [http-nio-8080-exec-1] DEBUG org.hibernate.SQL - 
    select
        count_big(u1_0.id) 
    from
        my_user u1_0 
    where
        upper(u1_0.userrole)=upper(?)
2026-06-02 16:06:39.844 [http-nio-8080-exec-1] DEBUG org.hibernate.SQL - 
    select
        count_big(*) 
    from
        course c1_0
2026-06-02 16:06:39.844 [http-nio-8080-exec-1] DEBUG org.hibernate.SQL - 
    select
        a1_0.id,
        a1_0.check_in_time,
        a1_0.course_id,
        a1_0.create_time,
        a1_0.ip_address,
        a1_0.reason,
        a1_0.sign_in_id,
        a1_0.student_id,
        a1_0.student_name,
        a1_0.student_status,
        a1_0.update_time 
    from
        attendance a1_0 
    where
        a1_0.course_id=?
2026-06-02 16:06:39.846 [http-nio-8080-exec-1] DEBUG org.hibernate.SQL - 
    select
        a1_0.id,
        a1_0.check_in_time,
        a1_0.course_id,
        a1_0.create_time,
        a1_0.ip_address,
        a1_0.reason,
        a1_0.sign_in_id,
        a1_0.student_id,
        a1_0.student_name,
        a1_0.student_status,
        a1_0.update_time 
    from
        attendance a1_0 
    where
        a1_0.course_id=?
2026-06-02 16:06:39.846 [http-nio-8080-exec-1] DEBUG org.hibernate.SQL - 
    select
        a1_0.id,
        a1_0.check_in_time,
        a1_0.course_id,
        a1_0.create_time,
        a1_0.ip_address,
        a1_0.reason,
        a1_0.sign_in_id,
        a1_0.student_id,
        a1_0.student_name,
        a1_0.student_status,
        a1_0.update_time 
    from
        attendance a1_0 
    where
        a1_0.course_id=?
2026-06-02 16:06:40.041 [http-nio-8080-exec-2] DEBUG org.hibernate.SQL - 
    select
        u1_0.id,
        u1_0.class_name,
        u1_0.create_time,
        u1_0.gender,
        u1_0.real_name,
        u1_0.username,
        u1_0.userpassword,
        u1_0.userrole 
    from
        my_user u1_0 
    where
        u1_0.username=?
2026-06-02 16:06:40.043 [http-nio-8080-exec-2] DEBUG org.hibernate.SQL - 
    select
        c1_0.id,
        c1_0.class_name,
        c1_0.course_id,
        c1_0.course_name,
        c1_0.create_time,
        c1_0.location,
        c1_0.teacher_id,
        c1_0.teacher_name,
        c1_0.time_slot,
        c1_0.week_day 
    from
        course c1_0
2026-06-02 16:06:40.045 [http-nio-8080-exec-2] DEBUG org.hibernate.SQL - 
    select
        count_big(*) 
    from
        student s1_0
2026-06-02 16:06:40.046 [http-nio-8080-exec-2] DEBUG org.hibernate.SQL - 
    select
        count_big(u1_0.id) 
    from
        my_user u1_0 
    where
        upper(u1_0.userrole)=upper(?)
2026-06-02 16:06:40.047 [http-nio-8080-exec-2] DEBUG org.hibernate.SQL - 
    select
        count_big(*) 
    from
        course c1_0
2026-06-02 16:06:40.048 [http-nio-8080-exec-2] DEBUG org.hibernate.SQL - 
    select
        a1_0.id,
        a1_0.check_in_time,
        a1_0.course_id,
        a1_0.create_time,
        a1_0.ip_address,
        a1_0.reason,
        a1_0.sign_in_id,
        a1_0.student_id,
        a1_0.student_name,
        a1_0.student_status,
        a1_0.update_time 
    from
        attendance a1_0 
    where
        a1_0.course_id=?
2026-06-02 16:06:40.049 [http-nio-8080-exec-2] DEBUG org.hibernate.SQL - 
    select
        a1_0.id,
        a1_0.check_in_time,
        a1_0.course_id,
        a1_0.create_time,
        a1_0.ip_address,
        a1_0.reason,
        a1_0.sign_in_id,
        a1_0.student_id,
        a1_0.student_name,
        a1_0.student_status,
        a1_0.update_time 
    from
        attendance a1_0 
    where
        a1_0.course_id=?
2026-06-02 16:06:40.049 [http-nio-8080-exec-2] DEBUG org.hibernate.SQL - 
    select
        a1_0.id,
        a1_0.check_in_time,
        a1_0.course_id,
        a1_0.create_time,
        a1_0.ip_address,
        a1_0.reason,
        a1_0.sign_in_id,
        a1_0.student_id,
        a1_0.student_name,
        a1_0.student_status,
        a1_0.update_time 
    from
        attendance a1_0 
    where
        a1_0.course_id=?
2026-06-02 16:06:58.418 [SpringApplicationShutdownHook] INFO  o.s.boot.tomcat.GracefulShutdown - Commencing graceful shutdown. Waiting for active requests to complete
2026-06-02 16:06:58.433 [tomcat-shutdown] INFO  o.s.boot.tomcat.GracefulShutdown - Graceful shutdown complete
2026-06-02 16:06:58.439 [SpringApplicationShutdownHook] INFO  o.s.o.j.LocalContainerEntityManagerFactoryBean - Closing JPA EntityManagerFactory for persistence unit 'default'
2026-06-02 16:06:58.441 [SpringApplicationShutdownHook] INFO  com.zaxxer.hikari.HikariDataSource - HikariPool-1 - Shutdown initiated...
2026-06-02 16:06:58.442 [SpringApplicationShutdownHook] INFO  com.zaxxer.hikari.HikariDataSource - HikariPool-1 - Shutdown completed.
2026-06-02 16:07:04.758 [main] INFO  c.e.a.AttendanceSystemApplication - Starting AttendanceSystemApplication using Java 21.0.2 with PID 16972 (D:\Java\springboot_pj\attendance-system\target\classes started by l in D:\Java\springboot_pj\attendance-system)
2026-06-02 16:07:04.760 [main] DEBUG c.e.a.AttendanceSystemApplication - Running with Spring Boot v4.0.3, Spring v7.0.5
2026-06-02 16:07:04.760 [main] INFO  c.e.a.AttendanceSystemApplication - No active profile set, falling back to 1 default profile: "default"
2026-06-02 16:07:05.163 [main] INFO  o.s.d.r.c.RepositoryConfigurationDelegate - Bootstrapping Spring Data JPA repositories in DEFAULT mode.
2026-06-02 16:07:05.205 [main] INFO  o.s.d.r.c.RepositoryConfigurationDelegate - Finished Spring Data repository scanning in 36 ms. Found 5 JPA repository interfaces.
2026-06-02 16:07:05.316 [main] INFO  o.s.cloud.context.scope.GenericScope - BeanFactory id=d6250731-036a-36ea-b8f9-8d612c972637
2026-06-02 16:07:05.514 [main] INFO  o.s.boot.tomcat.TomcatWebServer - Tomcat initialized with port 8080 (http)
2026-06-02 16:07:05.522 [main] INFO  o.a.coyote.http11.Http11NioProtocol - Initializing ProtocolHandler ["http-nio-8080"]
2026-06-02 16:07:05.523 [main] INFO  o.a.catalina.core.StandardService - Starting service [Tomcat]
2026-06-02 16:07:05.523 [main] INFO  o.a.catalina.core.StandardEngine - Starting Servlet engine: [Apache Tomcat/11.0.18]
2026-06-02 16:07:05.559 [main] INFO  o.s.b.w.c.s.WebApplicationContextInitializer - Root WebApplicationContext: initialization completed in 765 ms
2026-06-02 16:07:05.686 [main] INFO  org.hibernate.orm.jpa - HHH008540: Processing PersistenceUnitInfo [name: default]
2026-06-02 16:07:05.731 [main] INFO  org.hibernate.orm.core - HHH000001: Hibernate ORM core version 7.2.4.Final
2026-06-02 16:07:05.999 [main] INFO  o.s.o.j.p.SpringPersistenceUnitInfo - No LoadTimeWeaver setup: ignoring JPA class transformer
2026-06-02 16:07:06.021 [main] INFO  com.zaxxer.hikari.HikariDataSource - HikariPool-1 - Starting...
2026-06-02 16:07:06.604 [main] INFO  com.zaxxer.hikari.pool.HikariPool - HikariPool-1 - Added connection ConnectionID:1 ClientConnectionId: 0861c0e9-73a3-4ba5-bf70-65c21eeb7510
2026-06-02 16:07:06.605 [main] INFO  com.zaxxer.hikari.HikariDataSource - HikariPool-1 - Start completed.
2026-06-02 16:07:06.751 [main] WARN  org.hibernate.orm.deprecation - HHH90000025: SQLServerDialect does not need to be specified explicitly using 'hibernate.dialect' (remove the property setting and it will be selected by default)
2026-06-02 16:07:06.768 [main] INFO  o.hibernate.orm.connections.pooling - HHH10001005: Database info:
	Database JDBC URL [jdbc:sqlserver://localhost:1433;concatNullYieldsNull=ON;quotedIdentifier=ON;connectRetryInterval=10;connectRetryCount=1;maxResultBuffer=-1;sendTemporalDataTypesAsStringForBulkCopy=true;delayLoadingLobs=true;useFmtOnly=false;vectorTypeSupport=v1;cacheBulkCopyMetadata=false;bulkCopyForBatchInsertAllowEncryptedValueModifications=false;bulkCopyForBatchInsertTableLock=false;bulkCopyForBatchInsertKeepNulls=false;bulkCopyForBatchInsertKeepIdentity=false;bulkCopyForBatchInsertFireTriggers=false;bulkCopyForBatchInsertCheckConstraints=false;bulkCopyForBatchInsertBatchSize=0;useBulkCopyForBatchInsert=false;cancelQueryTimeout=-1;sslProtocol=TLS;calcBigDecimalPrecision=false;useDefaultJaasConfig=false;jaasConfigurationName=SQLJDBCDriver;statementPoolingCacheSize=0;serverPreparedStatementDiscardThreshold=10;enablePrepareOnFirstPreparedStatementCall=false;fips=false;socketTimeout=0;authentication=NotSpecified;authenticationScheme=nativeAuthentication;xopenStates=false;datetimeParameterType=datetime2;sendTimeAsDatetime=true;replication=false;trustStoreType=JKS;trustServerCertificate=true;TransparentNetworkIPResolution=true;iPAddressPreference=IPv4First;serverNameAsACE=false;sendStringParametersAsUnicode=true;selectMethod=direct;responseBuffering=adaptive;queryTimeout=-1;packetSize=8000;multiSubnetFailover=false;loginTimeout=30;lockTimeout=-1;lastUpdateCount=true;useDefaultGSSCredential=false;prepareMethod=prepexec;encrypt=false;disableStatementPooling=true;databaseName=attendance_system;columnEncryptionSetting=Disabled;applicationName=Microsoft JDBC Driver for SQL Server;applicationIntent=readwrite;]
	Database driver: Microsoft JDBC Driver 13.2 for SQL Server
	Database dialect: SQLServerDialect
	Database version: 17.0
	Default catalog/schema: attendance_system/dbo
	Autocommit mode: undefined/unknown
	Isolation level: READ_COMMITTED [default READ_COMMITTED]
	JDBC fetch size: 128
	Pool: DataSourceConnectionProvider
	Minimum pool size: undefined/unknown
	Maximum pool size: undefined/unknown
2026-06-02 16:07:07.326 [main] INFO  org.hibernate.orm.core - HHH000489: No JTA platform available (set 'hibernate.transaction.jta.platform' to enable JTA platform integration)
2026-06-02 16:07:09.454 [main] DEBUG org.hibernate.SQL - 
    alter table attendance 
       alter column id bigint
2026-06-02 16:07:09.466 [main] WARN  o.h.t.s.i.ExceptionHandlerLoggedImpl - GenerationTarget encountered exception accepting command : Error executing DDL "
    alter table attendance 
       alter column id bigint" via JDBC [对象'PK__attendan__3213E83F505AAD30' 依赖于 列'id'。]
org.hibernate.tool.schema.spi.CommandAcceptanceException: Error executing DDL "
    alter table attendance 
       alter column id bigint" via JDBC [对象'PK__attendan__3213E83F505AAD30' 依赖于 列'id'。]
	at org.hibernate.tool.schema.internal.exec.GenerationTargetToDatabase.accept(GenerationTargetToDatabase.java:81)
	at org.hibernate.tool.schema.internal.AbstractSchemaMigrator.applySqlString(AbstractSchemaMigrator.java:566)
	at org.hibernate.tool.schema.internal.AbstractSchemaMigrator.applySqlStrings(AbstractSchemaMigrator.java:506)
	at org.hibernate.tool.schema.internal.AbstractSchemaMigrator.migrateTable(AbstractSchemaMigrator.java:324)
	at org.hibernate.tool.schema.internal.GroupedSchemaMigratorImpl.performTablesMigration(GroupedSchemaMigratorImpl.java:84)
	at org.hibernate.tool.schema.internal.AbstractSchemaMigrator.performMigration(AbstractSchemaMigrator.java:220)
	at org.hibernate.tool.schema.internal.AbstractSchemaMigrator.doMigration(AbstractSchemaMigrator.java:96)
	at org.hibernate.tool.schema.spi.SchemaManagementToolCoordinator.performDatabaseAction(SchemaManagementToolCoordinator.java:269)
	at org.hibernate.tool.schema.spi.SchemaManagementToolCoordinator.lambda$process$1(SchemaManagementToolCoordinator.java:101)
	at java.base/java.util.HashMap.forEach(HashMap.java:1429)
	at org.hibernate.tool.schema.spi.SchemaManagementToolCoordinator.process(SchemaManagementToolCoordinator.java:100)
	at org.hibernate.boot.internal.SessionFactoryObserverForSchemaExport.sessionFactoryCreated(SessionFactoryObserverForSchemaExport.java:35)
	at org.hibernate.internal.SessionFactoryObserverChain.sessionFactoryCreated(SessionFactoryObserverChain.java:33)
	at org.hibernate.internal.SessionFactoryImpl.<init>(SessionFactoryImpl.java:323)
	at org.hibernate.internal.SessionFactoryRegistry.instantiateSessionFactory(SessionFactoryRegistry.java:64)
	at org.hibernate.boot.internal.SessionFactoryBuilderImpl.build(SessionFactoryBuilderImpl.java:437)
	at org.hibernate.jpa.boot.internal.EntityManagerFactoryBuilderImpl.build(EntityManagerFactoryBuilderImpl.java:1456)
	at org.springframework.orm.jpa.vendor.SpringHibernateJpaPersistenceProvider.createContainerEntityManagerFactory(SpringHibernateJpaPersistenceProvider.java:93)
	at org.springframework.orm.jpa.LocalContainerEntityManagerFactoryBean.createNativeEntityManagerFactory(LocalContainerEntityManagerFactoryBean.java:443)
	at org.springframework.orm.jpa.AbstractEntityManagerFactoryBean.buildNativeEntityManagerFactory(AbstractEntityManagerFactoryBean.java:436)
	at org.springframework.orm.jpa.AbstractEntityManagerFactoryBean.afterPropertiesSet(AbstractEntityManagerFactoryBean.java:411)
	at org.springframework.orm.jpa.LocalContainerEntityManagerFactoryBean.afterPropertiesSet(LocalContainerEntityManagerFactoryBean.java:419)
	at org.springframework.beans.factory.support.AbstractAutowireCapableBeanFactory.invokeInitMethods(AbstractAutowireCapableBeanFactory.java:1864)
	at org.springframework.beans.factory.support.AbstractAutowireCapableBeanFactory.initializeBean(AbstractAutowireCapableBeanFactory.java:1813)
	at org.springframework.beans.factory.support.AbstractAutowireCapableBeanFactory.doCreateBean(AbstractAutowireCapableBeanFactory.java:603)
	at org.springframework.beans.factory.support.AbstractAutowireCapableBeanFactory.createBean(AbstractAutowireCapableBeanFactory.java:525)
	at org.springframework.beans.factory.support.AbstractBeanFactory.lambda$doGetBean$0(AbstractBeanFactory.java:333)
	at org.springframework.beans.factory.support.DefaultSingletonBeanRegistry.getSingleton(DefaultSingletonBeanRegistry.java:371)
	at org.springframework.beans.factory.support.AbstractBeanFactory.doGetBean(AbstractBeanFactory.java:331)
	at org.springframework.beans.factory.support.AbstractBeanFactory.getBean(AbstractBeanFactory.java:201)
	at org.springframework.context.support.AbstractApplicationContext.finishBeanFactoryInitialization(AbstractApplicationContext.java:977)
	at org.springframework.context.support.AbstractApplicationContext.refresh(AbstractApplicationContext.java:621)
	at org.springframework.boot.web.server.servlet.context.ServletWebServerApplicationContext.refresh(ServletWebServerApplicationContext.java:143)
	at org.springframework.boot.SpringApplication.refresh(SpringApplication.java:756)
	at org.springframework.boot.SpringApplication.refreshContext(SpringApplication.java:445)
	at org.springframework.boot.SpringApplication.run(SpringApplication.java:321)
	at org.springframework.boot.SpringApplication.run(SpringApplication.java:1365)
	at org.springframework.boot.SpringApplication.run(SpringApplication.java:1354)
	at com.example.attendance.AttendanceSystemApplication.main(AttendanceSystemApplication.java:12)
Caused by: com.microsoft.sqlserver.jdbc.SQLServerException: 对象'PK__attendan__3213E83F505AAD30' 依赖于 列'id'。
	at com.microsoft.sqlserver.jdbc.SQLServerException.makeFromDatabaseError(SQLServerException.java:278)
	at com.microsoft.sqlserver.jdbc.SQLServerStatement.getNextResult(SQLServerStatement.java:1788)
	at com.microsoft.sqlserver.jdbc.SQLServerStatement.doExecuteStatement(SQLServerStatement.java:975)
	at com.microsoft.sqlserver.jdbc.SQLServerStatement$StmtExecCmd.doExecute(SQLServerStatement.java:869)
	at com.microsoft.sqlserver.jdbc.TDSCommand.execute(IOBuffer.java:7825)
	at com.microsoft.sqlserver.jdbc.SQLServerConnection.executeCommand(SQLServerConnection.java:4828)
	at com.microsoft.sqlserver.jdbc.SQLServerStatement.executeCommand(SQLServerStatement.java:321)
	at com.microsoft.sqlserver.jdbc.SQLServerStatement.executeStatement(SQLServerStatement.java:253)
	at com.microsoft.sqlserver.jdbc.SQLServerStatement.execute(SQLServerStatement.java:842)
	at com.zaxxer.hikari.pool.ProxyStatement.execute(ProxyStatement.java:95)
	at com.zaxxer.hikari.pool.HikariProxyStatement.execute(HikariProxyStatement.java)
	at org.hibernate.tool.schema.internal.exec.GenerationTargetToDatabase.accept(GenerationTargetToDatabase.java:76)
	... 38 common frames omitted
2026-06-02 16:07:09.466 [main] DEBUG org.hibernate.SQL - 
    alter table attendance 
       alter column student_status tinyint default 1
2026-06-02 16:07:09.470 [main] WARN  o.h.t.s.i.ExceptionHandlerLoggedImpl - GenerationTarget encountered exception accepting command : Error executing DDL "
    alter table attendance 
       alter column student_status tinyint default 1" via JDBC [关键字 'default' 附近有语法错误。]
org.hibernate.tool.schema.spi.CommandAcceptanceException: Error executing DDL "
    alter table attendance 
       alter column student_status tinyint default 1" via JDBC [关键字 'default' 附近有语法错误。]
	at org.hibernate.tool.schema.internal.exec.GenerationTargetToDatabase.accept(GenerationTargetToDatabase.java:81)
	at org.hibernate.tool.schema.internal.AbstractSchemaMigrator.applySqlString(AbstractSchemaMigrator.java:566)
	at org.hibernate.tool.schema.internal.AbstractSchemaMigrator.applySqlStrings(AbstractSchemaMigrator.java:506)
	at org.hibernate.tool.schema.internal.AbstractSchemaMigrator.migrateTable(AbstractSchemaMigrator.java:324)
	at org.hibernate.tool.schema.internal.GroupedSchemaMigratorImpl.performTablesMigration(GroupedSchemaMigratorImpl.java:84)
	at org.hibernate.tool.schema.internal.AbstractSchemaMigrator.performMigration(AbstractSchemaMigrator.java:220)
	at org.hibernate.tool.schema.internal.AbstractSchemaMigrator.doMigration(AbstractSchemaMigrator.java:96)
	at org.hibernate.tool.schema.spi.SchemaManagementToolCoordinator.performDatabaseAction(SchemaManagementToolCoordinator.java:269)
	at org.hibernate.tool.schema.spi.SchemaManagementToolCoordinator.lambda$process$1(SchemaManagementToolCoordinator.java:101)
	at java.base/java.util.HashMap.forEach(HashMap.java:1429)
	at org.hibernate.tool.schema.spi.SchemaManagementToolCoordinator.process(SchemaManagementToolCoordinator.java:100)
	at org.hibernate.boot.internal.SessionFactoryObserverForSchemaExport.sessionFactoryCreated(SessionFactoryObserverForSchemaExport.java:35)
	at org.hibernate.internal.SessionFactoryObserverChain.sessionFactoryCreated(SessionFactoryObserverChain.java:33)
	at org.hibernate.internal.SessionFactoryImpl.<init>(SessionFactoryImpl.java:323)
	at org.hibernate.internal.SessionFactoryRegistry.instantiateSessionFactory(SessionFactoryRegistry.java:64)
	at org.hibernate.boot.internal.SessionFactoryBuilderImpl.build(SessionFactoryBuilderImpl.java:437)
	at org.hibernate.jpa.boot.internal.EntityManagerFactoryBuilderImpl.build(EntityManagerFactoryBuilderImpl.java:1456)
	at org.springframework.orm.jpa.vendor.SpringHibernateJpaPersistenceProvider.createContainerEntityManagerFactory(SpringHibernateJpaPersistenceProvider.java:93)
	at org.springframework.orm.jpa.LocalContainerEntityManagerFactoryBean.createNativeEntityManagerFactory(LocalContainerEntityManagerFactoryBean.java:443)
	at org.springframework.orm.jpa.AbstractEntityManagerFactoryBean.buildNativeEntityManagerFactory(AbstractEntityManagerFactoryBean.java:436)
	at org.springframework.orm.jpa.AbstractEntityManagerFactoryBean.afterPropertiesSet(AbstractEntityManagerFactoryBean.java:411)
	at org.springframework.orm.jpa.LocalContainerEntityManagerFactoryBean.afterPropertiesSet(LocalContainerEntityManagerFactoryBean.java:419)
	at org.springframework.beans.factory.support.AbstractAutowireCapableBeanFactory.invokeInitMethods(AbstractAutowireCapableBeanFactory.java:1864)
	at org.springframework.beans.factory.support.AbstractAutowireCapableBeanFactory.initializeBean(AbstractAutowireCapableBeanFactory.java:1813)
	at org.springframework.beans.factory.support.AbstractAutowireCapableBeanFactory.doCreateBean(AbstractAutowireCapableBeanFactory.java:603)
	at org.springframework.beans.factory.support.AbstractAutowireCapableBeanFactory.createBean(AbstractAutowireCapableBeanFactory.java:525)
	at org.springframework.beans.factory.support.AbstractBeanFactory.lambda$doGetBean$0(AbstractBeanFactory.java:333)
	at org.springframework.beans.factory.support.DefaultSingletonBeanRegistry.getSingleton(DefaultSingletonBeanRegistry.java:371)
	at org.springframework.beans.factory.support.AbstractBeanFactory.doGetBean(AbstractBeanFactory.java:331)
	at org.springframework.beans.factory.support.AbstractBeanFactory.getBean(AbstractBeanFactory.java:201)
	at org.springframework.context.support.AbstractApplicationContext.finishBeanFactoryInitialization(AbstractApplicationContext.java:977)
	at org.springframework.context.support.AbstractApplicationContext.refresh(AbstractApplicationContext.java:621)
	at org.springframework.boot.web.server.servlet.context.ServletWebServerApplicationContext.refresh(ServletWebServerApplicationContext.java:143)
	at org.springframework.boot.SpringApplication.refresh(SpringApplication.java:756)
	at org.springframework.boot.SpringApplication.refreshContext(SpringApplication.java:445)
	at org.springframework.boot.SpringApplication.run(SpringApplication.java:321)
	at org.springframework.boot.SpringApplication.run(SpringApplication.java:1365)
	at org.springframework.boot.SpringApplication.run(SpringApplication.java:1354)
	at com.example.attendance.AttendanceSystemApplication.main(AttendanceSystemApplication.java:12)
Caused by: com.microsoft.sqlserver.jdbc.SQLServerException: 关键字 'default' 附近有语法错误。
	at com.microsoft.sqlserver.jdbc.SQLServerException.makeFromDatabaseError(SQLServerException.java:278)
	at com.microsoft.sqlserver.jdbc.SQLServerStatement.getNextResult(SQLServerStatement.java:1788)
	at com.microsoft.sqlserver.jdbc.SQLServerStatement.doExecuteStatement(SQLServerStatement.java:975)
	at com.microsoft.sqlserver.jdbc.SQLServerStatement$StmtExecCmd.doExecute(SQLServerStatement.java:869)
	at com.microsoft.sqlserver.jdbc.TDSCommand.execute(IOBuffer.java:7825)
	at com.microsoft.sqlserver.jdbc.SQLServerConnection.executeCommand(SQLServerConnection.java:4828)
	at com.microsoft.sqlserver.jdbc.SQLServerStatement.executeCommand(SQLServerStatement.java:321)
	at com.microsoft.sqlserver.jdbc.SQLServerStatement.executeStatement(SQLServerStatement.java:253)
	at com.microsoft.sqlserver.jdbc.SQLServerStatement.execute(SQLServerStatement.java:842)
	at com.zaxxer.hikari.pool.ProxyStatement.execute(ProxyStatement.java:95)
	at com.zaxxer.hikari.pool.HikariProxyStatement.execute(HikariProxyStatement.java)
	at org.hibernate.tool.schema.internal.exec.GenerationTargetToDatabase.accept(GenerationTargetToDatabase.java:76)
	... 38 common frames omitted
2026-06-02 16:07:09.471 [main] DEBUG org.hibernate.SQL - 
    alter table course_selection 
       alter column id bigint
2026-06-02 16:07:09.471 [main] WARN  o.h.t.s.i.ExceptionHandlerLoggedImpl - GenerationTarget encountered exception accepting command : Error executing DDL "
    alter table course_selection 
       alter column id bigint" via JDBC [对象'PK__course_s__3213E83FDFE3484D' 依赖于 列'id'。]
org.hibernate.tool.schema.spi.CommandAcceptanceException: Error executing DDL "
    alter table course_selection 
       alter column id bigint" via JDBC [对象'PK__course_s__3213E83FDFE3484D' 依赖于 列'id'。]
	at org.hibernate.tool.schema.internal.exec.GenerationTargetToDatabase.accept(GenerationTargetToDatabase.java:81)
	at org.hibernate.tool.schema.internal.AbstractSchemaMigrator.applySqlString(AbstractSchemaMigrator.java:566)
	at org.hibernate.tool.schema.internal.AbstractSchemaMigrator.applySqlStrings(AbstractSchemaMigrator.java:506)
	at org.hibernate.tool.schema.internal.AbstractSchemaMigrator.migrateTable(AbstractSchemaMigrator.java:324)
	at org.hibernate.tool.schema.internal.GroupedSchemaMigratorImpl.performTablesMigration(GroupedSchemaMigratorImpl.java:84)
	at org.hibernate.tool.schema.internal.AbstractSchemaMigrator.performMigration(AbstractSchemaMigrator.java:220)
	at org.hibernate.tool.schema.internal.AbstractSchemaMigrator.doMigration(AbstractSchemaMigrator.java:96)
	at org.hibernate.tool.schema.spi.SchemaManagementToolCoordinator.performDatabaseAction(SchemaManagementToolCoordinator.java:269)
	at org.hibernate.tool.schema.spi.SchemaManagementToolCoordinator.lambda$process$1(SchemaManagementToolCoordinator.java:101)
	at java.base/java.util.HashMap.forEach(HashMap.java:1429)
	at org.hibernate.tool.schema.spi.SchemaManagementToolCoordinator.process(SchemaManagementToolCoordinator.java:100)
	at org.hibernate.boot.internal.SessionFactoryObserverForSchemaExport.sessionFactoryCreated(SessionFactoryObserverForSchemaExport.java:35)
	at org.hibernate.internal.SessionFactoryObserverChain.sessionFactoryCreated(SessionFactoryObserverChain.java:33)
	at org.hibernate.internal.SessionFactoryImpl.<init>(SessionFactoryImpl.java:323)
	at org.hibernate.internal.SessionFactoryRegistry.instantiateSessionFactory(SessionFactoryRegistry.java:64)
	at org.hibernate.boot.internal.SessionFactoryBuilderImpl.build(SessionFactoryBuilderImpl.java:437)
	at org.hibernate.jpa.boot.internal.EntityManagerFactoryBuilderImpl.build(EntityManagerFactoryBuilderImpl.java:1456)
	at org.springframework.orm.jpa.vendor.SpringHibernateJpaPersistenceProvider.createContainerEntityManagerFactory(SpringHibernateJpaPersistenceProvider.java:93)
	at org.springframework.orm.jpa.LocalContainerEntityManagerFactoryBean.createNativeEntityManagerFactory(LocalContainerEntityManagerFactoryBean.java:443)
	at org.springframework.orm.jpa.AbstractEntityManagerFactoryBean.buildNativeEntityManagerFactory(AbstractEntityManagerFactoryBean.java:436)
	at org.springframework.orm.jpa.AbstractEntityManagerFactoryBean.afterPropertiesSet(AbstractEntityManagerFactoryBean.java:411)
	at org.springframework.orm.jpa.LocalContainerEntityManagerFactoryBean.afterPropertiesSet(LocalContainerEntityManagerFactoryBean.java:419)
	at org.springframework.beans.factory.support.AbstractAutowireCapableBeanFactory.invokeInitMethods(AbstractAutowireCapableBeanFactory.java:1864)
	at org.springframework.beans.factory.support.AbstractAutowireCapableBeanFactory.initializeBean(AbstractAutowireCapableBeanFactory.java:1813)
	at org.springframework.beans.factory.support.AbstractAutowireCapableBeanFactory.doCreateBean(AbstractAutowireCapableBeanFactory.java:603)
	at org.springframework.beans.factory.support.AbstractAutowireCapableBeanFactory.createBean(AbstractAutowireCapableBeanFactory.java:525)
	at org.springframework.beans.factory.support.AbstractBeanFactory.lambda$doGetBean$0(AbstractBeanFactory.java:333)
	at org.springframework.beans.factory.support.DefaultSingletonBeanRegistry.getSingleton(DefaultSingletonBeanRegistry.java:371)
	at org.springframework.beans.factory.support.AbstractBeanFactory.doGetBean(AbstractBeanFactory.java:331)
	at org.springframework.beans.factory.support.AbstractBeanFactory.getBean(AbstractBeanFactory.java:201)
	at org.springframework.context.support.AbstractApplicationContext.finishBeanFactoryInitialization(AbstractApplicationContext.java:977)
	at org.springframework.context.support.AbstractApplicationContext.refresh(AbstractApplicationContext.java:621)
	at org.springframework.boot.web.server.servlet.context.ServletWebServerApplicationContext.refresh(ServletWebServerApplicationContext.java:143)
	at org.springframework.boot.SpringApplication.refresh(SpringApplication.java:756)
	at org.springframework.boot.SpringApplication.refreshContext(SpringApplication.java:445)
	at org.springframework.boot.SpringApplication.run(SpringApplication.java:321)
	at org.springframework.boot.SpringApplication.run(SpringApplication.java:1365)
	at org.springframework.boot.SpringApplication.run(SpringApplication.java:1354)
	at com.example.attendance.AttendanceSystemApplication.main(AttendanceSystemApplication.java:12)
Caused by: com.microsoft.sqlserver.jdbc.SQLServerException: 对象'PK__course_s__3213E83FDFE3484D' 依赖于 列'id'。
	at com.microsoft.sqlserver.jdbc.SQLServerException.makeFromDatabaseError(SQLServerException.java:278)
	at com.microsoft.sqlserver.jdbc.SQLServerStatement.getNextResult(SQLServerStatement.java:1788)
	at com.microsoft.sqlserver.jdbc.SQLServerStatement.doExecuteStatement(SQLServerStatement.java:975)
	at com.microsoft.sqlserver.jdbc.SQLServerStatement$StmtExecCmd.doExecute(SQLServerStatement.java:869)
	at com.microsoft.sqlserver.jdbc.TDSCommand.execute(IOBuffer.java:7825)
	at com.microsoft.sqlserver.jdbc.SQLServerConnection.executeCommand(SQLServerConnection.java:4828)
	at com.microsoft.sqlserver.jdbc.SQLServerStatement.executeCommand(SQLServerStatement.java:321)
	at com.microsoft.sqlserver.jdbc.SQLServerStatement.executeStatement(SQLServerStatement.java:253)
	at com.microsoft.sqlserver.jdbc.SQLServerStatement.execute(SQLServerStatement.java:842)
	at com.zaxxer.hikari.pool.ProxyStatement.execute(ProxyStatement.java:95)
	at com.zaxxer.hikari.pool.HikariProxyStatement.execute(HikariProxyStatement.java)
	at org.hibernate.tool.schema.internal.exec.GenerationTargetToDatabase.accept(GenerationTargetToDatabase.java:76)
	... 38 common frames omitted
2026-06-02 16:07:09.471 [main] DEBUG org.hibernate.SQL - 
    alter table course_selection 
       alter column status tinyint default 1
2026-06-02 16:07:09.474 [main] WARN  o.h.t.s.i.ExceptionHandlerLoggedImpl - GenerationTarget encountered exception accepting command : Error executing DDL "
    alter table course_selection 
       alter column status tinyint default 1" via JDBC [关键字 'default' 附近有语法错误。]
org.hibernate.tool.schema.spi.CommandAcceptanceException: Error executing DDL "
    alter table course_selection 
       alter column status tinyint default 1" via JDBC [关键字 'default' 附近有语法错误。]
	at org.hibernate.tool.schema.internal.exec.GenerationTargetToDatabase.accept(GenerationTargetToDatabase.java:81)
	at org.hibernate.tool.schema.internal.AbstractSchemaMigrator.applySqlString(AbstractSchemaMigrator.java:566)
	at org.hibernate.tool.schema.internal.AbstractSchemaMigrator.applySqlStrings(AbstractSchemaMigrator.java:506)
	at org.hibernate.tool.schema.internal.AbstractSchemaMigrator.migrateTable(AbstractSchemaMigrator.java:324)
	at org.hibernate.tool.schema.internal.GroupedSchemaMigratorImpl.performTablesMigration(GroupedSchemaMigratorImpl.java:84)
	at org.hibernate.tool.schema.internal.AbstractSchemaMigrator.performMigration(AbstractSchemaMigrator.java:220)
	at org.hibernate.tool.schema.internal.AbstractSchemaMigrator.doMigration(AbstractSchemaMigrator.java:96)
	at org.hibernate.tool.schema.spi.SchemaManagementToolCoordinator.performDatabaseAction(SchemaManagementToolCoordinator.java:269)
	at org.hibernate.tool.schema.spi.SchemaManagementToolCoordinator.lambda$process$1(SchemaManagementToolCoordinator.java:101)
	at java.base/java.util.HashMap.forEach(HashMap.java:1429)
	at org.hibernate.tool.schema.spi.SchemaManagementToolCoordinator.process(SchemaManagementToolCoordinator.java:100)
	at org.hibernate.boot.internal.SessionFactoryObserverForSchemaExport.sessionFactoryCreated(SessionFactoryObserverForSchemaExport.java:35)
	at org.hibernate.internal.SessionFactoryObserverChain.sessionFactoryCreated(SessionFactoryObserverChain.java:33)
	at org.hibernate.internal.SessionFactoryImpl.<init>(SessionFactoryImpl.java:323)
	at org.hibernate.internal.SessionFactoryRegistry.instantiateSessionFactory(SessionFactoryRegistry.java:64)
	at org.hibernate.boot.internal.SessionFactoryBuilderImpl.build(SessionFactoryBuilderImpl.java:437)
	at org.hibernate.jpa.boot.internal.EntityManagerFactoryBuilderImpl.build(EntityManagerFactoryBuilderImpl.java:1456)
	at org.springframework.orm.jpa.vendor.SpringHibernateJpaPersistenceProvider.createContainerEntityManagerFactory(SpringHibernateJpaPersistenceProvider.java:93)
	at org.springframework.orm.jpa.LocalContainerEntityManagerFactoryBean.createNativeEntityManagerFactory(LocalContainerEntityManagerFactoryBean.java:443)
	at org.springframework.orm.jpa.AbstractEntityManagerFactoryBean.buildNativeEntityManagerFactory(AbstractEntityManagerFactoryBean.java:436)
	at org.springframework.orm.jpa.AbstractEntityManagerFactoryBean.afterPropertiesSet(AbstractEntityManagerFactoryBean.java:411)
	at org.springframework.orm.jpa.LocalContainerEntityManagerFactoryBean.afterPropertiesSet(LocalContainerEntityManagerFactoryBean.java:419)
	at org.springframework.beans.factory.support.AbstractAutowireCapableBeanFactory.invokeInitMethods(AbstractAutowireCapableBeanFactory.java:1864)
	at org.springframework.beans.factory.support.AbstractAutowireCapableBeanFactory.initializeBean(AbstractAutowireCapableBeanFactory.java:1813)
	at org.springframework.beans.factory.support.AbstractAutowireCapableBeanFactory.doCreateBean(AbstractAutowireCapableBeanFactory.java:603)
	at org.springframework.beans.factory.support.AbstractAutowireCapableBeanFactory.createBean(AbstractAutowireCapableBeanFactory.java:525)
	at org.springframework.beans.factory.support.AbstractBeanFactory.lambda$doGetBean$0(AbstractBeanFactory.java:333)
	at org.springframework.beans.factory.support.DefaultSingletonBeanRegistry.getSingleton(DefaultSingletonBeanRegistry.java:371)
	at org.springframework.beans.factory.support.AbstractBeanFactory.doGetBean(AbstractBeanFactory.java:331)
	at org.springframework.beans.factory.support.AbstractBeanFactory.getBean(AbstractBeanFactory.java:201)
	at org.springframework.context.support.AbstractApplicationContext.finishBeanFactoryInitialization(AbstractApplicationContext.java:977)
	at org.springframework.context.support.AbstractApplicationContext.refresh(AbstractApplicationContext.java:621)
	at org.springframework.boot.web.server.servlet.context.ServletWebServerApplicationContext.refresh(ServletWebServerApplicationContext.java:143)
	at org.springframework.boot.SpringApplication.refresh(SpringApplication.java:756)
	at org.springframework.boot.SpringApplication.refreshContext(SpringApplication.java:445)
	at org.springframework.boot.SpringApplication.run(SpringApplication.java:321)
	at org.springframework.boot.SpringApplication.run(SpringApplication.java:1365)
	at org.springframework.boot.SpringApplication.run(SpringApplication.java:1354)
	at com.example.attendance.AttendanceSystemApplication.main(AttendanceSystemApplication.java:12)
Caused by: com.microsoft.sqlserver.jdbc.SQLServerException: 关键字 'default' 附近有语法错误。
	at com.microsoft.sqlserver.jdbc.SQLServerException.makeFromDatabaseError(SQLServerException.java:278)
	at com.microsoft.sqlserver.jdbc.SQLServerStatement.getNextResult(SQLServerStatement.java:1788)
	at com.microsoft.sqlserver.jdbc.SQLServerStatement.doExecuteStatement(SQLServerStatement.java:975)
	at com.microsoft.sqlserver.jdbc.SQLServerStatement$StmtExecCmd.doExecute(SQLServerStatement.java:869)
	at com.microsoft.sqlserver.jdbc.TDSCommand.execute(IOBuffer.java:7825)
	at com.microsoft.sqlserver.jdbc.SQLServerConnection.executeCommand(SQLServerConnection.java:4828)
	at com.microsoft.sqlserver.jdbc.SQLServerStatement.executeCommand(SQLServerStatement.java:321)
	at com.microsoft.sqlserver.jdbc.SQLServerStatement.executeStatement(SQLServerStatement.java:253)
	at com.microsoft.sqlserver.jdbc.SQLServerStatement.execute(SQLServerStatement.java:842)
	at com.zaxxer.hikari.pool.ProxyStatement.execute(ProxyStatement.java:95)
	at com.zaxxer.hikari.pool.HikariProxyStatement.execute(HikariProxyStatement.java)
	at org.hibernate.tool.schema.internal.exec.GenerationTargetToDatabase.accept(GenerationTargetToDatabase.java:76)
	... 38 common frames omitted
2026-06-02 16:07:09.475 [main] INFO  o.s.o.j.LocalContainerEntityManagerFactoryBean - Initialized JPA EntityManagerFactory for persistence unit 'default'
2026-06-02 16:07:09.521 [main] INFO  o.s.d.j.r.q.QueryEnhancerFactories - Hibernate is in classpath; If applicable, HQL parser will be used.
2026-06-02 16:07:10.369 [main] WARN  o.s.b.j.a.JpaBaseConfiguration$JpaWebConfiguration - spring.jpa.open-in-view is enabled by default. Therefore, database queries may be performed during view rendering. Explicitly configure spring.jpa.open-in-view to disable this warning
2026-06-02 16:07:10.413 [main] INFO  o.s.s.c.a.a.c.InitializeUserDetailsBeanManagerConfigurer$InitializeUserDetailsManagerConfigurer - Global AuthenticationManager configured with UserDetailsService bean with name myUserDetailsServiceImpl
2026-06-02 16:07:10.512 [main] INFO  o.s.b.w.a.WelcomePageHandlerMapping - Adding welcome page template: index
2026-06-02 16:07:11.714 [main] INFO  o.s.cloud.commons.util.InetUtils - Cannot determine local hostname
2026-06-02 16:07:11.839 [main] INFO  o.a.coyote.http11.Http11NioProtocol - Starting ProtocolHandler ["http-nio-8080"]
2026-06-02 16:07:11.879 [main] INFO  o.s.boot.tomcat.TomcatWebServer - Tomcat started on port 8080 (http) with context path '/'
2026-06-02 16:07:12.912 [main] INFO  o.s.cloud.commons.util.InetUtils - Cannot determine local hostname
2026-06-02 16:07:12.927 [main] INFO  c.e.a.AttendanceSystemApplication - Started AttendanceSystemApplication in 9.519 seconds (process running for 10.186)
2026-06-02 16:07:36.716 [http-nio-8080-exec-1] INFO  o.a.c.c.C.[Tomcat].[localhost].[/] - Initializing Spring DispatcherServlet 'dispatcherServlet'
2026-06-02 16:07:36.717 [http-nio-8080-exec-1] INFO  o.s.web.servlet.DispatcherServlet - Initializing Servlet 'dispatcherServlet'
2026-06-02 16:07:36.718 [http-nio-8080-exec-1] INFO  o.s.web.servlet.DispatcherServlet - Completed initialization in 1 ms
2026-06-02 16:07:36.911 [http-nio-8080-exec-2] DEBUG org.hibernate.SQL - 
    select
        u1_0.id,
        u1_0.class_name,
        u1_0.create_time,
        u1_0.gender,
        u1_0.real_name,
        u1_0.username,
        u1_0.userpassword,
        u1_0.userrole 
    from
        my_user u1_0 
    where
        u1_0.username=?
2026-06-02 16:07:36.954 [http-nio-8080-exec-2] DEBUG org.hibernate.SQL - 
    select
        c1_0.id,
        c1_0.class_name,
        c1_0.course_id,
        c1_0.course_name,
        c1_0.create_time,
        c1_0.location,
        c1_0.teacher_id,
        c1_0.teacher_name,
        c1_0.time_slot,
        c1_0.week_day 
    from
        course c1_0
2026-06-02 16:07:36.965 [http-nio-8080-exec-2] DEBUG org.hibernate.SQL - 
    select
        count_big(*) 
    from
        student s1_0
2026-06-02 16:07:36.975 [http-nio-8080-exec-2] DEBUG org.hibernate.SQL - 
    select
        count_big(u1_0.id) 
    from
        my_user u1_0 
    where
        upper(u1_0.userrole)=upper(?)
2026-06-02 16:07:36.978 [http-nio-8080-exec-2] DEBUG org.hibernate.SQL - 
    select
        count_big(*) 
    from
        course c1_0
2026-06-02 16:07:36.982 [http-nio-8080-exec-2] DEBUG org.hibernate.SQL - 
    select
        a1_0.id,
        a1_0.check_in_time,
        a1_0.course_id,
        a1_0.create_time,
        a1_0.ip_address,
        a1_0.reason,
        a1_0.sign_in_id,
        a1_0.student_id,
        a1_0.student_name,
        a1_0.student_status,
        a1_0.update_time 
    from
        attendance a1_0 
    where
        a1_0.course_id=?
2026-06-02 16:07:36.987 [http-nio-8080-exec-2] DEBUG org.hibernate.SQL - 
    select
        a1_0.id,
        a1_0.check_in_time,
        a1_0.course_id,
        a1_0.create_time,
        a1_0.ip_address,
        a1_0.reason,
        a1_0.sign_in_id,
        a1_0.student_id,
        a1_0.student_name,
        a1_0.student_status,
        a1_0.update_time 
    from
        attendance a1_0 
    where
        a1_0.course_id=?
2026-06-02 16:07:36.987 [http-nio-8080-exec-2] DEBUG org.hibernate.SQL - 
    select
        a1_0.id,
        a1_0.check_in_time,
        a1_0.course_id,
        a1_0.create_time,
        a1_0.ip_address,
        a1_0.reason,
        a1_0.sign_in_id,
        a1_0.student_id,
        a1_0.student_name,
        a1_0.student_status,
        a1_0.update_time 
    from
        attendance a1_0 
    where
        a1_0.course_id=?
2026-06-02 16:15:27.828 [http-nio-8080-exec-7] DEBUG org.hibernate.SQL - 
    select
        u1_0.id,
        u1_0.class_name,
        u1_0.create_time,
        u1_0.gender,
        u1_0.real_name,
        u1_0.username,
        u1_0.userpassword,
        u1_0.userrole 
    from
        my_user u1_0 
    where
        u1_0.username=?
2026-06-02 16:15:27.856 [http-nio-8080-exec-7] DEBUG org.hibernate.SQL - 
    select
        c1_0.id,
        c1_0.class_name,
        c1_0.course_id,
        c1_0.course_name,
        c1_0.create_time,
        c1_0.location,
        c1_0.teacher_id,
        c1_0.teacher_name,
        c1_0.time_slot,
        c1_0.week_day 
    from
        course c1_0
2026-06-02 16:15:27.864 [http-nio-8080-exec-7] DEBUG org.hibernate.SQL - 
    select
        count_big(*) 
    from
        student s1_0
2026-06-02 16:15:27.868 [http-nio-8080-exec-7] DEBUG org.hibernate.SQL - 
    select
        count_big(u1_0.id) 
    from
        my_user u1_0 
    where
        upper(u1_0.userrole)=upper(?)
2026-06-02 16:15:27.873 [http-nio-8080-exec-7] DEBUG org.hibernate.SQL - 
    select
        count_big(*) 
    from
        course c1_0
2026-06-02 16:15:27.875 [http-nio-8080-exec-7] DEBUG org.hibernate.SQL - 
    select
        a1_0.id,
        a1_0.check_in_time,
        a1_0.course_id,
        a1_0.create_time,
        a1_0.ip_address,
        a1_0.reason,
        a1_0.sign_in_id,
        a1_0.student_id,
        a1_0.student_name,
        a1_0.student_status,
        a1_0.update_time 
    from
        attendance a1_0 
    where
        a1_0.course_id=?
2026-06-02 16:15:27.880 [http-nio-8080-exec-7] DEBUG org.hibernate.SQL - 
    select
        a1_0.id,
        a1_0.check_in_time,
        a1_0.course_id,
        a1_0.create_time,
        a1_0.ip_address,
        a1_0.reason,
        a1_0.sign_in_id,
        a1_0.student_id,
        a1_0.student_name,
        a1_0.student_status,
        a1_0.update_time 
    from
        attendance a1_0 
    where
        a1_0.course_id=?
2026-06-02 16:15:27.882 [http-nio-8080-exec-7] DEBUG org.hibernate.SQL - 
    select
        a1_0.id,
        a1_0.check_in_time,
        a1_0.course_id,
        a1_0.create_time,
        a1_0.ip_address,
        a1_0.reason,
        a1_0.sign_in_id,
        a1_0.student_id,
        a1_0.student_name,
        a1_0.student_status,
        a1_0.update_time 
    from
        attendance a1_0 
    where
        a1_0.course_id=?
2026-06-02 16:15:29.985 [http-nio-8080-exec-8] DEBUG c.e.a.service.impl.UserServiceImpl - 查询所有用户列表
2026-06-02 16:15:29.988 [http-nio-8080-exec-8] DEBUG org.hibernate.SQL - 
    select
        u1_0.id,
        u1_0.class_name,
        u1_0.create_time,
        u1_0.gender,
        u1_0.real_name,
        u1_0.username,
        u1_0.userpassword,
        u1_0.userrole 
    from
        my_user u1_0
2026-06-02 16:15:29.997 [http-nio-8080-exec-8] INFO  c.e.a.service.impl.UserServiceImpl - 查询到 73 个用户
2026-06-02 16:15:31.527 [http-nio-8080-exec-1] DEBUG org.hibernate.SQL - 
    select
        u1_0.id,
        u1_0.class_name,
        u1_0.create_time,
        u1_0.gender,
        u1_0.real_name,
        u1_0.username,
        u1_0.userpassword,
        u1_0.userrole 
    from
        my_user u1_0 
    where
        u1_0.username=?
2026-06-02 16:15:31.538 [http-nio-8080-exec-1] DEBUG org.hibernate.SQL - 
    select
        c1_0.id,
        c1_0.class_name,
        c1_0.course_id,
        c1_0.course_name,
        c1_0.create_time,
        c1_0.location,
        c1_0.teacher_id,
        c1_0.teacher_name,
        c1_0.time_slot,
        c1_0.week_day 
    from
        course c1_0
2026-06-02 16:15:31.545 [http-nio-8080-exec-1] DEBUG org.hibernate.SQL - 
    select
        count_big(*) 
    from
        student s1_0
2026-06-02 16:15:31.550 [http-nio-8080-exec-1] DEBUG org.hibernate.SQL - 
    select
        count_big(u1_0.id) 
    from
        my_user u1_0 
    where
        upper(u1_0.userrole)=upper(?)
2026-06-02 16:15:31.552 [http-nio-8080-exec-1] DEBUG org.hibernate.SQL - 
    select
        count_big(*) 
    from
        course c1_0
2026-06-02 16:15:31.556 [http-nio-8080-exec-1] DEBUG org.hibernate.SQL - 
    select
        a1_0.id,
        a1_0.check_in_time,
        a1_0.course_id,
        a1_0.create_time,
        a1_0.ip_address,
        a1_0.reason,
        a1_0.sign_in_id,
        a1_0.student_id,
        a1_0.student_name,
        a1_0.student_status,
        a1_0.update_time 
    from
        attendance a1_0 
    where
        a1_0.course_id=?
2026-06-02 16:15:31.559 [http-nio-8080-exec-1] DEBUG org.hibernate.SQL - 
    select
        a1_0.id,
        a1_0.check_in_time,
        a1_0.course_id,
        a1_0.create_time,
        a1_0.ip_address,
        a1_0.reason,
        a1_0.sign_in_id,
        a1_0.student_id,
        a1_0.student_name,
        a1_0.student_status,
        a1_0.update_time 
    from
        attendance a1_0 
    where
        a1_0.course_id=?
2026-06-02 16:15:31.562 [http-nio-8080-exec-1] DEBUG org.hibernate.SQL - 
    select
        a1_0.id,
        a1_0.check_in_time,
        a1_0.course_id,
        a1_0.create_time,
        a1_0.ip_address,
        a1_0.reason,
        a1_0.sign_in_id,
        a1_0.student_id,
        a1_0.student_name,
        a1_0.student_status,
        a1_0.update_time 
    from
        attendance a1_0 
    where
        a1_0.course_id=?
2026-06-02 16:15:34.392 [http-nio-8080-exec-2] DEBUG org.hibernate.SQL - 
    select
        c1_0.id,
        c1_0.class_name,
        c1_0.course_id,
        c1_0.course_name,
        c1_0.create_time,
        c1_0.location,
        c1_0.teacher_id,
        c1_0.teacher_name,
        c1_0.time_slot,
        c1_0.week_day 
    from
        course c1_0
2026-06-02 16:15:36.393 [http-nio-8080-exec-4] DEBUG org.hibernate.SQL - 
    select
        u1_0.id,
        u1_0.class_name,
        u1_0.create_time,
        u1_0.gender,
        u1_0.real_name,
        u1_0.username,
        u1_0.userpassword,
        u1_0.userrole 
    from
        my_user u1_0 
    where
        u1_0.username=?
2026-06-02 16:15:36.399 [http-nio-8080-exec-4] DEBUG org.hibernate.SQL - 
    select
        c1_0.id,
        c1_0.class_name,
        c1_0.course_id,
        c1_0.course_name,
        c1_0.create_time,
        c1_0.location,
        c1_0.teacher_id,
        c1_0.teacher_name,
        c1_0.time_slot,
        c1_0.week_day 
    from
        course c1_0
2026-06-02 16:15:36.404 [http-nio-8080-exec-4] DEBUG org.hibernate.SQL - 
    select
        count_big(*) 
    from
        student s1_0
2026-06-02 16:15:36.412 [http-nio-8080-exec-4] DEBUG org.hibernate.SQL - 
    select
        count_big(u1_0.id) 
    from
        my_user u1_0 
    where
        upper(u1_0.userrole)=upper(?)
2026-06-02 16:15:36.416 [http-nio-8080-exec-4] DEBUG org.hibernate.SQL - 
    select
        count_big(*) 
    from
        course c1_0
2026-06-02 16:15:36.419 [http-nio-8080-exec-4] DEBUG org.hibernate.SQL - 
    select
        a1_0.id,
        a1_0.check_in_time,
        a1_0.course_id,
        a1_0.create_time,
        a1_0.ip_address,
        a1_0.reason,
        a1_0.sign_in_id,
        a1_0.student_id,
        a1_0.student_name,
        a1_0.student_status,
        a1_0.update_time 
    from
        attendance a1_0 
    where
        a1_0.course_id=?
2026-06-02 16:15:36.422 [http-nio-8080-exec-4] DEBUG org.hibernate.SQL - 
    select
        a1_0.id,
        a1_0.check_in_time,
        a1_0.course_id,
        a1_0.create_time,
        a1_0.ip_address,
        a1_0.reason,
        a1_0.sign_in_id,
        a1_0.student_id,
        a1_0.student_name,
        a1_0.student_status,
        a1_0.update_time 
    from
        attendance a1_0 
    where
        a1_0.course_id=?
2026-06-02 16:15:36.425 [http-nio-8080-exec-4] DEBUG org.hibernate.SQL - 
    select
        a1_0.id,
        a1_0.check_in_time,
        a1_0.course_id,
        a1_0.create_time,
        a1_0.ip_address,
        a1_0.reason,
        a1_0.sign_in_id,
        a1_0.student_id,
        a1_0.student_name,
        a1_0.student_status,
        a1_0.update_time 
    from
        attendance a1_0 
    where
        a1_0.course_id=?
2026-06-02 16:32:59.154 [http-nio-8080-exec-3] DEBUG org.hibernate.SQL - 
    select
        u1_0.id,
        u1_0.class_name,
        u1_0.create_time,
        u1_0.gender,
        u1_0.real_name,
        u1_0.username,
        u1_0.userpassword,
        u1_0.userrole 
    from
        my_user u1_0 
    where
        u1_0.username=?
2026-06-02 16:33:00.946 [http-nio-8080-exec-5] DEBUG org.hibernate.SQL - 
    select
        u1_0.id,
        u1_0.class_name,
        u1_0.create_time,
        u1_0.gender,
        u1_0.real_name,
        u1_0.username,
        u1_0.userpassword,
        u1_0.userrole 
    from
        my_user u1_0 
    where
        u1_0.username=?
2026-06-02 16:33:00.953 [http-nio-8080-exec-5] DEBUG org.hibernate.SQL - 
    select
        c1_0.id,
        c1_0.class_name,
        c1_0.course_id,
        c1_0.course_name,
        c1_0.create_time,
        c1_0.location,
        c1_0.teacher_id,
        c1_0.teacher_name,
        c1_0.time_slot,
        c1_0.week_day 
    from
        course c1_0
2026-06-02 16:33:00.980 [http-nio-8080-exec-5] DEBUG org.hibernate.SQL - 
    select
        count_big(*) 
    from
        student s1_0
2026-06-02 16:33:01.000 [http-nio-8080-exec-5] DEBUG org.hibernate.SQL - 
    select
        count_big(u1_0.id) 
    from
        my_user u1_0 
    where
        upper(u1_0.userrole)=upper(?)
2026-06-02 16:33:01.008 [http-nio-8080-exec-5] DEBUG org.hibernate.SQL - 
    select
        count_big(*) 
    from
        course c1_0
2026-06-02 16:33:01.013 [http-nio-8080-exec-5] DEBUG org.hibernate.SQL - 
    select
        a1_0.id,
        a1_0.check_in_time,
        a1_0.course_id,
        a1_0.create_time,
        a1_0.ip_address,
        a1_0.reason,
        a1_0.sign_in_id,
        a1_0.student_id,
        a1_0.student_name,
        a1_0.student_status,
        a1_0.update_time 
    from
        attendance a1_0 
    where
        a1_0.course_id=?
2026-06-02 16:33:01.021 [http-nio-8080-exec-5] DEBUG org.hibernate.SQL - 
    select
        a1_0.id,
        a1_0.check_in_time,
        a1_0.course_id,
        a1_0.create_time,
        a1_0.ip_address,
        a1_0.reason,
        a1_0.sign_in_id,
        a1_0.student_id,
        a1_0.student_name,
        a1_0.student_status,
        a1_0.update_time 
    from
        attendance a1_0 
    where
        a1_0.course_id=?
2026-06-02 16:33:01.028 [http-nio-8080-exec-5] DEBUG org.hibernate.SQL - 
    select
        a1_0.id,
        a1_0.check_in_time,
        a1_0.course_id,
        a1_0.create_time,
        a1_0.ip_address,
        a1_0.reason,
        a1_0.sign_in_id,
        a1_0.student_id,
        a1_0.student_name,
        a1_0.student_status,
        a1_0.update_time 
    from
        attendance a1_0 
    where
        a1_0.course_id=?
2026-06-02 16:33:51.931 [http-nio-8080-exec-10] DEBUG org.hibernate.SQL - 
    select
        u1_0.id,
        u1_0.class_name,
        u1_0.create_time,
        u1_0.gender,
        u1_0.real_name,
        u1_0.username,
        u1_0.userpassword,
        u1_0.userrole 
    from
        my_user u1_0 
    where
        u1_0.username=?
2026-06-02 16:33:53.702 [http-nio-8080-exec-1] DEBUG org.hibernate.SQL - 
    select
        u1_0.id,
        u1_0.class_name,
        u1_0.create_time,
        u1_0.gender,
        u1_0.real_name,
        u1_0.username,
        u1_0.userpassword,
        u1_0.userrole 
    from
        my_user u1_0 
    where
        u1_0.username=?
2026-06-02 16:33:53.711 [http-nio-8080-exec-1] DEBUG org.hibernate.SQL - 
    select
        c1_0.id,
        c1_0.class_name,
        c1_0.course_id,
        c1_0.course_name,
        c1_0.create_time,
        c1_0.location,
        c1_0.teacher_id,
        c1_0.teacher_name,
        c1_0.time_slot,
        c1_0.week_day 
    from
        course c1_0 
    where
        c1_0.teacher_id=?
2026-06-02 16:33:53.738 [http-nio-8080-exec-1] DEBUG org.hibernate.SQL - 
    select
        count_big(distinct cs1_0.student_id) 
    from
        course_selection cs1_0 
    where
        cs1_0.course_id in (?, ?, ?) 
        and cs1_0.status=1
2026-06-02 16:33:53.754 [http-nio-8080-exec-1] DEBUG org.hibernate.SQL - 
    select
        a1_0.id,
        a1_0.check_in_time,
        a1_0.course_id,
        a1_0.create_time,
        a1_0.ip_address,
        a1_0.reason,
        a1_0.sign_in_id,
        a1_0.student_id,
        a1_0.student_name,
        a1_0.student_status,
        a1_0.update_time 
    from
        attendance a1_0 
    where
        a1_0.course_id=?
2026-06-02 16:33:53.765 [http-nio-8080-exec-1] DEBUG org.hibernate.SQL - 
    select
        a1_0.id,
        a1_0.check_in_time,
        a1_0.course_id,
        a1_0.create_time,
        a1_0.ip_address,
        a1_0.reason,
        a1_0.sign_in_id,
        a1_0.student_id,
        a1_0.student_name,
        a1_0.student_status,
        a1_0.update_time 
    from
        attendance a1_0 
    where
        a1_0.course_id=?
2026-06-02 16:33:53.767 [http-nio-8080-exec-1] DEBUG org.hibernate.SQL - 
    select
        a1_0.id,
        a1_0.check_in_time,
        a1_0.course_id,
        a1_0.create_time,
        a1_0.ip_address,
        a1_0.reason,
        a1_0.sign_in_id,
        a1_0.student_id,
        a1_0.student_name,
        a1_0.student_status,
        a1_0.update_time 
    from
        attendance a1_0 
    where
        a1_0.course_id=?
2026-06-02 16:33:56.488 [http-nio-8080-exec-3] DEBUG org.hibernate.SQL - 
    select
        u1_0.id,
        u1_0.class_name,
        u1_0.create_time,
        u1_0.gender,
        u1_0.real_name,
        u1_0.username,
        u1_0.userpassword,
        u1_0.userrole 
    from
        my_user u1_0 
    where
        u1_0.username=?
2026-06-02 16:33:56.492 [http-nio-8080-exec-3] DEBUG org.hibernate.SQL - 
    select
        c1_0.id,
        c1_0.class_name,
        c1_0.course_id,
        c1_0.course_name,
        c1_0.create_time,
        c1_0.location,
        c1_0.teacher_id,
        c1_0.teacher_name,
        c1_0.time_slot,
        c1_0.week_day 
    from
        course c1_0 
    where
        c1_0.teacher_id=?
2026-06-02 16:33:56.496 [http-nio-8080-exec-4] DEBUG c.e.a.s.impl.AttendanceServiceImpl - 按条件查询考勤记录，学生ID: null, 课程ID: null, 状态: null
2026-06-02 16:33:56.496 [http-nio-8080-exec-3] DEBUG org.hibernate.SQL - 
    select
        count_big(distinct cs1_0.student_id) 
    from
        course_selection cs1_0 
    where
        cs1_0.course_id in (?, ?, ?) 
        and cs1_0.status=1
2026-06-02 16:33:56.498 [http-nio-8080-exec-3] DEBUG org.hibernate.SQL - 
    select
        a1_0.id,
        a1_0.check_in_time,
        a1_0.course_id,
        a1_0.create_time,
        a1_0.ip_address,
        a1_0.reason,
        a1_0.sign_in_id,
        a1_0.student_id,
        a1_0.student_name,
        a1_0.student_status,
        a1_0.update_time 
    from
        attendance a1_0 
    where
        a1_0.course_id=?
2026-06-02 16:33:56.502 [http-nio-8080-exec-3] DEBUG org.hibernate.SQL - 
    select
        a1_0.id,
        a1_0.check_in_time,
        a1_0.course_id,
        a1_0.create_time,
        a1_0.ip_address,
        a1_0.reason,
        a1_0.sign_in_id,
        a1_0.student_id,
        a1_0.student_name,
        a1_0.student_status,
        a1_0.update_time 
    from
        attendance a1_0 
    where
        a1_0.course_id=?
2026-06-02 16:33:56.504 [http-nio-8080-exec-3] DEBUG org.hibernate.SQL - 
    select
        a1_0.id,
        a1_0.check_in_time,
        a1_0.course_id,
        a1_0.create_time,
        a1_0.ip_address,
        a1_0.reason,
        a1_0.sign_in_id,
        a1_0.student_id,
        a1_0.student_name,
        a1_0.student_status,
        a1_0.update_time 
    from
        attendance a1_0 
    where
        a1_0.course_id=?
2026-06-02 16:33:56.516 [http-nio-8080-exec-4] DEBUG org.hibernate.SQL - 
    select
        a1_0.id,
        a1_0.check_in_time,
        a1_0.course_id,
        a1_0.create_time,
        a1_0.ip_address,
        a1_0.reason,
        a1_0.sign_in_id,
        a1_0.student_id,
        a1_0.student_name,
        a1_0.student_status,
        a1_0.update_time 
    from
        attendance a1_0 
    where
        1=1 
    order by
        a1_0.check_in_time desc 
    offset
        ? rows 
    fetch
        first ? rows only
2026-06-02 16:33:56.528 [http-nio-8080-exec-4] DEBUG org.hibernate.SQL - 
    select
        count_big(a1_0.id) 
    from
        attendance a1_0 
    where
        1=1
2026-06-02 16:33:56.534 [http-nio-8080-exec-4] INFO  c.e.a.s.impl.AttendanceServiceImpl - 条件查询考勤记录完成，总数: 29
2026-06-02 16:33:56.542 [http-nio-8080-exec-4] WARN  o.s.d.w.c.SpringDataJackson3Configuration$PageModule$WarningLoggingModifier - Serializing PageImpl instances as-is is not supported, meaning that there is no guarantee about the stability of the resulting JSON structure!
	For a stable JSON structure, please use Spring Data's PagedModel (globally via @EnableSpringDataWebSupport(pageSerializationMode = VIA_DTO))
	or Spring HATEOAS and Spring Data's PagedResourcesAssembler as documented in https://docs.spring.io/spring-data/commons/reference/repositories/core-extensions.html#core.web.pageables.

2026-06-02 16:34:01.399 [http-nio-8080-exec-5] DEBUG c.e.a.s.impl.AttendanceServiceImpl - 按条件查询考勤记录，学生ID: null, 课程ID: null, 状态: null
2026-06-02 16:34:01.404 [http-nio-8080-exec-5] DEBUG org.hibernate.SQL - 
    select
        a1_0.id,
        a1_0.check_in_time,
        a1_0.course_id,
        a1_0.create_time,
        a1_0.ip_address,
        a1_0.reason,
        a1_0.sign_in_id,
        a1_0.student_id,
        a1_0.student_name,
        a1_0.student_status,
        a1_0.update_time 
    from
        attendance a1_0 
    where
        1=1 
    order by
        a1_0.check_in_time desc 
    offset
        ? rows 
    fetch
        first ? rows only
2026-06-02 16:34:01.409 [http-nio-8080-exec-5] DEBUG org.hibernate.SQL - 
    select
        count_big(a1_0.id) 
    from
        attendance a1_0 
    where
        1=1
2026-06-02 16:34:01.412 [http-nio-8080-exec-5] INFO  c.e.a.s.impl.AttendanceServiceImpl - 条件查询考勤记录完成，总数: 29
2026-06-02 16:34:03.993 [http-nio-8080-exec-7] DEBUG org.hibernate.SQL - 
    select
        u1_0.id,
        u1_0.class_name,
        u1_0.create_time,
        u1_0.gender,
        u1_0.real_name,
        u1_0.username,
        u1_0.userpassword,
        u1_0.userrole 
    from
        my_user u1_0 
    where
        u1_0.username=?
2026-06-02 16:34:03.999 [http-nio-8080-exec-7] DEBUG org.hibernate.SQL - 
    select
        c1_0.id,
        c1_0.class_name,
        c1_0.course_id,
        c1_0.course_name,
        c1_0.create_time,
        c1_0.location,
        c1_0.teacher_id,
        c1_0.teacher_name,
        c1_0.time_slot,
        c1_0.week_day 
    from
        course c1_0 
    where
        c1_0.teacher_id=?
2026-06-02 16:34:04.002 [http-nio-8080-exec-7] DEBUG org.hibernate.SQL - 
    select
        count_big(distinct cs1_0.student_id) 
    from
        course_selection cs1_0 
    where
        cs1_0.course_id in (?, ?, ?) 
        and cs1_0.status=1
2026-06-02 16:34:04.006 [http-nio-8080-exec-7] DEBUG org.hibernate.SQL - 
    select
        a1_0.id,
        a1_0.check_in_time,
        a1_0.course_id,
        a1_0.create_time,
        a1_0.ip_address,
        a1_0.reason,
        a1_0.sign_in_id,
        a1_0.student_id,
        a1_0.student_name,
        a1_0.student_status,
        a1_0.update_time 
    from
        attendance a1_0 
    where
        a1_0.course_id=?
2026-06-02 16:34:04.008 [http-nio-8080-exec-7] DEBUG org.hibernate.SQL - 
    select
        a1_0.id,
        a1_0.check_in_time,
        a1_0.course_id,
        a1_0.create_time,
        a1_0.ip_address,
        a1_0.reason,
        a1_0.sign_in_id,
        a1_0.student_id,
        a1_0.student_name,
        a1_0.student_status,
        a1_0.update_time 
    from
        attendance a1_0 
    where
        a1_0.course_id=?
2026-06-02 16:34:04.011 [http-nio-8080-exec-7] DEBUG org.hibernate.SQL - 
    select
        a1_0.id,
        a1_0.check_in_time,
        a1_0.course_id,
        a1_0.create_time,
        a1_0.ip_address,
        a1_0.reason,
        a1_0.sign_in_id,
        a1_0.student_id,
        a1_0.student_name,
        a1_0.student_status,
        a1_0.update_time 
    from
        attendance a1_0 
    where
        a1_0.course_id=?
2026-06-02 16:34:06.119 [http-nio-8080-exec-8] DEBUG c.e.a.s.impl.AttendanceServiceImpl - 按条件查询考勤记录，学生ID: null, 课程ID: null, 状态: null
2026-06-02 16:34:06.124 [http-nio-8080-exec-8] DEBUG org.hibernate.SQL - 
    select
        a1_0.id,
        a1_0.check_in_time,
        a1_0.course_id,
        a1_0.create_time,
        a1_0.ip_address,
        a1_0.reason,
        a1_0.sign_in_id,
        a1_0.student_id,
        a1_0.student_name,
        a1_0.student_status,
        a1_0.update_time 
    from
        attendance a1_0 
    where
        1=1 
    order by
        a1_0.check_in_time desc 
    offset
        ? rows 
    fetch
        first ? rows only
2026-06-02 16:34:06.129 [http-nio-8080-exec-8] DEBUG org.hibernate.SQL - 
    select
        count_big(a1_0.id) 
    from
        attendance a1_0 
    where
        1=1
2026-06-02 16:34:06.132 [http-nio-8080-exec-8] INFO  c.e.a.s.impl.AttendanceServiceImpl - 条件查询考勤记录完成，总数: 29
2026-06-02 16:34:08.860 [http-nio-8080-exec-9] DEBUG org.hibernate.SQL - 
    select
        u1_0.id,
        u1_0.class_name,
        u1_0.create_time,
        u1_0.gender,
        u1_0.real_name,
        u1_0.username,
        u1_0.userpassword,
        u1_0.userrole 
    from
        my_user u1_0 
    where
        u1_0.username=?
2026-06-02 16:34:08.863 [http-nio-8080-exec-9] DEBUG org.hibernate.SQL - 
    select
        c1_0.id,
        c1_0.class_name,
        c1_0.course_id,
        c1_0.course_name,
        c1_0.create_time,
        c1_0.location,
        c1_0.teacher_id,
        c1_0.teacher_name,
        c1_0.time_slot,
        c1_0.week_day 
    from
        course c1_0 
    where
        c1_0.teacher_id=?
2026-06-02 16:34:08.866 [http-nio-8080-exec-9] DEBUG org.hibernate.SQL - 
    select
        count_big(distinct cs1_0.student_id) 
    from
        course_selection cs1_0 
    where
        cs1_0.course_id in (?, ?, ?) 
        and cs1_0.status=1
2026-06-02 16:34:08.869 [http-nio-8080-exec-9] DEBUG org.hibernate.SQL - 
    select
        a1_0.id,
        a1_0.check_in_time,
        a1_0.course_id,
        a1_0.create_time,
        a1_0.ip_address,
        a1_0.reason,
        a1_0.sign_in_id,
        a1_0.student_id,
        a1_0.student_name,
        a1_0.student_status,
        a1_0.update_time 
    from
        attendance a1_0 
    where
        a1_0.course_id=?
2026-06-02 16:34:08.872 [http-nio-8080-exec-9] DEBUG org.hibernate.SQL - 
    select
        a1_0.id,
        a1_0.check_in_time,
        a1_0.course_id,
        a1_0.create_time,
        a1_0.ip_address,
        a1_0.reason,
        a1_0.sign_in_id,
        a1_0.student_id,
        a1_0.student_name,
        a1_0.student_status,
        a1_0.update_time 
    from
        attendance a1_0 
    where
        a1_0.course_id=?
2026-06-02 16:34:08.875 [http-nio-8080-exec-9] DEBUG org.hibernate.SQL - 
    select
        a1_0.id,
        a1_0.check_in_time,
        a1_0.course_id,
        a1_0.create_time,
        a1_0.ip_address,
        a1_0.reason,
        a1_0.sign_in_id,
        a1_0.student_id,
        a1_0.student_name,
        a1_0.student_status,
        a1_0.update_time 
    from
        attendance a1_0 
    where
        a1_0.course_id=?
2026-06-02 16:34:10.452 [http-nio-8080-exec-1] DEBUG c.e.a.s.impl.StudentServiceImpl - 查询所有学生列表
2026-06-02 16:34:10.460 [http-nio-8080-exec-1] DEBUG org.hibernate.SQL - 
    select
        s1_0.student_id,
        s1_0.age,
        s1_0.class_name,
        s1_0.gender,
        s1_0.student_name 
    from
        student s1_0
2026-06-02 16:34:10.478 [http-nio-8080-exec-1] INFO  c.e.a.s.impl.StudentServiceImpl - 查询到 64 名学生
2026-06-02 16:34:18.364 [http-nio-8080-exec-2] DEBUG c.e.a.s.impl.StudentServiceImpl - 查询学生信息，学生ID: 42211127
2026-06-02 16:34:18.384 [http-nio-8080-exec-2] DEBUG org.hibernate.SQL - 
    select
        s1_0.student_id,
        s1_0.age,
        s1_0.class_name,
        s1_0.gender,
        s1_0.student_name 
    from
        student s1_0 
    where
        s1_0.student_id=?
2026-06-02 16:34:18.392 [http-nio-8080-exec-2] DEBUG c.e.a.s.impl.StudentServiceImpl - 查询到学生信息，学生ID: 42211127, 姓名: 吴迪
2026-06-02 16:34:58.746 [http-nio-8080-exec-5] DEBUG org.hibernate.SQL - 
    select
        u1_0.id,
        u1_0.class_name,
        u1_0.create_time,
        u1_0.gender,
        u1_0.real_name,
        u1_0.username,
        u1_0.userpassword,
        u1_0.userrole 
    from
        my_user u1_0 
    where
        u1_0.username=?
2026-06-02 16:34:58.774 [http-nio-8080-exec-5] DEBUG org.hibernate.SQL - 
    select
        c1_0.id,
        c1_0.class_name,
        c1_0.course_id,
        c1_0.course_name,
        c1_0.create_time,
        c1_0.location,
        c1_0.teacher_id,
        c1_0.teacher_name,
        c1_0.time_slot,
        c1_0.week_day 
    from
        course c1_0 
    where
        c1_0.teacher_id=?
2026-06-02 16:34:58.782 [http-nio-8080-exec-5] DEBUG org.hibernate.SQL - 
    select
        count_big(distinct cs1_0.student_id) 
    from
        course_selection cs1_0 
    where
        cs1_0.course_id in (?, ?, ?) 
        and cs1_0.status=1
2026-06-02 16:34:58.794 [http-nio-8080-exec-5] DEBUG org.hibernate.SQL - 
    select
        a1_0.id,
        a1_0.check_in_time,
        a1_0.course_id,
        a1_0.create_time,
        a1_0.ip_address,
        a1_0.reason,
        a1_0.sign_in_id,
        a1_0.student_id,
        a1_0.student_name,
        a1_0.student_status,
        a1_0.update_time 
    from
        attendance a1_0 
    where
        a1_0.course_id=?
2026-06-02 16:34:58.800 [http-nio-8080-exec-5] DEBUG org.hibernate.SQL - 
    select
        a1_0.id,
        a1_0.check_in_time,
        a1_0.course_id,
        a1_0.create_time,
        a1_0.ip_address,
        a1_0.reason,
        a1_0.sign_in_id,
        a1_0.student_id,
        a1_0.student_name,
        a1_0.student_status,
        a1_0.update_time 
    from
        attendance a1_0 
    where
        a1_0.course_id=?
2026-06-02 16:34:58.802 [http-nio-8080-exec-5] DEBUG org.hibernate.SQL - 
    select
        a1_0.id,
        a1_0.check_in_time,
        a1_0.course_id,
        a1_0.create_time,
        a1_0.ip_address,
        a1_0.reason,
        a1_0.sign_in_id,
        a1_0.student_id,
        a1_0.student_name,
        a1_0.student_status,
        a1_0.update_time 
    from
        attendance a1_0 
    where
        a1_0.course_id=?
2026-06-02 16:35:00.469 [http-nio-8080-exec-7] DEBUG org.hibernate.SQL - 
    select
        u1_0.id,
        u1_0.class_name,
        u1_0.create_time,
        u1_0.gender,
        u1_0.real_name,
        u1_0.username,
        u1_0.userpassword,
        u1_0.userrole 
    from
        my_user u1_0 
    where
        u1_0.username=?
2026-06-02 16:35:00.475 [http-nio-8080-exec-7] DEBUG org.hibernate.SQL - 
    select
        c1_0.id,
        c1_0.class_name,
        c1_0.course_id,
        c1_0.course_name,
        c1_0.create_time,
        c1_0.location,
        c1_0.teacher_id,
        c1_0.teacher_name,
        c1_0.time_slot,
        c1_0.week_day 
    from
        course c1_0 
    where
        c1_0.teacher_id=?
2026-06-02 16:35:00.478 [http-nio-8080-exec-7] DEBUG org.hibernate.SQL - 
    select
        count_big(distinct cs1_0.student_id) 
    from
        course_selection cs1_0 
    where
        cs1_0.course_id in (?, ?, ?) 
        and cs1_0.status=1
2026-06-02 16:35:00.480 [http-nio-8080-exec-7] DEBUG org.hibernate.SQL - 
    select
        a1_0.id,
        a1_0.check_in_time,
        a1_0.course_id,
        a1_0.create_time,
        a1_0.ip_address,
        a1_0.reason,
        a1_0.sign_in_id,
        a1_0.student_id,
        a1_0.student_name,
        a1_0.student_status,
        a1_0.update_time 
    from
        attendance a1_0 
    where
        a1_0.course_id=?
2026-06-02 16:35:00.484 [http-nio-8080-exec-7] DEBUG org.hibernate.SQL - 
    select
        a1_0.id,
        a1_0.check_in_time,
        a1_0.course_id,
        a1_0.create_time,
        a1_0.ip_address,
        a1_0.reason,
        a1_0.sign_in_id,
        a1_0.student_id,
        a1_0.student_name,
        a1_0.student_status,
        a1_0.update_time 
    from
        attendance a1_0 
    where
        a1_0.course_id=?
2026-06-02 16:35:00.486 [http-nio-8080-exec-7] DEBUG org.hibernate.SQL - 
    select
        a1_0.id,
        a1_0.check_in_time,
        a1_0.course_id,
        a1_0.create_time,
        a1_0.ip_address,
        a1_0.reason,
        a1_0.sign_in_id,
        a1_0.student_id,
        a1_0.student_name,
        a1_0.student_status,
        a1_0.update_time 
    from
        attendance a1_0 
    where
        a1_0.course_id=?
2026-06-02 16:35:00.946 [http-nio-8080-exec-10] DEBUG org.hibernate.SQL - 
    select
        u1_0.id,
        u1_0.class_name,
        u1_0.create_time,
        u1_0.gender,
        u1_0.real_name,
        u1_0.username,
        u1_0.userpassword,
        u1_0.userrole 
    from
        my_user u1_0 
    where
        u1_0.username=?
2026-06-02 16:35:00.948 [http-nio-8080-exec-10] DEBUG org.hibernate.SQL - 
    select
        c1_0.id,
        c1_0.class_name,
        c1_0.course_id,
        c1_0.course_name,
        c1_0.create_time,
        c1_0.location,
        c1_0.teacher_id,
        c1_0.teacher_name,
        c1_0.time_slot,
        c1_0.week_day 
    from
        course c1_0 
    where
        c1_0.teacher_id=?
2026-06-02 16:35:00.952 [http-nio-8080-exec-10] DEBUG org.hibernate.SQL - 
    select
        count_big(distinct cs1_0.student_id) 
    from
        course_selection cs1_0 
    where
        cs1_0.course_id in (?, ?, ?) 
        and cs1_0.status=1
2026-06-02 16:35:00.955 [http-nio-8080-exec-10] DEBUG org.hibernate.SQL - 
    select
        a1_0.id,
        a1_0.check_in_time,
        a1_0.course_id,
        a1_0.create_time,
        a1_0.ip_address,
        a1_0.reason,
        a1_0.sign_in_id,
        a1_0.student_id,
        a1_0.student_name,
        a1_0.student_status,
        a1_0.update_time 
    from
        attendance a1_0 
    where
        a1_0.course_id=?
2026-06-02 16:35:00.958 [http-nio-8080-exec-10] DEBUG org.hibernate.SQL - 
    select
        a1_0.id,
        a1_0.check_in_time,
        a1_0.course_id,
        a1_0.create_time,
        a1_0.ip_address,
        a1_0.reason,
        a1_0.sign_in_id,
        a1_0.student_id,
        a1_0.student_name,
        a1_0.student_status,
        a1_0.update_time 
    from
        attendance a1_0 
    where
        a1_0.course_id=?
2026-06-02 16:35:00.960 [http-nio-8080-exec-10] DEBUG org.hibernate.SQL - 
    select
        a1_0.id,
        a1_0.check_in_time,
        a1_0.course_id,
        a1_0.create_time,
        a1_0.ip_address,
        a1_0.reason,
        a1_0.sign_in_id,
        a1_0.student_id,
        a1_0.student_name,
        a1_0.student_status,
        a1_0.update_time 
    from
        attendance a1_0 
    where
        a1_0.course_id=?
2026-06-02 16:35:16.357 [http-nio-8080-exec-1] DEBUG org.hibernate.SQL - 
    select
        u1_0.id,
        u1_0.class_name,
        u1_0.create_time,
        u1_0.gender,
        u1_0.real_name,
        u1_0.username,
        u1_0.userpassword,
        u1_0.userrole 
    from
        my_user u1_0 
    where
        u1_0.username=?
2026-06-02 16:35:16.374 [http-nio-8080-exec-1] DEBUG org.hibernate.SQL - 
    select
        c1_0.id,
        c1_0.class_name,
        c1_0.course_id,
        c1_0.course_name,
        c1_0.create_time,
        c1_0.location,
        c1_0.teacher_id,
        c1_0.teacher_name,
        c1_0.time_slot,
        c1_0.week_day 
    from
        course c1_0 
    where
        c1_0.teacher_id=?
2026-06-02 16:35:16.377 [http-nio-8080-exec-1] DEBUG org.hibernate.SQL - 
    select
        count_big(distinct cs1_0.student_id) 
    from
        course_selection cs1_0 
    where
        cs1_0.course_id in (?, ?, ?) 
        and cs1_0.status=1
2026-06-02 16:35:16.379 [http-nio-8080-exec-1] DEBUG org.hibernate.SQL - 
    select
        a1_0.id,
        a1_0.check_in_time,
        a1_0.course_id,
        a1_0.create_time,
        a1_0.ip_address,
        a1_0.reason,
        a1_0.sign_in_id,
        a1_0.student_id,
        a1_0.student_name,
        a1_0.student_status,
        a1_0.update_time 
    from
        attendance a1_0 
    where
        a1_0.course_id=?
2026-06-02 16:35:16.381 [http-nio-8080-exec-1] DEBUG org.hibernate.SQL - 
    select
        a1_0.id,
        a1_0.check_in_time,
        a1_0.course_id,
        a1_0.create_time,
        a1_0.ip_address,
        a1_0.reason,
        a1_0.sign_in_id,
        a1_0.student_id,
        a1_0.student_name,
        a1_0.student_status,
        a1_0.update_time 
    from
        attendance a1_0 
    where
        a1_0.course_id=?
2026-06-02 16:35:16.385 [http-nio-8080-exec-1] DEBUG org.hibernate.SQL - 
    select
        a1_0.id,
        a1_0.check_in_time,
        a1_0.course_id,
        a1_0.create_time,
        a1_0.ip_address,
        a1_0.reason,
        a1_0.sign_in_id,
        a1_0.student_id,
        a1_0.student_name,
        a1_0.student_status,
        a1_0.update_time 
    from
        attendance a1_0 
    where
        a1_0.course_id=?
2026-06-02 16:35:17.095 [http-nio-8080-exec-3] DEBUG org.hibernate.SQL - 
    select
        u1_0.id,
        u1_0.class_name,
        u1_0.create_time,
        u1_0.gender,
        u1_0.real_name,
        u1_0.username,
        u1_0.userpassword,
        u1_0.userrole 
    from
        my_user u1_0 
    where
        u1_0.username=?
2026-06-02 16:35:17.098 [http-nio-8080-exec-3] DEBUG org.hibernate.SQL - 
    select
        c1_0.id,
        c1_0.class_name,
        c1_0.course_id,
        c1_0.course_name,
        c1_0.create_time,
        c1_0.location,
        c1_0.teacher_id,
        c1_0.teacher_name,
        c1_0.time_slot,
        c1_0.week_day 
    from
        course c1_0 
    where
        c1_0.teacher_id=?
2026-06-02 16:35:17.107 [http-nio-8080-exec-3] DEBUG org.hibernate.SQL - 
    select
        count_big(distinct cs1_0.student_id) 
    from
        course_selection cs1_0 
    where
        cs1_0.course_id in (?, ?, ?) 
        and cs1_0.status=1
2026-06-02 16:35:17.109 [http-nio-8080-exec-3] DEBUG org.hibernate.SQL - 
    select
        a1_0.id,
        a1_0.check_in_time,
        a1_0.course_id,
        a1_0.create_time,
        a1_0.ip_address,
        a1_0.reason,
        a1_0.sign_in_id,
        a1_0.student_id,
        a1_0.student_name,
        a1_0.student_status,
        a1_0.update_time 
    from
        attendance a1_0 
    where
        a1_0.course_id=?
2026-06-02 16:35:17.110 [http-nio-8080-exec-3] DEBUG org.hibernate.SQL - 
    select
        a1_0.id,
        a1_0.check_in_time,
        a1_0.course_id,
        a1_0.create_time,
        a1_0.ip_address,
        a1_0.reason,
        a1_0.sign_in_id,
        a1_0.student_id,
        a1_0.student_name,
        a1_0.student_status,
        a1_0.update_time 
    from
        attendance a1_0 
    where
        a1_0.course_id=?
2026-06-02 16:35:17.114 [http-nio-8080-exec-3] DEBUG org.hibernate.SQL - 
    select
        a1_0.id,
        a1_0.check_in_time,
        a1_0.course_id,
        a1_0.create_time,
        a1_0.ip_address,
        a1_0.reason,
        a1_0.sign_in_id,
        a1_0.student_id,
        a1_0.student_name,
        a1_0.student_status,
        a1_0.update_time 
    from
        attendance a1_0 
    where
        a1_0.course_id=?
2026-06-02 16:35:17.582 [http-nio-8080-exec-5] DEBUG org.hibernate.SQL - 
    select
        u1_0.id,
        u1_0.class_name,
        u1_0.create_time,
        u1_0.gender,
        u1_0.real_name,
        u1_0.username,
        u1_0.userpassword,
        u1_0.userrole 
    from
        my_user u1_0 
    where
        u1_0.username=?
2026-06-02 16:35:17.585 [http-nio-8080-exec-5] DEBUG org.hibernate.SQL - 
    select
        c1_0.id,
        c1_0.class_name,
        c1_0.course_id,
        c1_0.course_name,
        c1_0.create_time,
        c1_0.location,
        c1_0.teacher_id,
        c1_0.teacher_name,
        c1_0.time_slot,
        c1_0.week_day 
    from
        course c1_0 
    where
        c1_0.teacher_id=?
2026-06-02 16:35:17.587 [http-nio-8080-exec-5] DEBUG org.hibernate.SQL - 
    select
        count_big(distinct cs1_0.student_id) 
    from
        course_selection cs1_0 
    where
        cs1_0.course_id in (?, ?, ?) 
        and cs1_0.status=1
2026-06-02 16:35:17.589 [http-nio-8080-exec-5] DEBUG org.hibernate.SQL - 
    select
        a1_0.id,
        a1_0.check_in_time,
        a1_0.course_id,
        a1_0.create_time,
        a1_0.ip_address,
        a1_0.reason,
        a1_0.sign_in_id,
        a1_0.student_id,
        a1_0.student_name,
        a1_0.student_status,
        a1_0.update_time 
    from
        attendance a1_0 
    where
        a1_0.course_id=?
2026-06-02 16:35:17.591 [http-nio-8080-exec-5] DEBUG org.hibernate.SQL - 
    select
        a1_0.id,
        a1_0.check_in_time,
        a1_0.course_id,
        a1_0.create_time,
        a1_0.ip_address,
        a1_0.reason,
        a1_0.sign_in_id,
        a1_0.student_id,
        a1_0.student_name,
        a1_0.student_status,
        a1_0.update_time 
    from
        attendance a1_0 
    where
        a1_0.course_id=?
2026-06-02 16:35:17.593 [http-nio-8080-exec-5] DEBUG org.hibernate.SQL - 
    select
        a1_0.id,
        a1_0.check_in_time,
        a1_0.course_id,
        a1_0.create_time,
        a1_0.ip_address,
        a1_0.reason,
        a1_0.sign_in_id,
        a1_0.student_id,
        a1_0.student_name,
        a1_0.student_status,
        a1_0.update_time 
    from
        attendance a1_0 
    where
        a1_0.course_id=?
2026-06-02 16:35:51.494 [http-nio-8080-exec-8] DEBUG org.hibernate.SQL - 
    select
        u1_0.id,
        u1_0.class_name,
        u1_0.create_time,
        u1_0.gender,
        u1_0.real_name,
        u1_0.username,
        u1_0.userpassword,
        u1_0.userrole 
    from
        my_user u1_0 
    where
        u1_0.username=?
2026-06-02 16:35:53.250 [http-nio-8080-exec-9] DEBUG org.hibernate.SQL - 
    select
        u1_0.id,
        u1_0.class_name,
        u1_0.create_time,
        u1_0.gender,
        u1_0.real_name,
        u1_0.username,
        u1_0.userpassword,
        u1_0.userrole 
    from
        my_user u1_0 
    where
        u1_0.username=?
2026-06-02 16:35:53.258 [http-nio-8080-exec-9] DEBUG org.hibernate.SQL - 
    select
        cs1_0.id,
        cs1_0.class_name,
        cs1_0.course_id,
        cs1_0.course_name,
        cs1_0.create_time,
        cs1_0.status,
        cs1_0.student_id,
        cs1_0.student_name 
    from
        course_selection cs1_0 
    where
        cs1_0.student_id=? 
        and cs1_0.status=?
2026-06-02 16:35:53.271 [http-nio-8080-exec-9] DEBUG org.hibernate.SQL - 
    select
        c1_0.id,
        c1_0.class_name,
        c1_0.course_id,
        c1_0.course_name,
        c1_0.create_time,
        c1_0.location,
        c1_0.teacher_id,
        c1_0.teacher_name,
        c1_0.time_slot,
        c1_0.week_day 
    from
        course c1_0 
    where
        c1_0.course_id=?
2026-06-02 16:35:53.280 [http-nio-8080-exec-9] DEBUG org.hibernate.SQL - 
    select
        cs1_0.id,
        cs1_0.class_name,
        cs1_0.course_id,
        cs1_0.course_name,
        cs1_0.create_time,
        cs1_0.status,
        cs1_0.student_id,
        cs1_0.student_name 
    from
        course_selection cs1_0 
    where
        cs1_0.student_id=? 
        and cs1_0.status=?
2026-06-02 16:35:53.285 [http-nio-8080-exec-9] DEBUG org.hibernate.SQL - 
    select
        a1_0.id,
        a1_0.check_in_time,
        a1_0.course_id,
        a1_0.create_time,
        a1_0.ip_address,
        a1_0.reason,
        a1_0.sign_in_id,
        a1_0.student_id,
        a1_0.student_name,
        a1_0.student_status,
        a1_0.update_time 
    from
        attendance a1_0 
    where
        a1_0.student_id=?
2026-06-02 16:35:57.045 [http-nio-8080-exec-1] DEBUG org.hibernate.SQL - 
    select
        c1_0.id,
        c1_0.class_name,
        c1_0.course_id,
        c1_0.course_name,
        c1_0.create_time,
        c1_0.location,
        c1_0.teacher_id,
        c1_0.teacher_name,
        c1_0.time_slot,
        c1_0.week_day 
    from
        course c1_0
2026-06-02 16:36:12.394 [http-nio-8080-exec-4] DEBUG org.hibernate.SQL - 
    select
        u1_0.id,
        u1_0.class_name,
        u1_0.create_time,
        u1_0.gender,
        u1_0.real_name,
        u1_0.username,
        u1_0.userpassword,
        u1_0.userrole 
    from
        my_user u1_0 
    where
        u1_0.username=?
2026-06-02 16:36:12.410 [http-nio-8080-exec-4] DEBUG org.hibernate.SQL - 
    select
        cs1_0.id,
        cs1_0.class_name,
        cs1_0.course_id,
        cs1_0.course_name,
        cs1_0.create_time,
        cs1_0.status,
        cs1_0.student_id,
        cs1_0.student_name 
    from
        course_selection cs1_0 
    where
        cs1_0.student_id=? 
        and cs1_0.status=?
2026-06-02 16:36:12.410 [http-nio-8080-exec-4] DEBUG org.hibernate.SQL - 
    select
        c1_0.id,
        c1_0.class_name,
        c1_0.course_id,
        c1_0.course_name,
        c1_0.create_time,
        c1_0.location,
        c1_0.teacher_id,
        c1_0.teacher_name,
        c1_0.time_slot,
        c1_0.week_day 
    from
        course c1_0 
    where
        c1_0.course_id=?
2026-06-02 16:36:12.417 [http-nio-8080-exec-4] DEBUG org.hibernate.SQL - 
    select
        cs1_0.id,
        cs1_0.class_name,
        cs1_0.course_id,
        cs1_0.course_name,
        cs1_0.create_time,
        cs1_0.status,
        cs1_0.student_id,
        cs1_0.student_name 
    from
        course_selection cs1_0 
    where
        cs1_0.student_id=? 
        and cs1_0.status=?
2026-06-02 16:36:12.418 [http-nio-8080-exec-4] DEBUG org.hibernate.SQL - 
    select
        a1_0.id,
        a1_0.check_in_time,
        a1_0.course_id,
        a1_0.create_time,
        a1_0.ip_address,
        a1_0.reason,
        a1_0.sign_in_id,
        a1_0.student_id,
        a1_0.student_name,
        a1_0.student_status,
        a1_0.update_time 
    from
        attendance a1_0 
    where
        a1_0.student_id=?
2026-06-02 16:36:15.008 [http-nio-8080-exec-6] DEBUG org.hibernate.SQL - 
    select
        u1_0.id,
        u1_0.class_name,
        u1_0.create_time,
        u1_0.gender,
        u1_0.real_name,
        u1_0.username,
        u1_0.userpassword,
        u1_0.userrole 
    from
        my_user u1_0 
    where
        u1_0.username=?
2026-06-02 16:36:15.009 [http-nio-8080-exec-6] DEBUG org.hibernate.SQL - 
    select
        cs1_0.id,
        cs1_0.class_name,
        cs1_0.course_id,
        cs1_0.course_name,
        cs1_0.create_time,
        cs1_0.status,
        cs1_0.student_id,
        cs1_0.student_name 
    from
        course_selection cs1_0 
    where
        cs1_0.student_id=? 
        and cs1_0.status=?
2026-06-02 16:36:15.014 [http-nio-8080-exec-6] DEBUG org.hibernate.SQL - 
    select
        c1_0.id,
        c1_0.class_name,
        c1_0.course_id,
        c1_0.course_name,
        c1_0.create_time,
        c1_0.location,
        c1_0.teacher_id,
        c1_0.teacher_name,
        c1_0.time_slot,
        c1_0.week_day 
    from
        course c1_0 
    where
        c1_0.course_id=?
2026-06-02 16:36:15.016 [http-nio-8080-exec-6] DEBUG org.hibernate.SQL - 
    select
        cs1_0.id,
        cs1_0.class_name,
        cs1_0.course_id,
        cs1_0.course_name,
        cs1_0.create_time,
        cs1_0.status,
        cs1_0.student_id,
        cs1_0.student_name 
    from
        course_selection cs1_0 
    where
        cs1_0.student_id=? 
        and cs1_0.status=?
2026-06-02 16:36:15.019 [http-nio-8080-exec-6] DEBUG org.hibernate.SQL - 
    select
        a1_0.id,
        a1_0.check_in_time,
        a1_0.course_id,
        a1_0.create_time,
        a1_0.ip_address,
        a1_0.reason,
        a1_0.sign_in_id,
        a1_0.student_id,
        a1_0.student_name,
        a1_0.student_status,
        a1_0.update_time 
    from
        attendance a1_0 
    where
        a1_0.student_id=?
2026-06-02 16:36:16.644 [http-nio-8080-exec-8] DEBUG org.hibernate.SQL - 
    select
        u1_0.id,
        u1_0.class_name,
        u1_0.create_time,
        u1_0.gender,
        u1_0.real_name,
        u1_0.username,
        u1_0.userpassword,
        u1_0.userrole 
    from
        my_user u1_0 
    where
        u1_0.username=?
2026-06-02 16:36:16.648 [http-nio-8080-exec-8] DEBUG org.hibernate.SQL - 
    select
        cs1_0.id,
        cs1_0.class_name,
        cs1_0.course_id,
        cs1_0.course_name,
        cs1_0.create_time,
        cs1_0.status,
        cs1_0.student_id,
        cs1_0.student_name 
    from
        course_selection cs1_0 
    where
        cs1_0.student_id=? 
        and cs1_0.status=?
2026-06-02 16:36:16.650 [http-nio-8080-exec-8] DEBUG org.hibernate.SQL - 
    select
        c1_0.id,
        c1_0.class_name,
        c1_0.course_id,
        c1_0.course_name,
        c1_0.create_time,
        c1_0.location,
        c1_0.teacher_id,
        c1_0.teacher_name,
        c1_0.time_slot,
        c1_0.week_day 
    from
        course c1_0 
    where
        c1_0.course_id=?
2026-06-02 16:36:16.652 [http-nio-8080-exec-8] DEBUG org.hibernate.SQL - 
    select
        cs1_0.id,
        cs1_0.class_name,
        cs1_0.course_id,
        cs1_0.course_name,
        cs1_0.create_time,
        cs1_0.status,
        cs1_0.student_id,
        cs1_0.student_name 
    from
        course_selection cs1_0 
    where
        cs1_0.student_id=? 
        and cs1_0.status=?
2026-06-02 16:36:16.654 [http-nio-8080-exec-8] DEBUG org.hibernate.SQL - 
    select
        a1_0.id,
        a1_0.check_in_time,
        a1_0.course_id,
        a1_0.create_time,
        a1_0.ip_address,
        a1_0.reason,
        a1_0.sign_in_id,
        a1_0.student_id,
        a1_0.student_name,
        a1_0.student_status,
        a1_0.update_time 
    from
        attendance a1_0 
    where
        a1_0.student_id=?
2026-06-02 16:36:19.139 [http-nio-8080-exec-9] DEBUG org.hibernate.SQL - 
    select
        u1_0.id,
        u1_0.class_name,
        u1_0.create_time,
        u1_0.gender,
        u1_0.real_name,
        u1_0.username,
        u1_0.userpassword,
        u1_0.userrole 
    from
        my_user u1_0 
    where
        u1_0.username=?
2026-06-02 16:36:19.141 [http-nio-8080-exec-9] DEBUG org.hibernate.SQL - 
    select
        cs1_0.id,
        cs1_0.class_name,
        cs1_0.course_id,
        cs1_0.course_name,
        cs1_0.create_time,
        cs1_0.status,
        cs1_0.student_id,
        cs1_0.student_name 
    from
        course_selection cs1_0 
    where
        cs1_0.student_id=? 
        and cs1_0.status=?
2026-06-02 16:36:19.145 [http-nio-8080-exec-9] DEBUG org.hibernate.SQL - 
    select
        c1_0.id,
        c1_0.class_name,
        c1_0.course_id,
        c1_0.course_name,
        c1_0.create_time,
        c1_0.location,
        c1_0.teacher_id,
        c1_0.teacher_name,
        c1_0.time_slot,
        c1_0.week_day 
    from
        course c1_0 
    where
        c1_0.course_id=?
2026-06-02 16:36:19.148 [http-nio-8080-exec-9] DEBUG org.hibernate.SQL - 
    select
        cs1_0.id,
        cs1_0.class_name,
        cs1_0.course_id,
        cs1_0.course_name,
        cs1_0.create_time,
        cs1_0.status,
        cs1_0.student_id,
        cs1_0.student_name 
    from
        course_selection cs1_0 
    where
        cs1_0.student_id=? 
        and cs1_0.status=?
2026-06-02 16:36:19.151 [http-nio-8080-exec-9] DEBUG org.hibernate.SQL - 
    select
        a1_0.id,
        a1_0.check_in_time,
        a1_0.course_id,
        a1_0.create_time,
        a1_0.ip_address,
        a1_0.reason,
        a1_0.sign_in_id,
        a1_0.student_id,
        a1_0.student_name,
        a1_0.student_status,
        a1_0.update_time 
    from
        attendance a1_0 
    where
        a1_0.student_id=?
2026-06-02 16:36:24.819 [http-nio-8080-exec-3] DEBUG org.hibernate.SQL - 
    select
        u1_0.id,
        u1_0.class_name,
        u1_0.create_time,
        u1_0.gender,
        u1_0.real_name,
        u1_0.username,
        u1_0.userpassword,
        u1_0.userrole 
    from
        my_user u1_0 
    where
        u1_0.username=?
2026-06-02 16:36:26.549 [http-nio-8080-exec-5] DEBUG org.hibernate.SQL - 
    select
        u1_0.id,
        u1_0.class_name,
        u1_0.create_time,
        u1_0.gender,
        u1_0.real_name,
        u1_0.username,
        u1_0.userpassword,
        u1_0.userrole 
    from
        my_user u1_0 
    where
        u1_0.username=?
2026-06-02 16:36:26.555 [http-nio-8080-exec-5] DEBUG org.hibernate.SQL - 
    select
        c1_0.id,
        c1_0.class_name,
        c1_0.course_id,
        c1_0.course_name,
        c1_0.create_time,
        c1_0.location,
        c1_0.teacher_id,
        c1_0.teacher_name,
        c1_0.time_slot,
        c1_0.week_day 
    from
        course c1_0 
    where
        c1_0.teacher_id=?
2026-06-02 16:36:26.564 [http-nio-8080-exec-5] DEBUG org.hibernate.SQL - 
    select
        count_big(distinct cs1_0.student_id) 
    from
        course_selection cs1_0 
    where
        cs1_0.course_id in (?, ?, ?) 
        and cs1_0.status=1
2026-06-02 16:36:26.573 [http-nio-8080-exec-5] DEBUG org.hibernate.SQL - 
    select
        a1_0.id,
        a1_0.check_in_time,
        a1_0.course_id,
        a1_0.create_time,
        a1_0.ip_address,
        a1_0.reason,
        a1_0.sign_in_id,
        a1_0.student_id,
        a1_0.student_name,
        a1_0.student_status,
        a1_0.update_time 
    from
        attendance a1_0 
    where
        a1_0.course_id=?
2026-06-02 16:36:26.578 [http-nio-8080-exec-5] DEBUG org.hibernate.SQL - 
    select
        a1_0.id,
        a1_0.check_in_time,
        a1_0.course_id,
        a1_0.create_time,
        a1_0.ip_address,
        a1_0.reason,
        a1_0.sign_in_id,
        a1_0.student_id,
        a1_0.student_name,
        a1_0.student_status,
        a1_0.update_time 
    from
        attendance a1_0 
    where
        a1_0.course_id=?
2026-06-02 16:36:26.580 [http-nio-8080-exec-5] DEBUG org.hibernate.SQL - 
    select
        a1_0.id,
        a1_0.check_in_time,
        a1_0.course_id,
        a1_0.create_time,
        a1_0.ip_address,
        a1_0.reason,
        a1_0.sign_in_id,
        a1_0.student_id,
        a1_0.student_name,
        a1_0.student_status,
        a1_0.update_time 
    from
        attendance a1_0 
    where
        a1_0.course_id=?
2026-06-02 16:36:29.437 [http-nio-8080-exec-6] DEBUG c.e.a.s.impl.StudentServiceImpl - 查询所有学生列表
2026-06-02 16:36:29.440 [http-nio-8080-exec-6] DEBUG org.hibernate.SQL - 
    select
        s1_0.student_id,
        s1_0.age,
        s1_0.class_name,
        s1_0.gender,
        s1_0.student_name 
    from
        student s1_0
2026-06-02 16:36:29.450 [http-nio-8080-exec-6] INFO  c.e.a.s.impl.StudentServiceImpl - 查询到 64 名学生
2026-06-02 16:43:58.022 [http-nio-8080-exec-9] DEBUG org.hibernate.SQL - 
    select
        u1_0.id,
        u1_0.class_name,
        u1_0.create_time,
        u1_0.gender,
        u1_0.real_name,
        u1_0.username,
        u1_0.userpassword,
        u1_0.userrole 
    from
        my_user u1_0 
    where
        u1_0.username=?
2026-06-02 16:43:58.046 [http-nio-8080-exec-9] DEBUG org.hibernate.SQL - 
    select
        c1_0.id,
        c1_0.class_name,
        c1_0.course_id,
        c1_0.course_name,
        c1_0.create_time,
        c1_0.location,
        c1_0.teacher_id,
        c1_0.teacher_name,
        c1_0.time_slot,
        c1_0.week_day 
    from
        course c1_0 
    where
        c1_0.teacher_id=?
2026-06-02 16:43:58.056 [http-nio-8080-exec-9] DEBUG org.hibernate.SQL - 
    select
        count_big(distinct cs1_0.student_id) 
    from
        course_selection cs1_0 
    where
        cs1_0.course_id in (?, ?, ?) 
        and cs1_0.status=1
2026-06-02 16:43:58.068 [http-nio-8080-exec-9] DEBUG org.hibernate.SQL - 
    select
        a1_0.id,
        a1_0.check_in_time,
        a1_0.course_id,
        a1_0.create_time,
        a1_0.ip_address,
        a1_0.reason,
        a1_0.sign_in_id,
        a1_0.student_id,
        a1_0.student_name,
        a1_0.student_status,
        a1_0.update_time 
    from
        attendance a1_0 
    where
        a1_0.course_id=?
2026-06-02 16:43:58.074 [http-nio-8080-exec-9] DEBUG org.hibernate.SQL - 
    select
        a1_0.id,
        a1_0.check_in_time,
        a1_0.course_id,
        a1_0.create_time,
        a1_0.ip_address,
        a1_0.reason,
        a1_0.sign_in_id,
        a1_0.student_id,
        a1_0.student_name,
        a1_0.student_status,
        a1_0.update_time 
    from
        attendance a1_0 
    where
        a1_0.course_id=?
2026-06-02 16:43:58.076 [http-nio-8080-exec-9] DEBUG org.hibernate.SQL - 
    select
        a1_0.id,
        a1_0.check_in_time,
        a1_0.course_id,
        a1_0.create_time,
        a1_0.ip_address,
        a1_0.reason,
        a1_0.sign_in_id,
        a1_0.student_id,
        a1_0.student_name,
        a1_0.student_status,
        a1_0.update_time 
    from
        attendance a1_0 
    where
        a1_0.course_id=?
2026-06-02 16:44:03.440 [http-nio-8080-exec-2] DEBUG org.hibernate.SQL - 
    select
        u1_0.id,
        u1_0.class_name,
        u1_0.create_time,
        u1_0.gender,
        u1_0.real_name,
        u1_0.username,
        u1_0.userpassword,
        u1_0.userrole 
    from
        my_user u1_0 
    where
        u1_0.username=?
2026-06-02 16:44:03.445 [http-nio-8080-exec-2] DEBUG org.hibernate.SQL - 
    select
        c1_0.id,
        c1_0.class_name,
        c1_0.course_id,
        c1_0.course_name,
        c1_0.create_time,
        c1_0.location,
        c1_0.teacher_id,
        c1_0.teacher_name,
        c1_0.time_slot,
        c1_0.week_day 
    from
        course c1_0 
    where
        c1_0.teacher_id=?
2026-06-02 16:44:03.447 [http-nio-8080-exec-2] DEBUG org.hibernate.SQL - 
    select
        count_big(distinct cs1_0.student_id) 
    from
        course_selection cs1_0 
    where
        cs1_0.course_id in (?, ?, ?) 
        and cs1_0.status=1
2026-06-02 16:44:03.449 [http-nio-8080-exec-2] DEBUG org.hibernate.SQL - 
    select
        a1_0.id,
        a1_0.check_in_time,
        a1_0.course_id,
        a1_0.create_time,
        a1_0.ip_address,
        a1_0.reason,
        a1_0.sign_in_id,
        a1_0.student_id,
        a1_0.student_name,
        a1_0.student_status,
        a1_0.update_time 
    from
        attendance a1_0 
    where
        a1_0.course_id=?
2026-06-02 16:44:03.451 [http-nio-8080-exec-2] DEBUG org.hibernate.SQL - 
    select
        a1_0.id,
        a1_0.check_in_time,
        a1_0.course_id,
        a1_0.create_time,
        a1_0.ip_address,
        a1_0.reason,
        a1_0.sign_in_id,
        a1_0.student_id,
        a1_0.student_name,
        a1_0.student_status,
        a1_0.update_time 
    from
        attendance a1_0 
    where
        a1_0.course_id=?
2026-06-02 16:44:03.454 [http-nio-8080-exec-2] DEBUG org.hibernate.SQL - 
    select
        a1_0.id,
        a1_0.check_in_time,
        a1_0.course_id,
        a1_0.create_time,
        a1_0.ip_address,
        a1_0.reason,
        a1_0.sign_in_id,
        a1_0.student_id,
        a1_0.student_name,
        a1_0.student_status,
        a1_0.update_time 
    from
        attendance a1_0 
    where
        a1_0.course_id=?
2026-06-02 16:44:03.463 [http-nio-8080-exec-3] DEBUG org.hibernate.SQL - 
    select
        c1_0.id,
        c1_0.class_name,
        c1_0.course_id,
        c1_0.course_name,
        c1_0.create_time,
        c1_0.location,
        c1_0.teacher_id,
        c1_0.teacher_name,
        c1_0.time_slot,
        c1_0.week_day 
    from
        course c1_0 
    where
        c1_0.teacher_id=?
2026-06-02 16:44:03.476 [http-nio-8080-exec-3] DEBUG org.hibernate.SQL - 
    select
        distinct s1_0.class_name 
    from
        course_selection cs1_0 
    join
        student s1_0 
            on cs1_0.student_id=s1_0.student_id 
    where
        cs1_0.course_id in (?, ?, ?)
2026-06-02 16:44:03.514 [http-nio-8080-exec-4] DEBUG org.hibernate.SQL - 
    select
        u1_0.id,
        u1_0.class_name,
        u1_0.create_time,
        u1_0.gender,
        u1_0.real_name,
        u1_0.username,
        u1_0.userpassword,
        u1_0.userrole 
    from
        my_user u1_0 
    where
        u1_0.username=?
2026-06-02 16:44:03.520 [http-nio-8080-exec-4] DEBUG org.hibernate.SQL - 
    select
        c1_0.id,
        c1_0.class_name,
        c1_0.course_id,
        c1_0.course_name,
        c1_0.create_time,
        c1_0.location,
        c1_0.teacher_id,
        c1_0.teacher_name,
        c1_0.time_slot,
        c1_0.week_day 
    from
        course c1_0 
    where
        c1_0.teacher_id=?
2026-06-02 16:44:03.525 [http-nio-8080-exec-4] DEBUG org.hibernate.SQL - 
    select
        count_big(distinct cs1_0.student_id) 
    from
        course_selection cs1_0 
    where
        cs1_0.course_id in (?, ?, ?) 
        and cs1_0.status=1
2026-06-02 16:44:03.544 [http-nio-8080-exec-4] DEBUG org.hibernate.SQL - 
    select
        count_big(a1_0.id) 
    from
        attendance a1_0 
    where
        a1_0.check_in_time between ? and ? 
        and a1_0.course_id in (?, ?, ?) 
        and exists(select
            cs1_0.id from course_selection cs1_0 
        where
            cs1_0.student_id=a1_0.student_id 
            and cs1_0.course_id=a1_0.course_id 
            and cs1_0.status=1) 
        and (
            ? is null 
            or ?='' 
            or exists(select
                s1_0.student_id from student s1_0 
            where
                s1_0.student_id=a1_0.student_id 
                and s1_0.class_name=?)
        )
2026-06-02 16:44:03.596 [http-nio-8080-exec-4] DEBUG org.hibernate.SQL - 
    select
        count_big(a1_0.id) 
    from
        attendance a1_0 
    where
        a1_0.student_status=? 
        and a1_0.check_in_time between ? and ? 
        and a1_0.course_id in (?, ?, ?) 
        and exists(select
            cs1_0.id from course_selection cs1_0 
        where
            cs1_0.student_id=a1_0.student_id 
            and cs1_0.course_id=a1_0.course_id 
            and cs1_0.status=1) 
        and (
            ? is null 
            or ?='' 
            or exists(select
                s1_0.student_id from student s1_0 
            where
                s1_0.student_id=a1_0.student_id 
                and s1_0.class_name=?)
        )
2026-06-02 16:44:03.636 [http-nio-8080-exec-4] DEBUG org.hibernate.SQL - 
    select
        count_big(a1_0.id) 
    from
        attendance a1_0 
    where
        a1_0.student_status=? 
        and a1_0.check_in_time between ? and ? 
        and a1_0.course_id in (?, ?, ?) 
        and exists(select
            cs1_0.id from course_selection cs1_0 
        where
            cs1_0.student_id=a1_0.student_id 
            and cs1_0.course_id=a1_0.course_id 
            and cs1_0.status=1) 
        and (
            ? is null 
            or ?='' 
            or exists(select
                s1_0.student_id from student s1_0 
            where
                s1_0.student_id=a1_0.student_id 
                and s1_0.class_name=?)
        )
2026-06-02 16:44:03.639 [http-nio-8080-exec-4] DEBUG org.hibernate.SQL - 
    select
        count_big(a1_0.id) 
    from
        attendance a1_0 
    where
        a1_0.student_status=? 
        and a1_0.check_in_time between ? and ? 
        and a1_0.course_id in (?, ?, ?) 
        and exists(select
            cs1_0.id from course_selection cs1_0 
        where
            cs1_0.student_id=a1_0.student_id 
            and cs1_0.course_id=a1_0.course_id 
            and cs1_0.status=1) 
        and (
            ? is null 
            or ?='' 
            or exists(select
                s1_0.student_id from student s1_0 
            where
                s1_0.student_id=a1_0.student_id 
                and s1_0.class_name=?)
        )
2026-06-02 16:44:03.645 [http-nio-8080-exec-4] DEBUG org.hibernate.SQL - 
    select
        count_big(a1_0.id) 
    from
        attendance a1_0 
    where
        a1_0.student_status=? 
        and a1_0.check_in_time between ? and ? 
        and a1_0.course_id in (?, ?, ?) 
        and exists(select
            cs1_0.id from course_selection cs1_0 
        where
            cs1_0.student_id=a1_0.student_id 
            and cs1_0.course_id=a1_0.course_id 
            and cs1_0.status=1) 
        and (
            ? is null 
            or ?='' 
            or exists(select
                s1_0.student_id from student s1_0 
            where
                s1_0.student_id=a1_0.student_id 
                and s1_0.class_name=?)
        )
2026-06-02 16:44:03.650 [http-nio-8080-exec-4] DEBUG org.hibernate.SQL - 
    select
        count_big(a1_0.id) 
    from
        attendance a1_0 
    where
        a1_0.student_status=? 
        and a1_0.check_in_time between ? and ? 
        and a1_0.course_id in (?, ?, ?) 
        and exists(select
            cs1_0.id from course_selection cs1_0 
        where
            cs1_0.student_id=a1_0.student_id 
            and cs1_0.course_id=a1_0.course_id 
            and cs1_0.status=1) 
        and (
            ? is null 
            or ?='' 
            or exists(select
                s1_0.student_id from student s1_0 
            where
                s1_0.student_id=a1_0.student_id 
                and s1_0.class_name=?)
        )
2026-06-02 16:44:03.655 [http-nio-8080-exec-4] DEBUG org.hibernate.SQL - 
    select
        count_big(a1_0.id) 
    from
        attendance a1_0 
    where
        a1_0.student_status=? 
        and a1_0.check_in_time between ? and ? 
        and a1_0.course_id in (?, ?, ?) 
        and exists(select
            cs1_0.id from course_selection cs1_0 
        where
            cs1_0.student_id=a1_0.student_id 
            and cs1_0.course_id=a1_0.course_id 
            and cs1_0.status=1) 
        and (
            ? is null 
            or ?='' 
            or exists(select
                s1_0.student_id from student s1_0 
            where
                s1_0.student_id=a1_0.student_id 
                and s1_0.class_name=?)
        )
2026-06-02 16:44:03.665 [http-nio-8080-exec-4] DEBUG org.hibernate.SQL - 
    select
        count_big(a1_0.id) 
    from
        attendance a1_0 
    where
        a1_0.student_status=? 
        and a1_0.check_in_time between ? and ? 
        and a1_0.course_id in (?, ?, ?) 
        and exists(select
            cs1_0.id from course_selection cs1_0 
        where
            cs1_0.student_id=a1_0.student_id 
            and cs1_0.course_id=a1_0.course_id 
            and cs1_0.status=1) 
        and (
            ? is null 
            or ?='' 
            or exists(select
                s1_0.student_id from student s1_0 
            where
                s1_0.student_id=a1_0.student_id 
                and s1_0.class_name=?)
        )
2026-06-02 16:44:03.670 [http-nio-8080-exec-4] DEBUG org.hibernate.SQL - 
    select
        count_big(a1_0.id) 
    from
        attendance a1_0 
    where
        a1_0.student_status=? 
        and a1_0.check_in_time between ? and ? 
        and a1_0.course_id in (?, ?, ?) 
        and exists(select
            cs1_0.id from course_selection cs1_0 
        where
            cs1_0.student_id=a1_0.student_id 
            and cs1_0.course_id=a1_0.course_id 
            and cs1_0.status=1) 
        and (
            ? is null 
            or ?='' 
            or exists(select
                s1_0.student_id from student s1_0 
            where
                s1_0.student_id=a1_0.student_id 
                and s1_0.class_name=?)
        )
2026-06-02 16:44:03.676 [http-nio-8080-exec-4] DEBUG org.hibernate.SQL - 
    select
        count_big(a1_0.id) 
    from
        attendance a1_0 
    where
        a1_0.student_status=? 
        and a1_0.check_in_time between ? and ? 
        and a1_0.course_id in (?, ?, ?) 
        and exists(select
            cs1_0.id from course_selection cs1_0 
        where
            cs1_0.student_id=a1_0.student_id 
            and cs1_0.course_id=a1_0.course_id 
            and cs1_0.status=1) 
        and (
            ? is null 
            or ?='' 
            or exists(select
                s1_0.student_id from student s1_0 
            where
                s1_0.student_id=a1_0.student_id 
                and s1_0.class_name=?)
        )
2026-06-02 16:44:03.680 [http-nio-8080-exec-4] DEBUG org.hibernate.SQL - 
    select
        count_big(a1_0.id) 
    from
        attendance a1_0 
    where
        a1_0.student_status=? 
        and a1_0.check_in_time between ? and ? 
        and a1_0.course_id in (?, ?, ?) 
        and exists(select
            cs1_0.id from course_selection cs1_0 
        where
            cs1_0.student_id=a1_0.student_id 
            and cs1_0.course_id=a1_0.course_id 
            and cs1_0.status=1) 
        and (
            ? is null 
            or ?='' 
            or exists(select
                s1_0.student_id from student s1_0 
            where
                s1_0.student_id=a1_0.student_id 
                and s1_0.class_name=?)
        )
2026-06-02 16:44:03.685 [http-nio-8080-exec-4] DEBUG org.hibernate.SQL - 
    select
        count_big(a1_0.id) 
    from
        attendance a1_0 
    where
        a1_0.student_status=? 
        and a1_0.check_in_time between ? and ? 
        and a1_0.course_id in (?, ?, ?) 
        and exists(select
            cs1_0.id from course_selection cs1_0 
        where
            cs1_0.student_id=a1_0.student_id 
            and cs1_0.course_id=a1_0.course_id 
            and cs1_0.status=1) 
        and (
            ? is null 
            or ?='' 
            or exists(select
                s1_0.student_id from student s1_0 
            where
                s1_0.student_id=a1_0.student_id 
                and s1_0.class_name=?)
        )
2026-06-02 16:44:03.690 [http-nio-8080-exec-4] DEBUG org.hibernate.SQL - 
    select
        count_big(a1_0.id) 
    from
        attendance a1_0 
    where
        a1_0.student_status=? 
        and a1_0.check_in_time between ? and ? 
        and a1_0.course_id in (?, ?, ?) 
        and exists(select
            cs1_0.id from course_selection cs1_0 
        where
            cs1_0.student_id=a1_0.student_id 
            and cs1_0.course_id=a1_0.course_id 
            and cs1_0.status=1) 
        and (
            ? is null 
            or ?='' 
            or exists(select
                s1_0.student_id from student s1_0 
            where
                s1_0.student_id=a1_0.student_id 
                and s1_0.class_name=?)
        )
2026-06-02 16:44:03.696 [http-nio-8080-exec-4] DEBUG org.hibernate.SQL - 
    select
        count_big(a1_0.id) 
    from
        attendance a1_0 
    where
        a1_0.student_status=? 
        and a1_0.check_in_time between ? and ? 
        and a1_0.course_id in (?, ?, ?) 
        and exists(select
            cs1_0.id from course_selection cs1_0 
        where
            cs1_0.student_id=a1_0.student_id 
            and cs1_0.course_id=a1_0.course_id 
            and cs1_0.status=1) 
        and (
            ? is null 
            or ?='' 
            or exists(select
                s1_0.student_id from student s1_0 
            where
                s1_0.student_id=a1_0.student_id 
                and s1_0.class_name=?)
        )
2026-06-02 16:44:03.705 [http-nio-8080-exec-4] DEBUG org.hibernate.SQL - 
    select
        count_big(a1_0.id) 
    from
        attendance a1_0 
    where
        a1_0.student_status=? 
        and a1_0.check_in_time between ? and ? 
        and a1_0.course_id in (?, ?, ?) 
        and exists(select
            cs1_0.id from course_selection cs1_0 
        where
            cs1_0.student_id=a1_0.student_id 
            and cs1_0.course_id=a1_0.course_id 
            and cs1_0.status=1) 
        and (
            ? is null 
            or ?='' 
            or exists(select
                s1_0.student_id from student s1_0 
            where
                s1_0.student_id=a1_0.student_id 
                and s1_0.class_name=?)
        )
2026-06-02 16:44:03.707 [http-nio-8080-exec-4] DEBUG org.hibernate.SQL - 
    select
        count_big(a1_0.id) 
    from
        attendance a1_0 
    where
        a1_0.student_status=? 
        and a1_0.check_in_time between ? and ? 
        and a1_0.course_id in (?, ?, ?) 
        and exists(select
            cs1_0.id from course_selection cs1_0 
        where
            cs1_0.student_id=a1_0.student_id 
            and cs1_0.course_id=a1_0.course_id 
            and cs1_0.status=1) 
        and (
            ? is null 
            or ?='' 
            or exists(select
                s1_0.student_id from student s1_0 
            where
                s1_0.student_id=a1_0.student_id 
                and s1_0.class_name=?)
        )
2026-06-02 16:44:03.713 [http-nio-8080-exec-4] DEBUG org.hibernate.SQL - 
    select
        count_big(a1_0.id) 
    from
        attendance a1_0 
    where
        a1_0.student_status=? 
        and a1_0.check_in_time between ? and ? 
        and a1_0.course_id in (?, ?, ?) 
        and exists(select
            cs1_0.id from course_selection cs1_0 
        where
            cs1_0.student_id=a1_0.student_id 
            and cs1_0.course_id=a1_0.course_id 
            and cs1_0.status=1) 
        and (
            ? is null 
            or ?='' 
            or exists(select
                s1_0.student_id from student s1_0 
            where
                s1_0.student_id=a1_0.student_id 
                and s1_0.class_name=?)
        )
2026-06-02 16:44:03.721 [http-nio-8080-exec-4] DEBUG org.hibernate.SQL - 
    select
        count_big(a1_0.id) 
    from
        attendance a1_0 
    where
        a1_0.student_status=? 
        and a1_0.check_in_time between ? and ? 
        and a1_0.course_id in (?, ?, ?) 
        and exists(select
            cs1_0.id from course_selection cs1_0 
        where
            cs1_0.student_id=a1_0.student_id 
            and cs1_0.course_id=a1_0.course_id 
            and cs1_0.status=1) 
        and (
            ? is null 
            or ?='' 
            or exists(select
                s1_0.student_id from student s1_0 
            where
                s1_0.student_id=a1_0.student_id 
                and s1_0.class_name=?)
        )
2026-06-02 16:44:03.725 [http-nio-8080-exec-4] DEBUG org.hibernate.SQL - 
    select
        count_big(a1_0.id) 
    from
        attendance a1_0 
    where
        a1_0.student_status=? 
        and a1_0.check_in_time between ? and ? 
        and a1_0.course_id in (?, ?, ?) 
        and exists(select
            cs1_0.id from course_selection cs1_0 
        where
            cs1_0.student_id=a1_0.student_id 
            and cs1_0.course_id=a1_0.course_id 
            and cs1_0.status=1) 
        and (
            ? is null 
            or ?='' 
            or exists(select
                s1_0.student_id from student s1_0 
            where
                s1_0.student_id=a1_0.student_id 
                and s1_0.class_name=?)
        )
2026-06-02 16:44:03.731 [http-nio-8080-exec-4] DEBUG org.hibernate.SQL - 
    select
        count_big(a1_0.id) 
    from
        attendance a1_0 
    where
        a1_0.student_status=? 
        and a1_0.check_in_time between ? and ? 
        and a1_0.course_id in (?, ?, ?) 
        and exists(select
            cs1_0.id from course_selection cs1_0 
        where
            cs1_0.student_id=a1_0.student_id 
            and cs1_0.course_id=a1_0.course_id 
            and cs1_0.status=1) 
        and (
            ? is null 
            or ?='' 
            or exists(select
                s1_0.student_id from student s1_0 
            where
                s1_0.student_id=a1_0.student_id 
                and s1_0.class_name=?)
        )
2026-06-02 16:44:03.735 [http-nio-8080-exec-4] DEBUG org.hibernate.SQL - 
    select
        count_big(a1_0.id) 
    from
        attendance a1_0 
    where
        a1_0.student_status=? 
        and a1_0.check_in_time between ? and ? 
        and a1_0.course_id in (?, ?, ?) 
        and exists(select
            cs1_0.id from course_selection cs1_0 
        where
            cs1_0.student_id=a1_0.student_id 
            and cs1_0.course_id=a1_0.course_id 
            and cs1_0.status=1) 
        and (
            ? is null 
            or ?='' 
            or exists(select
                s1_0.student_id from student s1_0 
            where
                s1_0.student_id=a1_0.student_id 
                and s1_0.class_name=?)
        )
2026-06-02 16:44:03.741 [http-nio-8080-exec-4] DEBUG org.hibernate.SQL - 
    select
        count_big(a1_0.id) 
    from
        attendance a1_0 
    where
        a1_0.student_status=? 
        and a1_0.check_in_time between ? and ? 
        and a1_0.course_id in (?, ?, ?) 
        and exists(select
            cs1_0.id from course_selection cs1_0 
        where
            cs1_0.student_id=a1_0.student_id 
            and cs1_0.course_id=a1_0.course_id 
            and cs1_0.status=1) 
        and (
            ? is null 
            or ?='' 
            or exists(select
                s1_0.student_id from student s1_0 
            where
                s1_0.student_id=a1_0.student_id 
                and s1_0.class_name=?)
        )
2026-06-02 16:44:03.747 [http-nio-8080-exec-4] DEBUG org.hibernate.SQL - 
    select
        count_big(a1_0.id) 
    from
        attendance a1_0 
    where
        a1_0.student_status=? 
        and a1_0.check_in_time between ? and ? 
        and a1_0.course_id in (?, ?, ?) 
        and exists(select
            cs1_0.id from course_selection cs1_0 
        where
            cs1_0.student_id=a1_0.student_id 
            and cs1_0.course_id=a1_0.course_id 
            and cs1_0.status=1) 
        and (
            ? is null 
            or ?='' 
            or exists(select
                s1_0.student_id from student s1_0 
            where
                s1_0.student_id=a1_0.student_id 
                and s1_0.class_name=?)
        )
2026-06-02 16:44:03.753 [http-nio-8080-exec-4] DEBUG org.hibernate.SQL - 
    select
        count_big(a1_0.id) 
    from
        attendance a1_0 
    where
        a1_0.student_status=? 
        and a1_0.check_in_time between ? and ? 
        and a1_0.course_id in (?, ?, ?) 
        and exists(select
            cs1_0.id from course_selection cs1_0 
        where
            cs1_0.student_id=a1_0.student_id 
            and cs1_0.course_id=a1_0.course_id 
            and cs1_0.status=1) 
        and (
            ? is null 
            or ?='' 
            or exists(select
                s1_0.student_id from student s1_0 
            where
                s1_0.student_id=a1_0.student_id 
                and s1_0.class_name=?)
        )
2026-06-02 16:44:03.755 [http-nio-8080-exec-4] DEBUG org.hibernate.SQL - 
    select
        count_big(a1_0.id) 
    from
        attendance a1_0 
    where
        a1_0.student_status=? 
        and a1_0.check_in_time between ? and ? 
        and a1_0.course_id in (?, ?, ?) 
        and exists(select
            cs1_0.id from course_selection cs1_0 
        where
            cs1_0.student_id=a1_0.student_id 
            and cs1_0.course_id=a1_0.course_id 
            and cs1_0.status=1) 
        and (
            ? is null 
            or ?='' 
            or exists(select
                s1_0.student_id from student s1_0 
            where
                s1_0.student_id=a1_0.student_id 
                and s1_0.class_name=?)
        )
2026-06-02 16:44:03.761 [http-nio-8080-exec-4] DEBUG org.hibernate.SQL - 
    select
        count_big(a1_0.id) 
    from
        attendance a1_0 
    where
        a1_0.student_status=? 
        and a1_0.check_in_time between ? and ? 
        and a1_0.course_id in (?, ?, ?) 
        and exists(select
            cs1_0.id from course_selection cs1_0 
        where
            cs1_0.student_id=a1_0.student_id 
            and cs1_0.course_id=a1_0.course_id 
            and cs1_0.status=1) 
        and (
            ? is null 
            or ?='' 
            or exists(select
                s1_0.student_id from student s1_0 
            where
                s1_0.student_id=a1_0.student_id 
                and s1_0.class_name=?)
        )
2026-06-02 16:44:03.765 [http-nio-8080-exec-4] DEBUG org.hibernate.SQL - 
    select
        count_big(a1_0.id) 
    from
        attendance a1_0 
    where
        a1_0.student_status=? 
        and a1_0.check_in_time between ? and ? 
        and a1_0.course_id in (?, ?, ?) 
        and exists(select
            cs1_0.id from course_selection cs1_0 
        where
            cs1_0.student_id=a1_0.student_id 
            and cs1_0.course_id=a1_0.course_id 
            and cs1_0.status=1) 
        and (
            ? is null 
            or ?='' 
            or exists(select
                s1_0.student_id from student s1_0 
            where
                s1_0.student_id=a1_0.student_id 
                and s1_0.class_name=?)
        )
2026-06-02 16:44:03.771 [http-nio-8080-exec-4] DEBUG org.hibernate.SQL - 
    select
        count_big(a1_0.id) 
    from
        attendance a1_0 
    where
        a1_0.student_status=? 
        and a1_0.check_in_time between ? and ? 
        and a1_0.course_id in (?, ?, ?) 
        and exists(select
            cs1_0.id from course_selection cs1_0 
        where
            cs1_0.student_id=a1_0.student_id 
            and cs1_0.course_id=a1_0.course_id 
            and cs1_0.status=1) 
        and (
            ? is null 
            or ?='' 
            or exists(select
                s1_0.student_id from student s1_0 
            where
                s1_0.student_id=a1_0.student_id 
                and s1_0.class_name=?)
        )
2026-06-02 16:44:03.775 [http-nio-8080-exec-4] DEBUG org.hibernate.SQL - 
    select
        count_big(a1_0.id) 
    from
        attendance a1_0 
    where
        a1_0.student_status=? 
        and a1_0.check_in_time between ? and ? 
        and a1_0.course_id in (?, ?, ?) 
        and exists(select
            cs1_0.id from course_selection cs1_0 
        where
            cs1_0.student_id=a1_0.student_id 
            and cs1_0.course_id=a1_0.course_id 
            and cs1_0.status=1) 
        and (
            ? is null 
            or ?='' 
            or exists(select
                s1_0.student_id from student s1_0 
            where
                s1_0.student_id=a1_0.student_id 
                and s1_0.class_name=?)
        )
2026-06-02 16:44:03.780 [http-nio-8080-exec-4] DEBUG org.hibernate.SQL - 
    select
        count_big(a1_0.id) 
    from
        attendance a1_0 
    where
        a1_0.student_status=? 
        and a1_0.check_in_time between ? and ? 
        and a1_0.course_id in (?, ?, ?) 
        and exists(select
            cs1_0.id from course_selection cs1_0 
        where
            cs1_0.student_id=a1_0.student_id 
            and cs1_0.course_id=a1_0.course_id 
            and cs1_0.status=1) 
        and (
            ? is null 
            or ?='' 
            or exists(select
                s1_0.student_id from student s1_0 
            where
                s1_0.student_id=a1_0.student_id 
                and s1_0.class_name=?)
        )
2026-06-02 16:44:03.785 [http-nio-8080-exec-4] DEBUG org.hibernate.SQL - 
    select
        count_big(a1_0.id) 
    from
        attendance a1_0 
    where
        a1_0.student_status=? 
        and a1_0.check_in_time between ? and ? 
        and a1_0.course_id in (?, ?, ?) 
        and exists(select
            cs1_0.id from course_selection cs1_0 
        where
            cs1_0.student_id=a1_0.student_id 
            and cs1_0.course_id=a1_0.course_id 
            and cs1_0.status=1) 
        and (
            ? is null 
            or ?='' 
            or exists(select
                s1_0.student_id from student s1_0 
            where
                s1_0.student_id=a1_0.student_id 
                and s1_0.class_name=?)
        )
2026-06-02 16:44:03.790 [http-nio-8080-exec-4] DEBUG org.hibernate.SQL - 
    select
        count_big(a1_0.id) 
    from
        attendance a1_0 
    where
        a1_0.student_status=? 
        and a1_0.check_in_time between ? and ? 
        and a1_0.course_id in (?, ?, ?) 
        and exists(select
            cs1_0.id from course_selection cs1_0 
        where
            cs1_0.student_id=a1_0.student_id 
            and cs1_0.course_id=a1_0.course_id 
            and cs1_0.status=1) 
        and (
            ? is null 
            or ?='' 
            or exists(select
                s1_0.student_id from student s1_0 
            where
                s1_0.student_id=a1_0.student_id 
                and s1_0.class_name=?)
        )
2026-06-02 16:44:03.795 [http-nio-8080-exec-4] DEBUG org.hibernate.SQL - 
    select
        count_big(a1_0.id) 
    from
        attendance a1_0 
    where
        a1_0.student_status=? 
        and a1_0.check_in_time between ? and ? 
        and a1_0.course_id in (?, ?, ?) 
        and exists(select
            cs1_0.id from course_selection cs1_0 
        where
            cs1_0.student_id=a1_0.student_id 
            and cs1_0.course_id=a1_0.course_id 
            and cs1_0.status=1) 
        and (
            ? is null 
            or ?='' 
            or exists(select
                s1_0.student_id from student s1_0 
            where
                s1_0.student_id=a1_0.student_id 
                and s1_0.class_name=?)
        )
2026-06-02 16:44:03.798 [http-nio-8080-exec-4] DEBUG org.hibernate.SQL - 
    select
        count_big(a1_0.id) 
    from
        attendance a1_0 
    where
        a1_0.student_status=? 
        and a1_0.check_in_time between ? and ? 
        and a1_0.course_id in (?, ?, ?) 
        and exists(select
            cs1_0.id from course_selection cs1_0 
        where
            cs1_0.student_id=a1_0.student_id 
            and cs1_0.course_id=a1_0.course_id 
            and cs1_0.status=1) 
        and (
            ? is null 
            or ?='' 
            or exists(select
                s1_0.student_id from student s1_0 
            where
                s1_0.student_id=a1_0.student_id 
                and s1_0.class_name=?)
        )
2026-06-02 16:44:03.802 [http-nio-8080-exec-4] DEBUG org.hibernate.SQL - 
    select
        count_big(a1_0.id) 
    from
        attendance a1_0 
    where
        a1_0.student_status=? 
        and a1_0.check_in_time between ? and ? 
        and a1_0.course_id in (?, ?, ?) 
        and exists(select
            cs1_0.id from course_selection cs1_0 
        where
            cs1_0.student_id=a1_0.student_id 
            and cs1_0.course_id=a1_0.course_id 
            and cs1_0.status=1) 
        and (
            ? is null 
            or ?='' 
            or exists(select
                s1_0.student_id from student s1_0 
            where
                s1_0.student_id=a1_0.student_id 
                and s1_0.class_name=?)
        )
2026-06-02 16:44:03.806 [http-nio-8080-exec-4] DEBUG org.hibernate.SQL - 
    select
        count_big(a1_0.id) 
    from
        attendance a1_0 
    where
        a1_0.student_status=? 
        and a1_0.check_in_time between ? and ? 
        and a1_0.course_id in (?, ?, ?) 
        and exists(select
            cs1_0.id from course_selection cs1_0 
        where
            cs1_0.student_id=a1_0.student_id 
            and cs1_0.course_id=a1_0.course_id 
            and cs1_0.status=1) 
        and (
            ? is null 
            or ?='' 
            or exists(select
                s1_0.student_id from student s1_0 
            where
                s1_0.student_id=a1_0.student_id 
                and s1_0.class_name=?)
        )
2026-06-02 16:44:03.818 [http-nio-8080-exec-4] DEBUG org.hibernate.SQL - 
    select
        count_big(a1_0.id) 
    from
        attendance a1_0 
    where
        a1_0.student_status=? 
        and a1_0.check_in_time between ? and ? 
        and a1_0.course_id in (?, ?, ?) 
        and exists(select
            cs1_0.id from course_selection cs1_0 
        where
            cs1_0.student_id=a1_0.student_id 
            and cs1_0.course_id=a1_0.course_id 
            and cs1_0.status=1) 
        and (
            ? is null 
            or ?='' 
            or exists(select
                s1_0.student_id from student s1_0 
            where
                s1_0.student_id=a1_0.student_id 
                and s1_0.class_name=?)
        )
2026-06-02 16:44:03.825 [http-nio-8080-exec-4] DEBUG org.hibernate.SQL - 
    select
        distinct s1_0.class_name 
    from
        course_selection cs1_0 
    join
        student s1_0 
            on cs1_0.student_id=s1_0.student_id 
    where
        cs1_0.course_id in (?, ?, ?)
2026-06-02 16:44:03.828 [http-nio-8080-exec-4] DEBUG org.hibernate.SQL - 
    select
        count_big(a1_0.id) 
    from
        attendance a1_0 
    where
        a1_0.check_in_time between ? and ? 
        and a1_0.course_id in (?, ?, ?) 
        and exists(select
            cs1_0.id from course_selection cs1_0 
        where
            cs1_0.student_id=a1_0.student_id 
            and cs1_0.course_id=a1_0.course_id 
            and cs1_0.status=1) 
        and (
            ? is null 
            or ?='' 
            or exists(select
                s1_0.student_id from student s1_0 
            where
                s1_0.student_id=a1_0.student_id 
                and s1_0.class_name=?)
        )
2026-06-02 16:44:03.831 [http-nio-8080-exec-4] DEBUG org.hibernate.SQL - 
    select
        count_big(a1_0.id) 
    from
        attendance a1_0 
    where
        a1_0.student_status=? 
        and a1_0.check_in_time between ? and ? 
        and a1_0.course_id in (?, ?, ?) 
        and exists(select
            cs1_0.id from course_selection cs1_0 
        where
            cs1_0.student_id=a1_0.student_id 
            and cs1_0.course_id=a1_0.course_id 
            and cs1_0.status=1) 
        and (
            ? is null 
            or ?='' 
            or exists(select
                s1_0.student_id from student s1_0 
            where
                s1_0.student_id=a1_0.student_id 
                and s1_0.class_name=?)
        )
2026-06-02 16:44:03.835 [http-nio-8080-exec-4] DEBUG org.hibernate.SQL - 
    select
        count_big(a1_0.id) 
    from
        attendance a1_0 
    where
        a1_0.check_in_time between ? and ? 
        and a1_0.course_id in (?, ?, ?) 
        and exists(select
            cs1_0.id from course_selection cs1_0 
        where
            cs1_0.student_id=a1_0.student_id 
            and cs1_0.course_id=a1_0.course_id 
            and cs1_0.status=1) 
        and (
            ? is null 
            or ?='' 
            or exists(select
                s1_0.student_id from student s1_0 
            where
                s1_0.student_id=a1_0.student_id 
                and s1_0.class_name=?)
        )
2026-06-02 16:44:03.839 [http-nio-8080-exec-4] DEBUG org.hibernate.SQL - 
    select
        count_big(a1_0.id) 
    from
        attendance a1_0 
    where
        a1_0.student_status=? 
        and a1_0.check_in_time between ? and ? 
        and a1_0.course_id in (?, ?, ?) 
        and exists(select
            cs1_0.id from course_selection cs1_0 
        where
            cs1_0.student_id=a1_0.student_id 
            and cs1_0.course_id=a1_0.course_id 
            and cs1_0.status=1) 
        and (
            ? is null 
            or ?='' 
            or exists(select
                s1_0.student_id from student s1_0 
            where
                s1_0.student_id=a1_0.student_id 
                and s1_0.class_name=?)
        )
2026-06-02 16:44:03.843 [http-nio-8080-exec-4] DEBUG org.hibernate.SQL - 
    select
        count_big(a1_0.id) 
    from
        attendance a1_0 
    where
        a1_0.check_in_time between ? and ? 
        and a1_0.course_id in (?, ?, ?) 
        and exists(select
            cs1_0.id from course_selection cs1_0 
        where
            cs1_0.student_id=a1_0.student_id 
            and cs1_0.course_id=a1_0.course_id 
            and cs1_0.status=1) 
        and (
            ? is null 
            or ?='' 
            or exists(select
                s1_0.student_id from student s1_0 
            where
                s1_0.student_id=a1_0.student_id 
                and s1_0.class_name=?)
        )
2026-06-02 16:44:03.847 [http-nio-8080-exec-4] DEBUG org.hibernate.SQL - 
    select
        count_big(a1_0.id) 
    from
        attendance a1_0 
    where
        a1_0.student_status=? 
        and a1_0.check_in_time between ? and ? 
        and a1_0.course_id in (?, ?, ?) 
        and exists(select
            cs1_0.id from course_selection cs1_0 
        where
            cs1_0.student_id=a1_0.student_id 
            and cs1_0.course_id=a1_0.course_id 
            and cs1_0.status=1) 
        and (
            ? is null 
            or ?='' 
            or exists(select
                s1_0.student_id from student s1_0 
            where
                s1_0.student_id=a1_0.student_id 
                and s1_0.class_name=?)
        )
2026-06-02 16:44:03.855 [http-nio-8080-exec-4] DEBUG org.hibernate.SQL - 
    select
        count_big(a1_0.id) 
    from
        attendance a1_0 
    where
        a1_0.check_in_time between ? and ? 
        and a1_0.course_id in (?, ?, ?) 
        and exists(select
            cs1_0.id from course_selection cs1_0 
        where
            cs1_0.student_id=a1_0.student_id 
            and cs1_0.course_id=a1_0.course_id 
            and cs1_0.status=1) 
        and (
            ? is null 
            or ?='' 
            or exists(select
                s1_0.student_id from student s1_0 
            where
                s1_0.student_id=a1_0.student_id 
                and s1_0.class_name=?)
        )
2026-06-02 16:44:03.859 [http-nio-8080-exec-4] DEBUG org.hibernate.SQL - 
    select
        count_big(a1_0.id) 
    from
        attendance a1_0 
    where
        a1_0.student_status=? 
        and a1_0.check_in_time between ? and ? 
        and a1_0.course_id in (?, ?, ?) 
        and exists(select
            cs1_0.id from course_selection cs1_0 
        where
            cs1_0.student_id=a1_0.student_id 
            and cs1_0.course_id=a1_0.course_id 
            and cs1_0.status=1) 
        and (
            ? is null 
            or ?='' 
            or exists(select
                s1_0.student_id from student s1_0 
            where
                s1_0.student_id=a1_0.student_id 
                and s1_0.class_name=?)
        )
2026-06-02 16:44:03.864 [http-nio-8080-exec-4] DEBUG org.hibernate.SQL - 
    select
        count_big(a1_0.id) 
    from
        attendance a1_0 
    where
        a1_0.check_in_time between ? and ? 
        and a1_0.course_id in (?, ?, ?) 
        and exists(select
            cs1_0.id from course_selection cs1_0 
        where
            cs1_0.student_id=a1_0.student_id 
            and cs1_0.course_id=a1_0.course_id 
            and cs1_0.status=1) 
        and (
            ? is null 
            or ?='' 
            or exists(select
                s1_0.student_id from student s1_0 
            where
                s1_0.student_id=a1_0.student_id 
                and s1_0.class_name=?)
        )
2026-06-02 16:44:03.870 [http-nio-8080-exec-4] DEBUG org.hibernate.SQL - 
    select
        count_big(a1_0.id) 
    from
        attendance a1_0 
    where
        a1_0.student_status=? 
        and a1_0.check_in_time between ? and ? 
        and a1_0.course_id in (?, ?, ?) 
        and exists(select
            cs1_0.id from course_selection cs1_0 
        where
            cs1_0.student_id=a1_0.student_id 
            and cs1_0.course_id=a1_0.course_id 
            and cs1_0.status=1) 
        and (
            ? is null 
            or ?='' 
            or exists(select
                s1_0.student_id from student s1_0 
            where
                s1_0.student_id=a1_0.student_id 
                and s1_0.class_name=?)
        )
2026-06-02 16:44:03.876 [http-nio-8080-exec-4] DEBUG org.hibernate.SQL - 
    select
        count_big(a1_0.id) 
    from
        attendance a1_0 
    where
        a1_0.check_in_time between ? and ? 
        and a1_0.course_id in (?) 
        and exists(select
            cs1_0.id from course_selection cs1_0 
        where
            cs1_0.student_id=a1_0.student_id 
            and cs1_0.course_id=a1_0.course_id 
            and cs1_0.status=1) 
        and (
            ? is null 
            or ?='' 
            or exists(select
                s1_0.student_id from student s1_0 
            where
                s1_0.student_id=a1_0.student_id 
                and s1_0.class_name=?)
        )
2026-06-02 16:44:03.917 [http-nio-8080-exec-4] DEBUG org.hibernate.SQL - 
    select
        c1_0.id,
        c1_0.class_name,
        c1_0.course_id,
        c1_0.course_name,
        c1_0.create_time,
        c1_0.location,
        c1_0.teacher_id,
        c1_0.teacher_name,
        c1_0.time_slot,
        c1_0.week_day 
    from
        course c1_0 
    where
        c1_0.course_id=?
2026-06-02 16:44:03.925 [http-nio-8080-exec-4] DEBUG org.hibernate.SQL - 
    select
        count_big(a1_0.id) 
    from
        attendance a1_0 
    where
        a1_0.check_in_time between ? and ? 
        and a1_0.course_id in (?) 
        and exists(select
            cs1_0.id from course_selection cs1_0 
        where
            cs1_0.student_id=a1_0.student_id 
            and cs1_0.course_id=a1_0.course_id 
            and cs1_0.status=1) 
        and (
            ? is null 
            or ?='' 
            or exists(select
                s1_0.student_id from student s1_0 
            where
                s1_0.student_id=a1_0.student_id 
                and s1_0.class_name=?)
        )
2026-06-02 16:44:03.928 [http-nio-8080-exec-4] DEBUG org.hibernate.SQL - 
    select
        c1_0.id,
        c1_0.class_name,
        c1_0.course_id,
        c1_0.course_name,
        c1_0.create_time,
        c1_0.location,
        c1_0.teacher_id,
        c1_0.teacher_name,
        c1_0.time_slot,
        c1_0.week_day 
    from
        course c1_0 
    where
        c1_0.course_id=?
2026-06-02 16:44:03.932 [http-nio-8080-exec-4] DEBUG org.hibernate.SQL - 
    select
        count_big(a1_0.id) 
    from
        attendance a1_0 
    where
        a1_0.check_in_time between ? and ? 
        and a1_0.course_id in (?) 
        and exists(select
            cs1_0.id from course_selection cs1_0 
        where
            cs1_0.student_id=a1_0.student_id 
            and cs1_0.course_id=a1_0.course_id 
            and cs1_0.status=1) 
        and (
            ? is null 
            or ?='' 
            or exists(select
                s1_0.student_id from student s1_0 
            where
                s1_0.student_id=a1_0.student_id 
                and s1_0.class_name=?)
        )
2026-06-02 16:44:03.933 [http-nio-8080-exec-4] DEBUG org.hibernate.SQL - 
    select
        c1_0.id,
        c1_0.class_name,
        c1_0.course_id,
        c1_0.course_name,
        c1_0.create_time,
        c1_0.location,
        c1_0.teacher_id,
        c1_0.teacher_name,
        c1_0.time_slot,
        c1_0.week_day 
    from
        course c1_0 
    where
        c1_0.course_id=?
2026-06-02 16:44:05.973 [http-nio-8080-exec-6] DEBUG org.hibernate.SQL - 
    select
        u1_0.id,
        u1_0.class_name,
        u1_0.create_time,
        u1_0.gender,
        u1_0.real_name,
        u1_0.username,
        u1_0.userpassword,
        u1_0.userrole 
    from
        my_user u1_0 
    where
        u1_0.username=?
2026-06-02 16:44:05.975 [http-nio-8080-exec-6] DEBUG org.hibernate.SQL - 
    select
        c1_0.id,
        c1_0.class_name,
        c1_0.course_id,
        c1_0.course_name,
        c1_0.create_time,
        c1_0.location,
        c1_0.teacher_id,
        c1_0.teacher_name,
        c1_0.time_slot,
        c1_0.week_day 
    from
        course c1_0 
    where
        c1_0.teacher_id=?
2026-06-02 16:44:05.977 [http-nio-8080-exec-6] DEBUG org.hibernate.SQL - 
    select
        count_big(distinct cs1_0.student_id) 
    from
        course_selection cs1_0 
    where
        cs1_0.course_id in (?, ?, ?) 
        and cs1_0.status=1
2026-06-02 16:44:05.981 [http-nio-8080-exec-6] DEBUG org.hibernate.SQL - 
    select
        a1_0.id,
        a1_0.check_in_time,
        a1_0.course_id,
        a1_0.create_time,
        a1_0.ip_address,
        a1_0.reason,
        a1_0.sign_in_id,
        a1_0.student_id,
        a1_0.student_name,
        a1_0.student_status,
        a1_0.update_time 
    from
        attendance a1_0 
    where
        a1_0.course_id=?
2026-06-02 16:44:05.983 [http-nio-8080-exec-6] DEBUG org.hibernate.SQL - 
    select
        a1_0.id,
        a1_0.check_in_time,
        a1_0.course_id,
        a1_0.create_time,
        a1_0.ip_address,
        a1_0.reason,
        a1_0.sign_in_id,
        a1_0.student_id,
        a1_0.student_name,
        a1_0.student_status,
        a1_0.update_time 
    from
        attendance a1_0 
    where
        a1_0.course_id=?
2026-06-02 16:44:05.985 [http-nio-8080-exec-6] DEBUG org.hibernate.SQL - 
    select
        a1_0.id,
        a1_0.check_in_time,
        a1_0.course_id,
        a1_0.create_time,
        a1_0.ip_address,
        a1_0.reason,
        a1_0.sign_in_id,
        a1_0.student_id,
        a1_0.student_name,
        a1_0.student_status,
        a1_0.update_time 
    from
        attendance a1_0 
    where
        a1_0.course_id=?
2026-06-02 16:44:07.510 [http-nio-8080-exec-10] DEBUG c.e.a.s.impl.AttendanceServiceImpl - 按条件查询考勤记录，学生ID: null, 课程ID: null, 状态: null
2026-06-02 16:44:07.510 [http-nio-8080-exec-8] DEBUG org.hibernate.SQL - 
    select
        u1_0.id,
        u1_0.class_name,
        u1_0.create_time,
        u1_0.gender,
        u1_0.real_name,
        u1_0.username,
        u1_0.userpassword,
        u1_0.userrole 
    from
        my_user u1_0 
    where
        u1_0.username=?
2026-06-02 16:44:07.514 [http-nio-8080-exec-10] DEBUG org.hibernate.SQL - 
    select
        a1_0.id,
        a1_0.check_in_time,
        a1_0.course_id,
        a1_0.create_time,
        a1_0.ip_address,
        a1_0.reason,
        a1_0.sign_in_id,
        a1_0.student_id,
        a1_0.student_name,
        a1_0.student_status,
        a1_0.update_time 
    from
        attendance a1_0 
    where
        1=1 
    order by
        a1_0.check_in_time desc 
    offset
        ? rows 
    fetch
        first ? rows only
2026-06-02 16:44:07.517 [http-nio-8080-exec-8] DEBUG org.hibernate.SQL - 
    select
        c1_0.id,
        c1_0.class_name,
        c1_0.course_id,
        c1_0.course_name,
        c1_0.create_time,
        c1_0.location,
        c1_0.teacher_id,
        c1_0.teacher_name,
        c1_0.time_slot,
        c1_0.week_day 
    from
        course c1_0 
    where
        c1_0.teacher_id=?
2026-06-02 16:44:07.520 [http-nio-8080-exec-8] DEBUG org.hibernate.SQL - 
    select
        count_big(distinct cs1_0.student_id) 
    from
        course_selection cs1_0 
    where
        cs1_0.course_id in (?, ?, ?) 
        and cs1_0.status=1
2026-06-02 16:44:07.522 [http-nio-8080-exec-10] DEBUG org.hibernate.SQL - 
    select
        count_big(a1_0.id) 
    from
        attendance a1_0 
    where
        1=1
2026-06-02 16:44:07.523 [http-nio-8080-exec-8] DEBUG org.hibernate.SQL - 
    select
        a1_0.id,
        a1_0.check_in_time,
        a1_0.course_id,
        a1_0.create_time,
        a1_0.ip_address,
        a1_0.reason,
        a1_0.sign_in_id,
        a1_0.student_id,
        a1_0.student_name,
        a1_0.student_status,
        a1_0.update_time 
    from
        attendance a1_0 
    where
        a1_0.course_id=?
2026-06-02 16:44:07.525 [http-nio-8080-exec-8] DEBUG org.hibernate.SQL - 
    select
        a1_0.id,
        a1_0.check_in_time,
        a1_0.course_id,
        a1_0.create_time,
        a1_0.ip_address,
        a1_0.reason,
        a1_0.sign_in_id,
        a1_0.student_id,
        a1_0.student_name,
        a1_0.student_status,
        a1_0.update_time 
    from
        attendance a1_0 
    where
        a1_0.course_id=?
2026-06-02 16:44:07.525 [http-nio-8080-exec-10] INFO  c.e.a.s.impl.AttendanceServiceImpl - 条件查询考勤记录完成，总数: 29
2026-06-02 16:44:07.525 [http-nio-8080-exec-8] DEBUG org.hibernate.SQL - 
    select
        a1_0.id,
        a1_0.check_in_time,
        a1_0.course_id,
        a1_0.create_time,
        a1_0.ip_address,
        a1_0.reason,
        a1_0.sign_in_id,
        a1_0.student_id,
        a1_0.student_name,
        a1_0.student_status,
        a1_0.update_time 
    from
        attendance a1_0 
    where
        a1_0.course_id=?
2026-06-02 16:44:09.095 [http-nio-8080-exec-1] DEBUG org.hibernate.SQL - 
    select
        u1_0.id,
        u1_0.class_name,
        u1_0.create_time,
        u1_0.gender,
        u1_0.real_name,
        u1_0.username,
        u1_0.userpassword,
        u1_0.userrole 
    from
        my_user u1_0 
    where
        u1_0.username=?
2026-06-02 16:44:09.099 [http-nio-8080-exec-1] DEBUG org.hibernate.SQL - 
    select
        c1_0.id,
        c1_0.class_name,
        c1_0.course_id,
        c1_0.course_name,
        c1_0.create_time,
        c1_0.location,
        c1_0.teacher_id,
        c1_0.teacher_name,
        c1_0.time_slot,
        c1_0.week_day 
    from
        course c1_0 
    where
        c1_0.teacher_id=?
2026-06-02 16:44:09.102 [http-nio-8080-exec-1] DEBUG org.hibernate.SQL - 
    select
        count_big(distinct cs1_0.student_id) 
    from
        course_selection cs1_0 
    where
        cs1_0.course_id in (?, ?, ?) 
        and cs1_0.status=1
2026-06-02 16:44:09.103 [http-nio-8080-exec-1] DEBUG org.hibernate.SQL - 
    select
        a1_0.id,
        a1_0.check_in_time,
        a1_0.course_id,
        a1_0.create_time,
        a1_0.ip_address,
        a1_0.reason,
        a1_0.sign_in_id,
        a1_0.student_id,
        a1_0.student_name,
        a1_0.student_status,
        a1_0.update_time 
    from
        attendance a1_0 
    where
        a1_0.course_id=?
2026-06-02 16:44:09.106 [http-nio-8080-exec-1] DEBUG org.hibernate.SQL - 
    select
        a1_0.id,
        a1_0.check_in_time,
        a1_0.course_id,
        a1_0.create_time,
        a1_0.ip_address,
        a1_0.reason,
        a1_0.sign_in_id,
        a1_0.student_id,
        a1_0.student_name,
        a1_0.student_status,
        a1_0.update_time 
    from
        attendance a1_0 
    where
        a1_0.course_id=?
2026-06-02 16:44:09.106 [http-nio-8080-exec-1] DEBUG org.hibernate.SQL - 
    select
        a1_0.id,
        a1_0.check_in_time,
        a1_0.course_id,
        a1_0.create_time,
        a1_0.ip_address,
        a1_0.reason,
        a1_0.sign_in_id,
        a1_0.student_id,
        a1_0.student_name,
        a1_0.student_status,
        a1_0.update_time 
    from
        attendance a1_0 
    where
        a1_0.course_id=?
2026-06-02 16:44:12.647 [http-nio-8080-exec-3] DEBUG org.hibernate.SQL - 
    select
        u1_0.id,
        u1_0.class_name,
        u1_0.create_time,
        u1_0.gender,
        u1_0.real_name,
        u1_0.username,
        u1_0.userpassword,
        u1_0.userrole 
    from
        my_user u1_0 
    where
        u1_0.username=?
2026-06-02 16:44:12.651 [http-nio-8080-exec-3] DEBUG org.hibernate.SQL - 
    select
        c1_0.id,
        c1_0.class_name,
        c1_0.course_id,
        c1_0.course_name,
        c1_0.create_time,
        c1_0.location,
        c1_0.teacher_id,
        c1_0.teacher_name,
        c1_0.time_slot,
        c1_0.week_day 
    from
        course c1_0 
    where
        c1_0.teacher_id=?
2026-06-02 16:44:12.654 [http-nio-8080-exec-3] DEBUG org.hibernate.SQL - 
    select
        count_big(distinct cs1_0.student_id) 
    from
        course_selection cs1_0 
    where
        cs1_0.course_id in (?, ?, ?) 
        and cs1_0.status=1
2026-06-02 16:44:12.656 [http-nio-8080-exec-3] DEBUG org.hibernate.SQL - 
    select
        a1_0.id,
        a1_0.check_in_time,
        a1_0.course_id,
        a1_0.create_time,
        a1_0.ip_address,
        a1_0.reason,
        a1_0.sign_in_id,
        a1_0.student_id,
        a1_0.student_name,
        a1_0.student_status,
        a1_0.update_time 
    from
        attendance a1_0 
    where
        a1_0.course_id=?
2026-06-02 16:44:12.658 [http-nio-8080-exec-3] DEBUG org.hibernate.SQL - 
    select
        a1_0.id,
        a1_0.check_in_time,
        a1_0.course_id,
        a1_0.create_time,
        a1_0.ip_address,
        a1_0.reason,
        a1_0.sign_in_id,
        a1_0.student_id,
        a1_0.student_name,
        a1_0.student_status,
        a1_0.update_time 
    from
        attendance a1_0 
    where
        a1_0.course_id=?
2026-06-02 16:44:12.663 [http-nio-8080-exec-3] DEBUG org.hibernate.SQL - 
    select
        a1_0.id,
        a1_0.check_in_time,
        a1_0.course_id,
        a1_0.create_time,
        a1_0.ip_address,
        a1_0.reason,
        a1_0.sign_in_id,
        a1_0.student_id,
        a1_0.student_name,
        a1_0.student_status,
        a1_0.update_time 
    from
        attendance a1_0 
    where
        a1_0.course_id=?
2026-06-02 16:44:21.770 [http-nio-8080-exec-6] DEBUG org.hibernate.SQL - 
    select
        u1_0.id,
        u1_0.class_name,
        u1_0.create_time,
        u1_0.gender,
        u1_0.real_name,
        u1_0.username,
        u1_0.userpassword,
        u1_0.userrole 
    from
        my_user u1_0 
    where
        u1_0.username=?
2026-06-02 16:44:23.523 [http-nio-8080-exec-10] DEBUG org.hibernate.SQL - 
    select
        u1_0.id,
        u1_0.class_name,
        u1_0.create_time,
        u1_0.gender,
        u1_0.real_name,
        u1_0.username,
        u1_0.userpassword,
        u1_0.userrole 
    from
        my_user u1_0 
    where
        u1_0.username=?
2026-06-02 16:44:23.528 [http-nio-8080-exec-10] DEBUG org.hibernate.SQL - 
    select
        cs1_0.id,
        cs1_0.class_name,
        cs1_0.course_id,
        cs1_0.course_name,
        cs1_0.create_time,
        cs1_0.status,
        cs1_0.student_id,
        cs1_0.student_name 
    from
        course_selection cs1_0 
    where
        cs1_0.student_id=? 
        and cs1_0.status=?
2026-06-02 16:44:23.546 [http-nio-8080-exec-10] DEBUG org.hibernate.SQL - 
    select
        c1_0.id,
        c1_0.class_name,
        c1_0.course_id,
        c1_0.course_name,
        c1_0.create_time,
        c1_0.location,
        c1_0.teacher_id,
        c1_0.teacher_name,
        c1_0.time_slot,
        c1_0.week_day 
    from
        course c1_0 
    where
        c1_0.course_id=?
2026-06-02 16:44:23.557 [http-nio-8080-exec-10] DEBUG org.hibernate.SQL - 
    select
        cs1_0.id,
        cs1_0.class_name,
        cs1_0.course_id,
        cs1_0.course_name,
        cs1_0.create_time,
        cs1_0.status,
        cs1_0.student_id,
        cs1_0.student_name 
    from
        course_selection cs1_0 
    where
        cs1_0.student_id=? 
        and cs1_0.status=?
2026-06-02 16:44:23.559 [http-nio-8080-exec-10] DEBUG org.hibernate.SQL - 
    select
        a1_0.id,
        a1_0.check_in_time,
        a1_0.course_id,
        a1_0.create_time,
        a1_0.ip_address,
        a1_0.reason,
        a1_0.sign_in_id,
        a1_0.student_id,
        a1_0.student_name,
        a1_0.student_status,
        a1_0.update_time 
    from
        attendance a1_0 
    where
        a1_0.student_id=?
2026-06-02 16:44:46.092 [http-nio-8080-exec-1] DEBUG org.hibernate.SQL - 
    select
        u1_0.id,
        u1_0.class_name,
        u1_0.create_time,
        u1_0.gender,
        u1_0.real_name,
        u1_0.username,
        u1_0.userpassword,
        u1_0.userrole 
    from
        my_user u1_0 
    where
        u1_0.username=?
2026-06-02 16:44:47.827 [http-nio-8080-exec-3] DEBUG org.hibernate.SQL - 
    select
        u1_0.id,
        u1_0.class_name,
        u1_0.create_time,
        u1_0.gender,
        u1_0.real_name,
        u1_0.username,
        u1_0.userpassword,
        u1_0.userrole 
    from
        my_user u1_0 
    where
        u1_0.username=?
2026-06-02 16:44:47.837 [http-nio-8080-exec-3] DEBUG org.hibernate.SQL - 
    select
        c1_0.id,
        c1_0.class_name,
        c1_0.course_id,
        c1_0.course_name,
        c1_0.create_time,
        c1_0.location,
        c1_0.teacher_id,
        c1_0.teacher_name,
        c1_0.time_slot,
        c1_0.week_day 
    from
        course c1_0
2026-06-02 16:44:47.847 [http-nio-8080-exec-3] DEBUG org.hibernate.SQL - 
    select
        count_big(*) 
    from
        student s1_0
2026-06-02 16:44:47.858 [http-nio-8080-exec-3] DEBUG org.hibernate.SQL - 
    select
        count_big(u1_0.id) 
    from
        my_user u1_0 
    where
        upper(u1_0.userrole)=upper(?)
2026-06-02 16:44:47.877 [http-nio-8080-exec-3] DEBUG org.hibernate.SQL - 
    select
        count_big(*) 
    from
        course c1_0
2026-06-02 16:44:47.897 [http-nio-8080-exec-3] DEBUG org.hibernate.SQL - 
    select
        a1_0.id,
        a1_0.check_in_time,
        a1_0.course_id,
        a1_0.create_time,
        a1_0.ip_address,
        a1_0.reason,
        a1_0.sign_in_id,
        a1_0.student_id,
        a1_0.student_name,
        a1_0.student_status,
        a1_0.update_time 
    from
        attendance a1_0 
    where
        a1_0.course_id=?
2026-06-02 16:44:47.904 [http-nio-8080-exec-3] DEBUG org.hibernate.SQL - 
    select
        a1_0.id,
        a1_0.check_in_time,
        a1_0.course_id,
        a1_0.create_time,
        a1_0.ip_address,
        a1_0.reason,
        a1_0.sign_in_id,
        a1_0.student_id,
        a1_0.student_name,
        a1_0.student_status,
        a1_0.update_time 
    from
        attendance a1_0 
    where
        a1_0.course_id=?
2026-06-02 16:44:47.905 [http-nio-8080-exec-3] DEBUG org.hibernate.SQL - 
    select
        a1_0.id,
        a1_0.check_in_time,
        a1_0.course_id,
        a1_0.create_time,
        a1_0.ip_address,
        a1_0.reason,
        a1_0.sign_in_id,
        a1_0.student_id,
        a1_0.student_name,
        a1_0.student_status,
        a1_0.update_time 
    from
        attendance a1_0 
    where
        a1_0.course_id=?
2026-06-02 16:44:52.342 [http-nio-8080-exec-5] DEBUG org.hibernate.SQL - 
    select
        c1_0.id,
        c1_0.class_name,
        c1_0.course_id,
        c1_0.course_name,
        c1_0.create_time,
        c1_0.location,
        c1_0.teacher_id,
        c1_0.teacher_name,
        c1_0.time_slot,
        c1_0.week_day 
    from
        course c1_0
2026-06-02 16:44:52.361 [http-nio-8080-exec-6] DEBUG org.hibernate.SQL - 
    select
        distinct s1_0.class_name 
    from
        student s1_0 
    where
        s1_0.class_name is not null 
    order by
        s1_0.class_name
2026-06-02 16:44:52.373 [http-nio-8080-exec-7] DEBUG org.hibernate.SQL - 
    select
        u1_0.id,
        u1_0.class_name,
        u1_0.create_time,
        u1_0.gender,
        u1_0.real_name,
        u1_0.username,
        u1_0.userpassword,
        u1_0.userrole 
    from
        my_user u1_0 
    where
        u1_0.username=?
2026-06-02 16:44:52.376 [http-nio-8080-exec-7] DEBUG org.hibernate.SQL - 
    select
        count_big(*) 
    from
        student s1_0
2026-06-02 16:44:52.383 [http-nio-8080-exec-7] DEBUG org.hibernate.SQL - 
    select
        count_big(a1_0.id) 
    from
        attendance a1_0 
    where
        a1_0.check_in_time between ? and ? 
        and (
            ? is null 
            or a1_0.course_id=?
        ) 
        and (
            ? is null 
            or ?='' 
            or exists(select
                s1_0.student_id from student s1_0 
            where
                s1_0.student_id=a1_0.student_id 
                and s1_0.class_name=?)
        )
2026-06-02 16:44:52.403 [http-nio-8080-exec-7] DEBUG org.hibernate.SQL - 
    select
        count_big(a1_0.id) 
    from
        attendance a1_0 
    where
        a1_0.student_status=? 
        and a1_0.check_in_time between ? and ? 
        and (
            ? is null 
            or a1_0.course_id=?
        ) 
        and (
            ? is null 
            or ?='' 
            or exists(select
                s1_0.student_id from student s1_0 
            where
                s1_0.student_id=a1_0.student_id 
                and s1_0.class_name=?)
        )
2026-06-02 16:44:52.418 [http-nio-8080-exec-7] DEBUG org.hibernate.SQL - 
    select
        count_big(a1_0.id) 
    from
        attendance a1_0 
    where
        a1_0.student_status=? 
        and a1_0.check_in_time between ? and ? 
        and (
            ? is null 
            or a1_0.course_id=?
        ) 
        and (
            ? is null 
            or ?='' 
            or exists(select
                s1_0.student_id from student s1_0 
            where
                s1_0.student_id=a1_0.student_id 
                and s1_0.class_name=?)
        )
2026-06-02 16:44:52.420 [http-nio-8080-exec-7] DEBUG org.hibernate.SQL - 
    select
        count_big(a1_0.id) 
    from
        attendance a1_0 
    where
        a1_0.student_status=? 
        and a1_0.check_in_time between ? and ? 
        and (
            ? is null 
            or a1_0.course_id=?
        ) 
        and (
            ? is null 
            or ?='' 
            or exists(select
                s1_0.student_id from student s1_0 
            where
                s1_0.student_id=a1_0.student_id 
                and s1_0.class_name=?)
        )
2026-06-02 16:44:52.421 [http-nio-8080-exec-7] DEBUG org.hibernate.SQL - 
    select
        count_big(a1_0.id) 
    from
        attendance a1_0 
    where
        a1_0.student_status=? 
        and a1_0.check_in_time between ? and ? 
        and (
            ? is null 
            or a1_0.course_id=?
        ) 
        and (
            ? is null 
            or ?='' 
            or exists(select
                s1_0.student_id from student s1_0 
            where
                s1_0.student_id=a1_0.student_id 
                and s1_0.class_name=?)
        )
2026-06-02 16:44:52.424 [http-nio-8080-exec-7] DEBUG org.hibernate.SQL - 
    select
        count_big(a1_0.id) 
    from
        attendance a1_0 
    where
        a1_0.student_status=? 
        and a1_0.check_in_time between ? and ? 
        and (
            ? is null 
            or a1_0.course_id=?
        ) 
        and (
            ? is null 
            or ?='' 
            or exists(select
                s1_0.student_id from student s1_0 
            where
                s1_0.student_id=a1_0.student_id 
                and s1_0.class_name=?)
        )
2026-06-02 16:44:52.425 [http-nio-8080-exec-7] DEBUG org.hibernate.SQL - 
    select
        count_big(a1_0.id) 
    from
        attendance a1_0 
    where
        a1_0.student_status=? 
        and a1_0.check_in_time between ? and ? 
        and (
            ? is null 
            or a1_0.course_id=?
        ) 
        and (
            ? is null 
            or ?='' 
            or exists(select
                s1_0.student_id from student s1_0 
            where
                s1_0.student_id=a1_0.student_id 
                and s1_0.class_name=?)
        )
2026-06-02 16:44:52.427 [http-nio-8080-exec-7] DEBUG org.hibernate.SQL - 
    select
        count_big(a1_0.id) 
    from
        attendance a1_0 
    where
        a1_0.student_status=? 
        and a1_0.check_in_time between ? and ? 
        and (
            ? is null 
            or a1_0.course_id=?
        ) 
        and (
            ? is null 
            or ?='' 
            or exists(select
                s1_0.student_id from student s1_0 
            where
                s1_0.student_id=a1_0.student_id 
                and s1_0.class_name=?)
        )
2026-06-02 16:44:52.428 [http-nio-8080-exec-7] DEBUG org.hibernate.SQL - 
    select
        count_big(a1_0.id) 
    from
        attendance a1_0 
    where
        a1_0.student_status=? 
        and a1_0.check_in_time between ? and ? 
        and (
            ? is null 
            or a1_0.course_id=?
        ) 
        and (
            ? is null 
            or ?='' 
            or exists(select
                s1_0.student_id from student s1_0 
            where
                s1_0.student_id=a1_0.student_id 
                and s1_0.class_name=?)
        )
2026-06-02 16:44:52.430 [http-nio-8080-exec-7] DEBUG org.hibernate.SQL - 
    select
        count_big(a1_0.id) 
    from
        attendance a1_0 
    where
        a1_0.student_status=? 
        and a1_0.check_in_time between ? and ? 
        and (
            ? is null 
            or a1_0.course_id=?
        ) 
        and (
            ? is null 
            or ?='' 
            or exists(select
                s1_0.student_id from student s1_0 
            where
                s1_0.student_id=a1_0.student_id 
                and s1_0.class_name=?)
        )
2026-06-02 16:44:52.432 [http-nio-8080-exec-7] DEBUG org.hibernate.SQL - 
    select
        count_big(a1_0.id) 
    from
        attendance a1_0 
    where
        a1_0.student_status=? 
        and a1_0.check_in_time between ? and ? 
        and (
            ? is null 
            or a1_0.course_id=?
        ) 
        and (
            ? is null 
            or ?='' 
            or exists(select
                s1_0.student_id from student s1_0 
            where
                s1_0.student_id=a1_0.student_id 
                and s1_0.class_name=?)
        )
2026-06-02 16:44:52.434 [http-nio-8080-exec-7] DEBUG org.hibernate.SQL - 
    select
        count_big(a1_0.id) 
    from
        attendance a1_0 
    where
        a1_0.student_status=? 
        and a1_0.check_in_time between ? and ? 
        and (
            ? is null 
            or a1_0.course_id=?
        ) 
        and (
            ? is null 
            or ?='' 
            or exists(select
                s1_0.student_id from student s1_0 
            where
                s1_0.student_id=a1_0.student_id 
                and s1_0.class_name=?)
        )
2026-06-02 16:44:52.436 [http-nio-8080-exec-7] DEBUG org.hibernate.SQL - 
    select
        count_big(a1_0.id) 
    from
        attendance a1_0 
    where
        a1_0.student_status=? 
        and a1_0.check_in_time between ? and ? 
        and (
            ? is null 
            or a1_0.course_id=?
        ) 
        and (
            ? is null 
            or ?='' 
            or exists(select
                s1_0.student_id from student s1_0 
            where
                s1_0.student_id=a1_0.student_id 
                and s1_0.class_name=?)
        )
2026-06-02 16:44:52.439 [http-nio-8080-exec-7] DEBUG org.hibernate.SQL - 
    select
        count_big(a1_0.id) 
    from
        attendance a1_0 
    where
        a1_0.student_status=? 
        and a1_0.check_in_time between ? and ? 
        and (
            ? is null 
            or a1_0.course_id=?
        ) 
        and (
            ? is null 
            or ?='' 
            or exists(select
                s1_0.student_id from student s1_0 
            where
                s1_0.student_id=a1_0.student_id 
                and s1_0.class_name=?)
        )
2026-06-02 16:44:52.440 [http-nio-8080-exec-7] DEBUG org.hibernate.SQL - 
    select
        count_big(a1_0.id) 
    from
        attendance a1_0 
    where
        a1_0.student_status=? 
        and a1_0.check_in_time between ? and ? 
        and (
            ? is null 
            or a1_0.course_id=?
        ) 
        and (
            ? is null 
            or ?='' 
            or exists(select
                s1_0.student_id from student s1_0 
            where
                s1_0.student_id=a1_0.student_id 
                and s1_0.class_name=?)
        )
2026-06-02 16:44:52.441 [http-nio-8080-exec-7] DEBUG org.hibernate.SQL - 
    select
        count_big(a1_0.id) 
    from
        attendance a1_0 
    where
        a1_0.student_status=? 
        and a1_0.check_in_time between ? and ? 
        and (
            ? is null 
            or a1_0.course_id=?
        ) 
        and (
            ? is null 
            or ?='' 
            or exists(select
                s1_0.student_id from student s1_0 
            where
                s1_0.student_id=a1_0.student_id 
                and s1_0.class_name=?)
        )
2026-06-02 16:44:52.442 [http-nio-8080-exec-7] DEBUG org.hibernate.SQL - 
    select
        count_big(a1_0.id) 
    from
        attendance a1_0 
    where
        a1_0.student_status=? 
        and a1_0.check_in_time between ? and ? 
        and (
            ? is null 
            or a1_0.course_id=?
        ) 
        and (
            ? is null 
            or ?='' 
            or exists(select
                s1_0.student_id from student s1_0 
            where
                s1_0.student_id=a1_0.student_id 
                and s1_0.class_name=?)
        )
2026-06-02 16:44:52.443 [http-nio-8080-exec-7] DEBUG org.hibernate.SQL - 
    select
        count_big(a1_0.id) 
    from
        attendance a1_0 
    where
        a1_0.student_status=? 
        and a1_0.check_in_time between ? and ? 
        and (
            ? is null 
            or a1_0.course_id=?
        ) 
        and (
            ? is null 
            or ?='' 
            or exists(select
                s1_0.student_id from student s1_0 
            where
                s1_0.student_id=a1_0.student_id 
                and s1_0.class_name=?)
        )
2026-06-02 16:44:52.444 [http-nio-8080-exec-7] DEBUG org.hibernate.SQL - 
    select
        count_big(a1_0.id) 
    from
        attendance a1_0 
    where
        a1_0.student_status=? 
        and a1_0.check_in_time between ? and ? 
        and (
            ? is null 
            or a1_0.course_id=?
        ) 
        and (
            ? is null 
            or ?='' 
            or exists(select
                s1_0.student_id from student s1_0 
            where
                s1_0.student_id=a1_0.student_id 
                and s1_0.class_name=?)
        )
2026-06-02 16:44:52.447 [http-nio-8080-exec-7] DEBUG org.hibernate.SQL - 
    select
        count_big(a1_0.id) 
    from
        attendance a1_0 
    where
        a1_0.student_status=? 
        and a1_0.check_in_time between ? and ? 
        and (
            ? is null 
            or a1_0.course_id=?
        ) 
        and (
            ? is null 
            or ?='' 
            or exists(select
                s1_0.student_id from student s1_0 
            where
                s1_0.student_id=a1_0.student_id 
                and s1_0.class_name=?)
        )
2026-06-02 16:44:52.447 [http-nio-8080-exec-7] DEBUG org.hibernate.SQL - 
    select
        count_big(a1_0.id) 
    from
        attendance a1_0 
    where
        a1_0.student_status=? 
        and a1_0.check_in_time between ? and ? 
        and (
            ? is null 
            or a1_0.course_id=?
        ) 
        and (
            ? is null 
            or ?='' 
            or exists(select
                s1_0.student_id from student s1_0 
            where
                s1_0.student_id=a1_0.student_id 
                and s1_0.class_name=?)
        )
2026-06-02 16:44:52.450 [http-nio-8080-exec-7] DEBUG org.hibernate.SQL - 
    select
        count_big(a1_0.id) 
    from
        attendance a1_0 
    where
        a1_0.student_status=? 
        and a1_0.check_in_time between ? and ? 
        and (
            ? is null 
            or a1_0.course_id=?
        ) 
        and (
            ? is null 
            or ?='' 
            or exists(select
                s1_0.student_id from student s1_0 
            where
                s1_0.student_id=a1_0.student_id 
                and s1_0.class_name=?)
        )
2026-06-02 16:44:52.451 [http-nio-8080-exec-7] DEBUG org.hibernate.SQL - 
    select
        count_big(a1_0.id) 
    from
        attendance a1_0 
    where
        a1_0.student_status=? 
        and a1_0.check_in_time between ? and ? 
        and (
            ? is null 
            or a1_0.course_id=?
        ) 
        and (
            ? is null 
            or ?='' 
            or exists(select
                s1_0.student_id from student s1_0 
            where
                s1_0.student_id=a1_0.student_id 
                and s1_0.class_name=?)
        )
2026-06-02 16:44:52.452 [http-nio-8080-exec-7] DEBUG org.hibernate.SQL - 
    select
        count_big(a1_0.id) 
    from
        attendance a1_0 
    where
        a1_0.student_status=? 
        and a1_0.check_in_time between ? and ? 
        and (
            ? is null 
            or a1_0.course_id=?
        ) 
        and (
            ? is null 
            or ?='' 
            or exists(select
                s1_0.student_id from student s1_0 
            where
                s1_0.student_id=a1_0.student_id 
                and s1_0.class_name=?)
        )
2026-06-02 16:44:52.453 [http-nio-8080-exec-7] DEBUG org.hibernate.SQL - 
    select
        count_big(a1_0.id) 
    from
        attendance a1_0 
    where
        a1_0.student_status=? 
        and a1_0.check_in_time between ? and ? 
        and (
            ? is null 
            or a1_0.course_id=?
        ) 
        and (
            ? is null 
            or ?='' 
            or exists(select
                s1_0.student_id from student s1_0 
            where
                s1_0.student_id=a1_0.student_id 
                and s1_0.class_name=?)
        )
2026-06-02 16:44:52.455 [http-nio-8080-exec-7] DEBUG org.hibernate.SQL - 
    select
        count_big(a1_0.id) 
    from
        attendance a1_0 
    where
        a1_0.student_status=? 
        and a1_0.check_in_time between ? and ? 
        and (
            ? is null 
            or a1_0.course_id=?
        ) 
        and (
            ? is null 
            or ?='' 
            or exists(select
                s1_0.student_id from student s1_0 
            where
                s1_0.student_id=a1_0.student_id 
                and s1_0.class_name=?)
        )
2026-06-02 16:44:52.456 [http-nio-8080-exec-7] DEBUG org.hibernate.SQL - 
    select
        count_big(a1_0.id) 
    from
        attendance a1_0 
    where
        a1_0.student_status=? 
        and a1_0.check_in_time between ? and ? 
        and (
            ? is null 
            or a1_0.course_id=?
        ) 
        and (
            ? is null 
            or ?='' 
            or exists(select
                s1_0.student_id from student s1_0 
            where
                s1_0.student_id=a1_0.student_id 
                and s1_0.class_name=?)
        )
2026-06-02 16:44:52.457 [http-nio-8080-exec-7] DEBUG org.hibernate.SQL - 
    select
        count_big(a1_0.id) 
    from
        attendance a1_0 
    where
        a1_0.student_status=? 
        and a1_0.check_in_time between ? and ? 
        and (
            ? is null 
            or a1_0.course_id=?
        ) 
        and (
            ? is null 
            or ?='' 
            or exists(select
                s1_0.student_id from student s1_0 
            where
                s1_0.student_id=a1_0.student_id 
                and s1_0.class_name=?)
        )
2026-06-02 16:44:52.464 [http-nio-8080-exec-7] DEBUG org.hibernate.SQL - 
    select
        count_big(a1_0.id) 
    from
        attendance a1_0 
    where
        a1_0.student_status=? 
        and a1_0.check_in_time between ? and ? 
        and (
            ? is null 
            or a1_0.course_id=?
        ) 
        and (
            ? is null 
            or ?='' 
            or exists(select
                s1_0.student_id from student s1_0 
            where
                s1_0.student_id=a1_0.student_id 
                and s1_0.class_name=?)
        )
2026-06-02 16:44:52.466 [http-nio-8080-exec-7] DEBUG org.hibernate.SQL - 
    select
        count_big(a1_0.id) 
    from
        attendance a1_0 
    where
        a1_0.student_status=? 
        and a1_0.check_in_time between ? and ? 
        and (
            ? is null 
            or a1_0.course_id=?
        ) 
        and (
            ? is null 
            or ?='' 
            or exists(select
                s1_0.student_id from student s1_0 
            where
                s1_0.student_id=a1_0.student_id 
                and s1_0.class_name=?)
        )
2026-06-02 16:44:52.468 [http-nio-8080-exec-7] DEBUG org.hibernate.SQL - 
    select
        count_big(a1_0.id) 
    from
        attendance a1_0 
    where
        a1_0.student_status=? 
        and a1_0.check_in_time between ? and ? 
        and (
            ? is null 
            or a1_0.course_id=?
        ) 
        and (
            ? is null 
            or ?='' 
            or exists(select
                s1_0.student_id from student s1_0 
            where
                s1_0.student_id=a1_0.student_id 
                and s1_0.class_name=?)
        )
2026-06-02 16:44:52.469 [http-nio-8080-exec-7] DEBUG org.hibernate.SQL - 
    select
        count_big(a1_0.id) 
    from
        attendance a1_0 
    where
        a1_0.student_status=? 
        and a1_0.check_in_time between ? and ? 
        and (
            ? is null 
            or a1_0.course_id=?
        ) 
        and (
            ? is null 
            or ?='' 
            or exists(select
                s1_0.student_id from student s1_0 
            where
                s1_0.student_id=a1_0.student_id 
                and s1_0.class_name=?)
        )
2026-06-02 16:44:52.470 [http-nio-8080-exec-7] DEBUG org.hibernate.SQL - 
    select
        count_big(a1_0.id) 
    from
        attendance a1_0 
    where
        a1_0.student_status=? 
        and a1_0.check_in_time between ? and ? 
        and (
            ? is null 
            or a1_0.course_id=?
        ) 
        and (
            ? is null 
            or ?='' 
            or exists(select
                s1_0.student_id from student s1_0 
            where
                s1_0.student_id=a1_0.student_id 
                and s1_0.class_name=?)
        )
2026-06-02 16:44:52.473 [http-nio-8080-exec-7] DEBUG org.hibernate.SQL - 
    select
        count_big(a1_0.id) 
    from
        attendance a1_0 
    where
        a1_0.student_status=? 
        and a1_0.check_in_time between ? and ? 
        and (
            ? is null 
            or a1_0.course_id=?
        ) 
        and (
            ? is null 
            or ?='' 
            or exists(select
                s1_0.student_id from student s1_0 
            where
                s1_0.student_id=a1_0.student_id 
                and s1_0.class_name=?)
        )
2026-06-02 16:44:52.474 [http-nio-8080-exec-7] DEBUG org.hibernate.SQL - 
    select
        count_big(a1_0.id) 
    from
        attendance a1_0 
    where
        a1_0.student_status=? 
        and a1_0.check_in_time between ? and ? 
        and (
            ? is null 
            or a1_0.course_id=?
        ) 
        and (
            ? is null 
            or ?='' 
            or exists(select
                s1_0.student_id from student s1_0 
            where
                s1_0.student_id=a1_0.student_id 
                and s1_0.class_name=?)
        )
2026-06-02 16:44:52.475 [http-nio-8080-exec-7] DEBUG org.hibernate.SQL - 
    select
        count_big(a1_0.id) 
    from
        attendance a1_0 
    where
        a1_0.student_status=? 
        and a1_0.check_in_time between ? and ? 
        and (
            ? is null 
            or a1_0.course_id=?
        ) 
        and (
            ? is null 
            or ?='' 
            or exists(select
                s1_0.student_id from student s1_0 
            where
                s1_0.student_id=a1_0.student_id 
                and s1_0.class_name=?)
        )
2026-06-02 16:44:52.477 [http-nio-8080-exec-7] DEBUG org.hibernate.SQL - 
    select
        count_big(a1_0.id) 
    from
        attendance a1_0 
    where
        a1_0.student_status=? 
        and a1_0.check_in_time between ? and ? 
        and (
            ? is null 
            or a1_0.course_id=?
        ) 
        and (
            ? is null 
            or ?='' 
            or exists(select
                s1_0.student_id from student s1_0 
            where
                s1_0.student_id=a1_0.student_id 
                and s1_0.class_name=?)
        )
2026-06-02 16:44:52.478 [http-nio-8080-exec-7] DEBUG org.hibernate.SQL - 
    select
        distinct s1_0.class_name 
    from
        student s1_0 
    where
        s1_0.class_name is not null 
    order by
        s1_0.class_name
2026-06-02 16:44:52.481 [http-nio-8080-exec-7] DEBUG org.hibernate.SQL - 
    select
        count_big(a1_0.id) 
    from
        attendance a1_0 
    where
        a1_0.check_in_time between ? and ? 
        and (
            ? is null 
            or a1_0.course_id=?
        ) 
        and (
            ? is null 
            or ?='' 
            or exists(select
                s1_0.student_id from student s1_0 
            where
                s1_0.student_id=a1_0.student_id 
                and s1_0.class_name=?)
        )
2026-06-02 16:44:52.482 [http-nio-8080-exec-7] DEBUG org.hibernate.SQL - 
    select
        count_big(a1_0.id) 
    from
        attendance a1_0 
    where
        a1_0.student_status=? 
        and a1_0.check_in_time between ? and ? 
        and (
            ? is null 
            or a1_0.course_id=?
        ) 
        and (
            ? is null 
            or ?='' 
            or exists(select
                s1_0.student_id from student s1_0 
            where
                s1_0.student_id=a1_0.student_id 
                and s1_0.class_name=?)
        )
2026-06-02 16:44:52.484 [http-nio-8080-exec-7] DEBUG org.hibernate.SQL - 
    select
        count_big(a1_0.id) 
    from
        attendance a1_0 
    where
        a1_0.check_in_time between ? and ? 
        and (
            ? is null 
            or a1_0.course_id=?
        ) 
        and (
            ? is null 
            or ?='' 
            or exists(select
                s1_0.student_id from student s1_0 
            where
                s1_0.student_id=a1_0.student_id 
                and s1_0.class_name=?)
        )
2026-06-02 16:44:52.485 [http-nio-8080-exec-7] DEBUG org.hibernate.SQL - 
    select
        count_big(a1_0.id) 
    from
        attendance a1_0 
    where
        a1_0.student_status=? 
        and a1_0.check_in_time between ? and ? 
        and (
            ? is null 
            or a1_0.course_id=?
        ) 
        and (
            ? is null 
            or ?='' 
            or exists(select
                s1_0.student_id from student s1_0 
            where
                s1_0.student_id=a1_0.student_id 
                and s1_0.class_name=?)
        )
2026-06-02 16:44:52.487 [http-nio-8080-exec-7] DEBUG org.hibernate.SQL - 
    select
        count_big(a1_0.id) 
    from
        attendance a1_0 
    where
        a1_0.check_in_time between ? and ? 
        and (
            ? is null 
            or a1_0.course_id=?
        ) 
        and (
            ? is null 
            or ?='' 
            or exists(select
                s1_0.student_id from student s1_0 
            where
                s1_0.student_id=a1_0.student_id 
                and s1_0.class_name=?)
        )
2026-06-02 16:44:52.487 [http-nio-8080-exec-7] DEBUG org.hibernate.SQL - 
    select
        count_big(a1_0.id) 
    from
        attendance a1_0 
    where
        a1_0.student_status=? 
        and a1_0.check_in_time between ? and ? 
        and (
            ? is null 
            or a1_0.course_id=?
        ) 
        and (
            ? is null 
            or ?='' 
            or exists(select
                s1_0.student_id from student s1_0 
            where
                s1_0.student_id=a1_0.student_id 
                and s1_0.class_name=?)
        )
2026-06-02 16:44:52.489 [http-nio-8080-exec-7] DEBUG org.hibernate.SQL - 
    select
        count_big(a1_0.id) 
    from
        attendance a1_0 
    where
        a1_0.check_in_time between ? and ? 
        and (
            ? is null 
            or a1_0.course_id=?
        ) 
        and (
            ? is null 
            or ?='' 
            or exists(select
                s1_0.student_id from student s1_0 
            where
                s1_0.student_id=a1_0.student_id 
                and s1_0.class_name=?)
        )
2026-06-02 16:44:52.491 [http-nio-8080-exec-7] DEBUG org.hibernate.SQL - 
    select
        count_big(a1_0.id) 
    from
        attendance a1_0 
    where
        a1_0.student_status=? 
        and a1_0.check_in_time between ? and ? 
        and (
            ? is null 
            or a1_0.course_id=?
        ) 
        and (
            ? is null 
            or ?='' 
            or exists(select
                s1_0.student_id from student s1_0 
            where
                s1_0.student_id=a1_0.student_id 
                and s1_0.class_name=?)
        )
2026-06-02 16:44:52.492 [http-nio-8080-exec-7] DEBUG org.hibernate.SQL - 
    select
        count_big(a1_0.id) 
    from
        attendance a1_0 
    where
        a1_0.check_in_time between ? and ? 
        and (
            ? is null 
            or a1_0.course_id=?
        ) 
        and (
            ? is null 
            or ?='' 
            or exists(select
                s1_0.student_id from student s1_0 
            where
                s1_0.student_id=a1_0.student_id 
                and s1_0.class_name=?)
        )
2026-06-02 16:44:52.494 [http-nio-8080-exec-7] DEBUG org.hibernate.SQL - 
    select
        count_big(a1_0.id) 
    from
        attendance a1_0 
    where
        a1_0.student_status=? 
        and a1_0.check_in_time between ? and ? 
        and (
            ? is null 
            or a1_0.course_id=?
        ) 
        and (
            ? is null 
            or ?='' 
            or exists(select
                s1_0.student_id from student s1_0 
            where
                s1_0.student_id=a1_0.student_id 
                and s1_0.class_name=?)
        )
2026-06-02 16:44:52.508 [http-nio-8080-exec-7] DEBUG org.hibernate.SQL - 
    select
        a1_0.course_id,
        c1_0.course_name,
        count_big(a1_0.id) 
    from
        attendance a1_0 
    left join
        course c1_0 
            on a1_0.course_id=c1_0.course_id 
    where
        a1_0.check_in_time between ? and ? 
        and (
            ? is null 
            or ?='' 
            or exists(select
                s1_0.student_id from student s1_0 
            where
                s1_0.student_id=a1_0.student_id 
                and s1_0.class_name=?)
        ) 
    group by
        a1_0.course_id,
        c1_0.course_name 
    order by
        count_big(a1_0.id) desc
2026-06-02 16:44:53.955 [http-nio-8080-exec-8] DEBUG org.hibernate.SQL - 
    select
        u1_0.id,
        u1_0.class_name,
        u1_0.create_time,
        u1_0.gender,
        u1_0.real_name,
        u1_0.username,
        u1_0.userpassword,
        u1_0.userrole 
    from
        my_user u1_0 
    where
        u1_0.username=?
2026-06-02 16:44:53.976 [http-nio-8080-exec-8] DEBUG org.hibernate.SQL - 
    select
        c1_0.id,
        c1_0.class_name,
        c1_0.course_id,
        c1_0.course_name,
        c1_0.create_time,
        c1_0.location,
        c1_0.teacher_id,
        c1_0.teacher_name,
        c1_0.time_slot,
        c1_0.week_day 
    from
        course c1_0
2026-06-02 16:44:53.980 [http-nio-8080-exec-8] DEBUG org.hibernate.SQL - 
    select
        count_big(*) 
    from
        student s1_0
2026-06-02 16:44:53.983 [http-nio-8080-exec-8] DEBUG org.hibernate.SQL - 
    select
        count_big(u1_0.id) 
    from
        my_user u1_0 
    where
        upper(u1_0.userrole)=upper(?)
2026-06-02 16:44:53.985 [http-nio-8080-exec-8] DEBUG org.hibernate.SQL - 
    select
        count_big(*) 
    from
        course c1_0
2026-06-02 16:44:53.987 [http-nio-8080-exec-8] DEBUG org.hibernate.SQL - 
    select
        a1_0.id,
        a1_0.check_in_time,
        a1_0.course_id,
        a1_0.create_time,
        a1_0.ip_address,
        a1_0.reason,
        a1_0.sign_in_id,
        a1_0.student_id,
        a1_0.student_name,
        a1_0.student_status,
        a1_0.update_time 
    from
        attendance a1_0 
    where
        a1_0.course_id=?
2026-06-02 16:44:53.989 [http-nio-8080-exec-8] DEBUG org.hibernate.SQL - 
    select
        a1_0.id,
        a1_0.check_in_time,
        a1_0.course_id,
        a1_0.create_time,
        a1_0.ip_address,
        a1_0.reason,
        a1_0.sign_in_id,
        a1_0.student_id,
        a1_0.student_name,
        a1_0.student_status,
        a1_0.update_time 
    from
        attendance a1_0 
    where
        a1_0.course_id=?
2026-06-02 16:44:53.991 [http-nio-8080-exec-8] DEBUG org.hibernate.SQL - 
    select
        a1_0.id,
        a1_0.check_in_time,
        a1_0.course_id,
        a1_0.create_time,
        a1_0.ip_address,
        a1_0.reason,
        a1_0.sign_in_id,
        a1_0.student_id,
        a1_0.student_name,
        a1_0.student_status,
        a1_0.update_time 
    from
        attendance a1_0 
    where
        a1_0.course_id=?
2026-06-02 16:44:57.391 [http-nio-8080-exec-9] DEBUG org.hibernate.SQL - 
    select
        c1_0.id,
        c1_0.class_name,
        c1_0.course_id,
        c1_0.course_name,
        c1_0.create_time,
        c1_0.location,
        c1_0.teacher_id,
        c1_0.teacher_name,
        c1_0.time_slot,
        c1_0.week_day 
    from
        course c1_0
2026-06-02 16:44:59.069 [http-nio-8080-exec-2] DEBUG org.hibernate.SQL - 
    select
        u1_0.id,
        u1_0.class_name,
        u1_0.create_time,
        u1_0.gender,
        u1_0.real_name,
        u1_0.username,
        u1_0.userpassword,
        u1_0.userrole 
    from
        my_user u1_0 
    where
        u1_0.username=?
2026-06-02 16:44:59.074 [http-nio-8080-exec-2] DEBUG org.hibernate.SQL - 
    select
        c1_0.id,
        c1_0.class_name,
        c1_0.course_id,
        c1_0.course_name,
        c1_0.create_time,
        c1_0.location,
        c1_0.teacher_id,
        c1_0.teacher_name,
        c1_0.time_slot,
        c1_0.week_day 
    from
        course c1_0
2026-06-02 16:44:59.080 [http-nio-8080-exec-2] DEBUG org.hibernate.SQL - 
    select
        count_big(*) 
    from
        student s1_0
2026-06-02 16:44:59.084 [http-nio-8080-exec-2] DEBUG org.hibernate.SQL - 
    select
        count_big(u1_0.id) 
    from
        my_user u1_0 
    where
        upper(u1_0.userrole)=upper(?)
2026-06-02 16:44:59.085 [http-nio-8080-exec-2] DEBUG org.hibernate.SQL - 
    select
        count_big(*) 
    from
        course c1_0
2026-06-02 16:44:59.087 [http-nio-8080-exec-2] DEBUG org.hibernate.SQL - 
    select
        a1_0.id,
        a1_0.check_in_time,
        a1_0.course_id,
        a1_0.create_time,
        a1_0.ip_address,
        a1_0.reason,
        a1_0.sign_in_id,
        a1_0.student_id,
        a1_0.student_name,
        a1_0.student_status,
        a1_0.update_time 
    from
        attendance a1_0 
    where
        a1_0.course_id=?
2026-06-02 16:44:59.088 [http-nio-8080-exec-2] DEBUG org.hibernate.SQL - 
    select
        a1_0.id,
        a1_0.check_in_time,
        a1_0.course_id,
        a1_0.create_time,
        a1_0.ip_address,
        a1_0.reason,
        a1_0.sign_in_id,
        a1_0.student_id,
        a1_0.student_name,
        a1_0.student_status,
        a1_0.update_time 
    from
        attendance a1_0 
    where
        a1_0.course_id=?
2026-06-02 16:44:59.090 [http-nio-8080-exec-2] DEBUG org.hibernate.SQL - 
    select
        a1_0.id,
        a1_0.check_in_time,
        a1_0.course_id,
        a1_0.create_time,
        a1_0.ip_address,
        a1_0.reason,
        a1_0.sign_in_id,
        a1_0.student_id,
        a1_0.student_name,
        a1_0.student_status,
        a1_0.update_time 
    from
        attendance a1_0 
    where
        a1_0.course_id=?
2026-06-02 16:45:01.567 [http-nio-8080-exec-3] DEBUG c.e.a.service.impl.UserServiceImpl - 查询所有用户列表
2026-06-02 16:45:01.573 [http-nio-8080-exec-3] DEBUG org.hibernate.SQL - 
    select
        u1_0.id,
        u1_0.class_name,
        u1_0.create_time,
        u1_0.gender,
        u1_0.real_name,
        u1_0.username,
        u1_0.userpassword,
        u1_0.userrole 
    from
        my_user u1_0
2026-06-02 16:45:01.593 [http-nio-8080-exec-3] INFO  c.e.a.service.impl.UserServiceImpl - 查询到 73 个用户
2026-06-02 16:45:03.712 [http-nio-8080-exec-5] DEBUG org.hibernate.SQL - 
    select
        u1_0.id,
        u1_0.class_name,
        u1_0.create_time,
        u1_0.gender,
        u1_0.real_name,
        u1_0.username,
        u1_0.userpassword,
        u1_0.userrole 
    from
        my_user u1_0 
    where
        u1_0.username=?
2026-06-02 16:45:03.717 [http-nio-8080-exec-5] DEBUG org.hibernate.SQL - 
    select
        c1_0.id,
        c1_0.class_name,
        c1_0.course_id,
        c1_0.course_name,
        c1_0.create_time,
        c1_0.location,
        c1_0.teacher_id,
        c1_0.teacher_name,
        c1_0.time_slot,
        c1_0.week_day 
    from
        course c1_0
2026-06-02 16:45:03.728 [http-nio-8080-exec-5] DEBUG org.hibernate.SQL - 
    select
        count_big(*) 
    from
        student s1_0
2026-06-02 16:45:03.732 [http-nio-8080-exec-5] DEBUG org.hibernate.SQL - 
    select
        count_big(u1_0.id) 
    from
        my_user u1_0 
    where
        upper(u1_0.userrole)=upper(?)
2026-06-02 16:45:03.736 [http-nio-8080-exec-5] DEBUG org.hibernate.SQL - 
    select
        count_big(*) 
    from
        course c1_0
2026-06-02 16:45:03.738 [http-nio-8080-exec-5] DEBUG org.hibernate.SQL - 
    select
        a1_0.id,
        a1_0.check_in_time,
        a1_0.course_id,
        a1_0.create_time,
        a1_0.ip_address,
        a1_0.reason,
        a1_0.sign_in_id,
        a1_0.student_id,
        a1_0.student_name,
        a1_0.student_status,
        a1_0.update_time 
    from
        attendance a1_0 
    where
        a1_0.course_id=?
2026-06-02 16:45:03.740 [http-nio-8080-exec-5] DEBUG org.hibernate.SQL - 
    select
        a1_0.id,
        a1_0.check_in_time,
        a1_0.course_id,
        a1_0.create_time,
        a1_0.ip_address,
        a1_0.reason,
        a1_0.sign_in_id,
        a1_0.student_id,
        a1_0.student_name,
        a1_0.student_status,
        a1_0.update_time 
    from
        attendance a1_0 
    where
        a1_0.course_id=?
2026-06-02 16:45:03.741 [http-nio-8080-exec-5] DEBUG org.hibernate.SQL - 
    select
        a1_0.id,
        a1_0.check_in_time,
        a1_0.course_id,
        a1_0.create_time,
        a1_0.ip_address,
        a1_0.reason,
        a1_0.sign_in_id,
        a1_0.student_id,
        a1_0.student_name,
        a1_0.student_status,
        a1_0.update_time 
    from
        attendance a1_0 
    where
        a1_0.course_id=?
2026-06-02 16:45:07.380 [http-nio-8080-exec-7] DEBUG org.hibernate.SQL - 
    select
        u1_0.id,
        u1_0.class_name,
        u1_0.create_time,
        u1_0.gender,
        u1_0.real_name,
        u1_0.username,
        u1_0.userpassword,
        u1_0.userrole 
    from
        my_user u1_0 
    where
        u1_0.username=?
2026-06-02 16:45:07.381 [http-nio-8080-exec-10] DEBUG c.e.a.s.impl.AttendanceServiceImpl - 分页查询考勤记录，页码: 0, 每页数量: 10
2026-06-02 16:45:07.385 [http-nio-8080-exec-10] DEBUG org.hibernate.SQL - 
    select
        a1_0.id,
        a1_0.check_in_time,
        a1_0.course_id,
        a1_0.create_time,
        a1_0.ip_address,
        a1_0.reason,
        a1_0.sign_in_id,
        a1_0.student_id,
        a1_0.student_name,
        a1_0.student_status,
        a1_0.update_time 
    from
        attendance a1_0 
    order by
        a1_0.check_in_time desc 
    offset
        ? rows 
    fetch
        first ? rows only
2026-06-02 16:45:07.385 [http-nio-8080-exec-7] DEBUG org.hibernate.SQL - 
    select
        c1_0.id,
        c1_0.class_name,
        c1_0.course_id,
        c1_0.course_name,
        c1_0.create_time,
        c1_0.location,
        c1_0.teacher_id,
        c1_0.teacher_name,
        c1_0.time_slot,
        c1_0.week_day 
    from
        course c1_0
2026-06-02 16:45:07.390 [http-nio-8080-exec-7] DEBUG org.hibernate.SQL - 
    select
        count_big(*) 
    from
        student s1_0
2026-06-02 16:45:07.393 [http-nio-8080-exec-7] DEBUG org.hibernate.SQL - 
    select
        count_big(u1_0.id) 
    from
        my_user u1_0 
    where
        upper(u1_0.userrole)=upper(?)
2026-06-02 16:45:07.394 [http-nio-8080-exec-10] DEBUG org.hibernate.SQL - 
    select
        count_big(a1_0.id) 
    from
        attendance a1_0
2026-06-02 16:45:07.395 [http-nio-8080-exec-7] DEBUG org.hibernate.SQL - 
    select
        count_big(*) 
    from
        course c1_0
2026-06-02 16:45:07.395 [http-nio-8080-exec-7] DEBUG org.hibernate.SQL - 
    select
        a1_0.id,
        a1_0.check_in_time,
        a1_0.course_id,
        a1_0.create_time,
        a1_0.ip_address,
        a1_0.reason,
        a1_0.sign_in_id,
        a1_0.student_id,
        a1_0.student_name,
        a1_0.student_status,
        a1_0.update_time 
    from
        attendance a1_0 
    where
        a1_0.course_id=?
2026-06-02 16:45:07.397 [http-nio-8080-exec-7] DEBUG org.hibernate.SQL - 
    select
        a1_0.id,
        a1_0.check_in_time,
        a1_0.course_id,
        a1_0.create_time,
        a1_0.ip_address,
        a1_0.reason,
        a1_0.sign_in_id,
        a1_0.student_id,
        a1_0.student_name,
        a1_0.student_status,
        a1_0.update_time 
    from
        attendance a1_0 
    where
        a1_0.course_id=?
2026-06-02 16:45:07.397 [http-nio-8080-exec-10] INFO  c.e.a.s.impl.AttendanceServiceImpl - 考勤记录分页查询完成，总数: 29
2026-06-02 16:45:07.398 [http-nio-8080-exec-7] DEBUG org.hibernate.SQL - 
    select
        a1_0.id,
        a1_0.check_in_time,
        a1_0.course_id,
        a1_0.create_time,
        a1_0.ip_address,
        a1_0.reason,
        a1_0.sign_in_id,
        a1_0.student_id,
        a1_0.student_name,
        a1_0.student_status,
        a1_0.update_time 
    from
        attendance a1_0 
    where
        a1_0.course_id=?
2026-06-02 16:46:46.739 [http-nio-8080-exec-2] DEBUG org.hibernate.SQL - 
    select
        u1_0.id,
        u1_0.class_name,
        u1_0.create_time,
        u1_0.gender,
        u1_0.real_name,
        u1_0.username,
        u1_0.userpassword,
        u1_0.userrole 
    from
        my_user u1_0 
    where
        u1_0.username=?
2026-06-02 16:46:46.758 [http-nio-8080-exec-2] DEBUG org.hibernate.SQL - 
    select
        c1_0.id,
        c1_0.class_name,
        c1_0.course_id,
        c1_0.course_name,
        c1_0.create_time,
        c1_0.location,
        c1_0.teacher_id,
        c1_0.teacher_name,
        c1_0.time_slot,
        c1_0.week_day 
    from
        course c1_0
2026-06-02 16:46:46.767 [http-nio-8080-exec-2] DEBUG org.hibernate.SQL - 
    select
        count_big(*) 
    from
        student s1_0
2026-06-02 16:46:46.773 [http-nio-8080-exec-2] DEBUG org.hibernate.SQL - 
    select
        count_big(u1_0.id) 
    from
        my_user u1_0 
    where
        upper(u1_0.userrole)=upper(?)
2026-06-02 16:46:46.778 [http-nio-8080-exec-2] DEBUG org.hibernate.SQL - 
    select
        count_big(*) 
    from
        course c1_0
2026-06-02 16:46:46.781 [http-nio-8080-exec-2] DEBUG org.hibernate.SQL - 
    select
        a1_0.id,
        a1_0.check_in_time,
        a1_0.course_id,
        a1_0.create_time,
        a1_0.ip_address,
        a1_0.reason,
        a1_0.sign_in_id,
        a1_0.student_id,
        a1_0.student_name,
        a1_0.student_status,
        a1_0.update_time 
    from
        attendance a1_0 
    where
        a1_0.course_id=?
2026-06-02 16:46:46.787 [http-nio-8080-exec-2] DEBUG org.hibernate.SQL - 
    select
        a1_0.id,
        a1_0.check_in_time,
        a1_0.course_id,
        a1_0.create_time,
        a1_0.ip_address,
        a1_0.reason,
        a1_0.sign_in_id,
        a1_0.student_id,
        a1_0.student_name,
        a1_0.student_status,
        a1_0.update_time 
    from
        attendance a1_0 
    where
        a1_0.course_id=?
2026-06-02 16:46:46.789 [http-nio-8080-exec-2] DEBUG org.hibernate.SQL - 
    select
        a1_0.id,
        a1_0.check_in_time,
        a1_0.course_id,
        a1_0.create_time,
        a1_0.ip_address,
        a1_0.reason,
        a1_0.sign_in_id,
        a1_0.student_id,
        a1_0.student_name,
        a1_0.student_status,
        a1_0.update_time 
    from
        attendance a1_0 
    where
        a1_0.course_id=?
2026-06-02 16:46:47.853 [http-nio-8080-exec-4] DEBUG org.hibernate.SQL - 
    select
        u1_0.id,
        u1_0.class_name,
        u1_0.create_time,
        u1_0.gender,
        u1_0.real_name,
        u1_0.username,
        u1_0.userpassword,
        u1_0.userrole 
    from
        my_user u1_0 
    where
        u1_0.username=?
2026-06-02 16:46:47.858 [http-nio-8080-exec-4] DEBUG org.hibernate.SQL - 
    select
        c1_0.id,
        c1_0.class_name,
        c1_0.course_id,
        c1_0.course_name,
        c1_0.create_time,
        c1_0.location,
        c1_0.teacher_id,
        c1_0.teacher_name,
        c1_0.time_slot,
        c1_0.week_day 
    from
        course c1_0
2026-06-02 16:46:47.865 [http-nio-8080-exec-4] DEBUG org.hibernate.SQL - 
    select
        count_big(*) 
    from
        student s1_0
2026-06-02 16:46:47.868 [http-nio-8080-exec-4] DEBUG org.hibernate.SQL - 
    select
        count_big(u1_0.id) 
    from
        my_user u1_0 
    where
        upper(u1_0.userrole)=upper(?)
2026-06-02 16:46:47.870 [http-nio-8080-exec-4] DEBUG org.hibernate.SQL - 
    select
        count_big(*) 
    from
        course c1_0
2026-06-02 16:46:47.872 [http-nio-8080-exec-4] DEBUG org.hibernate.SQL - 
    select
        a1_0.id,
        a1_0.check_in_time,
        a1_0.course_id,
        a1_0.create_time,
        a1_0.ip_address,
        a1_0.reason,
        a1_0.sign_in_id,
        a1_0.student_id,
        a1_0.student_name,
        a1_0.student_status,
        a1_0.update_time 
    from
        attendance a1_0 
    where
        a1_0.course_id=?
2026-06-02 16:46:47.875 [http-nio-8080-exec-4] DEBUG org.hibernate.SQL - 
    select
        a1_0.id,
        a1_0.check_in_time,
        a1_0.course_id,
        a1_0.create_time,
        a1_0.ip_address,
        a1_0.reason,
        a1_0.sign_in_id,
        a1_0.student_id,
        a1_0.student_name,
        a1_0.student_status,
        a1_0.update_time 
    from
        attendance a1_0 
    where
        a1_0.course_id=?
2026-06-02 16:46:47.875 [http-nio-8080-exec-4] DEBUG org.hibernate.SQL - 
    select
        a1_0.id,
        a1_0.check_in_time,
        a1_0.course_id,
        a1_0.create_time,
        a1_0.ip_address,
        a1_0.reason,
        a1_0.sign_in_id,
        a1_0.student_id,
        a1_0.student_name,
        a1_0.student_status,
        a1_0.update_time 
    from
        attendance a1_0 
    where
        a1_0.course_id=?
2026-06-02 16:49:07.399 [http-nio-8080-exec-7] DEBUG org.hibernate.SQL - 
    select
        u1_0.id,
        u1_0.class_name,
        u1_0.create_time,
        u1_0.gender,
        u1_0.real_name,
        u1_0.username,
        u1_0.userpassword,
        u1_0.userrole 
    from
        my_user u1_0 
    where
        u1_0.username=?
2026-06-02 16:49:07.428 [http-nio-8080-exec-7] DEBUG org.hibernate.SQL - 
    select
        c1_0.id,
        c1_0.class_name,
        c1_0.course_id,
        c1_0.course_name,
        c1_0.create_time,
        c1_0.location,
        c1_0.teacher_id,
        c1_0.teacher_name,
        c1_0.time_slot,
        c1_0.week_day 
    from
        course c1_0
2026-06-02 16:49:07.438 [http-nio-8080-exec-7] DEBUG org.hibernate.SQL - 
    select
        count_big(*) 
    from
        student s1_0
2026-06-02 16:49:07.444 [http-nio-8080-exec-7] DEBUG org.hibernate.SQL - 
    select
        count_big(u1_0.id) 
    from
        my_user u1_0 
    where
        upper(u1_0.userrole)=upper(?)
2026-06-02 16:49:07.450 [http-nio-8080-exec-7] DEBUG org.hibernate.SQL - 
    select
        count_big(*) 
    from
        course c1_0
2026-06-02 16:49:07.453 [http-nio-8080-exec-7] DEBUG org.hibernate.SQL - 
    select
        a1_0.id,
        a1_0.check_in_time,
        a1_0.course_id,
        a1_0.create_time,
        a1_0.ip_address,
        a1_0.reason,
        a1_0.sign_in_id,
        a1_0.student_id,
        a1_0.student_name,
        a1_0.student_status,
        a1_0.update_time 
    from
        attendance a1_0 
    where
        a1_0.course_id=?
2026-06-02 16:49:07.462 [http-nio-8080-exec-7] DEBUG org.hibernate.SQL - 
    select
        a1_0.id,
        a1_0.check_in_time,
        a1_0.course_id,
        a1_0.create_time,
        a1_0.ip_address,
        a1_0.reason,
        a1_0.sign_in_id,
        a1_0.student_id,
        a1_0.student_name,
        a1_0.student_status,
        a1_0.update_time 
    from
        attendance a1_0 
    where
        a1_0.course_id=?
2026-06-02 16:49:07.467 [http-nio-8080-exec-7] DEBUG org.hibernate.SQL - 
    select
        a1_0.id,
        a1_0.check_in_time,
        a1_0.course_id,
        a1_0.create_time,
        a1_0.ip_address,
        a1_0.reason,
        a1_0.sign_in_id,
        a1_0.student_id,
        a1_0.student_name,
        a1_0.student_status,
        a1_0.update_time 
    from
        attendance a1_0 
    where
        a1_0.course_id=?
2026-06-02 16:49:07.984 [http-nio-8080-exec-8] DEBUG org.hibernate.SQL - 
    select
        u1_0.id,
        u1_0.class_name,
        u1_0.create_time,
        u1_0.gender,
        u1_0.real_name,
        u1_0.username,
        u1_0.userpassword,
        u1_0.userrole 
    from
        my_user u1_0 
    where
        u1_0.username=?
2026-06-02 16:49:08.003 [http-nio-8080-exec-8] DEBUG org.hibernate.SQL - 
    select
        c1_0.id,
        c1_0.class_name,
        c1_0.course_id,
        c1_0.course_name,
        c1_0.create_time,
        c1_0.location,
        c1_0.teacher_id,
        c1_0.teacher_name,
        c1_0.time_slot,
        c1_0.week_day 
    from
        course c1_0
2026-06-02 16:49:08.023 [http-nio-8080-exec-8] DEBUG org.hibernate.SQL - 
    select
        count_big(*) 
    from
        student s1_0
2026-06-02 16:49:08.041 [http-nio-8080-exec-8] DEBUG org.hibernate.SQL - 
    select
        count_big(u1_0.id) 
    from
        my_user u1_0 
    where
        upper(u1_0.userrole)=upper(?)
2026-06-02 16:49:08.049 [http-nio-8080-exec-8] DEBUG org.hibernate.SQL - 
    select
        count_big(*) 
    from
        course c1_0
2026-06-02 16:49:08.060 [http-nio-8080-exec-8] DEBUG org.hibernate.SQL - 
    select
        a1_0.id,
        a1_0.check_in_time,
        a1_0.course_id,
        a1_0.create_time,
        a1_0.ip_address,
        a1_0.reason,
        a1_0.sign_in_id,
        a1_0.student_id,
        a1_0.student_name,
        a1_0.student_status,
        a1_0.update_time 
    from
        attendance a1_0 
    where
        a1_0.course_id=?
2026-06-02 16:49:08.088 [http-nio-8080-exec-8] DEBUG org.hibernate.SQL - 
    select
        a1_0.id,
        a1_0.check_in_time,
        a1_0.course_id,
        a1_0.create_time,
        a1_0.ip_address,
        a1_0.reason,
        a1_0.sign_in_id,
        a1_0.student_id,
        a1_0.student_name,
        a1_0.student_status,
        a1_0.update_time 
    from
        attendance a1_0 
    where
        a1_0.course_id=?
2026-06-02 16:49:08.088 [http-nio-8080-exec-8] DEBUG org.hibernate.SQL - 
    select
        a1_0.id,
        a1_0.check_in_time,
        a1_0.course_id,
        a1_0.create_time,
        a1_0.ip_address,
        a1_0.reason,
        a1_0.sign_in_id,
        a1_0.student_id,
        a1_0.student_name,
        a1_0.student_status,
        a1_0.update_time 
    from
        attendance a1_0 
    where
        a1_0.course_id=?
2026-06-02 16:49:21.605 [http-nio-8080-exec-2] DEBUG org.hibernate.SQL - 
    select
        c1_0.id,
        c1_0.class_name,
        c1_0.course_id,
        c1_0.course_name,
        c1_0.create_time,
        c1_0.location,
        c1_0.teacher_id,
        c1_0.teacher_name,
        c1_0.time_slot,
        c1_0.week_day 
    from
        course c1_0
2026-06-02 16:49:21.617 [http-nio-8080-exec-3] DEBUG org.hibernate.SQL - 
    select
        distinct s1_0.class_name 
    from
        student s1_0 
    where
        s1_0.class_name is not null 
    order by
        s1_0.class_name
2026-06-02 16:49:21.633 [http-nio-8080-exec-4] DEBUG org.hibernate.SQL - 
    select
        u1_0.id,
        u1_0.class_name,
        u1_0.create_time,
        u1_0.gender,
        u1_0.real_name,
        u1_0.username,
        u1_0.userpassword,
        u1_0.userrole 
    from
        my_user u1_0 
    where
        u1_0.username=?
2026-06-02 16:49:21.633 [http-nio-8080-exec-4] DEBUG org.hibernate.SQL - 
    select
        count_big(*) 
    from
        student s1_0
2026-06-02 16:49:21.650 [http-nio-8080-exec-4] DEBUG org.hibernate.SQL - 
    select
        count_big(a1_0.id) 
    from
        attendance a1_0 
    where
        a1_0.check_in_time between ? and ? 
        and (
            ? is null 
            or a1_0.course_id=?
        ) 
        and (
            ? is null 
            or ?='' 
            or exists(select
                s1_0.student_id from student s1_0 
            where
                s1_0.student_id=a1_0.student_id 
                and s1_0.class_name=?)
        )
2026-06-02 16:49:21.671 [http-nio-8080-exec-4] DEBUG org.hibernate.SQL - 
    select
        count_big(a1_0.id) 
    from
        attendance a1_0 
    where
        a1_0.student_status=? 
        and a1_0.check_in_time between ? and ? 
        and (
            ? is null 
            or a1_0.course_id=?
        ) 
        and (
            ? is null 
            or ?='' 
            or exists(select
                s1_0.student_id from student s1_0 
            where
                s1_0.student_id=a1_0.student_id 
                and s1_0.class_name=?)
        )
2026-06-02 16:49:21.688 [http-nio-8080-exec-4] DEBUG org.hibernate.SQL - 
    select
        count_big(a1_0.id) 
    from
        attendance a1_0 
    where
        a1_0.student_status=? 
        and a1_0.check_in_time between ? and ? 
        and (
            ? is null 
            or a1_0.course_id=?
        ) 
        and (
            ? is null 
            or ?='' 
            or exists(select
                s1_0.student_id from student s1_0 
            where
                s1_0.student_id=a1_0.student_id 
                and s1_0.class_name=?)
        )
2026-06-02 16:49:21.690 [http-nio-8080-exec-4] DEBUG org.hibernate.SQL - 
    select
        count_big(a1_0.id) 
    from
        attendance a1_0 
    where
        a1_0.student_status=? 
        and a1_0.check_in_time between ? and ? 
        and (
            ? is null 
            or a1_0.course_id=?
        ) 
        and (
            ? is null 
            or ?='' 
            or exists(select
                s1_0.student_id from student s1_0 
            where
                s1_0.student_id=a1_0.student_id 
                and s1_0.class_name=?)
        )
2026-06-02 16:49:21.691 [http-nio-8080-exec-4] DEBUG org.hibernate.SQL - 
    select
        count_big(a1_0.id) 
    from
        attendance a1_0 
    where
        a1_0.student_status=? 
        and a1_0.check_in_time between ? and ? 
        and (
            ? is null 
            or a1_0.course_id=?
        ) 
        and (
            ? is null 
            or ?='' 
            or exists(select
                s1_0.student_id from student s1_0 
            where
                s1_0.student_id=a1_0.student_id 
                and s1_0.class_name=?)
        )
2026-06-02 16:49:21.694 [http-nio-8080-exec-4] DEBUG org.hibernate.SQL - 
    select
        count_big(a1_0.id) 
    from
        attendance a1_0 
    where
        a1_0.student_status=? 
        and a1_0.check_in_time between ? and ? 
        and (
            ? is null 
            or a1_0.course_id=?
        ) 
        and (
            ? is null 
            or ?='' 
            or exists(select
                s1_0.student_id from student s1_0 
            where
                s1_0.student_id=a1_0.student_id 
                and s1_0.class_name=?)
        )
2026-06-02 16:49:21.695 [http-nio-8080-exec-4] DEBUG org.hibernate.SQL - 
    select
        count_big(a1_0.id) 
    from
        attendance a1_0 
    where
        a1_0.student_status=? 
        and a1_0.check_in_time between ? and ? 
        and (
            ? is null 
            or a1_0.course_id=?
        ) 
        and (
            ? is null 
            or ?='' 
            or exists(select
                s1_0.student_id from student s1_0 
            where
                s1_0.student_id=a1_0.student_id 
                and s1_0.class_name=?)
        )
2026-06-02 16:49:21.697 [http-nio-8080-exec-4] DEBUG org.hibernate.SQL - 
    select
        count_big(a1_0.id) 
    from
        attendance a1_0 
    where
        a1_0.student_status=? 
        and a1_0.check_in_time between ? and ? 
        and (
            ? is null 
            or a1_0.course_id=?
        ) 
        and (
            ? is null 
            or ?='' 
            or exists(select
                s1_0.student_id from student s1_0 
            where
                s1_0.student_id=a1_0.student_id 
                and s1_0.class_name=?)
        )
2026-06-02 16:49:21.698 [http-nio-8080-exec-4] DEBUG org.hibernate.SQL - 
    select
        count_big(a1_0.id) 
    from
        attendance a1_0 
    where
        a1_0.student_status=? 
        and a1_0.check_in_time between ? and ? 
        and (
            ? is null 
            or a1_0.course_id=?
        ) 
        and (
            ? is null 
            or ?='' 
            or exists(select
                s1_0.student_id from student s1_0 
            where
                s1_0.student_id=a1_0.student_id 
                and s1_0.class_name=?)
        )
2026-06-02 16:49:21.700 [http-nio-8080-exec-4] DEBUG org.hibernate.SQL - 
    select
        count_big(a1_0.id) 
    from
        attendance a1_0 
    where
        a1_0.student_status=? 
        and a1_0.check_in_time between ? and ? 
        and (
            ? is null 
            or a1_0.course_id=?
        ) 
        and (
            ? is null 
            or ?='' 
            or exists(select
                s1_0.student_id from student s1_0 
            where
                s1_0.student_id=a1_0.student_id 
                and s1_0.class_name=?)
        )
2026-06-02 16:49:21.700 [http-nio-8080-exec-4] DEBUG org.hibernate.SQL - 
    select
        count_big(a1_0.id) 
    from
        attendance a1_0 
    where
        a1_0.student_status=? 
        and a1_0.check_in_time between ? and ? 
        and (
            ? is null 
            or a1_0.course_id=?
        ) 
        and (
            ? is null 
            or ?='' 
            or exists(select
                s1_0.student_id from student s1_0 
            where
                s1_0.student_id=a1_0.student_id 
                and s1_0.class_name=?)
        )
2026-06-02 16:49:21.701 [http-nio-8080-exec-4] DEBUG org.hibernate.SQL - 
    select
        count_big(a1_0.id) 
    from
        attendance a1_0 
    where
        a1_0.student_status=? 
        and a1_0.check_in_time between ? and ? 
        and (
            ? is null 
            or a1_0.course_id=?
        ) 
        and (
            ? is null 
            or ?='' 
            or exists(select
                s1_0.student_id from student s1_0 
            where
                s1_0.student_id=a1_0.student_id 
                and s1_0.class_name=?)
        )
2026-06-02 16:49:21.703 [http-nio-8080-exec-4] DEBUG org.hibernate.SQL - 
    select
        count_big(a1_0.id) 
    from
        attendance a1_0 
    where
        a1_0.student_status=? 
        and a1_0.check_in_time between ? and ? 
        and (
            ? is null 
            or a1_0.course_id=?
        ) 
        and (
            ? is null 
            or ?='' 
            or exists(select
                s1_0.student_id from student s1_0 
            where
                s1_0.student_id=a1_0.student_id 
                and s1_0.class_name=?)
        )
2026-06-02 16:49:21.705 [http-nio-8080-exec-4] DEBUG org.hibernate.SQL - 
    select
        count_big(a1_0.id) 
    from
        attendance a1_0 
    where
        a1_0.student_status=? 
        and a1_0.check_in_time between ? and ? 
        and (
            ? is null 
            or a1_0.course_id=?
        ) 
        and (
            ? is null 
            or ?='' 
            or exists(select
                s1_0.student_id from student s1_0 
            where
                s1_0.student_id=a1_0.student_id 
                and s1_0.class_name=?)
        )
2026-06-02 16:49:21.706 [http-nio-8080-exec-4] DEBUG org.hibernate.SQL - 
    select
        count_big(a1_0.id) 
    from
        attendance a1_0 
    where
        a1_0.student_status=? 
        and a1_0.check_in_time between ? and ? 
        and (
            ? is null 
            or a1_0.course_id=?
        ) 
        and (
            ? is null 
            or ?='' 
            or exists(select
                s1_0.student_id from student s1_0 
            where
                s1_0.student_id=a1_0.student_id 
                and s1_0.class_name=?)
        )
2026-06-02 16:49:21.706 [http-nio-8080-exec-4] DEBUG org.hibernate.SQL - 
    select
        count_big(a1_0.id) 
    from
        attendance a1_0 
    where
        a1_0.student_status=? 
        and a1_0.check_in_time between ? and ? 
        and (
            ? is null 
            or a1_0.course_id=?
        ) 
        and (
            ? is null 
            or ?='' 
            or exists(select
                s1_0.student_id from student s1_0 
            where
                s1_0.student_id=a1_0.student_id 
                and s1_0.class_name=?)
        )
2026-06-02 16:49:21.711 [http-nio-8080-exec-4] DEBUG org.hibernate.SQL - 
    select
        count_big(a1_0.id) 
    from
        attendance a1_0 
    where
        a1_0.student_status=? 
        and a1_0.check_in_time between ? and ? 
        and (
            ? is null 
            or a1_0.course_id=?
        ) 
        and (
            ? is null 
            or ?='' 
            or exists(select
                s1_0.student_id from student s1_0 
            where
                s1_0.student_id=a1_0.student_id 
                and s1_0.class_name=?)
        )
2026-06-02 16:49:21.712 [http-nio-8080-exec-4] DEBUG org.hibernate.SQL - 
    select
        count_big(a1_0.id) 
    from
        attendance a1_0 
    where
        a1_0.student_status=? 
        and a1_0.check_in_time between ? and ? 
        and (
            ? is null 
            or a1_0.course_id=?
        ) 
        and (
            ? is null 
            or ?='' 
            or exists(select
                s1_0.student_id from student s1_0 
            where
                s1_0.student_id=a1_0.student_id 
                and s1_0.class_name=?)
        )
2026-06-02 16:49:21.713 [http-nio-8080-exec-4] DEBUG org.hibernate.SQL - 
    select
        count_big(a1_0.id) 
    from
        attendance a1_0 
    where
        a1_0.student_status=? 
        and a1_0.check_in_time between ? and ? 
        and (
            ? is null 
            or a1_0.course_id=?
        ) 
        and (
            ? is null 
            or ?='' 
            or exists(select
                s1_0.student_id from student s1_0 
            where
                s1_0.student_id=a1_0.student_id 
                and s1_0.class_name=?)
        )
2026-06-02 16:49:21.714 [http-nio-8080-exec-4] DEBUG org.hibernate.SQL - 
    select
        count_big(a1_0.id) 
    from
        attendance a1_0 
    where
        a1_0.student_status=? 
        and a1_0.check_in_time between ? and ? 
        and (
            ? is null 
            or a1_0.course_id=?
        ) 
        and (
            ? is null 
            or ?='' 
            or exists(select
                s1_0.student_id from student s1_0 
            where
                s1_0.student_id=a1_0.student_id 
                and s1_0.class_name=?)
        )
2026-06-02 16:49:21.714 [http-nio-8080-exec-4] DEBUG org.hibernate.SQL - 
    select
        count_big(a1_0.id) 
    from
        attendance a1_0 
    where
        a1_0.student_status=? 
        and a1_0.check_in_time between ? and ? 
        and (
            ? is null 
            or a1_0.course_id=?
        ) 
        and (
            ? is null 
            or ?='' 
            or exists(select
                s1_0.student_id from student s1_0 
            where
                s1_0.student_id=a1_0.student_id 
                and s1_0.class_name=?)
        )
2026-06-02 16:49:21.717 [http-nio-8080-exec-4] DEBUG org.hibernate.SQL - 
    select
        count_big(a1_0.id) 
    from
        attendance a1_0 
    where
        a1_0.student_status=? 
        and a1_0.check_in_time between ? and ? 
        and (
            ? is null 
            or a1_0.course_id=?
        ) 
        and (
            ? is null 
            or ?='' 
            or exists(select
                s1_0.student_id from student s1_0 
            where
                s1_0.student_id=a1_0.student_id 
                and s1_0.class_name=?)
        )
2026-06-02 16:49:21.718 [http-nio-8080-exec-4] DEBUG org.hibernate.SQL - 
    select
        count_big(a1_0.id) 
    from
        attendance a1_0 
    where
        a1_0.student_status=? 
        and a1_0.check_in_time between ? and ? 
        and (
            ? is null 
            or a1_0.course_id=?
        ) 
        and (
            ? is null 
            or ?='' 
            or exists(select
                s1_0.student_id from student s1_0 
            where
                s1_0.student_id=a1_0.student_id 
                and s1_0.class_name=?)
        )
2026-06-02 16:49:21.720 [http-nio-8080-exec-4] DEBUG org.hibernate.SQL - 
    select
        count_big(a1_0.id) 
    from
        attendance a1_0 
    where
        a1_0.student_status=? 
        and a1_0.check_in_time between ? and ? 
        and (
            ? is null 
            or a1_0.course_id=?
        ) 
        and (
            ? is null 
            or ?='' 
            or exists(select
                s1_0.student_id from student s1_0 
            where
                s1_0.student_id=a1_0.student_id 
                and s1_0.class_name=?)
        )
2026-06-02 16:49:21.720 [http-nio-8080-exec-4] DEBUG org.hibernate.SQL - 
    select
        count_big(a1_0.id) 
    from
        attendance a1_0 
    where
        a1_0.student_status=? 
        and a1_0.check_in_time between ? and ? 
        and (
            ? is null 
            or a1_0.course_id=?
        ) 
        and (
            ? is null 
            or ?='' 
            or exists(select
                s1_0.student_id from student s1_0 
            where
                s1_0.student_id=a1_0.student_id 
                and s1_0.class_name=?)
        )
2026-06-02 16:49:21.722 [http-nio-8080-exec-4] DEBUG org.hibernate.SQL - 
    select
        count_big(a1_0.id) 
    from
        attendance a1_0 
    where
        a1_0.student_status=? 
        and a1_0.check_in_time between ? and ? 
        and (
            ? is null 
            or a1_0.course_id=?
        ) 
        and (
            ? is null 
            or ?='' 
            or exists(select
                s1_0.student_id from student s1_0 
            where
                s1_0.student_id=a1_0.student_id 
                and s1_0.class_name=?)
        )
2026-06-02 16:49:21.723 [http-nio-8080-exec-4] DEBUG org.hibernate.SQL - 
    select
        count_big(a1_0.id) 
    from
        attendance a1_0 
    where
        a1_0.student_status=? 
        and a1_0.check_in_time between ? and ? 
        and (
            ? is null 
            or a1_0.course_id=?
        ) 
        and (
            ? is null 
            or ?='' 
            or exists(select
                s1_0.student_id from student s1_0 
            where
                s1_0.student_id=a1_0.student_id 
                and s1_0.class_name=?)
        )
2026-06-02 16:49:21.725 [http-nio-8080-exec-4] DEBUG org.hibernate.SQL - 
    select
        count_big(a1_0.id) 
    from
        attendance a1_0 
    where
        a1_0.student_status=? 
        and a1_0.check_in_time between ? and ? 
        and (
            ? is null 
            or a1_0.course_id=?
        ) 
        and (
            ? is null 
            or ?='' 
            or exists(select
                s1_0.student_id from student s1_0 
            where
                s1_0.student_id=a1_0.student_id 
                and s1_0.class_name=?)
        )
2026-06-02 16:49:21.727 [http-nio-8080-exec-4] DEBUG org.hibernate.SQL - 
    select
        count_big(a1_0.id) 
    from
        attendance a1_0 
    where
        a1_0.student_status=? 
        and a1_0.check_in_time between ? and ? 
        and (
            ? is null 
            or a1_0.course_id=?
        ) 
        and (
            ? is null 
            or ?='' 
            or exists(select
                s1_0.student_id from student s1_0 
            where
                s1_0.student_id=a1_0.student_id 
                and s1_0.class_name=?)
        )
2026-06-02 16:49:21.731 [http-nio-8080-exec-4] DEBUG org.hibernate.SQL - 
    select
        count_big(a1_0.id) 
    from
        attendance a1_0 
    where
        a1_0.student_status=? 
        and a1_0.check_in_time between ? and ? 
        and (
            ? is null 
            or a1_0.course_id=?
        ) 
        and (
            ? is null 
            or ?='' 
            or exists(select
                s1_0.student_id from student s1_0 
            where
                s1_0.student_id=a1_0.student_id 
                and s1_0.class_name=?)
        )
2026-06-02 16:49:21.758 [http-nio-8080-exec-4] DEBUG org.hibernate.SQL - 
    select
        count_big(a1_0.id) 
    from
        attendance a1_0 
    where
        a1_0.student_status=? 
        and a1_0.check_in_time between ? and ? 
        and (
            ? is null 
            or a1_0.course_id=?
        ) 
        and (
            ? is null 
            or ?='' 
            or exists(select
                s1_0.student_id from student s1_0 
            where
                s1_0.student_id=a1_0.student_id 
                and s1_0.class_name=?)
        )
2026-06-02 16:49:21.759 [http-nio-8080-exec-4] DEBUG org.hibernate.SQL - 
    select
        count_big(a1_0.id) 
    from
        attendance a1_0 
    where
        a1_0.student_status=? 
        and a1_0.check_in_time between ? and ? 
        and (
            ? is null 
            or a1_0.course_id=?
        ) 
        and (
            ? is null 
            or ?='' 
            or exists(select
                s1_0.student_id from student s1_0 
            where
                s1_0.student_id=a1_0.student_id 
                and s1_0.class_name=?)
        )
2026-06-02 16:49:21.760 [http-nio-8080-exec-4] DEBUG org.hibernate.SQL - 
    select
        count_big(a1_0.id) 
    from
        attendance a1_0 
    where
        a1_0.student_status=? 
        and a1_0.check_in_time between ? and ? 
        and (
            ? is null 
            or a1_0.course_id=?
        ) 
        and (
            ? is null 
            or ?='' 
            or exists(select
                s1_0.student_id from student s1_0 
            where
                s1_0.student_id=a1_0.student_id 
                and s1_0.class_name=?)
        )
2026-06-02 16:49:21.762 [http-nio-8080-exec-4] DEBUG org.hibernate.SQL - 
    select
        count_big(a1_0.id) 
    from
        attendance a1_0 
    where
        a1_0.student_status=? 
        and a1_0.check_in_time between ? and ? 
        and (
            ? is null 
            or a1_0.course_id=?
        ) 
        and (
            ? is null 
            or ?='' 
            or exists(select
                s1_0.student_id from student s1_0 
            where
                s1_0.student_id=a1_0.student_id 
                and s1_0.class_name=?)
        )
2026-06-02 16:49:21.763 [http-nio-8080-exec-4] DEBUG org.hibernate.SQL - 
    select
        count_big(a1_0.id) 
    from
        attendance a1_0 
    where
        a1_0.student_status=? 
        and a1_0.check_in_time between ? and ? 
        and (
            ? is null 
            or a1_0.course_id=?
        ) 
        and (
            ? is null 
            or ?='' 
            or exists(select
                s1_0.student_id from student s1_0 
            where
                s1_0.student_id=a1_0.student_id 
                and s1_0.class_name=?)
        )
2026-06-02 16:49:21.764 [http-nio-8080-exec-4] DEBUG org.hibernate.SQL - 
    select
        count_big(a1_0.id) 
    from
        attendance a1_0 
    where
        a1_0.student_status=? 
        and a1_0.check_in_time between ? and ? 
        and (
            ? is null 
            or a1_0.course_id=?
        ) 
        and (
            ? is null 
            or ?='' 
            or exists(select
                s1_0.student_id from student s1_0 
            where
                s1_0.student_id=a1_0.student_id 
                and s1_0.class_name=?)
        )
2026-06-02 16:49:21.765 [http-nio-8080-exec-4] DEBUG org.hibernate.SQL - 
    select
        count_big(a1_0.id) 
    from
        attendance a1_0 
    where
        a1_0.student_status=? 
        and a1_0.check_in_time between ? and ? 
        and (
            ? is null 
            or a1_0.course_id=?
        ) 
        and (
            ? is null 
            or ?='' 
            or exists(select
                s1_0.student_id from student s1_0 
            where
                s1_0.student_id=a1_0.student_id 
                and s1_0.class_name=?)
        )
2026-06-02 16:49:21.766 [http-nio-8080-exec-4] DEBUG org.hibernate.SQL - 
    select
        distinct s1_0.class_name 
    from
        student s1_0 
    where
        s1_0.class_name is not null 
    order by
        s1_0.class_name
2026-06-02 16:49:21.767 [http-nio-8080-exec-4] DEBUG org.hibernate.SQL - 
    select
        count_big(a1_0.id) 
    from
        attendance a1_0 
    where
        a1_0.check_in_time between ? and ? 
        and (
            ? is null 
            or a1_0.course_id=?
        ) 
        and (
            ? is null 
            or ?='' 
            or exists(select
                s1_0.student_id from student s1_0 
            where
                s1_0.student_id=a1_0.student_id 
                and s1_0.class_name=?)
        )
2026-06-02 16:49:21.769 [http-nio-8080-exec-4] DEBUG org.hibernate.SQL - 
    select
        count_big(a1_0.id) 
    from
        attendance a1_0 
    where
        a1_0.student_status=? 
        and a1_0.check_in_time between ? and ? 
        and (
            ? is null 
            or a1_0.course_id=?
        ) 
        and (
            ? is null 
            or ?='' 
            or exists(select
                s1_0.student_id from student s1_0 
            where
                s1_0.student_id=a1_0.student_id 
                and s1_0.class_name=?)
        )
2026-06-02 16:49:21.771 [http-nio-8080-exec-4] DEBUG org.hibernate.SQL - 
    select
        count_big(a1_0.id) 
    from
        attendance a1_0 
    where
        a1_0.check_in_time between ? and ? 
        and (
            ? is null 
            or a1_0.course_id=?
        ) 
        and (
            ? is null 
            or ?='' 
            or exists(select
                s1_0.student_id from student s1_0 
            where
                s1_0.student_id=a1_0.student_id 
                and s1_0.class_name=?)
        )
2026-06-02 16:49:21.771 [http-nio-8080-exec-4] DEBUG org.hibernate.SQL - 
    select
        count_big(a1_0.id) 
    from
        attendance a1_0 
    where
        a1_0.student_status=? 
        and a1_0.check_in_time between ? and ? 
        and (
            ? is null 
            or a1_0.course_id=?
        ) 
        and (
            ? is null 
            or ?='' 
            or exists(select
                s1_0.student_id from student s1_0 
            where
                s1_0.student_id=a1_0.student_id 
                and s1_0.class_name=?)
        )
2026-06-02 16:49:21.773 [http-nio-8080-exec-4] DEBUG org.hibernate.SQL - 
    select
        count_big(a1_0.id) 
    from
        attendance a1_0 
    where
        a1_0.check_in_time between ? and ? 
        and (
            ? is null 
            or a1_0.course_id=?
        ) 
        and (
            ? is null 
            or ?='' 
            or exists(select
                s1_0.student_id from student s1_0 
            where
                s1_0.student_id=a1_0.student_id 
                and s1_0.class_name=?)
        )
2026-06-02 16:49:21.774 [http-nio-8080-exec-4] DEBUG org.hibernate.SQL - 
    select
        count_big(a1_0.id) 
    from
        attendance a1_0 
    where
        a1_0.student_status=? 
        and a1_0.check_in_time between ? and ? 
        and (
            ? is null 
            or a1_0.course_id=?
        ) 
        and (
            ? is null 
            or ?='' 
            or exists(select
                s1_0.student_id from student s1_0 
            where
                s1_0.student_id=a1_0.student_id 
                and s1_0.class_name=?)
        )
2026-06-02 16:49:21.776 [http-nio-8080-exec-4] DEBUG org.hibernate.SQL - 
    select
        count_big(a1_0.id) 
    from
        attendance a1_0 
    where
        a1_0.check_in_time between ? and ? 
        and (
            ? is null 
            or a1_0.course_id=?
        ) 
        and (
            ? is null 
            or ?='' 
            or exists(select
                s1_0.student_id from student s1_0 
            where
                s1_0.student_id=a1_0.student_id 
                and s1_0.class_name=?)
        )
2026-06-02 16:49:21.778 [http-nio-8080-exec-4] DEBUG org.hibernate.SQL - 
    select
        count_big(a1_0.id) 
    from
        attendance a1_0 
    where
        a1_0.student_status=? 
        and a1_0.check_in_time between ? and ? 
        and (
            ? is null 
            or a1_0.course_id=?
        ) 
        and (
            ? is null 
            or ?='' 
            or exists(select
                s1_0.student_id from student s1_0 
            where
                s1_0.student_id=a1_0.student_id 
                and s1_0.class_name=?)
        )
2026-06-02 16:49:21.780 [http-nio-8080-exec-4] DEBUG org.hibernate.SQL - 
    select
        count_big(a1_0.id) 
    from
        attendance a1_0 
    where
        a1_0.check_in_time between ? and ? 
        and (
            ? is null 
            or a1_0.course_id=?
        ) 
        and (
            ? is null 
            or ?='' 
            or exists(select
                s1_0.student_id from student s1_0 
            where
                s1_0.student_id=a1_0.student_id 
                and s1_0.class_name=?)
        )
2026-06-02 16:49:21.781 [http-nio-8080-exec-4] DEBUG org.hibernate.SQL - 
    select
        count_big(a1_0.id) 
    from
        attendance a1_0 
    where
        a1_0.student_status=? 
        and a1_0.check_in_time between ? and ? 
        and (
            ? is null 
            or a1_0.course_id=?
        ) 
        and (
            ? is null 
            or ?='' 
            or exists(select
                s1_0.student_id from student s1_0 
            where
                s1_0.student_id=a1_0.student_id 
                and s1_0.class_name=?)
        )
2026-06-02 16:49:21.783 [http-nio-8080-exec-4] DEBUG org.hibernate.SQL - 
    select
        a1_0.course_id,
        c1_0.course_name,
        count_big(a1_0.id) 
    from
        attendance a1_0 
    left join
        course c1_0 
            on a1_0.course_id=c1_0.course_id 
    where
        a1_0.check_in_time between ? and ? 
        and (
            ? is null 
            or ?='' 
            or exists(select
                s1_0.student_id from student s1_0 
            where
                s1_0.student_id=a1_0.student_id 
                and s1_0.class_name=?)
        ) 
    group by
        a1_0.course_id,
        c1_0.course_name 
    order by
        count_big(a1_0.id) desc
2026-06-02 16:49:29.912 [http-nio-8080-exec-6] DEBUG org.hibernate.SQL - 
    select
        u1_0.id,
        u1_0.class_name,
        u1_0.create_time,
        u1_0.gender,
        u1_0.real_name,
        u1_0.username,
        u1_0.userpassword,
        u1_0.userrole 
    from
        my_user u1_0 
    where
        u1_0.username=?
2026-06-02 16:49:29.919 [http-nio-8080-exec-6] DEBUG org.hibernate.SQL - 
    select
        c1_0.id,
        c1_0.class_name,
        c1_0.course_id,
        c1_0.course_name,
        c1_0.create_time,
        c1_0.location,
        c1_0.teacher_id,
        c1_0.teacher_name,
        c1_0.time_slot,
        c1_0.week_day 
    from
        course c1_0
2026-06-02 16:49:29.921 [http-nio-8080-exec-6] DEBUG org.hibernate.SQL - 
    select
        count_big(*) 
    from
        student s1_0
2026-06-02 16:49:29.923 [http-nio-8080-exec-6] DEBUG org.hibernate.SQL - 
    select
        count_big(u1_0.id) 
    from
        my_user u1_0 
    where
        upper(u1_0.userrole)=upper(?)
2026-06-02 16:49:29.925 [http-nio-8080-exec-6] DEBUG org.hibernate.SQL - 
    select
        count_big(*) 
    from
        course c1_0
2026-06-02 16:49:29.926 [http-nio-8080-exec-6] DEBUG org.hibernate.SQL - 
    select
        a1_0.id,
        a1_0.check_in_time,
        a1_0.course_id,
        a1_0.create_time,
        a1_0.ip_address,
        a1_0.reason,
        a1_0.sign_in_id,
        a1_0.student_id,
        a1_0.student_name,
        a1_0.student_status,
        a1_0.update_time 
    from
        attendance a1_0 
    where
        a1_0.course_id=?
2026-06-02 16:49:29.928 [http-nio-8080-exec-6] DEBUG org.hibernate.SQL - 
    select
        a1_0.id,
        a1_0.check_in_time,
        a1_0.course_id,
        a1_0.create_time,
        a1_0.ip_address,
        a1_0.reason,
        a1_0.sign_in_id,
        a1_0.student_id,
        a1_0.student_name,
        a1_0.student_status,
        a1_0.update_time 
    from
        attendance a1_0 
    where
        a1_0.course_id=?
2026-06-02 16:49:29.930 [http-nio-8080-exec-6] DEBUG org.hibernate.SQL - 
    select
        a1_0.id,
        a1_0.check_in_time,
        a1_0.course_id,
        a1_0.create_time,
        a1_0.ip_address,
        a1_0.reason,
        a1_0.sign_in_id,
        a1_0.student_id,
        a1_0.student_name,
        a1_0.student_status,
        a1_0.update_time 
    from
        attendance a1_0 
    where
        a1_0.course_id=?
2026-06-02 16:49:34.394 [http-nio-8080-exec-7] DEBUG org.hibernate.SQL - 
    select
        u1_0.id,
        u1_0.class_name,
        u1_0.create_time,
        u1_0.gender,
        u1_0.real_name,
        u1_0.username,
        u1_0.userpassword,
        u1_0.userrole 
    from
        my_user u1_0 
    where
        u1_0.username=?
2026-06-02 16:49:34.399 [http-nio-8080-exec-7] DEBUG org.hibernate.SQL - 
    select
        c1_0.id,
        c1_0.class_name,
        c1_0.course_id,
        c1_0.course_name,
        c1_0.create_time,
        c1_0.location,
        c1_0.teacher_id,
        c1_0.teacher_name,
        c1_0.time_slot,
        c1_0.week_day 
    from
        course c1_0
2026-06-02 16:49:34.403 [http-nio-8080-exec-7] DEBUG org.hibernate.SQL - 
    select
        count_big(*) 
    from
        student s1_0
2026-06-02 16:49:34.405 [http-nio-8080-exec-7] DEBUG org.hibernate.SQL - 
    select
        count_big(u1_0.id) 
    from
        my_user u1_0 
    where
        upper(u1_0.userrole)=upper(?)
2026-06-02 16:49:34.411 [http-nio-8080-exec-7] DEBUG org.hibernate.SQL - 
    select
        count_big(*) 
    from
        course c1_0
2026-06-02 16:49:34.413 [http-nio-8080-exec-7] DEBUG org.hibernate.SQL - 
    select
        a1_0.id,
        a1_0.check_in_time,
        a1_0.course_id,
        a1_0.create_time,
        a1_0.ip_address,
        a1_0.reason,
        a1_0.sign_in_id,
        a1_0.student_id,
        a1_0.student_name,
        a1_0.student_status,
        a1_0.update_time 
    from
        attendance a1_0 
    where
        a1_0.course_id=?
2026-06-02 16:49:34.413 [http-nio-8080-exec-7] DEBUG org.hibernate.SQL - 
    select
        a1_0.id,
        a1_0.check_in_time,
        a1_0.course_id,
        a1_0.create_time,
        a1_0.ip_address,
        a1_0.reason,
        a1_0.sign_in_id,
        a1_0.student_id,
        a1_0.student_name,
        a1_0.student_status,
        a1_0.update_time 
    from
        attendance a1_0 
    where
        a1_0.course_id=?
2026-06-02 16:49:34.413 [http-nio-8080-exec-7] DEBUG org.hibernate.SQL - 
    select
        a1_0.id,
        a1_0.check_in_time,
        a1_0.course_id,
        a1_0.create_time,
        a1_0.ip_address,
        a1_0.reason,
        a1_0.sign_in_id,
        a1_0.student_id,
        a1_0.student_name,
        a1_0.student_status,
        a1_0.update_time 
    from
        attendance a1_0 
    where
        a1_0.course_id=?
2026-06-02 16:50:17.587 [http-nio-8080-exec-2] DEBUG org.hibernate.SQL - 
    select
        u1_0.id,
        u1_0.class_name,
        u1_0.create_time,
        u1_0.gender,
        u1_0.real_name,
        u1_0.username,
        u1_0.userpassword,
        u1_0.userrole 
    from
        my_user u1_0 
    where
        u1_0.username=?
2026-06-02 16:50:19.212 [http-nio-8080-exec-4] DEBUG org.hibernate.SQL - 
    select
        u1_0.id,
        u1_0.class_name,
        u1_0.create_time,
        u1_0.gender,
        u1_0.real_name,
        u1_0.username,
        u1_0.userpassword,
        u1_0.userrole 
    from
        my_user u1_0 
    where
        u1_0.username=?
2026-06-02 16:50:19.215 [http-nio-8080-exec-4] DEBUG org.hibernate.SQL - 
    select
        cs1_0.id,
        cs1_0.class_name,
        cs1_0.course_id,
        cs1_0.course_name,
        cs1_0.create_time,
        cs1_0.status,
        cs1_0.student_id,
        cs1_0.student_name 
    from
        course_selection cs1_0 
    where
        cs1_0.student_id=? 
        and cs1_0.status=?
2026-06-02 16:50:19.223 [http-nio-8080-exec-4] DEBUG org.hibernate.SQL - 
    select
        c1_0.id,
        c1_0.class_name,
        c1_0.course_id,
        c1_0.course_name,
        c1_0.create_time,
        c1_0.location,
        c1_0.teacher_id,
        c1_0.teacher_name,
        c1_0.time_slot,
        c1_0.week_day 
    from
        course c1_0 
    where
        c1_0.course_id=?
2026-06-02 16:50:19.228 [http-nio-8080-exec-4] DEBUG org.hibernate.SQL - 
    select
        cs1_0.id,
        cs1_0.class_name,
        cs1_0.course_id,
        cs1_0.course_name,
        cs1_0.create_time,
        cs1_0.status,
        cs1_0.student_id,
        cs1_0.student_name 
    from
        course_selection cs1_0 
    where
        cs1_0.student_id=? 
        and cs1_0.status=?
2026-06-02 16:50:19.229 [http-nio-8080-exec-4] DEBUG org.hibernate.SQL - 
    select
        a1_0.id,
        a1_0.check_in_time,
        a1_0.course_id,
        a1_0.create_time,
        a1_0.ip_address,
        a1_0.reason,
        a1_0.sign_in_id,
        a1_0.student_id,
        a1_0.student_name,
        a1_0.student_status,
        a1_0.update_time 
    from
        attendance a1_0 
    where
        a1_0.student_id=?
2026-06-02 16:50:26.007 [http-nio-8080-exec-5] DEBUG c.e.a.s.impl.AttendanceServiceImpl - 按学生ID查询考勤记录，学生ID: 42411114
2026-06-02 16:50:26.013 [http-nio-8080-exec-5] DEBUG org.hibernate.SQL - 
    select
        top (?) a1_0.id,
        a1_0.check_in_time,
        a1_0.course_id,
        a1_0.create_time,
        a1_0.ip_address,
        a1_0.reason,
        a1_0.sign_in_id,
        a1_0.student_id,
        a1_0.student_name,
        a1_0.student_status,
        a1_0.update_time 
    from
        attendance a1_0 
    where
        a1_0.student_id=? 
    order by
        a1_0.check_in_time desc
2026-06-02 16:50:26.023 [http-nio-8080-exec-5] INFO  c.e.a.s.impl.AttendanceServiceImpl - 学生 42411114 考勤记录查询完成，总数: 1
2026-06-02 16:50:27.678 [http-nio-8080-exec-10] DEBUG org.hibernate.SQL - 
    select
        u1_0.id,
        u1_0.class_name,
        u1_0.create_time,
        u1_0.gender,
        u1_0.real_name,
        u1_0.username,
        u1_0.userpassword,
        u1_0.userrole 
    from
        my_user u1_0 
    where
        u1_0.username=?
2026-06-02 16:50:27.680 [http-nio-8080-exec-10] DEBUG org.hibernate.SQL - 
    select
        cs1_0.id,
        cs1_0.class_name,
        cs1_0.course_id,
        cs1_0.course_name,
        cs1_0.create_time,
        cs1_0.status,
        cs1_0.student_id,
        cs1_0.student_name 
    from
        course_selection cs1_0 
    where
        cs1_0.student_id=? 
        and cs1_0.status=?
2026-06-02 16:50:27.680 [http-nio-8080-exec-10] DEBUG org.hibernate.SQL - 
    select
        c1_0.id,
        c1_0.class_name,
        c1_0.course_id,
        c1_0.course_name,
        c1_0.create_time,
        c1_0.location,
        c1_0.teacher_id,
        c1_0.teacher_name,
        c1_0.time_slot,
        c1_0.week_day 
    from
        course c1_0 
    where
        c1_0.course_id=?
2026-06-02 16:50:27.684 [http-nio-8080-exec-10] DEBUG org.hibernate.SQL - 
    select
        cs1_0.id,
        cs1_0.class_name,
        cs1_0.course_id,
        cs1_0.course_name,
        cs1_0.create_time,
        cs1_0.status,
        cs1_0.student_id,
        cs1_0.student_name 
    from
        course_selection cs1_0 
    where
        cs1_0.student_id=? 
        and cs1_0.status=?
2026-06-02 16:50:27.686 [http-nio-8080-exec-10] DEBUG org.hibernate.SQL - 
    select
        a1_0.id,
        a1_0.check_in_time,
        a1_0.course_id,
        a1_0.create_time,
        a1_0.ip_address,
        a1_0.reason,
        a1_0.sign_in_id,
        a1_0.student_id,
        a1_0.student_name,
        a1_0.student_status,
        a1_0.update_time 
    from
        attendance a1_0 
    where
        a1_0.student_id=?
2026-06-02 16:57:25.738 [http-nio-8080-exec-1] DEBUG org.hibernate.SQL - 
    select
        u1_0.id,
        u1_0.class_name,
        u1_0.create_time,
        u1_0.gender,
        u1_0.real_name,
        u1_0.username,
        u1_0.userpassword,
        u1_0.userrole 
    from
        my_user u1_0 
    where
        u1_0.username=?
2026-06-02 16:57:25.767 [http-nio-8080-exec-1] DEBUG org.hibernate.SQL - 
    select
        cs1_0.id,
        cs1_0.class_name,
        cs1_0.course_id,
        cs1_0.course_name,
        cs1_0.create_time,
        cs1_0.status,
        cs1_0.student_id,
        cs1_0.student_name 
    from
        course_selection cs1_0 
    where
        cs1_0.student_id=? 
        and cs1_0.status=?
2026-06-02 16:57:25.777 [http-nio-8080-exec-1] DEBUG org.hibernate.SQL - 
    select
        c1_0.id,
        c1_0.class_name,
        c1_0.course_id,
        c1_0.course_name,
        c1_0.create_time,
        c1_0.location,
        c1_0.teacher_id,
        c1_0.teacher_name,
        c1_0.time_slot,
        c1_0.week_day 
    from
        course c1_0 
    where
        c1_0.course_id=?
2026-06-02 16:57:25.784 [http-nio-8080-exec-1] DEBUG org.hibernate.SQL - 
    select
        cs1_0.id,
        cs1_0.class_name,
        cs1_0.course_id,
        cs1_0.course_name,
        cs1_0.create_time,
        cs1_0.status,
        cs1_0.student_id,
        cs1_0.student_name 
    from
        course_selection cs1_0 
    where
        cs1_0.student_id=? 
        and cs1_0.status=?
2026-06-02 16:57:25.785 [http-nio-8080-exec-1] DEBUG org.hibernate.SQL - 
    select
        a1_0.id,
        a1_0.check_in_time,
        a1_0.course_id,
        a1_0.create_time,
        a1_0.ip_address,
        a1_0.reason,
        a1_0.sign_in_id,
        a1_0.student_id,
        a1_0.student_name,
        a1_0.student_status,
        a1_0.update_time 
    from
        attendance a1_0 
    where
        a1_0.student_id=?
2026-06-02 16:57:26.331 [http-nio-8080-exec-3] DEBUG org.hibernate.SQL - 
    select
        u1_0.id,
        u1_0.class_name,
        u1_0.create_time,
        u1_0.gender,
        u1_0.real_name,
        u1_0.username,
        u1_0.userpassword,
        u1_0.userrole 
    from
        my_user u1_0 
    where
        u1_0.username=?
2026-06-02 16:57:26.352 [http-nio-8080-exec-3] DEBUG org.hibernate.SQL - 
    select
        cs1_0.id,
        cs1_0.class_name,
        cs1_0.course_id,
        cs1_0.course_name,
        cs1_0.create_time,
        cs1_0.status,
        cs1_0.student_id,
        cs1_0.student_name 
    from
        course_selection cs1_0 
    where
        cs1_0.student_id=? 
        and cs1_0.status=?
2026-06-02 16:57:26.365 [http-nio-8080-exec-3] DEBUG org.hibernate.SQL - 
    select
        c1_0.id,
        c1_0.class_name,
        c1_0.course_id,
        c1_0.course_name,
        c1_0.create_time,
        c1_0.location,
        c1_0.teacher_id,
        c1_0.teacher_name,
        c1_0.time_slot,
        c1_0.week_day 
    from
        course c1_0 
    where
        c1_0.course_id=?
2026-06-02 16:57:26.376 [http-nio-8080-exec-3] DEBUG org.hibernate.SQL - 
    select
        cs1_0.id,
        cs1_0.class_name,
        cs1_0.course_id,
        cs1_0.course_name,
        cs1_0.create_time,
        cs1_0.status,
        cs1_0.student_id,
        cs1_0.student_name 
    from
        course_selection cs1_0 
    where
        cs1_0.student_id=? 
        and cs1_0.status=?
2026-06-02 16:57:26.378 [http-nio-8080-exec-3] DEBUG org.hibernate.SQL - 
    select
        a1_0.id,
        a1_0.check_in_time,
        a1_0.course_id,
        a1_0.create_time,
        a1_0.ip_address,
        a1_0.reason,
        a1_0.sign_in_id,
        a1_0.student_id,
        a1_0.student_name,
        a1_0.student_status,
        a1_0.update_time 
    from
        attendance a1_0 
    where
        a1_0.student_id=?
2026-06-02 16:58:46.212 [SpringApplicationShutdownHook] INFO  o.s.boot.tomcat.GracefulShutdown - Commencing graceful shutdown. Waiting for active requests to complete
2026-06-02 16:58:46.234 [tomcat-shutdown] INFO  o.s.boot.tomcat.GracefulShutdown - Graceful shutdown complete
2026-06-02 16:58:46.245 [SpringApplicationShutdownHook] INFO  o.s.o.j.LocalContainerEntityManagerFactoryBean - Closing JPA EntityManagerFactory for persistence unit 'default'
2026-06-02 16:58:46.250 [SpringApplicationShutdownHook] INFO  com.zaxxer.hikari.HikariDataSource - HikariPool-1 - Shutdown initiated...
2026-06-02 16:58:46.254 [SpringApplicationShutdownHook] INFO  com.zaxxer.hikari.HikariDataSource - HikariPool-1 - Shutdown completed.
2026-06-02 16:58:51.938 [main] INFO  c.e.a.AttendanceSystemApplication - Starting AttendanceSystemApplication using Java 21.0.2 with PID 15964 (D:\Java\springboot_pj\attendance-system\target\classes started by l in D:\Java\springboot_pj\attendance-system)
2026-06-02 16:58:51.939 [main] DEBUG c.e.a.AttendanceSystemApplication - Running with Spring Boot v4.0.3, Spring v7.0.5
2026-06-02 16:58:51.939 [main] INFO  c.e.a.AttendanceSystemApplication - No active profile set, falling back to 1 default profile: "default"
2026-06-02 16:58:52.346 [main] INFO  o.s.d.r.c.RepositoryConfigurationDelegate - Bootstrapping Spring Data JPA repositories in DEFAULT mode.
2026-06-02 16:58:52.395 [main] INFO  o.s.d.r.c.RepositoryConfigurationDelegate - Finished Spring Data repository scanning in 43 ms. Found 5 JPA repository interfaces.
2026-06-02 16:58:52.495 [main] INFO  o.s.cloud.context.scope.GenericScope - BeanFactory id=d6250731-036a-36ea-b8f9-8d612c972637
2026-06-02 16:58:52.668 [main] INFO  o.s.boot.tomcat.TomcatWebServer - Tomcat initialized with port 8080 (http)
2026-06-02 16:58:52.675 [main] INFO  o.a.coyote.http11.Http11NioProtocol - Initializing ProtocolHandler ["http-nio-8080"]
2026-06-02 16:58:52.676 [main] INFO  o.a.catalina.core.StandardService - Starting service [Tomcat]
2026-06-02 16:58:52.676 [main] INFO  o.a.catalina.core.StandardEngine - Starting Servlet engine: [Apache Tomcat/11.0.18]
2026-06-02 16:58:52.709 [main] INFO  o.s.b.w.c.s.WebApplicationContextInitializer - Root WebApplicationContext: initialization completed in 742 ms
2026-06-02 16:58:52.821 [main] INFO  org.hibernate.orm.jpa - HHH008540: Processing PersistenceUnitInfo [name: default]
2026-06-02 16:58:52.848 [main] INFO  org.hibernate.orm.core - HHH000001: Hibernate ORM core version 7.2.4.Final
2026-06-02 16:58:53.092 [main] INFO  o.s.o.j.p.SpringPersistenceUnitInfo - No LoadTimeWeaver setup: ignoring JPA class transformer
2026-06-02 16:58:53.109 [main] INFO  com.zaxxer.hikari.HikariDataSource - HikariPool-1 - Starting...
2026-06-02 16:58:53.560 [main] INFO  com.zaxxer.hikari.pool.HikariPool - HikariPool-1 - Added connection ConnectionID:1 ClientConnectionId: b320e354-ca60-49f9-a6c5-3a171b782217
2026-06-02 16:58:53.561 [main] INFO  com.zaxxer.hikari.HikariDataSource - HikariPool-1 - Start completed.
2026-06-02 16:58:53.696 [main] WARN  org.hibernate.orm.deprecation - HHH90000025: SQLServerDialect does not need to be specified explicitly using 'hibernate.dialect' (remove the property setting and it will be selected by default)
2026-06-02 16:58:53.709 [main] INFO  o.hibernate.orm.connections.pooling - HHH10001005: Database info:
	Database JDBC URL [jdbc:sqlserver://localhost:1433;concatNullYieldsNull=ON;quotedIdentifier=ON;connectRetryInterval=10;connectRetryCount=1;maxResultBuffer=-1;sendTemporalDataTypesAsStringForBulkCopy=true;delayLoadingLobs=true;useFmtOnly=false;vectorTypeSupport=v1;cacheBulkCopyMetadata=false;bulkCopyForBatchInsertAllowEncryptedValueModifications=false;bulkCopyForBatchInsertTableLock=false;bulkCopyForBatchInsertKeepNulls=false;bulkCopyForBatchInsertKeepIdentity=false;bulkCopyForBatchInsertFireTriggers=false;bulkCopyForBatchInsertCheckConstraints=false;bulkCopyForBatchInsertBatchSize=0;useBulkCopyForBatchInsert=false;cancelQueryTimeout=-1;sslProtocol=TLS;calcBigDecimalPrecision=false;useDefaultJaasConfig=false;jaasConfigurationName=SQLJDBCDriver;statementPoolingCacheSize=0;serverPreparedStatementDiscardThreshold=10;enablePrepareOnFirstPreparedStatementCall=false;fips=false;socketTimeout=0;authentication=NotSpecified;authenticationScheme=nativeAuthentication;xopenStates=false;datetimeParameterType=datetime2;sendTimeAsDatetime=true;replication=false;trustStoreType=JKS;trustServerCertificate=true;TransparentNetworkIPResolution=true;iPAddressPreference=IPv4First;serverNameAsACE=false;sendStringParametersAsUnicode=true;selectMethod=direct;responseBuffering=adaptive;queryTimeout=-1;packetSize=8000;multiSubnetFailover=false;loginTimeout=30;lockTimeout=-1;lastUpdateCount=true;useDefaultGSSCredential=false;prepareMethod=prepexec;encrypt=false;disableStatementPooling=true;databaseName=attendance_system;columnEncryptionSetting=Disabled;applicationName=Microsoft JDBC Driver for SQL Server;applicationIntent=readwrite;]
	Database driver: Microsoft JDBC Driver 13.2 for SQL Server
	Database dialect: SQLServerDialect
	Database version: 17.0
	Default catalog/schema: attendance_system/dbo
	Autocommit mode: undefined/unknown
	Isolation level: READ_COMMITTED [default READ_COMMITTED]
	JDBC fetch size: 128
	Pool: DataSourceConnectionProvider
	Minimum pool size: undefined/unknown
	Maximum pool size: undefined/unknown
2026-06-02 16:58:54.193 [main] INFO  org.hibernate.orm.core - HHH000489: No JTA platform available (set 'hibernate.transaction.jta.platform' to enable JTA platform integration)
2026-06-02 16:58:55.254 [main] DEBUG org.hibernate.SQL - 
    alter table attendance 
       alter column id bigint
2026-06-02 16:58:55.265 [main] WARN  o.h.t.s.i.ExceptionHandlerLoggedImpl - GenerationTarget encountered exception accepting command : Error executing DDL "
    alter table attendance 
       alter column id bigint" via JDBC [对象'PK__attendan__3213E83F505AAD30' 依赖于 列'id'。]
org.hibernate.tool.schema.spi.CommandAcceptanceException: Error executing DDL "
    alter table attendance 
       alter column id bigint" via JDBC [对象'PK__attendan__3213E83F505AAD30' 依赖于 列'id'。]
	at org.hibernate.tool.schema.internal.exec.GenerationTargetToDatabase.accept(GenerationTargetToDatabase.java:81)
	at org.hibernate.tool.schema.internal.AbstractSchemaMigrator.applySqlString(AbstractSchemaMigrator.java:566)
	at org.hibernate.tool.schema.internal.AbstractSchemaMigrator.applySqlStrings(AbstractSchemaMigrator.java:506)
	at org.hibernate.tool.schema.internal.AbstractSchemaMigrator.migrateTable(AbstractSchemaMigrator.java:324)
	at org.hibernate.tool.schema.internal.GroupedSchemaMigratorImpl.performTablesMigration(GroupedSchemaMigratorImpl.java:84)
	at org.hibernate.tool.schema.internal.AbstractSchemaMigrator.performMigration(AbstractSchemaMigrator.java:220)
	at org.hibernate.tool.schema.internal.AbstractSchemaMigrator.doMigration(AbstractSchemaMigrator.java:96)
	at org.hibernate.tool.schema.spi.SchemaManagementToolCoordinator.performDatabaseAction(SchemaManagementToolCoordinator.java:269)
	at org.hibernate.tool.schema.spi.SchemaManagementToolCoordinator.lambda$process$1(SchemaManagementToolCoordinator.java:101)
	at java.base/java.util.HashMap.forEach(HashMap.java:1429)
	at org.hibernate.tool.schema.spi.SchemaManagementToolCoordinator.process(SchemaManagementToolCoordinator.java:100)
	at org.hibernate.boot.internal.SessionFactoryObserverForSchemaExport.sessionFactoryCreated(SessionFactoryObserverForSchemaExport.java:35)
	at org.hibernate.internal.SessionFactoryObserverChain.sessionFactoryCreated(SessionFactoryObserverChain.java:33)
	at org.hibernate.internal.SessionFactoryImpl.<init>(SessionFactoryImpl.java:323)
	at org.hibernate.internal.SessionFactoryRegistry.instantiateSessionFactory(SessionFactoryRegistry.java:64)
	at org.hibernate.boot.internal.SessionFactoryBuilderImpl.build(SessionFactoryBuilderImpl.java:437)
	at org.hibernate.jpa.boot.internal.EntityManagerFactoryBuilderImpl.build(EntityManagerFactoryBuilderImpl.java:1456)
	at org.springframework.orm.jpa.vendor.SpringHibernateJpaPersistenceProvider.createContainerEntityManagerFactory(SpringHibernateJpaPersistenceProvider.java:93)
	at org.springframework.orm.jpa.LocalContainerEntityManagerFactoryBean.createNativeEntityManagerFactory(LocalContainerEntityManagerFactoryBean.java:443)
	at org.springframework.orm.jpa.AbstractEntityManagerFactoryBean.buildNativeEntityManagerFactory(AbstractEntityManagerFactoryBean.java:436)
	at org.springframework.orm.jpa.AbstractEntityManagerFactoryBean.afterPropertiesSet(AbstractEntityManagerFactoryBean.java:411)
	at org.springframework.orm.jpa.LocalContainerEntityManagerFactoryBean.afterPropertiesSet(LocalContainerEntityManagerFactoryBean.java:419)
	at org.springframework.beans.factory.support.AbstractAutowireCapableBeanFactory.invokeInitMethods(AbstractAutowireCapableBeanFactory.java:1864)
	at org.springframework.beans.factory.support.AbstractAutowireCapableBeanFactory.initializeBean(AbstractAutowireCapableBeanFactory.java:1813)
	at org.springframework.beans.factory.support.AbstractAutowireCapableBeanFactory.doCreateBean(AbstractAutowireCapableBeanFactory.java:603)
	at org.springframework.beans.factory.support.AbstractAutowireCapableBeanFactory.createBean(AbstractAutowireCapableBeanFactory.java:525)
	at org.springframework.beans.factory.support.AbstractBeanFactory.lambda$doGetBean$0(AbstractBeanFactory.java:333)
	at org.springframework.beans.factory.support.DefaultSingletonBeanRegistry.getSingleton(DefaultSingletonBeanRegistry.java:371)
	at org.springframework.beans.factory.support.AbstractBeanFactory.doGetBean(AbstractBeanFactory.java:331)
	at org.springframework.beans.factory.support.AbstractBeanFactory.getBean(AbstractBeanFactory.java:201)
	at org.springframework.context.support.AbstractApplicationContext.finishBeanFactoryInitialization(AbstractApplicationContext.java:977)
	at org.springframework.context.support.AbstractApplicationContext.refresh(AbstractApplicationContext.java:621)
	at org.springframework.boot.web.server.servlet.context.ServletWebServerApplicationContext.refresh(ServletWebServerApplicationContext.java:143)
	at org.springframework.boot.SpringApplication.refresh(SpringApplication.java:756)
	at org.springframework.boot.SpringApplication.refreshContext(SpringApplication.java:445)
	at org.springframework.boot.SpringApplication.run(SpringApplication.java:321)
	at org.springframework.boot.SpringApplication.run(SpringApplication.java:1365)
	at org.springframework.boot.SpringApplication.run(SpringApplication.java:1354)
	at com.example.attendance.AttendanceSystemApplication.main(AttendanceSystemApplication.java:12)
Caused by: com.microsoft.sqlserver.jdbc.SQLServerException: 对象'PK__attendan__3213E83F505AAD30' 依赖于 列'id'。
	at com.microsoft.sqlserver.jdbc.SQLServerException.makeFromDatabaseError(SQLServerException.java:278)
	at com.microsoft.sqlserver.jdbc.SQLServerStatement.getNextResult(SQLServerStatement.java:1788)
	at com.microsoft.sqlserver.jdbc.SQLServerStatement.doExecuteStatement(SQLServerStatement.java:975)
	at com.microsoft.sqlserver.jdbc.SQLServerStatement$StmtExecCmd.doExecute(SQLServerStatement.java:869)
	at com.microsoft.sqlserver.jdbc.TDSCommand.execute(IOBuffer.java:7825)
	at com.microsoft.sqlserver.jdbc.SQLServerConnection.executeCommand(SQLServerConnection.java:4828)
	at com.microsoft.sqlserver.jdbc.SQLServerStatement.executeCommand(SQLServerStatement.java:321)
	at com.microsoft.sqlserver.jdbc.SQLServerStatement.executeStatement(SQLServerStatement.java:253)
	at com.microsoft.sqlserver.jdbc.SQLServerStatement.execute(SQLServerStatement.java:842)
	at com.zaxxer.hikari.pool.ProxyStatement.execute(ProxyStatement.java:95)
	at com.zaxxer.hikari.pool.HikariProxyStatement.execute(HikariProxyStatement.java)
	at org.hibernate.tool.schema.internal.exec.GenerationTargetToDatabase.accept(GenerationTargetToDatabase.java:76)
	... 38 common frames omitted
2026-06-02 16:58:55.267 [main] DEBUG org.hibernate.SQL - 
    alter table attendance 
       alter column student_status tinyint default 1
2026-06-02 16:58:55.267 [main] WARN  o.h.t.s.i.ExceptionHandlerLoggedImpl - GenerationTarget encountered exception accepting command : Error executing DDL "
    alter table attendance 
       alter column student_status tinyint default 1" via JDBC [关键字 'default' 附近有语法错误。]
org.hibernate.tool.schema.spi.CommandAcceptanceException: Error executing DDL "
    alter table attendance 
       alter column student_status tinyint default 1" via JDBC [关键字 'default' 附近有语法错误。]
	at org.hibernate.tool.schema.internal.exec.GenerationTargetToDatabase.accept(GenerationTargetToDatabase.java:81)
	at org.hibernate.tool.schema.internal.AbstractSchemaMigrator.applySqlString(AbstractSchemaMigrator.java:566)
	at org.hibernate.tool.schema.internal.AbstractSchemaMigrator.applySqlStrings(AbstractSchemaMigrator.java:506)
	at org.hibernate.tool.schema.internal.AbstractSchemaMigrator.migrateTable(AbstractSchemaMigrator.java:324)
	at org.hibernate.tool.schema.internal.GroupedSchemaMigratorImpl.performTablesMigration(GroupedSchemaMigratorImpl.java:84)
	at org.hibernate.tool.schema.internal.AbstractSchemaMigrator.performMigration(AbstractSchemaMigrator.java:220)
	at org.hibernate.tool.schema.internal.AbstractSchemaMigrator.doMigration(AbstractSchemaMigrator.java:96)
	at org.hibernate.tool.schema.spi.SchemaManagementToolCoordinator.performDatabaseAction(SchemaManagementToolCoordinator.java:269)
	at org.hibernate.tool.schema.spi.SchemaManagementToolCoordinator.lambda$process$1(SchemaManagementToolCoordinator.java:101)
	at java.base/java.util.HashMap.forEach(HashMap.java:1429)
	at org.hibernate.tool.schema.spi.SchemaManagementToolCoordinator.process(SchemaManagementToolCoordinator.java:100)
	at org.hibernate.boot.internal.SessionFactoryObserverForSchemaExport.sessionFactoryCreated(SessionFactoryObserverForSchemaExport.java:35)
	at org.hibernate.internal.SessionFactoryObserverChain.sessionFactoryCreated(SessionFactoryObserverChain.java:33)
	at org.hibernate.internal.SessionFactoryImpl.<init>(SessionFactoryImpl.java:323)
	at org.hibernate.internal.SessionFactoryRegistry.instantiateSessionFactory(SessionFactoryRegistry.java:64)
	at org.hibernate.boot.internal.SessionFactoryBuilderImpl.build(SessionFactoryBuilderImpl.java:437)
	at org.hibernate.jpa.boot.internal.EntityManagerFactoryBuilderImpl.build(EntityManagerFactoryBuilderImpl.java:1456)
	at org.springframework.orm.jpa.vendor.SpringHibernateJpaPersistenceProvider.createContainerEntityManagerFactory(SpringHibernateJpaPersistenceProvider.java:93)
	at org.springframework.orm.jpa.LocalContainerEntityManagerFactoryBean.createNativeEntityManagerFactory(LocalContainerEntityManagerFactoryBean.java:443)
	at org.springframework.orm.jpa.AbstractEntityManagerFactoryBean.buildNativeEntityManagerFactory(AbstractEntityManagerFactoryBean.java:436)
	at org.springframework.orm.jpa.AbstractEntityManagerFactoryBean.afterPropertiesSet(AbstractEntityManagerFactoryBean.java:411)
	at org.springframework.orm.jpa.LocalContainerEntityManagerFactoryBean.afterPropertiesSet(LocalContainerEntityManagerFactoryBean.java:419)
	at org.springframework.beans.factory.support.AbstractAutowireCapableBeanFactory.invokeInitMethods(AbstractAutowireCapableBeanFactory.java:1864)
	at org.springframework.beans.factory.support.AbstractAutowireCapableBeanFactory.initializeBean(AbstractAutowireCapableBeanFactory.java:1813)
	at org.springframework.beans.factory.support.AbstractAutowireCapableBeanFactory.doCreateBean(AbstractAutowireCapableBeanFactory.java:603)
	at org.springframework.beans.factory.support.AbstractAutowireCapableBeanFactory.createBean(AbstractAutowireCapableBeanFactory.java:525)
	at org.springframework.beans.factory.support.AbstractBeanFactory.lambda$doGetBean$0(AbstractBeanFactory.java:333)
	at org.springframework.beans.factory.support.DefaultSingletonBeanRegistry.getSingleton(DefaultSingletonBeanRegistry.java:371)
	at org.springframework.beans.factory.support.AbstractBeanFactory.doGetBean(AbstractBeanFactory.java:331)
	at org.springframework.beans.factory.support.AbstractBeanFactory.getBean(AbstractBeanFactory.java:201)
	at org.springframework.context.support.AbstractApplicationContext.finishBeanFactoryInitialization(AbstractApplicationContext.java:977)
	at org.springframework.context.support.AbstractApplicationContext.refresh(AbstractApplicationContext.java:621)
	at org.springframework.boot.web.server.servlet.context.ServletWebServerApplicationContext.refresh(ServletWebServerApplicationContext.java:143)
	at org.springframework.boot.SpringApplication.refresh(SpringApplication.java:756)
	at org.springframework.boot.SpringApplication.refreshContext(SpringApplication.java:445)
	at org.springframework.boot.SpringApplication.run(SpringApplication.java:321)
	at org.springframework.boot.SpringApplication.run(SpringApplication.java:1365)
	at org.springframework.boot.SpringApplication.run(SpringApplication.java:1354)
	at com.example.attendance.AttendanceSystemApplication.main(AttendanceSystemApplication.java:12)
Caused by: com.microsoft.sqlserver.jdbc.SQLServerException: 关键字 'default' 附近有语法错误。
	at com.microsoft.sqlserver.jdbc.SQLServerException.makeFromDatabaseError(SQLServerException.java:278)
	at com.microsoft.sqlserver.jdbc.SQLServerStatement.getNextResult(SQLServerStatement.java:1788)
	at com.microsoft.sqlserver.jdbc.SQLServerStatement.doExecuteStatement(SQLServerStatement.java:975)
	at com.microsoft.sqlserver.jdbc.SQLServerStatement$StmtExecCmd.doExecute(SQLServerStatement.java:869)
	at com.microsoft.sqlserver.jdbc.TDSCommand.execute(IOBuffer.java:7825)
	at com.microsoft.sqlserver.jdbc.SQLServerConnection.executeCommand(SQLServerConnection.java:4828)
	at com.microsoft.sqlserver.jdbc.SQLServerStatement.executeCommand(SQLServerStatement.java:321)
	at com.microsoft.sqlserver.jdbc.SQLServerStatement.executeStatement(SQLServerStatement.java:253)
	at com.microsoft.sqlserver.jdbc.SQLServerStatement.execute(SQLServerStatement.java:842)
	at com.zaxxer.hikari.pool.ProxyStatement.execute(ProxyStatement.java:95)
	at com.zaxxer.hikari.pool.HikariProxyStatement.execute(HikariProxyStatement.java)
	at org.hibernate.tool.schema.internal.exec.GenerationTargetToDatabase.accept(GenerationTargetToDatabase.java:76)
	... 38 common frames omitted
2026-06-02 16:58:55.268 [main] DEBUG org.hibernate.SQL - 
    alter table course_selection 
       alter column id bigint
2026-06-02 16:58:55.270 [main] WARN  o.h.t.s.i.ExceptionHandlerLoggedImpl - GenerationTarget encountered exception accepting command : Error executing DDL "
    alter table course_selection 
       alter column id bigint" via JDBC [对象'PK__course_s__3213E83FDFE3484D' 依赖于 列'id'。]
org.hibernate.tool.schema.spi.CommandAcceptanceException: Error executing DDL "
    alter table course_selection 
       alter column id bigint" via JDBC [对象'PK__course_s__3213E83FDFE3484D' 依赖于 列'id'。]
	at org.hibernate.tool.schema.internal.exec.GenerationTargetToDatabase.accept(GenerationTargetToDatabase.java:81)
	at org.hibernate.tool.schema.internal.AbstractSchemaMigrator.applySqlString(AbstractSchemaMigrator.java:566)
	at org.hibernate.tool.schema.internal.AbstractSchemaMigrator.applySqlStrings(AbstractSchemaMigrator.java:506)
	at org.hibernate.tool.schema.internal.AbstractSchemaMigrator.migrateTable(AbstractSchemaMigrator.java:324)
	at org.hibernate.tool.schema.internal.GroupedSchemaMigratorImpl.performTablesMigration(GroupedSchemaMigratorImpl.java:84)
	at org.hibernate.tool.schema.internal.AbstractSchemaMigrator.performMigration(AbstractSchemaMigrator.java:220)
	at org.hibernate.tool.schema.internal.AbstractSchemaMigrator.doMigration(AbstractSchemaMigrator.java:96)
	at org.hibernate.tool.schema.spi.SchemaManagementToolCoordinator.performDatabaseAction(SchemaManagementToolCoordinator.java:269)
	at org.hibernate.tool.schema.spi.SchemaManagementToolCoordinator.lambda$process$1(SchemaManagementToolCoordinator.java:101)
	at java.base/java.util.HashMap.forEach(HashMap.java:1429)
	at org.hibernate.tool.schema.spi.SchemaManagementToolCoordinator.process(SchemaManagementToolCoordinator.java:100)
	at org.hibernate.boot.internal.SessionFactoryObserverForSchemaExport.sessionFactoryCreated(SessionFactoryObserverForSchemaExport.java:35)
	at org.hibernate.internal.SessionFactoryObserverChain.sessionFactoryCreated(SessionFactoryObserverChain.java:33)
	at org.hibernate.internal.SessionFactoryImpl.<init>(SessionFactoryImpl.java:323)
	at org.hibernate.internal.SessionFactoryRegistry.instantiateSessionFactory(SessionFactoryRegistry.java:64)
	at org.hibernate.boot.internal.SessionFactoryBuilderImpl.build(SessionFactoryBuilderImpl.java:437)
	at org.hibernate.jpa.boot.internal.EntityManagerFactoryBuilderImpl.build(EntityManagerFactoryBuilderImpl.java:1456)
	at org.springframework.orm.jpa.vendor.SpringHibernateJpaPersistenceProvider.createContainerEntityManagerFactory(SpringHibernateJpaPersistenceProvider.java:93)
	at org.springframework.orm.jpa.LocalContainerEntityManagerFactoryBean.createNativeEntityManagerFactory(LocalContainerEntityManagerFactoryBean.java:443)
	at org.springframework.orm.jpa.AbstractEntityManagerFactoryBean.buildNativeEntityManagerFactory(AbstractEntityManagerFactoryBean.java:436)
	at org.springframework.orm.jpa.AbstractEntityManagerFactoryBean.afterPropertiesSet(AbstractEntityManagerFactoryBean.java:411)
	at org.springframework.orm.jpa.LocalContainerEntityManagerFactoryBean.afterPropertiesSet(LocalContainerEntityManagerFactoryBean.java:419)
	at org.springframework.beans.factory.support.AbstractAutowireCapableBeanFactory.invokeInitMethods(AbstractAutowireCapableBeanFactory.java:1864)
	at org.springframework.beans.factory.support.AbstractAutowireCapableBeanFactory.initializeBean(AbstractAutowireCapableBeanFactory.java:1813)
	at org.springframework.beans.factory.support.AbstractAutowireCapableBeanFactory.doCreateBean(AbstractAutowireCapableBeanFactory.java:603)
	at org.springframework.beans.factory.support.AbstractAutowireCapableBeanFactory.createBean(AbstractAutowireCapableBeanFactory.java:525)
	at org.springframework.beans.factory.support.AbstractBeanFactory.lambda$doGetBean$0(AbstractBeanFactory.java:333)
	at org.springframework.beans.factory.support.DefaultSingletonBeanRegistry.getSingleton(DefaultSingletonBeanRegistry.java:371)
	at org.springframework.beans.factory.support.AbstractBeanFactory.doGetBean(AbstractBeanFactory.java:331)
	at org.springframework.beans.factory.support.AbstractBeanFactory.getBean(AbstractBeanFactory.java:201)
	at org.springframework.context.support.AbstractApplicationContext.finishBeanFactoryInitialization(AbstractApplicationContext.java:977)
	at org.springframework.context.support.AbstractApplicationContext.refresh(AbstractApplicationContext.java:621)
	at org.springframework.boot.web.server.servlet.context.ServletWebServerApplicationContext.refresh(ServletWebServerApplicationContext.java:143)
	at org.springframework.boot.SpringApplication.refresh(SpringApplication.java:756)
	at org.springframework.boot.SpringApplication.refreshContext(SpringApplication.java:445)
	at org.springframework.boot.SpringApplication.run(SpringApplication.java:321)
	at org.springframework.boot.SpringApplication.run(SpringApplication.java:1365)
	at org.springframework.boot.SpringApplication.run(SpringApplication.java:1354)
	at com.example.attendance.AttendanceSystemApplication.main(AttendanceSystemApplication.java:12)
Caused by: com.microsoft.sqlserver.jdbc.SQLServerException: 对象'PK__course_s__3213E83FDFE3484D' 依赖于 列'id'。
	at com.microsoft.sqlserver.jdbc.SQLServerException.makeFromDatabaseError(SQLServerException.java:278)
	at com.microsoft.sqlserver.jdbc.SQLServerStatement.getNextResult(SQLServerStatement.java:1788)
	at com.microsoft.sqlserver.jdbc.SQLServerStatement.doExecuteStatement(SQLServerStatement.java:975)
	at com.microsoft.sqlserver.jdbc.SQLServerStatement$StmtExecCmd.doExecute(SQLServerStatement.java:869)
	at com.microsoft.sqlserver.jdbc.TDSCommand.execute(IOBuffer.java:7825)
	at com.microsoft.sqlserver.jdbc.SQLServerConnection.executeCommand(SQLServerConnection.java:4828)
	at com.microsoft.sqlserver.jdbc.SQLServerStatement.executeCommand(SQLServerStatement.java:321)
	at com.microsoft.sqlserver.jdbc.SQLServerStatement.executeStatement(SQLServerStatement.java:253)
	at com.microsoft.sqlserver.jdbc.SQLServerStatement.execute(SQLServerStatement.java:842)
	at com.zaxxer.hikari.pool.ProxyStatement.execute(ProxyStatement.java:95)
	at com.zaxxer.hikari.pool.HikariProxyStatement.execute(HikariProxyStatement.java)
	at org.hibernate.tool.schema.internal.exec.GenerationTargetToDatabase.accept(GenerationTargetToDatabase.java:76)
	... 38 common frames omitted
2026-06-02 16:58:55.270 [main] DEBUG org.hibernate.SQL - 
    alter table course_selection 
       alter column status tinyint default 1
2026-06-02 16:58:55.271 [main] WARN  o.h.t.s.i.ExceptionHandlerLoggedImpl - GenerationTarget encountered exception accepting command : Error executing DDL "
    alter table course_selection 
       alter column status tinyint default 1" via JDBC [关键字 'default' 附近有语法错误。]
org.hibernate.tool.schema.spi.CommandAcceptanceException: Error executing DDL "
    alter table course_selection 
       alter column status tinyint default 1" via JDBC [关键字 'default' 附近有语法错误。]
	at org.hibernate.tool.schema.internal.exec.GenerationTargetToDatabase.accept(GenerationTargetToDatabase.java:81)
	at org.hibernate.tool.schema.internal.AbstractSchemaMigrator.applySqlString(AbstractSchemaMigrator.java:566)
	at org.hibernate.tool.schema.internal.AbstractSchemaMigrator.applySqlStrings(AbstractSchemaMigrator.java:506)
	at org.hibernate.tool.schema.internal.AbstractSchemaMigrator.migrateTable(AbstractSchemaMigrator.java:324)
	at org.hibernate.tool.schema.internal.GroupedSchemaMigratorImpl.performTablesMigration(GroupedSchemaMigratorImpl.java:84)
	at org.hibernate.tool.schema.internal.AbstractSchemaMigrator.performMigration(AbstractSchemaMigrator.java:220)
	at org.hibernate.tool.schema.internal.AbstractSchemaMigrator.doMigration(AbstractSchemaMigrator.java:96)
	at org.hibernate.tool.schema.spi.SchemaManagementToolCoordinator.performDatabaseAction(SchemaManagementToolCoordinator.java:269)
	at org.hibernate.tool.schema.spi.SchemaManagementToolCoordinator.lambda$process$1(SchemaManagementToolCoordinator.java:101)
	at java.base/java.util.HashMap.forEach(HashMap.java:1429)
	at org.hibernate.tool.schema.spi.SchemaManagementToolCoordinator.process(SchemaManagementToolCoordinator.java:100)
	at org.hibernate.boot.internal.SessionFactoryObserverForSchemaExport.sessionFactoryCreated(SessionFactoryObserverForSchemaExport.java:35)
	at org.hibernate.internal.SessionFactoryObserverChain.sessionFactoryCreated(SessionFactoryObserverChain.java:33)
	at org.hibernate.internal.SessionFactoryImpl.<init>(SessionFactoryImpl.java:323)
	at org.hibernate.internal.SessionFactoryRegistry.instantiateSessionFactory(SessionFactoryRegistry.java:64)
	at org.hibernate.boot.internal.SessionFactoryBuilderImpl.build(SessionFactoryBuilderImpl.java:437)
	at org.hibernate.jpa.boot.internal.EntityManagerFactoryBuilderImpl.build(EntityManagerFactoryBuilderImpl.java:1456)
	at org.springframework.orm.jpa.vendor.SpringHibernateJpaPersistenceProvider.createContainerEntityManagerFactory(SpringHibernateJpaPersistenceProvider.java:93)
	at org.springframework.orm.jpa.LocalContainerEntityManagerFactoryBean.createNativeEntityManagerFactory(LocalContainerEntityManagerFactoryBean.java:443)
	at org.springframework.orm.jpa.AbstractEntityManagerFactoryBean.buildNativeEntityManagerFactory(AbstractEntityManagerFactoryBean.java:436)
	at org.springframework.orm.jpa.AbstractEntityManagerFactoryBean.afterPropertiesSet(AbstractEntityManagerFactoryBean.java:411)
	at org.springframework.orm.jpa.LocalContainerEntityManagerFactoryBean.afterPropertiesSet(LocalContainerEntityManagerFactoryBean.java:419)
	at org.springframework.beans.factory.support.AbstractAutowireCapableBeanFactory.invokeInitMethods(AbstractAutowireCapableBeanFactory.java:1864)
	at org.springframework.beans.factory.support.AbstractAutowireCapableBeanFactory.initializeBean(AbstractAutowireCapableBeanFactory.java:1813)
	at org.springframework.beans.factory.support.AbstractAutowireCapableBeanFactory.doCreateBean(AbstractAutowireCapableBeanFactory.java:603)
	at org.springframework.beans.factory.support.AbstractAutowireCapableBeanFactory.createBean(AbstractAutowireCapableBeanFactory.java:525)
	at org.springframework.beans.factory.support.AbstractBeanFactory.lambda$doGetBean$0(AbstractBeanFactory.java:333)
	at org.springframework.beans.factory.support.DefaultSingletonBeanRegistry.getSingleton(DefaultSingletonBeanRegistry.java:371)
	at org.springframework.beans.factory.support.AbstractBeanFactory.doGetBean(AbstractBeanFactory.java:331)
	at org.springframework.beans.factory.support.AbstractBeanFactory.getBean(AbstractBeanFactory.java:201)
	at org.springframework.context.support.AbstractApplicationContext.finishBeanFactoryInitialization(AbstractApplicationContext.java:977)
	at org.springframework.context.support.AbstractApplicationContext.refresh(AbstractApplicationContext.java:621)
	at org.springframework.boot.web.server.servlet.context.ServletWebServerApplicationContext.refresh(ServletWebServerApplicationContext.java:143)
	at org.springframework.boot.SpringApplication.refresh(SpringApplication.java:756)
	at org.springframework.boot.SpringApplication.refreshContext(SpringApplication.java:445)
	at org.springframework.boot.SpringApplication.run(SpringApplication.java:321)
	at org.springframework.boot.SpringApplication.run(SpringApplication.java:1365)
	at org.springframework.boot.SpringApplication.run(SpringApplication.java:1354)
	at com.example.attendance.AttendanceSystemApplication.main(AttendanceSystemApplication.java:12)
Caused by: com.microsoft.sqlserver.jdbc.SQLServerException: 关键字 'default' 附近有语法错误。
	at com.microsoft.sqlserver.jdbc.SQLServerException.makeFromDatabaseError(SQLServerException.java:278)
	at com.microsoft.sqlserver.jdbc.SQLServerStatement.getNextResult(SQLServerStatement.java:1788)
	at com.microsoft.sqlserver.jdbc.SQLServerStatement.doExecuteStatement(SQLServerStatement.java:975)
	at com.microsoft.sqlserver.jdbc.SQLServerStatement$StmtExecCmd.doExecute(SQLServerStatement.java:869)
	at com.microsoft.sqlserver.jdbc.TDSCommand.execute(IOBuffer.java:7825)
	at com.microsoft.sqlserver.jdbc.SQLServerConnection.executeCommand(SQLServerConnection.java:4828)
	at com.microsoft.sqlserver.jdbc.SQLServerStatement.executeCommand(SQLServerStatement.java:321)
	at com.microsoft.sqlserver.jdbc.SQLServerStatement.executeStatement(SQLServerStatement.java:253)
	at com.microsoft.sqlserver.jdbc.SQLServerStatement.execute(SQLServerStatement.java:842)
	at com.zaxxer.hikari.pool.ProxyStatement.execute(ProxyStatement.java:95)
	at com.zaxxer.hikari.pool.HikariProxyStatement.execute(HikariProxyStatement.java)
	at org.hibernate.tool.schema.internal.exec.GenerationTargetToDatabase.accept(GenerationTargetToDatabase.java:76)
	... 38 common frames omitted
2026-06-02 16:58:55.272 [main] INFO  o.s.o.j.LocalContainerEntityManagerFactoryBean - Initialized JPA EntityManagerFactory for persistence unit 'default'
2026-06-02 16:58:55.316 [main] INFO  o.s.d.j.r.q.QueryEnhancerFactories - Hibernate is in classpath; If applicable, HQL parser will be used.
2026-06-02 16:58:56.141 [main] WARN  o.s.b.j.a.JpaBaseConfiguration$JpaWebConfiguration - spring.jpa.open-in-view is enabled by default. Therefore, database queries may be performed during view rendering. Explicitly configure spring.jpa.open-in-view to disable this warning
2026-06-02 16:58:56.177 [main] INFO  o.s.s.c.a.a.c.InitializeUserDetailsBeanManagerConfigurer$InitializeUserDetailsManagerConfigurer - Global AuthenticationManager configured with UserDetailsService bean with name myUserDetailsServiceImpl
2026-06-02 16:58:56.268 [main] INFO  o.s.b.w.a.WelcomePageHandlerMapping - Adding welcome page template: index
2026-06-02 16:58:57.448 [main] INFO  o.s.cloud.commons.util.InetUtils - Cannot determine local hostname
2026-06-02 16:58:57.483 [main] INFO  o.a.coyote.http11.Http11NioProtocol - Starting ProtocolHandler ["http-nio-8080"]
2026-06-02 16:58:57.494 [main] INFO  o.s.boot.tomcat.TomcatWebServer - Tomcat started on port 8080 (http) with context path '/'
2026-06-02 16:58:58.505 [main] INFO  o.s.cloud.commons.util.InetUtils - Cannot determine local hostname
2026-06-02 16:58:58.513 [main] INFO  c.e.a.AttendanceSystemApplication - Started AttendanceSystemApplication in 7.881 seconds (process running for 8.425)
2026-06-02 16:59:17.293 [http-nio-8080-exec-2] INFO  o.a.c.c.C.[Tomcat].[localhost].[/] - Initializing Spring DispatcherServlet 'dispatcherServlet'
2026-06-02 16:59:17.305 [http-nio-8080-exec-2] INFO  o.s.web.servlet.DispatcherServlet - Initializing Servlet 'dispatcherServlet'
2026-06-02 16:59:17.307 [http-nio-8080-exec-2] INFO  o.s.web.servlet.DispatcherServlet - Completed initialization in 1 ms
2026-06-02 16:59:17.511 [http-nio-8080-exec-1] DEBUG org.hibernate.SQL - 
    select
        u1_0.id,
        u1_0.class_name,
        u1_0.create_time,
        u1_0.gender,
        u1_0.real_name,
        u1_0.username,
        u1_0.userpassword,
        u1_0.userrole 
    from
        my_user u1_0 
    where
        u1_0.username=?
2026-06-02 16:59:17.549 [http-nio-8080-exec-1] DEBUG org.hibernate.SQL - 
    select
        cs1_0.id,
        cs1_0.class_name,
        cs1_0.course_id,
        cs1_0.course_name,
        cs1_0.create_time,
        cs1_0.status,
        cs1_0.student_id,
        cs1_0.student_name 
    from
        course_selection cs1_0 
    where
        cs1_0.student_id=? 
        and cs1_0.status=?
2026-06-02 16:59:17.555 [http-nio-8080-exec-1] DEBUG org.hibernate.SQL - 
    select
        c1_0.id,
        c1_0.class_name,
        c1_0.course_id,
        c1_0.course_name,
        c1_0.create_time,
        c1_0.location,
        c1_0.teacher_id,
        c1_0.teacher_name,
        c1_0.time_slot,
        c1_0.week_day 
    from
        course c1_0 
    where
        c1_0.course_id=?
2026-06-02 16:59:17.560 [http-nio-8080-exec-1] DEBUG org.hibernate.SQL - 
    select
        cs1_0.id,
        cs1_0.class_name,
        cs1_0.course_id,
        cs1_0.course_name,
        cs1_0.create_time,
        cs1_0.status,
        cs1_0.student_id,
        cs1_0.student_name 
    from
        course_selection cs1_0 
    where
        cs1_0.student_id=? 
        and cs1_0.status=?
2026-06-02 16:59:17.562 [http-nio-8080-exec-1] DEBUG org.hibernate.SQL - 
    select
        a1_0.id,
        a1_0.check_in_time,
        a1_0.course_id,
        a1_0.create_time,
        a1_0.ip_address,
        a1_0.reason,
        a1_0.sign_in_id,
        a1_0.student_id,
        a1_0.student_name,
        a1_0.student_status,
        a1_0.update_time 
    from
        attendance a1_0 
    where
        a1_0.student_id=?
2026-06-02 16:59:18.006 [http-nio-8080-exec-4] DEBUG org.hibernate.SQL - 
    select
        u1_0.id,
        u1_0.class_name,
        u1_0.create_time,
        u1_0.gender,
        u1_0.real_name,
        u1_0.username,
        u1_0.userpassword,
        u1_0.userrole 
    from
        my_user u1_0 
    where
        u1_0.username=?
2026-06-02 16:59:18.010 [http-nio-8080-exec-4] DEBUG org.hibernate.SQL - 
    select
        cs1_0.id,
        cs1_0.class_name,
        cs1_0.course_id,
        cs1_0.course_name,
        cs1_0.create_time,
        cs1_0.status,
        cs1_0.student_id,
        cs1_0.student_name 
    from
        course_selection cs1_0 
    where
        cs1_0.student_id=? 
        and cs1_0.status=?
2026-06-02 16:59:18.011 [http-nio-8080-exec-4] DEBUG org.hibernate.SQL - 
    select
        c1_0.id,
        c1_0.class_name,
        c1_0.course_id,
        c1_0.course_name,
        c1_0.create_time,
        c1_0.location,
        c1_0.teacher_id,
        c1_0.teacher_name,
        c1_0.time_slot,
        c1_0.week_day 
    from
        course c1_0 
    where
        c1_0.course_id=?
2026-06-02 16:59:18.015 [http-nio-8080-exec-4] DEBUG org.hibernate.SQL - 
    select
        cs1_0.id,
        cs1_0.class_name,
        cs1_0.course_id,
        cs1_0.course_name,
        cs1_0.create_time,
        cs1_0.status,
        cs1_0.student_id,
        cs1_0.student_name 
    from
        course_selection cs1_0 
    where
        cs1_0.student_id=? 
        and cs1_0.status=?
2026-06-02 16:59:18.016 [http-nio-8080-exec-4] DEBUG org.hibernate.SQL - 
    select
        a1_0.id,
        a1_0.check_in_time,
        a1_0.course_id,
        a1_0.create_time,
        a1_0.ip_address,
        a1_0.reason,
        a1_0.sign_in_id,
        a1_0.student_id,
        a1_0.student_name,
        a1_0.student_status,
        a1_0.update_time 
    from
        attendance a1_0 
    where
        a1_0.student_id=?
2026-06-02 16:59:19.470 [http-nio-8080-exec-5] DEBUG c.e.a.service.impl.UserServiceImpl - 按用户名查询用户，用户名: 42411114
2026-06-02 16:59:19.471 [http-nio-8080-exec-5] DEBUG org.hibernate.SQL - 
    select
        u1_0.id,
        u1_0.class_name,
        u1_0.create_time,
        u1_0.gender,
        u1_0.real_name,
        u1_0.username,
        u1_0.userpassword,
        u1_0.userrole 
    from
        my_user u1_0 
    where
        u1_0.username=?
2026-06-02 16:59:19.473 [http-nio-8080-exec-5] DEBUG c.e.a.service.impl.UserServiceImpl - 查询到用户，用户名: 42411114, 角色: STUDENT
2026-06-02 16:59:19.475 [http-nio-8080-exec-5] DEBUG org.hibernate.SQL - 
    select
        s1_0.student_id,
        s1_0.age,
        s1_0.class_name,
        s1_0.gender,
        s1_0.student_name 
    from
        student s1_0 
    where
        s1_0.student_id=?
2026-06-02 17:00:50.538 [http-nio-8080-exec-3] DEBUG org.hibernate.SQL - 
    select
        u1_0.id,
        u1_0.class_name,
        u1_0.create_time,
        u1_0.gender,
        u1_0.real_name,
        u1_0.username,
        u1_0.userpassword,
        u1_0.userrole 
    from
        my_user u1_0 
    where
        u1_0.username=?
2026-06-02 17:00:50.557 [http-nio-8080-exec-3] DEBUG org.hibernate.SQL - 
    select
        cs1_0.id,
        cs1_0.class_name,
        cs1_0.course_id,
        cs1_0.course_name,
        cs1_0.create_time,
        cs1_0.status,
        cs1_0.student_id,
        cs1_0.student_name 
    from
        course_selection cs1_0 
    where
        cs1_0.student_id=? 
        and cs1_0.status=?
2026-06-02 17:00:50.565 [http-nio-8080-exec-3] DEBUG org.hibernate.SQL - 
    select
        c1_0.id,
        c1_0.class_name,
        c1_0.course_id,
        c1_0.course_name,
        c1_0.create_time,
        c1_0.location,
        c1_0.teacher_id,
        c1_0.teacher_name,
        c1_0.time_slot,
        c1_0.week_day 
    from
        course c1_0 
    where
        c1_0.course_id=?
2026-06-02 17:00:50.574 [http-nio-8080-exec-3] DEBUG org.hibernate.SQL - 
    select
        cs1_0.id,
        cs1_0.class_name,
        cs1_0.course_id,
        cs1_0.course_name,
        cs1_0.create_time,
        cs1_0.status,
        cs1_0.student_id,
        cs1_0.student_name 
    from
        course_selection cs1_0 
    where
        cs1_0.student_id=? 
        and cs1_0.status=?
2026-06-02 17:00:50.576 [http-nio-8080-exec-3] DEBUG org.hibernate.SQL - 
    select
        a1_0.id,
        a1_0.check_in_time,
        a1_0.course_id,
        a1_0.create_time,
        a1_0.ip_address,
        a1_0.reason,
        a1_0.sign_in_id,
        a1_0.student_id,
        a1_0.student_name,
        a1_0.student_status,
        a1_0.update_time 
    from
        attendance a1_0 
    where
        a1_0.student_id=?
2026-06-02 17:00:50.989 [http-nio-8080-exec-2] DEBUG org.hibernate.SQL - 
    select
        u1_0.id,
        u1_0.class_name,
        u1_0.create_time,
        u1_0.gender,
        u1_0.real_name,
        u1_0.username,
        u1_0.userpassword,
        u1_0.userrole 
    from
        my_user u1_0 
    where
        u1_0.username=?
2026-06-02 17:00:50.992 [http-nio-8080-exec-2] DEBUG org.hibernate.SQL - 
    select
        cs1_0.id,
        cs1_0.class_name,
        cs1_0.course_id,
        cs1_0.course_name,
        cs1_0.create_time,
        cs1_0.status,
        cs1_0.student_id,
        cs1_0.student_name 
    from
        course_selection cs1_0 
    where
        cs1_0.student_id=? 
        and cs1_0.status=?
2026-06-02 17:00:50.997 [http-nio-8080-exec-2] DEBUG org.hibernate.SQL - 
    select
        c1_0.id,
        c1_0.class_name,
        c1_0.course_id,
        c1_0.course_name,
        c1_0.create_time,
        c1_0.location,
        c1_0.teacher_id,
        c1_0.teacher_name,
        c1_0.time_slot,
        c1_0.week_day 
    from
        course c1_0 
    where
        c1_0.course_id=?
2026-06-02 17:00:50.999 [http-nio-8080-exec-2] DEBUG org.hibernate.SQL - 
    select
        cs1_0.id,
        cs1_0.class_name,
        cs1_0.course_id,
        cs1_0.course_name,
        cs1_0.create_time,
        cs1_0.status,
        cs1_0.student_id,
        cs1_0.student_name 
    from
        course_selection cs1_0 
    where
        cs1_0.student_id=? 
        and cs1_0.status=?
2026-06-02 17:00:51.003 [http-nio-8080-exec-2] DEBUG org.hibernate.SQL - 
    select
        a1_0.id,
        a1_0.check_in_time,
        a1_0.course_id,
        a1_0.create_time,
        a1_0.ip_address,
        a1_0.reason,
        a1_0.sign_in_id,
        a1_0.student_id,
        a1_0.student_name,
        a1_0.student_status,
        a1_0.update_time 
    from
        attendance a1_0 
    where
        a1_0.student_id=?
2026-06-02 17:00:52.404 [http-nio-8080-exec-1] DEBUG c.e.a.service.impl.UserServiceImpl - 按用户名查询用户，用户名: 42411114
2026-06-02 17:00:52.407 [http-nio-8080-exec-1] DEBUG org.hibernate.SQL - 
    select
        u1_0.id,
        u1_0.class_name,
        u1_0.create_time,
        u1_0.gender,
        u1_0.real_name,
        u1_0.username,
        u1_0.userpassword,
        u1_0.userrole 
    from
        my_user u1_0 
    where
        u1_0.username=?
2026-06-02 17:00:52.415 [http-nio-8080-exec-1] DEBUG c.e.a.service.impl.UserServiceImpl - 查询到用户，用户名: 42411114, 角色: STUDENT
2026-06-02 17:00:52.415 [http-nio-8080-exec-1] DEBUG org.hibernate.SQL - 
    select
        s1_0.student_id,
        s1_0.age,
        s1_0.class_name,
        s1_0.gender,
        s1_0.student_name 
    from
        student s1_0 
    where
        s1_0.student_id=?
2026-06-02 17:01:18.768 [http-nio-8080-exec-4] DEBUG org.hibernate.SQL - 
    select
        u1_0.id,
        u1_0.class_name,
        u1_0.create_time,
        u1_0.gender,
        u1_0.real_name,
        u1_0.username,
        u1_0.userpassword,
        u1_0.userrole 
    from
        my_user u1_0 
    where
        u1_0.username=?
2026-06-02 17:01:18.788 [http-nio-8080-exec-4] DEBUG org.hibernate.SQL - 
    select
        cs1_0.id,
        cs1_0.class_name,
        cs1_0.course_id,
        cs1_0.course_name,
        cs1_0.create_time,
        cs1_0.status,
        cs1_0.student_id,
        cs1_0.student_name 
    from
        course_selection cs1_0 
    where
        cs1_0.student_id=? 
        and cs1_0.status=?
2026-06-02 17:01:18.789 [http-nio-8080-exec-4] DEBUG org.hibernate.SQL - 
    select
        c1_0.id,
        c1_0.class_name,
        c1_0.course_id,
        c1_0.course_name,
        c1_0.create_time,
        c1_0.location,
        c1_0.teacher_id,
        c1_0.teacher_name,
        c1_0.time_slot,
        c1_0.week_day 
    from
        course c1_0 
    where
        c1_0.course_id=?
2026-06-02 17:01:18.790 [http-nio-8080-exec-4] DEBUG org.hibernate.SQL - 
    select
        cs1_0.id,
        cs1_0.class_name,
        cs1_0.course_id,
        cs1_0.course_name,
        cs1_0.create_time,
        cs1_0.status,
        cs1_0.student_id,
        cs1_0.student_name 
    from
        course_selection cs1_0 
    where
        cs1_0.student_id=? 
        and cs1_0.status=?
2026-06-02 17:01:18.791 [http-nio-8080-exec-4] DEBUG org.hibernate.SQL - 
    select
        a1_0.id,
        a1_0.check_in_time,
        a1_0.course_id,
        a1_0.create_time,
        a1_0.ip_address,
        a1_0.reason,
        a1_0.sign_in_id,
        a1_0.student_id,
        a1_0.student_name,
        a1_0.student_status,
        a1_0.update_time 
    from
        attendance a1_0 
    where
        a1_0.student_id=?
2026-06-02 17:01:18.916 [http-nio-8080-exec-6] DEBUG org.hibernate.SQL - 
    select
        u1_0.id,
        u1_0.class_name,
        u1_0.create_time,
        u1_0.gender,
        u1_0.real_name,
        u1_0.username,
        u1_0.userpassword,
        u1_0.userrole 
    from
        my_user u1_0 
    where
        u1_0.username=?
2026-06-02 17:01:18.918 [http-nio-8080-exec-6] DEBUG org.hibernate.SQL - 
    select
        cs1_0.id,
        cs1_0.class_name,
        cs1_0.course_id,
        cs1_0.course_name,
        cs1_0.create_time,
        cs1_0.status,
        cs1_0.student_id,
        cs1_0.student_name 
    from
        course_selection cs1_0 
    where
        cs1_0.student_id=? 
        and cs1_0.status=?
2026-06-02 17:01:18.919 [http-nio-8080-exec-6] DEBUG org.hibernate.SQL - 
    select
        c1_0.id,
        c1_0.class_name,
        c1_0.course_id,
        c1_0.course_name,
        c1_0.create_time,
        c1_0.location,
        c1_0.teacher_id,
        c1_0.teacher_name,
        c1_0.time_slot,
        c1_0.week_day 
    from
        course c1_0 
    where
        c1_0.course_id=?
2026-06-02 17:01:18.922 [http-nio-8080-exec-6] DEBUG org.hibernate.SQL - 
    select
        cs1_0.id,
        cs1_0.class_name,
        cs1_0.course_id,
        cs1_0.course_name,
        cs1_0.create_time,
        cs1_0.status,
        cs1_0.student_id,
        cs1_0.student_name 
    from
        course_selection cs1_0 
    where
        cs1_0.student_id=? 
        and cs1_0.status=?
2026-06-02 17:01:18.923 [http-nio-8080-exec-6] DEBUG org.hibernate.SQL - 
    select
        a1_0.id,
        a1_0.check_in_time,
        a1_0.course_id,
        a1_0.create_time,
        a1_0.ip_address,
        a1_0.reason,
        a1_0.sign_in_id,
        a1_0.student_id,
        a1_0.student_name,
        a1_0.student_status,
        a1_0.update_time 
    from
        attendance a1_0 
    where
        a1_0.student_id=?
2026-06-02 17:01:32.294 [http-nio-8080-exec-10] DEBUG c.e.a.service.impl.UserServiceImpl - 按用户名查询用户，用户名: 42411114
2026-06-02 17:01:32.295 [http-nio-8080-exec-10] DEBUG org.hibernate.SQL - 
    select
        u1_0.id,
        u1_0.class_name,
        u1_0.create_time,
        u1_0.gender,
        u1_0.real_name,
        u1_0.username,
        u1_0.userpassword,
        u1_0.userrole 
    from
        my_user u1_0 
    where
        u1_0.username=?
2026-06-02 17:01:32.298 [http-nio-8080-exec-10] DEBUG c.e.a.service.impl.UserServiceImpl - 查询到用户，用户名: 42411114, 角色: STUDENT
2026-06-02 17:01:32.299 [http-nio-8080-exec-10] DEBUG org.hibernate.SQL - 
    select
        s1_0.student_id,
        s1_0.age,
        s1_0.class_name,
        s1_0.gender,
        s1_0.student_name 
    from
        student s1_0 
    where
        s1_0.student_id=?
2026-06-02 17:01:51.518 [http-nio-8080-exec-9] DEBUG c.e.a.service.impl.UserServiceImpl - 按用户名查询用户，用户名: 42411114
2026-06-02 17:01:51.523 [http-nio-8080-exec-9] DEBUG org.hibernate.SQL - 
    select
        u1_0.id,
        u1_0.class_name,
        u1_0.create_time,
        u1_0.gender,
        u1_0.real_name,
        u1_0.username,
        u1_0.userpassword,
        u1_0.userrole 
    from
        my_user u1_0 
    where
        u1_0.username=?
2026-06-02 17:01:51.544 [http-nio-8080-exec-9] DEBUG c.e.a.service.impl.UserServiceImpl - 查询到用户，用户名: 42411114, 角色: STUDENT
2026-06-02 17:01:57.508 [http-nio-8080-exec-2] DEBUG c.e.a.service.impl.UserServiceImpl - 按用户名查询用户，用户名: 42411114
2026-06-02 17:01:57.509 [http-nio-8080-exec-2] DEBUG org.hibernate.SQL - 
    select
        u1_0.id,
        u1_0.class_name,
        u1_0.create_time,
        u1_0.gender,
        u1_0.real_name,
        u1_0.username,
        u1_0.userpassword,
        u1_0.userrole 
    from
        my_user u1_0 
    where
        u1_0.username=?
2026-06-02 17:01:57.513 [http-nio-8080-exec-2] DEBUG c.e.a.service.impl.UserServiceImpl - 查询到用户，用户名: 42411114, 角色: STUDENT
2026-06-02 17:01:57.867 [http-nio-8080-exec-2] INFO  c.e.a.service.impl.UserServiceImpl - 开始更新用户信息，用户ID: 66, 用户名: 42411114
2026-06-02 17:01:57.956 [http-nio-8080-exec-2] DEBUG org.hibernate.SQL - 
    update
        my_user 
    set
        class_name=?,
        create_time=?,
        gender=?,
        real_name=?,
        username=?,
        userpassword=?,
        userrole=? 
    where
        id=?
2026-06-02 17:01:57.983 [http-nio-8080-exec-2] DEBUG org.hibernate.SQL - 
    select
        s1_0.student_id,
        s1_0.age,
        s1_0.class_name,
        s1_0.gender,
        s1_0.student_name 
    from
        student s1_0 
    where
        s1_0.student_id=?
2026-06-02 17:01:57.989 [http-nio-8080-exec-2] INFO  c.e.a.service.impl.UserServiceImpl - 用户关联学生信息更新成功，学生ID: 42411114
2026-06-02 17:01:57.993 [http-nio-8080-exec-2] INFO  c.e.a.service.impl.UserServiceImpl - 用户更新成功，用户名: 42411114
2026-06-02 17:02:11.671 [SpringApplicationShutdownHook] INFO  o.s.boot.tomcat.GracefulShutdown - Commencing graceful shutdown. Waiting for active requests to complete
2026-06-02 17:02:11.687 [tomcat-shutdown] INFO  o.s.boot.tomcat.GracefulShutdown - Graceful shutdown complete
2026-06-02 17:02:11.691 [SpringApplicationShutdownHook] INFO  o.s.o.j.LocalContainerEntityManagerFactoryBean - Closing JPA EntityManagerFactory for persistence unit 'default'
2026-06-02 17:02:11.694 [SpringApplicationShutdownHook] INFO  com.zaxxer.hikari.HikariDataSource - HikariPool-1 - Shutdown initiated...
2026-06-02 17:02:11.695 [SpringApplicationShutdownHook] INFO  com.zaxxer.hikari.HikariDataSource - HikariPool-1 - Shutdown completed.
